{
    "ACCESS_FINE_LOCATION":0.451305791648253,
    "READ_EXTERNAL_STORAGE":0.44924209595970377,
    "WRITE_EXTERNAL_STORAGE":0.44924209595970377,
    "ACCESS_NETWORK_STATE":0.44924209595970377,
    "READ_PHONE_STATE":0.4443767510307747,
    "READ_PRIVILEGED_PHONE_STATE":0.4443767510307747,
    "ACCESS_COARSE_LOCATION":0.4424095899638312,
    "WAKE_LOCK":0.44034589427528187,
    "USE_ICC_AUTH_WITH_DEVICE_IDENTIFIER":0.4354805493463528,
    "SCHEDULE_EXACT_ALARM":0.4284549741072688,
    "USE_FULL_SCREEN_INTENT":0.4284549741072688,
    "LOCAL_MAC_ADDRESS":0.4187543172427991,
    "ACCESS_WIFI_STATE":0.37964706942340903,
    "USE_FINGERPRINT":0.3633005401648378,
    "USE_BIOMETRIC":0.3633005401648378,
    "INTERACT_ACROSS_USERS":0.3633005401648378,
    "MANAGE_USERS":0.3633005401648378,
    "BLUETOOTH":0.32370418359597875,
    "BLUETOOTH_CONNECT":0.31480798191155684,
    "VIBRATE":0.29719148607541684,
    "INTERNET":0.279733736061473,
    "DUMP":0.27455733512959213,
    "MEDIA_CONTENT_CONTROL":0.24963853147243167,
    "CHANGE_WIFI_STATE":0.2477614693856534,
    "SYSTEM_ALERT_WINDOW":0.22679200435907423,
    "PACKAGE_USAGE_STATS":0.2199401914388805,
    "FOREGROUND_SERVICE":0.2015750159818427,
    "CHANGE_NETWORK_STATE":0.19840009953792076,
    "CAMERA":0.19425769166412796,
    "READ_BASIC_PHONE_STATE":0.190454227572862,
    "REQUEST_INSTALL_PACKAGES":0.17316594945018152,
    "INSTALL_PACKAGES":0.17316594945018152,
    "MODIFY_AUDIO_SETTINGS":0.16048130017118792,
    "ACCESS_MEDIA_LOCATION":0.1403506137456719,
    "READ_SMS":0.13928873290800878,
    "READ_PHONE_NUMBERS":0.13928873290800878,
    "WRITE_SETTINGS":0.12418428244743142,
    "READ_CALL_LOG":0.11975656113644835,
    "REORDER_TASKS":0.10626316624978002,
    "MODIFY_PHONE_STATE":0.10357521334151365,
    "KILL_BACKGROUND_PROCESSES":0.0966139945168334,
    "HIGH_SAMPLING_RATE_SENSORS":0.09424138803914578,
    "BLUETOOTH_SCAN":0.08329436194905539,
    "BLUETOOTH_ADMIN":0.08329436194905539,
    "GET_ACCOUNTS":0.06251153052424728,
    "MANAGE_ACCOUNTS":0.05579915650192851,
    "USE_CREDENTIALS":0.05579915650192851,
    "QUERY_ALL_PACKAGES":0.05472225916757119,
    "SEND_SMS":0.029071937600020567,
    "REBOOT":0.02017573591559869,
    "DISABLE_KEYGUARD":0.017792403368843756,
    "MANAGE_EXTERNAL_STORAGE":0.012984979212878134,
    "RECORD_AUDIO":0.010387125284777124,
    "AUTHENTICATE_ACCOUNTS":0.008896201684421878,
    "SET_WALLPAPER":0.008896201684421878,
    "SET_WALLPAPER_HINTS":0.008896201684421878,
    "READ_SYNC_SETTINGS":0.008896201684421878,
    "WRITE_SYNC_SETTINGS":0.008896201684421878,
    "LOCK_DEVICE":0.008896201684421878,
    "NEARBY_WIFI_DEVICES":0.008896201684421878
}