{
    "READ_EXTERNAL_STORAGE":0.5362502524802117,
    "WRITE_EXTERNAL_STORAGE":0.5362502524802117,
    "READ_PHONE_STATE":0.5362502524802117,
    "ACCESS_NETWORK_STATE":0.5362502524802117,
    "READ_PRIVILEGED_PHONE_STATE":0.5362502524802117,
    "ACCESS_FINE_LOCATION":0.5296461969688198,
    "LOCAL_MAC_ADDRESS":0.523962291563558,
    "USE_ICC_AUTH_WITH_DEVICE_IDENTIFIER":0.514013094716401,
    "ACCESS_COARSE_LOCATION":0.5082535928967716,
    "WAKE_LOCK":0.5022224164630089,
    "ACCESS_WIFI_STATE":0.4970109886475445,
    "USE_FULL_SCREEN_INTENT":0.4946863989057418,
    "SCHEDULE_EXACT_ALARM":0.46073888407880437,
    "INTERACT_ACROSS_USERS":0.45989669277499073,
    "MANAGE_USERS":0.45989669277499073,
    "USE_FINGERPRINT":0.45438169810808154,
    "USE_BIOMETRIC":0.45438169810808154,
    "BLUETOOTH":0.4409633345578377,
    "CHANGE_WIFI_STATE":0.4324410200318686,
    "BLUETOOTH_CONNECT":0.4268634220843113,
    "SYSTEM_ALERT_WINDOW":0.34653986943081816,
    "DUMP":0.3419001394990085,
    "VIBRATE":0.32166628671593833,
    "FOREGROUND_SERVICE":0.30631667101739796,
    "INTERNET":0.2984085773581653,
    "REQUEST_INSTALL_PACKAGES":0.2806753122190974,
    "INSTALL_PACKAGES":0.2806753122190974,
    "MEDIA_CONTENT_CONTROL":0.2773372580471793,
    "PACKAGE_USAGE_STATS":0.24782276420651525,
    "BLUETOOTH_SCAN":0.24387048916786067,
    "BLUETOOTH_ADMIN":0.24387048916786067,
    "WRITE_SETTINGS":0.23042968293210142,
    "CAMERA":0.21796099933735014,
    "CHANGE_NETWORK_STATE":0.21046632356919018,
    "READ_SMS":0.20696526462879206,
    "READ_PHONE_NUMBERS":0.20696526462879206,
    "MODIFY_AUDIO_SETTINGS":0.19545571054132935,
    "READ_CALL_LOG":0.18663809752173688,
    "READ_BASIC_PHONE_STATE":0.18180819536003381,
    "ACCESS_MEDIA_LOCATION":0.15200785257754243,
    "HIGH_SAMPLING_RATE_SENSORS":0.147325599662651,
    "REORDER_TASKS":0.1332752973360532,
    "MANAGE_ACCOUNTS":0.117981197754314,
    "USE_CREDENTIALS":0.117981197754314,
    "KILL_BACKGROUND_PROCESSES":0.11748982106092479,
    "GET_ACCOUNTS":0.11375606690755148,
    "MODIFY_PHONE_STATE":0.0609933132609104,
    "QUERY_ALL_PACKAGES":0.05504245801741316,
    "RECORD_AUDIO":0.053098212735397186,
    "NFC":0.04853289802398059,
    "SEND_SMS":0.04081143301271792,
    "MANAGE_EXTERNAL_STORAGE":0.029832235019802714,
    "BLUETOOTH_ADVERTISE":0.016301658041981994,
    "AUTHENTICATE_ACCOUNTS":0.009827533867784233,
    "WRITE_SYNC_SETTINGS":0.009827533867784233,
    "NEARBY_WIFI_DEVICES":0.009827533867784233,
    "DISABLE_KEYGUARD":0.008388839606851398,
    "READ_LOGS":0.006763516697948621,
    "PACKAGE_VERIFICATION_AGENT":0.005024799167494487,
    "SET_WALLPAPER":0.004913766933892116,
    "RESET_PASSWORD":0.003475072672959281,
    "LOCK_DEVICE":0.003475072672959281,
    "REBOOT":0.003475072672959281,
    "MASTER_CLEAR":0.003475072672959281,
    "BROADCAST_STICKY":0.000731159070211351
}