{
    "ACCESS_FINE_LOCATION":0.4971690958767489,
    "READ_EXTERNAL_STORAGE":0.4898243281147734,
    "WRITE_EXTERNAL_STORAGE":0.4898243281147734,
    "ACCESS_NETWORK_STATE":0.4898243281147734,
    "READ_PHONE_STATE":0.48120383548551277,
    "READ_PRIVILEGED_PHONE_STATE":0.48120383548551277,
    "ACCESS_COARSE_LOCATION":0.46971400076875897,
    "USE_ICC_AUTH_WITH_DEVICE_IDENTIFIER":0.45933782815113366,
    "LOCAL_MAC_ADDRESS":0.45933782815113366,
    "WAKE_LOCK":0.4491237183016651,
    "USE_FULL_SCREEN_INTENT":0.43760479539575503,
    "INTERACT_ACROSS_USERS":0.40577608327532994,
    "MANAGE_USERS":0.40577608327532994,
    "DUMP":0.40015375185696905,
    "SCHEDULE_EXACT_ALARM":0.3932619287547137,
    "USE_FINGERPRINT":0.3885350980168087,
    "USE_BIOMETRIC":0.3885350980168087,
    "ACCESS_WIFI_STATE":0.38167236310370956,
    "BLUETOOTH":0.36473680383132984,
    "BLUETOOTH_CONNECT":0.36473680383132984,
    "FOREGROUND_SERVICE":0.29426235468891204,
    "INTERNET":0.2756666909068241,
    "SYSTEM_ALERT_WINDOW":0.2718332831215782,
    "VIBRATE":0.23960980271974555,
    "READ_SMS":0.23441756095533908,
    "READ_PHONE_NUMBERS":0.23441756095533908,
    "CHANGE_WIFI_STATE":0.21862475197124415,
    "MEDIA_CONTENT_CONTROL":0.20559116550140755,
    "CAMERA":0.1789339178674201,
    "REQUEST_INSTALL_PACKAGES":0.17183432198547663,
    "INSTALL_PACKAGES":0.17183432198547663,
    "WRITE_SETTINGS":0.1576933065999023,
    "MODIFY_AUDIO_SETTINGS":0.1359457297499454,
    "READ_CALL_LOG":0.13035456424853775,
    "BLUETOOTH_SCAN":0.12911623848159648,
    "BLUETOOTH_ADMIN":0.12911623848159648,
    "REORDER_TASKS":0.12211429580610639,
    "ACCESS_MEDIA_LOCATION":0.12201872032744984,
    "HIGH_SAMPLING_RATE_SENSORS":0.12036692672892918,
    "PACKAGE_USAGE_STATS":0.1192989746413322,
    "READ_BASIC_PHONE_STATE":0.10833480505718941,
    "CHANGE_NETWORK_STATE":0.09203295276285851,
    "KILL_BACKGROUND_PROCESSES":0.08600130896851199,
    "NFC":0.07407722914221004,
    "GET_ACCOUNTS":0.06978672124165008,
    "MANAGE_EXTERNAL_STORAGE":0.05458814240746317,
    "MANAGE_ACCOUNTS":0.04905307555657131,
    "SEND_SMS":0.0469504150261274,
    "MODIFY_PHONE_STATE":0.04143612545320435,
    "DISABLE_KEYGUARD":0.03448197051704255,
    "USE_CREDENTIALS":0.03182871212042508,
    "QUERY_ALL_PACKAGES":0.022476859306662225,
    "SET_WALLPAPER":0.01603174768073634,
    "SET_TIME":0.01396856397843318,
    "SET_TIME_ZONE":0.01396856397843318,
    "RECORD_AUDIO":0.008620492629260637,
    "AUTHENTICATE_ACCOUNTS":0.008620492629260637,
    "SET_WALLPAPER_HINTS":0.008620492629260637,
    "LOCK_DEVICE":0.008620492629260637,
    "NEARBY_WIFI_DEVICES":0.008620492629260637,
    "REBOOT":0.0008518683967213452
}