{
    "ACCESS_NETWORK_STATE":0.46016393065662153,
    "WAKE_LOCK":0.45793554402108816,
    "READ_EXTERNAL_STORAGE":0.4514803302025826,
    "WRITE_EXTERNAL_STORAGE":0.4514803302025826,
    "ACCESS_FINE_LOCATION":0.4514803302025826,
    "USE_FULL_SCREEN_INTENT":0.44056834311301024,
    "ACCESS_COARSE_LOCATION":0.4358878950107971,
    "READ_PHONE_STATE":0.4157487985316898,
    "READ_PRIVILEGED_PHONE_STATE":0.39393318602847566,
    "USE_ICC_AUTH_WITH_DEVICE_IDENTIFIER":0.39393318602847566,
    "LOCAL_MAC_ADDRESS":0.37629004981468445,
    "INTERACT_ACROSS_USERS":0.37242068427774977,
    "MANAGE_USERS":0.37242068427774977,
    "VIBRATE":0.36874572770620406,
    "SCHEDULE_EXACT_ALARM":0.36620795906123454,
    "USE_FINGERPRINT":0.33321905709561367,
    "USE_BIOMETRIC":0.33321905709561367,
    "BLUETOOTH":0.3296967011098035,
    "BLUETOOTH_CONNECT":0.3296967011098035,
    "ACCESS_WIFI_STATE":0.3164079076369277,
    "DUMP":0.30199237833238923,
    "FOREGROUND_SERVICE":0.2685414937715967,
    "REQUEST_INSTALL_PACKAGES":0.24447868086200522,
    "INSTALL_PACKAGES":0.24447868086200522,
    "MEDIA_CONTENT_CONTROL":0.24024349200310222,
    "CHANGE_WIFI_STATE":0.22660977939808477,
    "SYSTEM_ALERT_WINDOW":0.21610542401013438,
    "INTERNET":0.21323527874691928,
    "GET_ACCOUNTS":0.20400398851941895,
    "READ_SMS":0.16330353092670366,
    "READ_PHONE_NUMBERS":0.16330353092670366,
    "CAMERA":0.1577074793100781,
    "WRITE_SETTINGS":0.15243335221678483,
    "REORDER_TASKS":0.13426552083834165,
    "READ_BASIC_PHONE_STATE":0.13197442163332798,
    "BLUETOOTH_ADMIN":0.10620164599590698,
    "PACKAGE_USAGE_STATS":0.10181803738923395,
    "MODIFY_AUDIO_SETTINGS":0.09996801658956507,
    "BLUETOOTH_SCAN":0.09751804554186798,
    "MANAGE_ACCOUNTS":0.09254493878208012,
    "USE_CREDENTIALS":0.09254493878208012,
    "READ_CALL_LOG":0.07885478486453042,
    "QUERY_ALL_PACKAGES":0.07111187295269591,
    "KILL_BACKGROUND_PROCESSES":0.06911970366220503,
    "CHANGE_NETWORK_STATE":0.0671484385615409,
    "HIGH_SAMPLING_RATE_SENSORS":0.06397727296482035,
    "ACCESS_MEDIA_LOCATION":0.04399077707144844,
    "AUTHENTICATE_ACCOUNTS":0.043806820200972894,
    "MODIFY_PHONE_STATE":0.040485144437499614,
    "WHITELIST_AUTO_REVOKE_PERMISSIONS":0.03512321974693389,
    "RECORD_AUDIO":0.033465517493671264,
    "NFC":0.02932021665102337,
    "SEND_SMS":0.023347889617516042,
    "SET_WALLPAPER":0.022091547808927345,
    "BLUETOOTH_ADVERTISE":0.021815612503214024,
    "REBOOT":0.020078474328609687,
    "MANAGE_EXTERNAL_STORAGE":0.016014699826286186,
    "SUSPEND_APPS":0.008683600454039004,
    "WRITE_SYNC_SETTINGS":0.008683600454039004,
    "PACKAGE_VERIFICATION_AGENT":0.008683600454039004,
    "NEARBY_WIFI_DEVICES":0.008683600454039004
}