{
    "ACCESS_FINE_LOCATION":0.3694988141521338,
    "ACCESS_COARSE_LOCATION":0.36854769709767016,
    "ACCESS_NETWORK_STATE":0.34591598872479157,
    "WAKE_LOCK":0.3294888965213095,
    "READ_EXTERNAL_STORAGE":0.32858045779621275,
    "WRITE_EXTERNAL_STORAGE":0.32858045779621275,
    "READ_PHONE_STATE":0.32858045779621275,
    "USE_FULL_SCREEN_INTENT":0.3276293407417491,
    "READ_PRIVILEGED_PHONE_STATE":0.3190388027305999,
    "USE_ICC_AUTH_WITH_DEVICE_IDENTIFIER":0.3190388027305999,
    "LOCAL_MAC_ADDRESS":0.3190388027305999,
    "SCHEDULE_EXACT_ALARM":0.3121533655927306,
    "INTERACT_ACROSS_USERS":0.3071457749470075,
    "MANAGE_USERS":0.3071457749470075,
    "USE_FINGERPRINT":0.28538185927125714,
    "USE_BIOMETRIC":0.28538185927125714,
    "VIBRATE":0.2722206754150466,
    "ACCESS_WIFI_STATE":0.25956147000424734,
    "BLUETOOTH":0.24897927662264008,
    "BLUETOOTH_CONNECT":0.24301447201825804,
    "DUMP":0.23002603378091369,
    "CHANGE_WIFI_STATE":0.22990816029980493,
    "INTERNET":0.20920104135123635,
    "PACKAGE_USAGE_STATS":0.20670334293257012,
    "SYSTEM_ALERT_WINDOW":0.2062542043235178,
    "FOREGROUND_SERVICE":0.2023745409539215,
    "READ_BASIC_PHONE_STATE":0.17627166179253037,
    "MEDIA_CONTENT_CONTROL":0.169014313498749,
    "READ_SMS":0.1534164002658249,
    "READ_PHONE_NUMBERS":0.1534164002658249,
    "REQUEST_INSTALL_PACKAGES":0.12957344025948414,
    "INSTALL_PACKAGES":0.12957344025948414,
    "MODIFY_AUDIO_SETTINGS":0.12452113898299565,
    "WRITE_SETTINGS":0.12312088331947971,
    "CHANGE_NETWORK_STATE":0.11982042584843494,
    "CAMERA":0.09893039977400801,
    "READ_CALL_LOG":0.0891997406783415,
    "BLUETOOTH_SCAN":0.08807791030640998,
    "BLUETOOTH_ADMIN":0.08807791030640998,
    "KILL_BACKGROUND_PROCESSES":0.08251550137891643,
    "GET_ACCOUNTS":0.06501738633846348,
    "ACCESS_MEDIA_LOCATION":0.06256236624916414,
    "HIGH_SAMPLING_RATE_SENSORS":0.062334748492540386,
    "MANAGE_ACCOUNTS":0.061292177875147534,
    "USE_CREDENTIALS":0.061292177875147534,
    "REORDER_TASKS":0.060668261345830574,
    "MODIFY_PHONE_STATE":0.05364462771286828,
    "QUERY_ALL_PACKAGES":0.05348204360099415,
    "SEND_SMS":0.05323816743318296,
    "REBOOT":0.045472743789794955,
    "WHITELIST_AUTO_REVOKE_PERMISSIONS":0.023633632962302822,
    "MANAGE_EXTERNAL_STORAGE":0.018449232094916588,
    "RECORD_AUDIO":0.01685184319575329,
    "NFC":0.014189528363814458,
    "BROADCAST_STICKY":0.011307724980845549,
    "READ_LOGS":0.009872920193556376,
    "DISABLE_KEYGUARD":0.006954535385415792,
    "SET_WALLPAPER":0.003958923124134998,
    "SET_TIME":0.0037617898884876187,
    "REQUEST_DELETE_PACKAGES":0.0037617898884876187,
    "DELETE_PACKAGES":0.0037617898884876187,
    "AUTHENTICATE_ACCOUNTS":0.0013209959089772838,
    "BLUETOOTH_ADVERTISE":0.0006706594614807749
}