{
    "ACCESS_FINE_LOCATION":0.4649195333748988,
    "READ_EXTERNAL_STORAGE":0.4562900412950558,
    "WRITE_EXTERNAL_STORAGE":0.4562900412950558,
    "ACCESS_NETWORK_STATE":0.4562900412950558,
    "ACCESS_COARSE_LOCATION":0.455515194231342,
    "READ_PHONE_STATE":0.4524429143285708,
    "READ_PRIVILEGED_PHONE_STATE":0.44639775181400004,
    "USE_FULL_SCREEN_INTENT":0.43029764970587375,
    "WAKE_LOCK":0.4276839527591778,
    "LOCAL_MAC_ADDRESS":0.4177973108514727,
    "USE_ICC_AUTH_WITH_DEVICE_IDENTIFIER":0.41205824681250897,
    "SCHEDULE_EXACT_ALARM":0.3999114460498607,
    "DUMP":0.3897356483866005,
    "INTERACT_ACROSS_USERS":0.3814676010012012,
    "MANAGE_USERS":0.3814676010012012,
    "USE_FINGERPRINT":0.3575964379625357,
    "USE_BIOMETRIC":0.3575964379625357,
    "VIBRATE":0.3534658028138464,
    "ACCESS_WIFI_STATE":0.3474624323420707,
    "BLUETOOTH":0.3457817145129075,
    "BLUETOOTH_CONNECT":0.3457817145129075,
    "SYSTEM_ALERT_WINDOW":0.3281556380854269,
    "CHANGE_WIFI_STATE":0.31255929952018163,
    "FOREGROUND_SERVICE":0.2774901280417826,
    "INTERNET":0.2513859145002571,
    "CAMERA":0.24553954656763044,
    "REQUEST_INSTALL_PACKAGES":0.2446686907569552,
    "INSTALL_PACKAGES":0.2446686907569552,
    "MEDIA_CONTENT_CONTROL":0.2157000280119635,
    "PACKAGE_USAGE_STATS":0.21087135279712985,
    "MODIFY_AUDIO_SETTINGS":0.20202047584193997,
    "BLUETOOTH_ADMIN":0.19229422501739424,
    "BLUETOOTH_SCAN":0.18703633422790866,
    "CHANGE_NETWORK_STATE":0.18333830319788166,
    "WRITE_SETTINGS":0.1785480314818326,
    "READ_BASIC_PHONE_STATE":0.16109590031355306,
    "GET_ACCOUNTS":0.14793705440646243,
    "ACCESS_MEDIA_LOCATION":0.14541823669205795,
    "READ_SMS":0.13415132785744607,
    "READ_PHONE_NUMBERS":0.13415132785744607,
    "REORDER_TASKS":0.13189794609052366,
    "READ_CALL_LOG":0.12987950337498969,
    "MANAGE_ACCOUNTS":0.11806252089602125,
    "HIGH_SAMPLING_RATE_SENSORS":0.07880397950608573,
    "MODIFY_PHONE_STATE":0.07241996259047402,
    "RECORD_AUDIO":0.07117636693865373,
    "USE_CREDENTIALS":0.06909128285758166,
    "AUTHENTICATE_ACCOUNTS":0.06539438134222479,
    "KILL_BACKGROUND_PROCESSES":0.05825810765630217,
    "DISABLE_KEYGUARD":0.05216437601091557,
    "BLUETOOTH_ADVERTISE":0.04806875581700049,
    "NFC":0.04261319996024104,
    "QUERY_ALL_PACKAGES":0.039186252451046795,
    "WRITE_SYNC_SETTINGS":0.02890879846747447,
    "NEARBY_WIFI_DEVICES":0.026833880018433648,
    "SEND_SMS":0.02681806681305174,
    "PACKAGE_VERIFICATION_AGENT":0.021095945494140053,
    "READ_LOGS":0.01841786621124633,
    "SUSPEND_APPS":0.01639377592236166,
    "MANAGE_EXTERNAL_STORAGE":0.016184815708386403,
    "READ_SYNC_SETTINGS":0.015652814298752094,
    "BROADCAST_STICKY":0.01378685606368654,
    "WHITELIST_AUTO_REVOKE_PERMISSIONS":0.007274074475679282,
    "CALL_PHONE":0.0062688064192577666,
    "MANAGE_OWN_CALLS":0.0062688064192577666,
    "SET_WALLPAPER":0.006023701735838138,
    "REBOOT":0.0048840214336703745,
    "BLUETOOTH_PRIVILEGED":0.003325291188881957,
    "INTERACT_ACROSS_USERS_FULL":0.003325291188881957,
    "INTERACT_ACROSS_PROFILES":0.003325291188881957
}