{
    "ACCESS_FINE_LOCATION":0.5259579588025961,
    "ACCESS_COARSE_LOCATION":0.5259579588025961,
    "READ_EXTERNAL_STORAGE":0.5189904174821384,
    "WRITE_EXTERNAL_STORAGE":0.5189904174821384,
    "ACCESS_NETWORK_STATE":0.5151480348611459,
    "WAKE_LOCK":0.5096751006887075,
    "READ_PHONE_STATE":0.5075992140225877,
    "READ_PRIVILEGED_PHONE_STATE":0.5070101216077385,
    "USE_FULL_SCREEN_INTENT":0.5065952567903845,
    "LOCAL_MAC_ADDRESS":0.5007769925816551,
    "USE_ICC_AUTH_WITH_DEVICE_IDENTIFIER":0.4997120947548124,
    "INTERACT_ACROSS_USERS":0.4935461566407675,
    "MANAGE_USERS":0.4935461566407675,
    "USE_FINGERPRINT":0.4764421630785944,
    "USE_BIOMETRIC":0.4764421630785944,
    "SCHEDULE_EXACT_ALARM":0.4660642923273453,
    "ACCESS_WIFI_STATE":0.4567849148589583,
    "BLUETOOTH":0.42304413896018195,
    "BLUETOOTH_CONNECT":0.4120787383734334,
    "VIBRATE":0.3914269083976924,
    "CHANGE_WIFI_STATE":0.36576935547508305,
    "SYSTEM_ALERT_WINDOW":0.336661627348264,
    "FOREGROUND_SERVICE":0.3304019344732351,
    "INTERNET":0.3245110103247432,
    "DUMP":0.29736275670248896,
    "REQUEST_INSTALL_PACKAGES":0.2505431916464509,
    "INSTALL_PACKAGES":0.2505431916464509,
    "MEDIA_CONTENT_CONTROL":0.24660705426447455,
    "READ_BASIC_PHONE_STATE":0.2363924730552725,
    "BLUETOOTH_ADMIN":0.23425955224288747,
    "BLUETOOTH_SCAN":0.23122111669733242,
    "CAMERA":0.22098231550820951,
    "PACKAGE_USAGE_STATS":0.2187118877130481,
    "READ_SMS":0.2175891744502653,
    "READ_PHONE_NUMBERS":0.2175891744502653,
    "CHANGE_NETWORK_STATE":0.19037451120564725,
    "WRITE_SETTINGS":0.1661529687054421,
    "HIGH_SAMPLING_RATE_SENSORS":0.1410923210944306,
    "ACCESS_MEDIA_LOCATION":0.12910968135100612,
    "READ_CALL_LOG":0.12527823678546177,
    "MODIFY_AUDIO_SETTINGS":0.12511963498146392,
    "REORDER_TASKS":0.10247395375546414,
    "GET_ACCOUNTS":0.09395008340267277,
    "KILL_BACKGROUND_PROCESSES":0.08318000523464084,
    "QUERY_ALL_PACKAGES":0.07652419849445481,
    "SEND_SMS":0.06776906639790305,
    "MANAGE_ACCOUNTS":0.05653568345267535,
    "NFC":0.056222386293053976,
    "MODIFY_PHONE_STATE":0.054726216565685,
    "USE_CREDENTIALS":0.048078222722247634,
    "REBOOT":0.03349779480989269,
    "BLUETOOTH_ADVERTISE":0.03201568829667133,
    "MANAGE_EXTERNAL_STORAGE":0.030893756323563313,
    "NEARBY_WIFI_DEVICES":0.014889037333927116,
    "RECORD_AUDIO":0.013668662861785953,
    "SUSPEND_APPS":0.010501314519877967,
    "PACKAGE_VERIFICATION_AGENT":0.010501314519877967,
    "ANSWER_PHONE_CALLS":0.00977784028095177,
    "SET_WALLPAPER":0.0097098680792384,
    "WRITE_SYNC_SETTINGS":0.00792071472379457,
    "AUTHENTICATE_ACCOUNTS":0.006318289600643784,
    "BROADCAST_STICKY":0.005720602999371063,
    "READ_SYNC_STATS":0.0032712598686652065,
    "READ_LOGS":0.0032712598686652065,
    "DISABLE_KEYGUARD":0.0029962459031122684,
    "SET_TIME":0.002918116935625638,
    "LOCK_DEVICE":0.002918116935625638,
    "WHITELIST_AUTO_REVOKE_PERMISSIONS":0.0016688347455144211
}