{
    "ACCESS_FINE_LOCATION":0.5013471603386426,
    "ACCESS_COARSE_LOCATION":0.4895552986685528,
    "READ_EXTERNAL_STORAGE":0.43716306962510765,
    "WRITE_EXTERNAL_STORAGE":0.43716306962510765,
    "ACCESS_NETWORK_STATE":0.42031178101255934,
    "READ_PHONE_STATE":0.41746931384982633,
    "READ_PRIVILEGED_PHONE_STATE":0.41746931384982633,
    "USE_ICC_AUTH_WITH_DEVICE_IDENTIFIER":0.4065573525175555,
    "USE_FULL_SCREEN_INTENT":0.396478902219579,
    "LOCAL_MAC_ADDRESS":0.39328028492010986,
    "WAKE_LOCK":0.3924849328290372,
    "ACCESS_WIFI_STATE":0.37180727489029347,
    "SCHEDULE_EXACT_ALARM":0.35271358720253837,
    "USE_FINGERPRINT":0.3439946427836579,
    "USE_BIOMETRIC":0.3439946427836579,
    "INTERACT_ACROSS_USERS":0.342784779819157,
    "MANAGE_USERS":0.342784779819157,
    "VIBRATE":0.3323748704653525,
    "BLUETOOTH":0.3139725330430264,
    "BLUETOOTH_CONNECT":0.312264359172924,
    "CHANGE_WIFI_STATE":0.3092759901684608,
    "SYSTEM_ALERT_WINDOW":0.2473911628376788,
    "FOREGROUND_SERVICE":0.24385135969293292,
    "DUMP":0.2331032573521436,
    "BLUETOOTH_ADMIN":0.22546249013292047,
    "BLUETOOTH_SCAN":0.22040904890704568,
    "INTERNET":0.20443391955945142,
    "CAMERA":0.1956192036752301,
    "REQUEST_INSTALL_PACKAGES":0.18241396467679014,
    "INSTALL_PACKAGES":0.18241396467679014,
    "MEDIA_CONTENT_CONTROL":0.1724574733542087,
    "CHANGE_NETWORK_STATE":0.16153204415962424,
    "READ_SMS":0.1604912776886157,
    "READ_PHONE_NUMBERS":0.1604912776886157,
    "PACKAGE_USAGE_STATS":0.15241205672962907,
    "READ_BASIC_PHONE_STATE":0.1478352281867395,
    "WRITE_SETTINGS":0.13083504487416914,
    "GET_ACCOUNTS":0.1167543948253481,
    "REORDER_TASKS":0.10217318922720667,
    "HIGH_SAMPLING_RATE_SENSORS":0.09753351066018723,
    "MODIFY_AUDIO_SETTINGS":0.09499182575579034,
    "READ_CALL_LOG":0.09101730994414586,
    "ACCESS_MEDIA_LOCATION":0.08897543237449641,
    "MANAGE_ACCOUNTS":0.08270763889668285,
    "USE_CREDENTIALS":0.07653037938219928,
    "MODIFY_PHONE_STATE":0.07619592746807935,
    "KILL_BACKGROUND_PROCESSES":0.06456343550203332,
    "NFC":0.04889806698765075,
    "QUERY_ALL_PACKAGES":0.047070927000445205,
    "RECORD_AUDIO":0.03876050773840924,
    "SEND_SMS":0.03861610232582502,
    "AUTHENTICATE_ACCOUNTS":0.034998484865489746,
    "BROADCAST_STICKY":0.023270969648675862,
    "MANAGE_EXTERNAL_STORAGE":0.01801850334638969,
    "BLUETOOTH_ADVERTISE":0.017703505011167114,
    "WRITE_SYNC_SETTINGS":0.016127765120481263,
    "REBOOT":0.015277045151008415,
    "NEARBY_WIFI_DEVICES":0.01211957965305291,
    "DISABLE_KEYGUARD":0.010149530682409109,
    "SET_WALLPAPER":0.009369142882795934,
    "READ_SYNC_SETTINGS":0.006502732853727797,
    "CALL_PHONE":0.006222152388862082,
    "ANSWER_PHONE_CALLS":0.006222152388862082,
    "MANAGE_OWN_CALLS":0.006222152388862082,
    "BLUETOOTH_PRIVILEGED":0.006222152388862082,
    "READ_PRECISE_PHONE_STATE":0.006222152388862082,
    "NETWORK_SCAN":0.006222152388862082,
    "PACKAGE_VERIFICATION_AGENT":0.0033796852261291513,
    "SET_TIME":0.0013931755348798938,
    "REQUEST_DELETE_PACKAGES":0.0013931755348798938,
    "DELETE_PACKAGES":0.0013931755348798938,
    "WHITELIST_AUTO_REVOKE_PERMISSIONS":0.0008963610584243355,
    "SUSPEND_APPS":0.0002566375985305067
}