{
    "ACCESS_FINE_LOCATION":0.404862182020812,
    "READ_EXTERNAL_STORAGE":0.3960674035965287,
    "WRITE_EXTERNAL_STORAGE":0.3960674035965287,
    "ACCESS_NETWORK_STATE":0.3960674035965287,
    "ACCESS_COARSE_LOCATION":0.3821516969689116,
    "WAKE_LOCK":0.37335691854462827,
    "USE_FULL_SCREEN_INTENT":0.3643936743253808,
    "READ_PHONE_STATE":0.355549220089762,
    "READ_PRIVILEGED_PHONE_STATE":0.355549220089762,
    "USE_ICC_AUTH_WITH_DEVICE_IDENTIFIER":0.349210154599764,
    "LOCAL_MAC_ADDRESS":0.349210154599764,
    "INTERACT_ACROSS_USERS":0.34548446874959493,
    "MANAGE_USERS":0.34548446874959493,
    "SCHEDULE_EXACT_ALARM":0.34548446874959493,
    "USE_FINGERPRINT":0.3365212245303475,
    "USE_BIOMETRIC":0.3365212245303475,
    "ACCESS_WIFI_STATE":0.2576079584969395,
    "VIBRATE":0.2407009040997663,
    "DUMP":0.23947628735944987,
    "FOREGROUND_SERVICE":0.20318054781620812,
    "BLUETOOTH":0.1994699806912281,
    "BLUETOOTH_CONNECT":0.1994699806912281,
    "MEDIA_CONTENT_CONTROL":0.195979714990432,
    "SYSTEM_ALERT_WINDOW":0.1791331354940152,
    "REQUEST_INSTALL_PACKAGES":0.15551768674865338,
    "INSTALL_PACKAGES":0.15551768674865338,
    "CHANGE_WIFI_STATE":0.15218724757128482,
    "HIGH_SAMPLING_RATE_SENSORS":0.12990224664256314,
    "REORDER_TASKS":0.125913063010527,
    "CHANGE_NETWORK_STATE":0.12264957818756728,
    "INTERNET":0.12122409838402427,
    "CAMERA":0.12095844078427309,
    "PACKAGE_USAGE_STATS":0.11762800160690452,
    "GET_ACCOUNTS":0.0952566079628166,
    "READ_BASIC_PHONE_STATE":0.09230629673305948,
    "READ_SMS":0.08769508555038641,
    "READ_PHONE_NUMBERS":0.08769508555038641,
    "ACCESS_MEDIA_LOCATION":0.07685063995403908,
    "BLUETOOTH_ADMIN":0.0736584291212565,
    "MANAGE_ACCOUNTS":0.06577509384408708,
    "USE_CREDENTIALS":0.06577509384408708,
    "BLUETOOTH_SCAN":0.06469518490200908,
    "QUERY_ALL_PACKAGES":0.06214659979870499,
    "MODIFY_PHONE_STATE":0.043760070150884886,
    "MODIFY_AUDIO_SETTINGS":0.04306028915641834,
    "WRITE_SETTINGS":0.040060302115325644,
    "KILL_BACKGROUND_PROCESSES":0.03576010470797103,
    "READ_CALL_LOG":0.03109705789607821,
    "AUTHENTICATE_ACCOUNTS":0.022133813676830774,
    "SEND_SMS":0.01792648843849487,
    "SET_WALLPAPER":0.01792648843849487,
    "BROADCAST_STICKY":0.01792648843849487,
    "REBOOT":0.01792648843849487,
    "MANAGE_EXTERNAL_STORAGE":0.013777478283031176,
    "RECORD_AUDIO":0.008963244219247435,
    "NEARBY_WIFI_DEVICES":0.008963244219247435,
    "NFC":0.007127399017714827
}