{
    "ACCESS_FINE_LOCATION":0.46303922626278704,
    "ACCESS_COARSE_LOCATION":0.46303922626278704,
    "READ_EXTERNAL_STORAGE":0.40262853015258016,
    "WRITE_EXTERNAL_STORAGE":0.40262853015258016,
    "READ_PHONE_STATE":0.40262853015258016,
    "ACCESS_NETWORK_STATE":0.40262853015258016,
    "READ_PRIVILEGED_PHONE_STATE":0.40262853015258016,
    "USE_FULL_SCREEN_INTENT":0.40262853015258016,
    "WAKE_LOCK":0.38590237290043544,
    "SCHEDULE_EXACT_ALARM":0.37617202707329744,
    "USE_ICC_AUTH_WITH_DEVICE_IDENTIFIER":0.3725533421826553,
    "LOCAL_MAC_ADDRESS":0.3725533421826553,
    "USE_FINGERPRINT":0.37036055516207833,
    "USE_BIOMETRIC":0.37036055516207833,
    "INTERACT_ACROSS_USERS":0.3536343979099336,
    "MANAGE_USERS":0.3536343979099336,
    "ACCESS_WIFI_STATE":0.33437774098377543,
    "VIBRATE":0.3084934732339268,
    "CHANGE_WIFI_STATE":0.2798746710819467,
    "BLUETOOTH":0.27584557150830885,
    "BLUETOOTH_CONNECT":0.27584557150830885,
    "DUMP":0.2698933859914913,
    "FOREGROUND_SERVICE":0.2657399893995748,
    "INTERNET":0.2125948057917718,
    "MEDIA_CONTENT_CONTROL":0.18440987059038727,
    "SYSTEM_ALERT_WINDOW":0.1718183481160792,
    "READ_BASIC_PHONE_STATE":0.1707512699402904,
    "BLUETOOTH_ADMIN":0.16989995262641935,
    "BLUETOOTH_SCAN":0.1681480682367177,
    "REQUEST_INSTALL_PACKAGES":0.16300967640561156,
    "INSTALL_PACKAGES":0.16300967640561156,
    "PACKAGE_USAGE_STATS":0.1617033851003052,
    "CHANGE_NETWORK_STATE":0.15417286197402413,
    "READ_SMS":0.1536850548079493,
    "READ_PHONE_NUMBERS":0.1536850548079493,
    "CAMERA":0.1396582535565363,
    "WRITE_SETTINGS":0.1123574688436624,
    "MODIFY_AUDIO_SETTINGS":0.1105094301568018,
    "GET_ACCOUNTS":0.10734806448435492,
    "ACCESS_MEDIA_LOCATION":0.09050933634773141,
    "READ_CALL_LOG":0.08575321647850123,
    "REORDER_TASKS":0.08413031956059827,
    "QUERY_ALL_PACKAGES":0.07510588698821284,
    "MANAGE_ACCOUNTS":0.0744515687221797,
    "HIGH_SAMPLING_RATE_SENSORS":0.06766682770557081,
    "NFC":0.06284504148706133,
    "USE_CREDENTIALS":0.05109780064634447,
    "MANAGE_EXTERNAL_STORAGE":0.030835041440156828,
    "MODIFY_PHONE_STATE":0.02846401718582168,
    "RECORD_AUDIO":0.027427426957912542,
    "DISABLE_KEYGUARD":0.021259480579177186,
    "KILL_BACKGROUND_PROCESSES":0.020809197041261905,
    "BROADCAST_STICKY":0.020276830566747485,
    "BLUETOOTH_ADVERTISE":0.01946069165427604,
    "NEARBY_WIFI_DEVICES":0.01946069165427604,
    "BLUETOOTH_PRIVILEGED":0.015945196741072882,
    "SEND_SMS":0.01182463332379607,
    "MANAGE_OWN_CALLS":0.00973034582713802,
    "SUSPEND_APPS":0.00973034582713802,
    "SET_TIME":0.00973034582713802,
    "SET_TIME_ZONE":0.00973034582713802,
    "BACKUP":0.00973034582713802,
    "PACKAGE_VERIFICATION_AGENT":0.00973034582713802,
    "WHITELIST_AUTO_REVOKE_PERMISSIONS":0.0053213195183842285
}