{
    "READ_EXTERNAL_STORAGE":0.6077503347360375,
    "WRITE_EXTERNAL_STORAGE":0.6077503347360375,
    "ACCESS_NETWORK_STATE":0.6033246461361905,
    "ACCESS_FINE_LOCATION":0.5998661055853106,
    "ACCESS_COARSE_LOCATION":0.5998661055853106,
    "WAKE_LOCK":0.5932945198928852,
    "READ_PHONE_STATE":0.591189269319052,
    "USE_FULL_SCREEN_INTENT":0.587696059678654,
    "READ_PRIVILEGED_PHONE_STATE":0.581266736801837,
    "LOCAL_MAC_ADDRESS":0.5477429227237955,
    "SCHEDULE_EXACT_ALARM":0.5405712031369555,
    "USE_ICC_AUTH_WITH_DEVICE_IDENTIFIER":0.5302744835501153,
    "INTERACT_ACROSS_USERS":0.5142932287681719,
    "MANAGE_USERS":0.5142932287681719,
    "BLUETOOTH":0.4864144988523341,
    "BLUETOOTH_CONNECT":0.47827921767406323,
    "USE_FINGERPRINT":0.4682048584544764,
    "USE_BIOMETRIC":0.4682048584544764,
    "ACCESS_WIFI_STATE":0.46623708875286957,
    "FOREGROUND_SERVICE":0.41987375669472127,
    "DUMP":0.4197817042846217,
    "VIBRATE":0.4174875669472078,
    "BLUETOOTH_SCAN":0.41252390971690944,
    "BLUETOOTH_ADMIN":0.41252390971690944,
    "CHANGE_WIFI_STATE":0.360808387528692,
    "MEDIA_CONTENT_CONTROL":0.3209640397857694,
    "SYSTEM_ALERT_WINDOW":0.2844311878347364,
    "PACKAGE_USAGE_STATS":0.26013891545524137,
    "INTERNET":0.23202347934200493,
    "QUERY_ALL_PACKAGES":0.2163064269319054,
    "CAMERA":0.2062296767406277,
    "GET_ACCOUNTS":0.20444362088752902,
    "REQUEST_INSTALL_PACKAGES":0.20197972456006147,
    "INSTALL_PACKAGES":0.20197972456006147,
    "READ_SMS":0.19701248087222675,
    "READ_PHONE_NUMBERS":0.19701248087222675,
    "MANAGE_ACCOUNTS":0.1797389058913545,
    "USE_CREDENTIALS":0.1797389058913545,
    "READ_BASIC_PHONE_STATE":0.1765732593726093,
    "CHANGE_NETWORK_STATE":0.16800401683244096,
    "ACCESS_MEDIA_LOCATION":0.1668922149961747,
    "READ_CALL_LOG":0.1489515589135427,
    "WRITE_SETTINGS":0.1309810156847745,
    "REORDER_TASKS":0.13004016832440723,
    "HIGH_SAMPLING_RATE_SENSORS":0.12077395753634293,
    "MODIFY_PHONE_STATE":0.10021638293802616,
    "MODIFY_AUDIO_SETTINGS":0.09024603098699323,
    "BLUETOOTH_ADVERTISE":0.08318190512624342,
    "KILL_BACKGROUND_PROCESSES":0.08101090283091059,
    "ANSWER_PHONE_CALLS":0.04849249234889065,
    "NFC":0.048443477429227305,
    "WRITE_SYNC_SETTINGS":0.0471320294567713,
    "MANAGE_EXTERNAL_STORAGE":0.04146781752104061,
    "AUTHENTICATE_ACCOUNTS":0.03739479724560066,
    "BLUETOOTH_PRIVILEGED":0.03219323833205819,
    "NEARBY_WIFI_DEVICES":0.026053223029839364,
    "DISABLE_KEYGUARD":0.02488284238714617,
    "RECORD_AUDIO":0.024145227620505007,
    "SEND_SMS":0.02351042463657233,
    "BACKUP":0.021545045906656495,
    "SET_WALLPAPER":0.02046074024483553,
    "REBOOT":0.019980154934965598,
    "PACKAGE_VERIFICATION_AGENT":0.019063217291507294,
    "BROADCAST_STICKY":0.01555566182096406,
    "RUN_IN_BACKGROUND":0.013508990053557787,
    "USE_DATA_IN_BACKGROUND":0.013508990053557787,
    "REQUEST_COMPANION_RUN_IN_BACKGROUND":0.013508990053557787,
    "REQUEST_COMPANION_USE_DATA_IN_BACKGROUND":0.013508990053557787,
    "SET_TIME":0.009956006120887543,
    "SET_TIME_ZONE":0.009956006120887543,
    "WHITELIST_AUTO_REVOKE_PERMISSIONS":0.00884061782708494,
    "CALL_PHONE":0.002719730298393271,
    "NETWORK_SETTINGS":0.002719730298393271,
    "NETWORK_SETUP_WIZARD":0.002719730298393271,
    "NETWORK_CARRIER_PROVISIONING":0.002719730298393271,
    "SUSPEND_APPS":0.002719730298393271,
    "NETWORK_SCAN":0.002719730298393271,
    "SET_WALLPAPER_HINTS":0.002719730298393271,
    "READ_LOGS":0.002719730298393271
}