{
    "READ_EXTERNAL_STORAGE":0.4287505821562285,
    "WRITE_EXTERNAL_STORAGE":0.4287505821562285,
    "ACCESS_NETWORK_STATE":0.4287505821562285,
    "ACCESS_FINE_LOCATION":0.42778530858833286,
    "ACCESS_COARSE_LOCATION":0.42778530858833286,
    "READ_PHONE_STATE":0.4179634548988283,
    "READ_PRIVILEGED_PHONE_STATE":0.4179634548988283,
    "WAKE_LOCK":0.403044644552969,
    "USE_FULL_SCREEN_INTENT":0.403044644552969,
    "USE_ICC_AUTH_WITH_DEVICE_IDENTIFIER":0.39225751729556885,
    "LOCAL_MAC_ADDRESS":0.39225751729556885,
    "ACCESS_WIFI_STATE":0.36857058855669483,
    "SCHEDULE_EXACT_ALARM":0.3637051934840131,
    "INTERACT_ACROSS_USERS":0.362914241557759,
    "MANAGE_USERS":0.362914241557759,
    "BLUETOOTH":0.36013029892258813,
    "BLUETOOTH_CONNECT":0.36013029892258813,
    "USE_FINGERPRINT":0.3543620738551361,
    "USE_BIOMETRIC":0.3543620738551361,
    "INTERNET":0.28763851415517744,
    "VIBRATE":0.28038725422599886,
    "DUMP":0.27999438007841865,
    "CHANGE_WIFI_STATE":0.2742677840597168,
    "SYSTEM_ALERT_WINDOW":0.2637174220170835,
    "FOREGROUND_SERVICE":0.2574886755978321,
    "CAMERA":0.22060533840513905,
    "MODIFY_AUDIO_SETTINGS":0.2046614127338056,
    "MEDIA_CONTENT_CONTROL":0.202317176926059,
    "READ_BASIC_PHONE_STATE":0.192154485399912,
    "CHANGE_NETWORK_STATE":0.18254337876970547,
    "REQUEST_INSTALL_PACKAGES":0.1810759548012603,
    "INSTALL_PACKAGES":0.1810759548012603,
    "PACKAGE_USAGE_STATS":0.18075332967344612,
    "BLUETOOTH_SCAN":0.16565499405485146,
    "BLUETOOTH_ADMIN":0.16565499405485146,
    "ACCESS_MEDIA_LOCATION":0.1558149276565187,
    "READ_CALL_LOG":0.1307828602799033,
    "READ_SMS":0.12631554298589556,
    "READ_PHONE_NUMBERS":0.12631554298589556,
    "HIGH_SAMPLING_RATE_SENSORS":0.10796493793369012,
    "MODIFY_PHONE_STATE":0.10498585913250263,
    "WRITE_SETTINGS":0.09252576447845305,
    "REORDER_TASKS":0.08343241914207733,
    "MANAGE_ACCOUNTS":0.07013193806638271,
    "GET_ACCOUNTS":0.06459787639815062,
    "USE_CREDENTIALS":0.06051562780508237,
    "KILL_BACKGROUND_PROCESSES":0.059165285536247184,
    "QUERY_ALL_PACKAGES":0.04974931507205728,
    "RECORD_AUDIO":0.03298061387236013,
    "DISABLE_KEYGUARD":0.029343275737809836,
    "MANAGE_EXTERNAL_STORAGE":0.021574254514800426,
    "NFC":0.021574254514800426,
    "SEND_SMS":0.010787127257400213,
    "READ_LOGS":0.010787127257400213,
    "CALL_PHONE":0.009616310261300333,
    "MANAGE_OWN_CALLS":0.009616310261300333,
    "AUTHENTICATE_ACCOUNTS":0.009616310261300333,
    "NEARBY_WIFI_DEVICES":0.009616310261300333,
    "SET_WALLPAPER":0.004810756946197056
}