{
    "ACCESS_FINE_LOCATION":0.4730935900540215,
    "ACCESS_COARSE_LOCATION":0.4730935900540215,
    "READ_EXTERNAL_STORAGE":0.45924002438067246,
    "WRITE_EXTERNAL_STORAGE":0.45924002438067246,
    "ACCESS_NETWORK_STATE":0.45924002438067246,
    "WAKE_LOCK":0.45924002438067246,
    "USE_FULL_SCREEN_INTENT":0.45756176576185426,
    "READ_PHONE_STATE":0.4372506617014703,
    "READ_PRIVILEGED_PHONE_STATE":0.4372506617014703,
    "USE_ICC_AUTH_WITH_DEVICE_IDENTIFIER":0.4372506617014703,
    "SCHEDULE_EXACT_ALARM":0.4305843846802541,
    "LOCAL_MAC_ADDRESS":0.43032387886479573,
    "USE_FINGERPRINT":0.4233419890286973,
    "USE_BIOMETRIC":0.4233419890286973,
    "INTERACT_ACROSS_USERS":0.41464510257416476,
    "MANAGE_USERS":0.41464510257416476,
    "ACCESS_WIFI_STATE":0.3619377624888324,
    "DUMP":0.3256222498684946,
    "VIBRATE":0.32356826170814995,
    "FOREGROUND_SERVICE":0.3193567510249066,
    "INTERNET":0.3009693822171382,
    "CHANGE_WIFI_STATE":0.299087394691359,
    "BLUETOOTH":0.29594796563327125,
    "SYSTEM_ALERT_WINDOW":0.2837325807609775,
    "BLUETOOTH_CONNECT":0.28343366703682976,
    "MEDIA_CONTENT_CONTROL":0.25690883131413483,
    "REQUEST_INSTALL_PACKAGES":0.2504512929271001,
    "INSTALL_PACKAGES":0.2504512929271001,
    "ACCESS_MEDIA_LOCATION":0.19450766905741984,
    "PACKAGE_USAGE_STATS":0.19230839880768497,
    "READ_SMS":0.18565548105905633,
    "READ_PHONE_NUMBERS":0.18565548105905633,
    "CAMERA":0.1681080765152337,
    "CHANGE_NETWORK_STATE":0.16596558317399618,
    "READ_BASIC_PHONE_STATE":0.1629146592968013,
    "BLUETOOTH_ADMIN":0.1586747601593093,
    "WRITE_SETTINGS":0.15552364173770736,
    "BLUETOOTH_SCAN":0.15224227040837626,
    "GET_ACCOUNTS":0.12283350171583156,
    "NFC":0.10471999799610911,
    "MANAGE_ACCOUNTS":0.10184608448070001,
    "QUERY_ALL_PACKAGES":0.10012273831689865,
    "KILL_BACKGROUND_PROCESSES":0.09912413269097496,
    "HIGH_SAMPLING_RATE_SENSORS":0.09256973957767999,
    "USE_CREDENTIALS":0.09005318660398941,
    "MODIFY_AUDIO_SETTINGS":0.08934681506591967,
    "REORDER_TASKS":0.08539748010720817,
    "READ_CALL_LOG":0.08169696160044086,
    "MODIFY_PHONE_STATE":0.07334908614225956,
    "SEND_SMS":0.04756402013910343,
    "SET_WALLPAPER":0.040949510299164216,
    "REBOOT":0.0342531749146259,
    "NEARBY_WIFI_DEVICES":0.031073668038775294,
    "AUTHENTICATE_ACCOUNTS":0.027991015889184838,
    "RECORD_AUDIO":0.024701295014486462,
    "MANAGE_OWN_CALLS":0.01603613683234948,
    "READ_PRECISE_PHONE_STATE":0.01603613683234948,
    "NETWORK_SCAN":0.01603613683234948,
    "MANAGE_EXTERNAL_STORAGE":0.015939282106089324,
    "SET_WALLPAPER_HINTS":0.015444989020347844,
    "DISABLE_KEYGUARD":0.01076590379653828,
    "SET_TIME":0.009257975903212071,
    "REQUEST_DELETE_PACKAGES":0.009257975903212071,
    "DELETE_PACKAGES":0.009257975903212071,
    "BLUETOOTH_ADVERTISE":0.00901249926941478,
    "WHITELIST_AUTO_REVOKE_PERMISSIONS":0.00901249926941478,
    "BROADCAST_STICKY":0.008087369642722953,
    "WRITE_SYNC_SETTINGS":0.006026701846084481,
    "READ_SYNC_SETTINGS":0.00486611504003607
}