{
    "ACCESS_FINE_LOCATION":0.4115487596595126,
    "ACCESS_COARSE_LOCATION":0.4076601153574043,
    "READ_EXTERNAL_STORAGE":0.35810131374507304,
    "WRITE_EXTERNAL_STORAGE":0.35810131374507304,
    "ACCESS_NETWORK_STATE":0.35810131374507304,
    "USE_FULL_SCREEN_INTENT":0.34803366503868954,
    "READ_PHONE_STATE":0.34073603300037186,
    "WAKE_LOCK":0.33174247238976906,
    "READ_PRIVILEGED_PHONE_STATE":0.3265330594722752,
    "LOCAL_MAC_ADDRESS":0.3244448403514514,
    "SCHEDULE_EXACT_ALARM":0.3097913322632425,
    "USE_FINGERPRINT":0.3022024801670577,
    "USE_BIOMETRIC":0.3022024801670577,
    "USE_ICC_AUTH_WITH_DEVICE_IDENTIFIER":0.29378964661302526,
    "ACCESS_WIFI_STATE":0.28944018939582133,
    "INTERACT_ACROSS_USERS":0.28287403362049923,
    "MANAGE_USERS":0.28287403362049923,
    "BLUETOOTH":0.28188045930542316,
    "BLUETOOTH_CONNECT":0.27432586839251677,
    "SYSTEM_ALERT_WINDOW":0.204308001185437,
    "CHANGE_WIFI_STATE":0.20297866727423167,
    "VIBRATE":0.20269087333469243,
    "DUMP":0.19455898148354353,
    "FOREGROUND_SERVICE":0.18368105579262392,
    "MEDIA_CONTENT_CONTROL":0.16456845470072,
    "BLUETOOTH_SCAN":0.15111580108642214,
    "BLUETOOTH_ADMIN":0.15111580108642214,
    "READ_SMS":0.1478472842016545,
    "READ_PHONE_NUMBERS":0.1478472842016545,
    "CAMERA":0.14738475822739494,
    "INTERNET":0.14108583968164515,
    "REQUEST_INSTALL_PACKAGES":0.13987299379358673,
    "INSTALL_PACKAGES":0.13987299379358673,
    "ACCESS_MEDIA_LOCATION":0.13781903585604144,
    "READ_CALL_LOG":0.13418563736935787,
    "PACKAGE_USAGE_STATS":0.11512271499320777,
    "HIGH_SAMPLING_RATE_SENSORS":0.11360665763313472,
    "WRITE_SETTINGS":0.10826533916001863,
    "MODIFY_AUDIO_SETTINGS":0.09165551750660818,
    "READ_BASIC_PHONE_STATE":0.08668593287206364,
    "MANAGE_ACCOUNTS":0.07357246497222278,
    "USE_CREDENTIALS":0.07357246497222278,
    "MODIFY_PHONE_STATE":0.06974377774085186,
    "CHANGE_NETWORK_STATE":0.06644271273196965,
    "REORDER_TASKS":0.06519217954230488,
    "KILL_BACKGROUND_PROCESSES":0.05450269035941697,
    "GET_ACCOUNTS":0.047249597859361295,
    "BLUETOOTH_ADVERTISE":0.033233347780132295,
    "DISABLE_KEYGUARD":0.028071900519228244,
    "QUERY_ALL_PACKAGES":0.027439781687740163,
    "WHITELIST_AUTO_REVOKE_PERMISSIONS":0.02647361631928683,
    "SET_WALLPAPER":0.023561415740615443,
    "NFC":0.02256955448470325,
    "SEND_SMS":0.0210534971246302,
    "SET_WALLPAPER_HINTS":0.01645222021032941,
    "BLUETOOTH_PRIVILEGED":0.01629119264892052,
    "REBOOT":0.013610255057378923,
    "AUTHENTICATE_ACCOUNTS":0.010997839832394296,
    "WRITE_SYNC_SETTINGS":0.010997839832394296,
    "MANAGE_EXTERNAL_STORAGE":0.007554590912906362,
    "BROADCAST_STICKY":0.007554590912906362,
    "ANSWER_PHONE_CALLS":0.0071091955302860325,
    "READ_SYNC_SETTINGS":0.0071091955302860325,
    "PACKAGE_VERIFICATION_AGENT":0.0071091955302860325,
    "RECORD_AUDIO":0.006112195096882064
}