{
    "ACCESS_FINE_LOCATION":0.24630898255425407,
    "ACCESS_COARSE_LOCATION":0.23750442879661907,
    "READ_EXTERNAL_STORAGE":0.19584722083730255,
    "WRITE_EXTERNAL_STORAGE":0.19584722083730255,
    "ACCESS_NETWORK_STATE":0.19584722083730255,
    "READ_PHONE_STATE":0.1870426670796675,
    "WAKE_LOCK":0.1870426670796675,
    "READ_PRIVILEGED_PHONE_STATE":0.1870426670796675,
    "USE_ICC_AUTH_WITH_DEVICE_IDENTIFIER":0.1870426670796675,
    "USE_FULL_SCREEN_INTENT":0.1870426670796675,
    "LOCAL_MAC_ADDRESS":0.17823811332203246,
    "SCHEDULE_EXACT_ALARM":0.1703946349504718,
    "ACCESS_WIFI_STATE":0.16832821679145096,
    "INTERACT_ACROSS_USERS":0.15114766827835976,
    "MANAGE_USERS":0.15114766827835976,
    "BLUETOOTH":0.14717607198093977,
    "BLUETOOTH_CONNECT":0.14717607198093977,
    "CHANGE_WIFI_STATE":0.13474149618009668,
    "USE_FINGERPRINT":0.12547231657356475,
    "USE_BIOMETRIC":0.12547231657356475,
    "VIBRATE":0.10374734537400264,
    "CAMERA":0.08437096236954943,
    "FOREGROUND_SERVICE":0.07869573795950757,
    "BLUETOOTH_SCAN":0.07821838263529844,
    "BLUETOOTH_ADMIN":0.07821838263529844,
    "HIGH_SAMPLING_RATE_SENSORS":0.07140811334324822,
    "MEDIA_CONTENT_CONTROL":0.07120019857981488,
    "QUERY_ALL_PACKAGES":0.06542313836727509,
    "DUMP":0.059949463983010404,
    "SYSTEM_ALERT_WINDOW":0.0565443293369853,
    "REQUEST_INSTALL_PACKAGES":0.05619214718667989,
    "INSTALL_PACKAGES":0.05619214718667989,
    "INTERNET":0.05118946338896823,
    "PACKAGE_USAGE_STATS":0.04909970785854161,
    "CHANGE_NETWORK_STATE":0.0477822071637244,
    "READ_SMS":0.04730060868107786,
    "READ_PHONE_NUMBERS":0.04730060868107786,
    "READ_BASIC_PHONE_STATE":0.04414369880364149,
    "SEND_SMS":0.034227437535403867,
    "REORDER_TASKS":0.03310512212870774,
    "WRITE_SETTINGS":0.032854775780900285,
    "ACCESS_MEDIA_LOCATION":0.031223281361714414,
    "MANAGE_EXTERNAL_STORAGE":0.02891076001332353,
    "KILL_BACKGROUND_PROCESSES":0.022592697100013374,
    "MODIFY_PHONE_STATE":0.02155312328284683,
    "MODIFY_AUDIO_SETTINGS":0.01991526412600484,
    "GET_ACCOUNTS":0.017148724824810602,
    "AUTHENTICATE_ACCOUNTS":0.01693444532372117,
    "MANAGE_ACCOUNTS":0.008804553757635036,
    "USE_CREDENTIALS":0.008804553757635036,
    "SET_WALLPAPER":0.008804553757635036,
    "LOCK_DEVICE":0.008129891566086135,
    "READ_CALL_LOG":0.0023061566107347676,
    "RECORD_AUDIO":0.0023061566107347676,
    "NEARBY_WIFI_DEVICES":0.0016378591568419877
}