{
    "ACCESS_FINE_LOCATION":0.40342985146964044,
    "ACCESS_COARSE_LOCATION":0.3787376397089677,
    "READ_EXTERNAL_STORAGE":0.3755672583057016,
    "WRITE_EXTERNAL_STORAGE":0.3755672583057016,
    "READ_PHONE_STATE":0.3755672583057016,
    "ACCESS_NETWORK_STATE":0.3755672583057016,
    "READ_PRIVILEGED_PHONE_STATE":0.36682684067119387,
    "LOCAL_MAC_ADDRESS":0.35892866641842625,
    "USE_ICC_AUTH_WITH_DEVICE_IDENTIFIER":0.3570290381876102,
    "WAKE_LOCK":0.3504843638254988,
    "USE_FULL_SCREEN_INTENT":0.3420968018393411,
    "USE_FINGERPRINT":0.31960742592691077,
    "USE_BIOMETRIC":0.31960742592691077,
    "ACCESS_WIFI_STATE":0.31568700462790555,
    "INTERACT_ACROSS_USERS":0.3141431872853755,
    "MANAGE_USERS":0.3141431872853755,
    "SCHEDULE_EXACT_ALARM":0.3140379807436564,
    "VIBRATE":0.2920563150522189,
    "BLUETOOTH":0.28552996317771023,
    "BLUETOOTH_CONNECT":0.2825877262974979,
    "CHANGE_WIFI_STATE":0.281784492082912,
    "INTERNET":0.25194838968975863,
    "DUMP":0.22434526659219442,
    "SYSTEM_ALERT_WINDOW":0.2109781253139941,
    "FOREGROUND_SERVICE":0.18770738396250372,
    "READ_SMS":0.1797347376633507,
    "READ_PHONE_NUMBERS":0.1797347376633507,
    "MEDIA_CONTENT_CONTROL":0.1628431772375597,
    "MODIFY_AUDIO_SETTINGS":0.15359741357400794,
    "PACKAGE_USAGE_STATS":0.15349043388832725,
    "REQUEST_INSTALL_PACKAGES":0.1333221034215767,
    "INSTALL_PACKAGES":0.1333221034215767,
    "READ_CALL_LOG":0.12995135675065447,
    "CAMERA":0.12384228475509916,
    "READ_BASIC_PHONE_STATE":0.12159748449976643,
    "BLUETOOTH_ADMIN":0.11801514264943162,
    "BLUETOOTH_SCAN":0.11784137454119892,
    "CHANGE_NETWORK_STATE":0.11462075405902199,
    "WRITE_SETTINGS":0.10007388099839819,
    "ACCESS_MEDIA_LOCATION":0.09217038731374595,
    "HIGH_SAMPLING_RATE_SENSORS":0.08441288248192863,
    "GET_ACCOUNTS":0.08312794415778611,
    "MANAGE_ACCOUNTS":0.08176262330738628,
    "USE_CREDENTIALS":0.07386031171870838,
    "REORDER_TASKS":0.06942686076682558,
    "KILL_BACKGROUND_PROCESSES":0.05311393632048982,
    "NFC":0.05177521262951335,
    "MODIFY_PHONE_STATE":0.047979502455804346,
    "SEND_SMS":0.04154239882736076,
    "QUERY_ALL_PACKAGES":0.03686248086482139,
    "AUTHENTICATE_ACCOUNTS":0.022333339243813193,
    "WRITE_SYNC_SETTINGS":0.021388844560289832,
    "SET_WALLPAPER":0.016396262212529024,
    "READ_LOGS":0.016272733183207135,
    "BROADCAST_STICKY":0.016041633420217374,
    "REBOOT":0.011491154966871753,
    "DISABLE_KEYGUARD":0.010209171882665147,
    "MANAGE_EXTERNAL_STORAGE":0.00993728980855955,
    "RECORD_AUDIO":0.005384447163265182,
    "SUSPEND_APPS":0.005369079915598343,
    "PACKAGE_VERIFICATION_AGENT":0.005369079915598343,
    "NEARBY_WIFI_DEVICES":0.005210679055032474,
    "WHITELIST_AUTO_REVOKE_PERMISSIONS":0.0035634283147448717,
    "BLUETOOTH_ADVERTISE":0.0017489109940836084,
    "LOCK_DEVICE":0.0009309005798180748,
    "REQUEST_DELETE_PACKAGES":0.0009309005798180748,
    "DELETE_PACKAGES":0.0009309005798180748
}