{
    "READ_EXTERNAL_STORAGE":0.4304910852308158,
    "WRITE_EXTERNAL_STORAGE":0.4304910852308158,
    "ACCESS_NETWORK_STATE":0.42920592788252737,
    "ACCESS_FINE_LOCATION":0.4248861617747014,
    "ACCESS_COARSE_LOCATION":0.41684234792753494,
    "WAKE_LOCK":0.4084829002974277,
    "READ_PHONE_STATE":0.40842580613191276,
    "USE_FULL_SCREEN_INTENT":0.38320418920360055,
    "READ_PRIVILEGED_PHONE_STATE":0.3830253659682142,
    "LOCAL_MAC_ADDRESS":0.3817585218428268,
    "USE_ICC_AUTH_WITH_DEVICE_IDENTIFIER":0.3634431444450067,
    "SCHEDULE_EXACT_ALARM":0.351284241687143,
    "USE_FINGERPRINT":0.33862765016573443,
    "USE_BIOMETRIC":0.3363341883094846,
    "INTERACT_ACROSS_USERS":0.32390705069854153,
    "MANAGE_USERS":0.32390705069854153,
    "ACCESS_WIFI_STATE":0.30221019055447035,
    "VIBRATE":0.2956756017240281,
    "FOREGROUND_SERVICE":0.27061988105023077,
    "BLUETOOTH":0.2435432423668869,
    "CHANGE_WIFI_STATE":0.23829596538154502,
    "DUMP":0.2230518231890644,
    "BLUETOOTH_CONNECT":0.21857262431715904,
    "SYSTEM_ALERT_WINDOW":0.2013344953252804,
    "MEDIA_CONTENT_CONTROL":0.16512171291114516,
    "REQUEST_INSTALL_PACKAGES":0.1629973790546282,
    "INSTALL_PACKAGES":0.1629973790546282,
    "WRITE_SETTINGS":0.15223459023086494,
    "PACKAGE_USAGE_STATS":0.14282913439858827,
    "ACCESS_MEDIA_LOCATION":0.13779730709443472,
    "GET_ACCOUNTS":0.12718317855069144,
    "REORDER_TASKS":0.12422613167638151,
    "READ_BASIC_PHONE_STATE":0.11661968068202744,
    "BLUETOOTH_ADMIN":0.11636114106460144,
    "INTERNET":0.1153108238688083,
    "READ_SMS":0.1143079056028766,
    "READ_PHONE_NUMBERS":0.1143079056028766,
    "CAMERA":0.10977161256545619,
    "BLUETOOTH_SCAN":0.1086771281850195,
    "QUERY_ALL_PACKAGES":0.10307974546774655,
    "MANAGE_ACCOUNTS":0.1020703637113792,
    "CHANGE_NETWORK_STATE":0.09629308051031403,
    "USE_CREDENTIALS":0.09534617916149128,
    "HIGH_SAMPLING_RATE_SENSORS":0.07709651391643345,
    "SET_WALLPAPER":0.07303528742603335,
    "READ_CALL_LOG":0.07107146358200168,
    "MODIFY_AUDIO_SETTINGS":0.06265815353159725,
    "MODIFY_PHONE_STATE":0.06110152958501152,
    "KILL_BACKGROUND_PROCESSES":0.051349199766021585,
    "NFC":0.04786322392439434,
    "WRITE_SYNC_SETTINGS":0.04263641465876536,
    "SEND_SMS":0.03983556880331702,
    "AUTHENTICATE_ACCOUNTS":0.03900716477914787,
    "MANAGE_EXTERNAL_STORAGE":0.0369086848843735,
    "NEARBY_WIFI_DEVICES":0.03642176860488787,
    "DISABLE_KEYGUARD":0.032496275413636415,
    "BROADCAST_STICKY":0.026902124441581327,
    "RECORD_AUDIO":0.017401870749581737,
    "LOCK_DEVICE":0.01684816506892772,
    "WHITELIST_AUTO_REVOKE_PERMISSIONS":0.016103786420422025,
    "BLUETOOTH_ADVERTISE":0.015280768638282588,
    "READ_SYNC_SETTINGS":0.015121335874203223,
    "PACKAGE_VERIFICATION_AGENT":0.012882813686656431,
    "BLUETOOTH_PRIVILEGED":0.010801569766377124,
    "BACKUP":0.009770643041890948,
    "READ_LOGS":0.009713548876376038,
    "REQUEST_DELETE_PACKAGES":0.00784452289206724,
    "DELETE_PACKAGES":0.00784452289206724,
    "INTERACT_ACROSS_USERS_FULL":0.006322370894471661,
    "INTERACT_ACROSS_PROFILES":0.006322370894471661,
    "ANSWER_PHONE_CALLS":0.0052343500044705745,
    "RESET_PASSWORD":0.0052343500044705745,
    "REBOOT":0.005180487584173491
}