{
    "READ_EXTERNAL_STORAGE":0.48831065349299724,
    "WRITE_EXTERNAL_STORAGE":0.48831065349299724,
    "ACCESS_FINE_LOCATION":0.48448833037652184,
    "ACCESS_NETWORK_STATE":0.4842013602973438,
    "ACCESS_COARSE_LOCATION":0.47904082962951217,
    "READ_PHONE_STATE":0.4642416544466057,
    "READ_PRIVILEGED_PHONE_STATE":0.4642416544466057,
    "WAKE_LOCK":0.46298825592208553,
    "USE_FULL_SCREEN_INTENT":0.45755653359867315,
    "SCHEDULE_EXACT_ALARM":0.41645867088476474,
    "USE_ICC_AUTH_WITH_DEVICE_IDENTIFIER":0.41472107198609864,
    "INTERACT_ACROSS_USERS":0.4146047061120678,
    "MANAGE_USERS":0.4146047061120678,
    "USE_FINGERPRINT":0.4106393910317408,
    "USE_BIOMETRIC":0.4106393910317408,
    "LOCAL_MAC_ADDRESS":0.40117825378213695,
    "VIBRATE":0.36924962748128,
    "ACCESS_WIFI_STATE":0.33162696256470353,
    "BLUETOOTH":0.3122313353575734,
    "CHANGE_WIFI_STATE":0.31055586400182217,
    "BLUETOOTH_CONNECT":0.30812204216191996,
    "MEDIA_CONTENT_CONTROL":0.2592868349764259,
    "FOREGROUND_SERVICE":0.24626371859970425,
    "SYSTEM_ALERT_WINDOW":0.2445438704275852,
    "INTERNET":0.21992755731265823,
    "DUMP":0.2108214345939963,
    "BLUETOOTH_ADMIN":0.19293264684041989,
    "BLUETOOTH_SCAN":0.19002645844406985,
    "PACKAGE_USAGE_STATS":0.18642897786385776,
    "READ_SMS":0.17487226873022144,
    "READ_PHONE_NUMBERS":0.17487226873022144,
    "REQUEST_INSTALL_PACKAGES":0.17109235012716414,
    "INSTALL_PACKAGES":0.17109235012716414,
    "READ_BASIC_PHONE_STATE":0.1686831820741329,
    "CAMERA":0.16481352368686525,
    "WRITE_SETTINGS":0.11636390172803317,
    "CHANGE_NETWORK_STATE":0.11302873744012823,
    "KILL_BACKGROUND_PROCESSES":0.10901312863458447,
    "READ_CALL_LOG":0.10767886568912753,
    "MODIFY_AUDIO_SETTINGS":0.10593436373013762,
    "MODIFY_PHONE_STATE":0.08189987998536548,
    "GET_ACCOUNTS":0.07647801917670152,
    "ACCESS_MEDIA_LOCATION":0.06468167523467937,
    "SEND_SMS":0.06272120610269975,
    "NFC":0.06062366191571754,
    "MANAGE_ACCOUNTS":0.051429771715795054,
    "USE_CREDENTIALS":0.051429771715795054,
    "HIGH_SAMPLING_RATE_SENSORS":0.04709366368092869,
    "REORDER_TASKS":0.043015927332470096,
    "REBOOT":0.034850593120804525,
    "QUERY_ALL_PACKAGES":0.03339404739246756,
    "MANAGE_EXTERNAL_STORAGE":0.02749390311850679,
    "DISABLE_KEYGUARD":0.026533391582013767,
    "WRITE_SYNC_SETTINGS":0.01825366379926688,
    "PACKAGE_VERIFICATION_AGENT":0.014866233483195478,
    "BLUETOOTH_ADVERTISE":0.014317933263185085,
    "RECORD_AUDIO":0.013290363426403015,
    "BROADCAST_STICKY":0.011124774787656928,
    "SUSPEND_APPS":0.010035077407960011,
    "BLUETOOTH_PRIVILEGED":0.009615963031153505,
    "NEARBY_WIFI_DEVICES":0.009556793942663176,
    "SET_WALLPAPER":0.007737344471585519,
    "WHITELIST_AUTO_REVOKE_PERMISSIONS":0.0076900092007932555,
    "CALL_PHONE":0.004109293195653436,
    "AUTHENTICATE_ACCOUNTS":0.004109293195653436,
    "NETWORK_SETTINGS":0.004109293195653436,
    "NETWORK_SETUP_WIZARD":0.004109293195653436,
    "NETWORK_CARRIER_PROVISIONING":0.004109293195653436,
    "NETWORK_SCAN":0.004109293195653436,
    "SET_WALLPAPER_HINTS":0.004109293195653436,
    "READ_LOGS":0.004109293195653436,
    "READ_SYNC_SETTINGS":0.003019595815956521,
    "MANAGE_OWN_CALLS":0.0013382075513563025
}