{
    "ACCESS_FINE_LOCATION":0.5307448503457773,
    "ACCESS_COARSE_LOCATION":0.5166816677957939,
    "ACCESS_NETWORK_STATE":0.5112231061729045,
    "READ_EXTERNAL_STORAGE":0.5112154189994215,
    "WRITE_EXTERNAL_STORAGE":0.5112154189994215,
    "READ_PHONE_STATE":0.5050910813079059,
    "READ_PRIVILEGED_PHONE_STATE":0.5027184185010913,
    "USE_ICC_AUTH_WITH_DEVICE_IDENTIFIER":0.4886482172274933,
    "LOCAL_MAC_ADDRESS":0.48731633086530796,
    "WAKE_LOCK":0.48649647710208577,
    "USE_FULL_SCREEN_INTENT":0.48165656583212096,
    "SCHEDULE_EXACT_ALARM":0.4657360953236272,
    "INTERACT_ACROSS_USERS":0.45397605679417663,
    "MANAGE_USERS":0.45099543883232696,
    "ACCESS_WIFI_STATE":0.44679055493705516,
    "USE_FINGERPRINT":0.44056962623960017,
    "USE_BIOMETRIC":0.44056962623960017,
    "VIBRATE":0.40337941515315756,
    "CHANGE_WIFI_STATE":0.3947931765974369,
    "BLUETOOTH":0.3889535985497317,
    "BLUETOOTH_CONNECT":0.38278982231599884,
    "DUMP":0.35910530658954576,
    "SYSTEM_ALERT_WINDOW":0.33222827429305546,
    "FOREGROUND_SERVICE":0.3112158869143247,
    "INTERNET":0.2883298345553154,
    "MEDIA_CONTENT_CONTROL":0.2625567472159896,
    "READ_SMS":0.26087559579772246,
    "READ_PHONE_NUMBERS":0.26087559579772246,
    "REQUEST_INSTALL_PACKAGES":0.24818708040148402,
    "INSTALL_PACKAGES":0.24818708040148402,
    "READ_BASIC_PHONE_STATE":0.2240453449652516,
    "PACKAGE_USAGE_STATS":0.21985316161747445,
    "BLUETOOTH_ADMIN":0.21613992260018963,
    "BLUETOOTH_SCAN":0.21010883366527433,
    "CAMERA":0.18587752594671683,
    "CHANGE_NETWORK_STATE":0.1766265139971722,
    "WRITE_SETTINGS":0.17553961451164496,
    "READ_CALL_LOG":0.1492147218062042,
    "MODIFY_AUDIO_SETTINGS":0.13357834249165276,
    "ACCESS_MEDIA_LOCATION":0.13296637663740876,
    "HIGH_SAMPLING_RATE_SENSORS":0.12468795924594757,
    "REORDER_TASKS":0.11881228490536472,
    "GET_ACCOUNTS":0.11389984682471191,
    "MANAGE_ACCOUNTS":0.09346834238135854,
    "KILL_BACKGROUND_PROCESSES":0.0918754263456807,
    "USE_CREDENTIALS":0.08725543508232052,
    "MODIFY_PHONE_STATE":0.08624507310669013,
    "QUERY_ALL_PACKAGES":0.08359868007888975,
    "NFC":0.07935469186633481,
    "SEND_SMS":0.06111068961633258,
    "AUTHENTICATE_ACCOUNTS":0.036142415918197425,
    "MANAGE_EXTERNAL_STORAGE":0.03491213393596285,
    "SET_WALLPAPER":0.029981647708871077,
    "BLUETOOTH_ADVERTISE":0.025955574153316112,
    "REBOOT":0.022822215396606137,
    "DISABLE_KEYGUARD":0.022523752530500315,
    "BROADCAST_STICKY":0.021114994433483508,
    "WRITE_SYNC_SETTINGS":0.0152242799708688,
    "NEARBY_WIFI_DEVICES":0.014346939518990054,
    "PACKAGE_VERIFICATION_AGENT":0.012722940564445659,
    "RECORD_AUDIO":0.011396401801204933,
    "WHITELIST_AUTO_REVOKE_PERMISSIONS":0.009586573783329255,
    "READ_LOGS":0.007234967147360053,
    "SUSPEND_APPS":0.006309832529912248,
    "NETWORK_SCAN":0.005531756883446031,
    "READ_SYNC_SETTINGS":0.005374336939508923,
    "BACKUP":0.003121660884018242,
    "CALL_PHONE":0.0030695217943065884,
    "NETWORK_SETTINGS":0.002980617961849538,
    "NETWORK_SETUP_WIZARD":0.002980617961849538,
    "NETWORK_CARRIER_PROVISIONING":0.002980617961849538,
    "INTERACT_ACROSS_USERS_FULL":0.002498999831884839,
    "INTERACT_ACROSS_PROFILES":0.002498999831884839,
    "ANSWER_PHONE_CALLS":0.001707555188056659,
    "MANAGE_OWN_CALLS":0.0015250683740658712,
    "READ_SYNC_STATS":0.001450870438706979,
    "SET_TIME":0.0003790110752116367,
    "SET_TIME_ZONE":0.0003790110752116367,
    "LOCK_DEVICE":0.00027139064644783866,
    "SET_WALLPAPER_HINTS":0.00015641726913496117,
    "BLUETOOTH_PRIVILEGED":0.00014873009565183275,
    "RECOVERY":4.445191622852529e-05,
    "RESET_PASSWORD":4.445191622852529e-05,
    "MASTER_CLEAR":4.445191622852529e-05,
    "READ_PRECISE_PHONE_STATE":2.6069544855826862e-05,
    "WRITE_SECURE_SETTINGS":2.6069544855826862e-05,
    "UPDATE_DEVICE_STATS":2.6069544855826862e-05,
    "REQUEST_DELETE_PACKAGES":2.6069544855826862e-05,
    "DELETE_PACKAGES":2.6069544855826862e-05,
    "BIND_APPWIDGET":2.6069544855826862e-05,
    "RUN_IN_BACKGROUND":1.8382371372698426e-05,
    "USE_DATA_IN_BACKGROUND":1.8382371372698426e-05,
    "REQUEST_COMPANION_RUN_IN_BACKGROUND":1.8382371372698426e-05,
    "REQUEST_COMPANION_USE_DATA_IN_BACKGROUND":1.8382371372698426e-05
}