{
    "ACCESS_FINE_LOCATION":0.28972076439245176,
    "READ_EXTERNAL_STORAGE":0.28307199230799995,
    "WRITE_EXTERNAL_STORAGE":0.28307199230799995,
    "ACCESS_NETWORK_STATE":0.28307199230799995,
    "ACCESS_COARSE_LOCATION":0.2801955049877805,
    "READ_PHONE_STATE":0.2783766676014578,
    "READ_PRIVILEGED_PHONE_STATE":0.27587356275790187,
    "LOCAL_MAC_ADDRESS":0.2697744481390965,
    "USE_FULL_SCREEN_INTENT":0.26689796081887696,
    "WAKE_LOCK":0.25281038419935054,
    "INTERACT_ACROSS_USERS":0.2395128400304471,
    "MANAGE_USERS":0.2395128400304471,
    "SCHEDULE_EXACT_ALARM":0.23951284003044707,
    "USE_FINGERPRINT":0.23529826529385797,
    "USE_BIOMETRIC":0.23529826529385797,
    "USE_ICC_AUTH_WITH_DEVICE_IDENTIFIER":0.21847041384559873,
    "ACCESS_WIFI_STATE":0.2096630743960575,
    "DUMP":0.17345939665878746,
    "CHANGE_WIFI_STATE":0.151670205520612,
    "BLUETOOTH":0.14720083329994776,
    "FOREGROUND_SERVICE":0.13762108889868177,
    "BLUETOOTH_CONNECT":0.13739834141260351,
    "INTERNET":0.12762629702335632,
    "VIBRATE":0.12505268218420723,
    "MEDIA_CONTENT_CONTROL":0.11010776811826438,
    "REQUEST_INSTALL_PACKAGES":0.08777532951404181,
    "INSTALL_PACKAGES":0.08777532951404181,
    "PACKAGE_USAGE_STATS":0.07855614759024068,
    "SYSTEM_ALERT_WINDOW":0.07612195024237803,
    "READ_BASIC_PHONE_STATE":0.07550338528103832,
    "CHANGE_NETWORK_STATE":0.07237210047674364,
    "REORDER_TASKS":0.0688546131965866,
    "BLUETOOTH_SCAN":0.06742678578582581,
    "BLUETOOTH_ADMIN":0.06742678578582581,
    "CAMERA":0.06374744601578454,
    "READ_SMS":0.05963863627258516,
    "READ_PHONE_NUMBERS":0.05963863627258516,
    "READ_CALL_LOG":0.05755859140258796,
    "HIGH_SAMPLING_RATE_SENSORS":0.05410520411842468,
    "WRITE_SETTINGS":0.04719682705019826,
    "MANAGE_ACCOUNTS":0.045619967148752,
    "USE_CREDENTIALS":0.045619967148752,
    "KILL_BACKGROUND_PROCESSES":0.04484595969712747,
    "MODIFY_AUDIO_SETTINGS":0.03386242538359838,
    "GET_ACCOUNTS":0.03271824045510993,
    "QUERY_ALL_PACKAGES":0.030436280597732426,
    "MODIFY_PHONE_STATE":0.02560474339970351,
    "SEND_SMS":0.0236961660189896,
    "NFC":0.022644926084692093,
    "ACCESS_MEDIA_LOCATION":0.02258242858859819,
    "SET_WALLPAPER":0.01704739393453786,
    "MANAGE_EXTERNAL_STORAGE":0.010925844317134717,
    "RECORD_AUDIO":0.01086334682104081,
    "REBOOT":0.010398621850086123,
    "ANSWER_PHONE_CALLS":0.006648772084451736,
    "BROADCAST_STICKY":0.006648772084451736,
    "WHITELIST_AUTO_REVOKE_PERMISSIONS":0.005001402187412357
}