{
    "ACCESS_FINE_LOCATION":0.6111086144566282,
    "ACCESS_COARSE_LOCATION":0.6111086144566282,
    "READ_EXTERNAL_STORAGE":0.6046472726546429,
    "WRITE_EXTERNAL_STORAGE":0.6046472726546429,
    "ACCESS_NETWORK_STATE":0.6046472726546429,
    "WAKE_LOCK":0.6007474983522082,
    "USE_FULL_SCREEN_INTENT":0.590386382247788,
    "READ_PHONE_STATE":0.5860796532646255,
    "READ_PRIVILEGED_PHONE_STATE":0.5860796532646255,
    "USE_ICC_AUTH_WITH_DEVICE_IDENTIFIER":0.5677117662332476,
    "LOCAL_MAC_ADDRESS":0.5677117662332476,
    "SCHEDULE_EXACT_ALARM":0.5560898396149161,
    "ACCESS_WIFI_STATE":0.5458959993608565,
    "USE_FINGERPRINT":0.5249765314478599,
    "USE_BIOMETRIC":0.5249765314478599,
    "INTERACT_ACROSS_USERS":0.5146154153434399,
    "MANAGE_USERS":0.5146154153434399,
    "BLUETOOTH":0.4521616034513752,
    "BLUETOOTH_CONNECT":0.4418004873469552,
    "CHANGE_WIFI_STATE":0.4268804801565903,
    "VIBRATE":0.42496304951365177,
    "DUMP":0.3882147921784811,
    "SYSTEM_ALERT_WINDOW":0.3772245191443468,
    "FOREGROUND_SERVICE":0.34888249745341265,
    "REQUEST_INSTALL_PACKAGES":0.3481185211816169,
    "INSTALL_PACKAGES":0.3481185211816169,
    "MEDIA_CONTENT_CONTROL":0.3200486348293288,
    "PACKAGE_USAGE_STATS":0.2769638684163223,
    "BLUETOOTH_ADMIN":0.2769114386721795,
    "INTERNET":0.2718232568358402,
    "BLUETOOTH_SCAN":0.27171090738410547,
    "CAMERA":0.24921854714682348,
    "READ_BASIC_PHONE_STATE":0.24118680967503564,
    "READ_SMS":0.22387001418099767,
    "READ_PHONE_NUMBERS":0.22387001418099767,
    "WRITE_SETTINGS":0.20799628497812947,
    "ACCESS_MEDIA_LOCATION":0.2006011943995048,
    "READ_CALL_LOG":0.19560039547007027,
    "CHANGE_NETWORK_STATE":0.1952858170052132,
    "GET_ACCOUNTS":0.18562875746499707,
    "REORDER_TASKS":0.1830871632013104,
    "MODIFY_AUDIO_SETTINGS":0.1774472207242297,
    "HIGH_SAMPLING_RATE_SENSORS":0.15666506880779765,
    "KILL_BACKGROUND_PROCESSES":0.13007819521840744,
    "QUERY_ALL_PACKAGES":0.12774631993129218,
    "MODIFY_PHONE_STATE":0.12346455749295954,
    "MANAGE_ACCOUNTS":0.11833642918489233,
    "USE_CREDENTIALS":0.10797531308047224,
    "AUTHENTICATE_ACCOUNTS":0.08118121716899362,
    "SET_WALLPAPER":0.07389348273313764,
    "BROADCAST_STICKY":0.05748796612539202,
    "RECORD_AUDIO":0.047531308047216766,
    "NFC":0.04378632632272758,
    "DISABLE_KEYGUARD":0.03976920925959218,
    "WRITE_SYNC_SETTINGS":0.03832364631393936,
    "SEND_SMS":0.034983122615695,
    "ANSWER_PHONE_CALLS":0.033425210218307494,
    "MANAGE_EXTERNAL_STORAGE":0.031338007070525524,
    "NEARBY_WIFI_DEVICES":0.019668644017017213,
    "BLUETOOTH_ADVERTISE":0.010361116104420086,
    "WHITELIST_AUTO_REVOKE_PERMISSIONS":0.010361116104420086,
    "REBOOT":0.010361116104420086,
    "LOCK_DEVICE":0.008006770926957882,
    "REQUEST_DELETE_PACKAGES":0.003899774302434741,
    "DELETE_PACKAGES":0.003899774302434741
}