{
    "ACCESS_FINE_LOCATION":0.4997520509696956,
    "ACCESS_NETWORK_STATE":0.49880247805291666,
    "READ_EXTERNAL_STORAGE":0.4931490604887823,
    "WRITE_EXTERNAL_STORAGE":0.4931490604887823,
    "ACCESS_COARSE_LOCATION":0.489327411304319,
    "READ_PHONE_STATE":0.4873123762500757,
    "READ_PRIVILEGED_PHONE_STATE":0.4798325805025812,
    "WAKE_LOCK":0.47136997229439026,
    "USE_ICC_AUTH_WITH_DEVICE_IDENTIFIER":0.47080310331568875,
    "USE_FULL_SCREEN_INTENT":0.4600748159247953,
    "LOCAL_MAC_ADDRESS":0.4591602792840375,
    "INTERACT_ACROSS_USERS":0.45164454889447014,
    "MANAGE_USERS":0.45164454889447014,
    "SCHEDULE_EXACT_ALARM":0.4465472199164154,
    "USE_FINGERPRINT":0.42833284821566475,
    "ACCESS_WIFI_STATE":0.42096894168885574,
    "USE_BIOMETRIC":0.4196456484945175,
    "VIBRATE":0.39350768821667087,
    "CHANGE_WIFI_STATE":0.33709658872442744,
    "SYSTEM_ALERT_WINDOW":0.3106495905247531,
    "BLUETOOTH":0.2973349072706557,
    "BLUETOOTH_CONNECT":0.2921549286158331,
    "MEDIA_CONTENT_CONTROL":0.28209502556749744,
    "INTERNET":0.26807332823061375,
    "DUMP":0.2547721204672937,
    "FOREGROUND_SERVICE":0.24450559322703827,
    "REQUEST_INSTALL_PACKAGES":0.18896501043901323,
    "INSTALL_PACKAGES":0.18896501043901323,
    "MODIFY_AUDIO_SETTINGS":0.17748748576089785,
    "ACCESS_MEDIA_LOCATION":0.1633939191398682,
    "READ_CALL_LOG":0.15178433465213453,
    "WRITE_SETTINGS":0.13351336589011892,
    "READ_BASIC_PHONE_STATE":0.13289708677856696,
    "PACKAGE_USAGE_STATS":0.1298318618097403,
    "CAMERA":0.12313274616128171,
    "CHANGE_NETWORK_STATE":0.12162798302447493,
    "READ_SMS":0.08582629912714744,
    "READ_PHONE_NUMBERS":0.08582629912714744,
    "REORDER_TASKS":0.08346808824110698,
    "GET_ACCOUNTS":0.057768530596550904,
    "BLUETOOTH_SCAN":0.05506085531635055,
    "BLUETOOTH_ADMIN":0.05506085531635055,
    "HIGH_SAMPLING_RATE_SENSORS":0.05216721826342242,
    "MODIFY_PHONE_STATE":0.051400013655163924,
    "QUERY_ALL_PACKAGES":0.04678959907719834,
    "MANAGE_EXTERNAL_STORAGE":0.045274055547769664,
    "MANAGE_ACCOUNTS":0.036485340462766275,
    "USE_CREDENTIALS":0.034840432221874815,
    "SET_WALLPAPER":0.03465087698493975,
    "RECORD_AUDIO":0.028495272797835265,
    "KILL_BACKGROUND_PROCESSES":0.028002968201435198,
    "AUTHENTICATE_ACCOUNTS":0.021551801583280305,
    "DISABLE_KEYGUARD":0.02054563160523637,
    "WRITE_SYNC_SETTINGS":0.01781190370953308,
    "NEARBY_WIFI_DEVICES":0.01699169550421691,
    "WHITELIST_AUTO_REVOKE_PERMISSIONS":0.015553411455245181,
    "NFC":0.014908384630034873,
    "SEND_SMS":0.01380519111839385,
    "PACKAGE_VERIFICATION_AGENT":0.00888753535070413,
    "READ_SYNC_SETTINGS":0.008687199721147166,
    "REBOOT":0.006344261057987724,
    "BLUETOOTH_ADVERTISE":0.003739897873747224,
    "LOCK_DEVICE":0.003739897873747224
}