{
    "ACCESS_FINE_LOCATION":0.46574683374808634,
    "ACCESS_COARSE_LOCATION":0.46043163834883954,
    "ACCESS_NETWORK_STATE":0.4152241085643411,
    "READ_EXTERNAL_STORAGE":0.4056751398870008,
    "WRITE_EXTERNAL_STORAGE":0.4056751398870008,
    "READ_PHONE_STATE":0.40095342168540693,
    "READ_PRIVILEGED_PHONE_STATE":0.39761497060415507,
    "WAKE_LOCK":0.39210459723550806,
    "USE_FULL_SCREEN_INTENT":0.3895218934078638,
    "LOCAL_MAC_ADDRESS":0.37906171595477756,
    "USE_ICC_AUTH_WITH_DEVICE_IDENTIFIER":0.3696182795515898,
    "USE_FINGERPRINT":0.35923072645921045,
    "USE_BIOMETRIC":0.35923072645921045,
    "INTERACT_ACROSS_USERS":0.34569876549934336,
    "MANAGE_USERS":0.34569876549934336,
    "ACCESS_WIFI_STATE":0.3441906752590361,
    "SCHEDULE_EXACT_ALARM":0.3421276895127017,
    "CHANGE_WIFI_STATE":0.30169975046723546,
    "VIBRATE":0.2864248048503994,
    "BLUETOOTH":0.2854999790070206,
    "BLUETOOTH_CONNECT":0.2854999790070206,
    "READ_SMS":0.20097430118911033,
    "READ_PHONE_NUMBERS":0.20097430118911033,
    "FOREGROUND_SERVICE":0.1995967078469486,
    "SYSTEM_ALERT_WINDOW":0.1873186518649141,
    "DUMP":0.1750179007701586,
    "REQUEST_INSTALL_PACKAGES":0.17072398544335463,
    "INSTALL_PACKAGES":0.17072398544335463,
    "BLUETOOTH_SCAN":0.16039430488841377,
    "BLUETOOTH_ADMIN":0.16039430488841377,
    "INTERNET":0.14850660484517955,
    "CAMERA":0.13700245220692947,
    "MEDIA_CONTENT_CONTROL":0.12112041232480789,
    "REORDER_TASKS":0.11926962588241428,
    "GET_ACCOUNTS":0.11866934015094516,
    "READ_BASIC_PHONE_STATE":0.114012303020606,
    "READ_CALL_LOG":0.10061537798142857,
    "NFC":0.10033509333932482,
    "WRITE_SETTINGS":0.09879069091866408,
    "PACKAGE_USAGE_STATS":0.09605819934706157,
    "MANAGE_ACCOUNTS":0.09230329294738022,
    "HIGH_SAMPLING_RATE_SENSORS":0.08568199381104273,
    "MODIFY_AUDIO_SETTINGS":0.08031573440817386,
    "USE_CREDENTIALS":0.07159854161205653,
    "QUERY_ALL_PACKAGES":0.06947314430573945,
    "KILL_BACKGROUND_PROCESSES":0.06648533271602625,
    "CHANGE_NETWORK_STATE":0.0656944080377011,
    "ACCESS_MEDIA_LOCATION":0.04138226853538223,
    "SEND_SMS":0.03397685325453589,
    "DISABLE_KEYGUARD":0.032168052770676095,
    "MODIFY_PHONE_STATE":0.02534022810857795,
    "BLUETOOTH_ADVERTISE":0.021980216670241137,
    "REBOOT":0.020045458310780057,
    "AUTHENTICATE_ACCOUNTS":0.01643012685433255,
    "WRITE_SYNC_SETTINGS":0.014142459492060678,
    "MANAGE_EXTERNAL_STORAGE":0.013186995246508635,
    "SET_WALLPAPER":0.01240060959072768,
    "LOCK_DEVICE":0.0110457113612869,
    "BROADCAST_STICKY":0.00844258193219381,
    "NEARBY_WIFI_DEVICES":0.007180733664908928,
    "PACKAGE_VERIFICATION_AGENT":0.004721718201593876,
    "MANAGE_OWN_CALLS":0.0045980298372646925,
    "READ_LOGS":0.002582703827644235,
    "RECORD_AUDIO":0.0024158947491452446,
    "WHITELIST_AUTO_REVOKE_PERMISSIONS":0.0010950391887858905
}