{
    "ACCESS_NETWORK_STATE":0.48432258297551506,
    "ACCESS_FINE_LOCATION":0.48183817122010486,
    "READ_EXTERNAL_STORAGE":0.4810265891882376,
    "WRITE_EXTERNAL_STORAGE":0.4810265891882376,
    "READ_PHONE_STATE":0.4798210681728909,
    "READ_PRIVILEGED_PHONE_STATE":0.4765250743856134,
    "LOCAL_MAC_ADDRESS":0.4588158803689708,
    "USE_ICC_AUTH_WITH_DEVICE_IDENTIFIER":0.4485745955635022,
    "ACCESS_COARSE_LOCATION":0.44294431576523513,
    "WAKE_LOCK":0.4274418573150747,
    "USE_FULL_SCREEN_INTENT":0.425253181988523,
    "USE_FINGERPRINT":0.41739359132386095,
    "USE_BIOMETRIC":0.41739359132386095,
    "INTERACT_ACROSS_USERS":0.41474550864408244,
    "MANAGE_USERS":0.41474550864408244,
    "SCHEDULE_EXACT_ALARM":0.4144881502250759,
    "ACCESS_WIFI_STATE":0.39709388164221765,
    "BLUETOOTH":0.36611605510179196,
    "VIBRATE":0.3475162655035872,
    "BLUETOOTH_CONNECT":0.3437642506580699,
    "INTERNET":0.3221743625864069,
    "CHANGE_WIFI_STATE":0.2880788871280155,
    "SYSTEM_ALERT_WINDOW":0.26170980806480015,
    "FOREGROUND_SERVICE":0.260698434628704,
    "DUMP":0.255842487617448,
    "MEDIA_CONTENT_CONTROL":0.23457204003955195,
    "READ_SMS":0.22678356156961546,
    "READ_PHONE_NUMBERS":0.22678356156961546,
    "CAMERA":0.2045265733855275,
    "READ_BASIC_PHONE_STATE":0.1708882477503714,
    "PACKAGE_USAGE_STATS":0.16544647170637666,
    "MODIFY_AUDIO_SETTINGS":0.16412017283649616,
    "REQUEST_INSTALL_PACKAGES":0.16124069333261096,
    "INSTALL_PACKAGES":0.16124069333261096,
    "CHANGE_NETWORK_STATE":0.15323549198351105,
    "BLUETOOTH_ADMIN":0.15109648231676762,
    "BLUETOOTH_SCAN":0.150187826495275,
    "READ_CALL_LOG":0.12727389708372278,
    "WRITE_SETTINGS":0.12624220587770513,
    "ACCESS_MEDIA_LOCATION":0.1143777570085019,
    "HIGH_SAMPLING_RATE_SENSORS":0.10897323020936338,
    "GET_ACCOUNTS":0.10702385306188796,
    "REORDER_TASKS":0.09308924919067553,
    "QUERY_ALL_PACKAGES":0.06931294332245207,
    "NFC":0.06254373964358119,
    "MANAGE_ACCOUNTS":0.05151344810615811,
    "USE_CREDENTIALS":0.05151344810615811,
    "MODIFY_PHONE_STATE":0.050613822404630665,
    "KILL_BACKGROUND_PROCESSES":0.04407827307985788,
    "SEND_SMS":0.030385224917713043,
    "MANAGE_EXTERNAL_STORAGE":0.030342331847878604,
    "SET_WALLPAPER":0.01700258712937002,
    "BROADCAST_STICKY":0.016563497546064905,
    "BLUETOOTH_ADVERTISE":0.012505587386728436,
    "AUTHENTICATE_ACCOUNTS":0.0122629029126652,
    "REBOOT":0.012016832143615031,
    "DISABLE_KEYGUARD":0.011380208686072398,
    "WRITE_SYNC_SETTINGS":0.010842916548146345,
    "RECORD_AUDIO":0.010322555885154938,
    "READ_LOGS":0.007999557524121709,
    "SET_WALLPAPER_HINTS":0.002061124882044059,
    "NEARBY_WIFI_DEVICES":0.0004842401831308331
}