{
    "READ_EXTERNAL_STORAGE":0.48626564996964095,
    "WRITE_EXTERNAL_STORAGE":0.48626564996964095,
    "ACCESS_NETWORK_STATE":0.48626564996964095,
    "READ_PHONE_STATE":0.47770729108850435,
    "READ_PRIVILEGED_PHONE_STATE":0.47770729108850435,
    "USE_FULL_SCREEN_INTENT":0.45021065296832596,
    "WAKE_LOCK":0.4323992087941564,
    "ACCESS_FINE_LOCATION":0.4298512577714371,
    "ACCESS_COARSE_LOCATION":0.42403455379193994,
    "USE_ICC_AUTH_WITH_DEVICE_IDENTIFIER":0.422114277838414,
    "LOCAL_MAC_ADDRESS":0.422114277838414,
    "SCHEDULE_EXACT_ALARM":0.40645220170533936,
    "INTERACT_ACROSS_USERS":0.3927644151074128,
    "MANAGE_USERS":0.3927644151074128,
    "ACCESS_WIFI_STATE":0.38252791012140047,
    "USE_FINGERPRINT":0.37137131171051724,
    "USE_BIOMETRIC":0.37137131171051724,
    "VIBRATE":0.36278128969532625,
    "BLUETOOTH":0.3317495557848548,
    "BLUETOOTH_CONNECT":0.3317495557848548,
    "DUMP":0.3316359410097189,
    "FOREGROUND_SERVICE":0.29685119444516894,
    "CHANGE_WIFI_STATE":0.27711761178017597,
    "SYSTEM_ALERT_WINDOW":0.2660802157563206,
    "INTERNET":0.2578552510514024,
    "READ_SMS":0.2294087189095963,
    "READ_PHONE_NUMBERS":0.2294087189095963,
    "MEDIA_CONTENT_CONTROL":0.22609526505768285,
    "CAMERA":0.20911264998081594,
    "REQUEST_INSTALL_PACKAGES":0.1790401227784587,
    "INSTALL_PACKAGES":0.1790401227784587,
    "READ_BASIC_PHONE_STATE":0.17572853146384265,
    "PACKAGE_USAGE_STATS":0.1757099060908696,
    "READ_CALL_LOG":0.17314146715787992,
    "MODIFY_AUDIO_SETTINGS":0.16487738916971825,
    "CHANGE_NETWORK_STATE":0.14911473602258896,
    "HIGH_SAMPLING_RATE_SENSORS":0.1477737091685262,
    "WRITE_SETTINGS":0.103000175078506,
    "BLUETOOTH_SCAN":0.10211919493687867,
    "BLUETOOTH_ADMIN":0.10211919493687867,
    "KILL_BACKGROUND_PROCESSES":0.09699349229468325,
    "REORDER_TASKS":0.07646088112914463,
    "ACCESS_MEDIA_LOCATION":0.07366148757128867,
    "QUERY_ALL_PACKAGES":0.07344170817020615,
    "NFC":0.06819307806638833,
    "GET_ACCOUNTS":0.06239686199716153,
    "MANAGE_ACCOUNTS":0.06215659468580862,
    "USE_CREDENTIALS":0.06215659468580862,
    "MODIFY_PHONE_STATE":0.05488152400251818,
    "SEND_SMS":0.05475487146630115,
    "WHITELIST_AUTO_REVOKE_PERMISSIONS":0.029048131688837086,
    "NEARBY_WIFI_DEVICES":0.020625738030404073,
    "MANAGE_EXTERNAL_STORAGE":0.016401503440106397,
    "SET_WALLPAPER":0.013741800179548604,
    "RECORD_AUDIO":0.008344167091946022,
    "SET_WALLPAPER_HINTS":0.007736979933023163,
    "REBOOT":0.0043508871265147105,
    "AUTHENTICATE_ACCOUNTS":0.003581659222725937,
    "WRITE_SYNC_SETTINGS":0.003581659222725937,
    "BROADCAST_STICKY":0.003581659222725937,
    "DISABLE_KEYGUARD":0.0022722955027174433,
    "READ_LOGS":0.00038740775784035095
}