{
    "ACCESS_FINE_LOCATION":0.4482501991238548,
    "READ_EXTERNAL_STORAGE":0.4331292313819194,
    "WRITE_EXTERNAL_STORAGE":0.4331292313819194,
    "ACCESS_NETWORK_STATE":0.4313993428912781,
    "ACCESS_COARSE_LOCATION":0.41033452807646337,
    "READ_PHONE_STATE":0.40979440461967315,
    "READ_PRIVILEGED_PHONE_STATE":0.4041492433293506,
    "LOCAL_MAC_ADDRESS":0.3954973118279568,
    "WAKE_LOCK":0.39348367184388666,
    "USE_FULL_SCREEN_INTENT":0.39348367184388666,
    "USE_ICC_AUTH_WITH_DEVICE_IDENTIFIER":0.38985215053763417,
    "INTERACT_ACROSS_USERS":0.383161589008363,
    "MANAGE_USERS":0.383161589008363,
    "SCHEDULE_EXACT_ALARM":0.37918657905217024,
    "USE_FINGERPRINT":0.3728395061728393,
    "USE_BIOMETRIC":0.3728395061728393,
    "ACCESS_WIFI_STATE":0.3432397451214653,
    "VIBRATE":0.3124775985663081,
    "CHANGE_WIFI_STATE":0.2953479689366784,
    "BLUETOOTH":0.26780665073675813,
    "BLUETOOTH_CONNECT":0.26780665073675813,
    "DUMP":0.2596998207885304,
    "MEDIA_CONTENT_CONTROL":0.2205495818399043,
    "FOREGROUND_SERVICE":0.20782556750298675,
    "SYSTEM_ALERT_WINDOW":0.20259109916367965,
    "REQUEST_INSTALL_PACKAGES":0.19765282755874142,
    "INSTALL_PACKAGES":0.19765282755874142,
    "INTERNET":0.1960548586220628,
    "PACKAGE_USAGE_STATS":0.16014536041417754,
    "WRITE_SETTINGS":0.14663480684986055,
    "READ_BASIC_PHONE_STATE":0.13913530465949814,
    "REORDER_TASKS":0.1387420350457984,
    "BLUETOOTH_ADMIN":0.12234169653524483,
    "ACCESS_MEDIA_LOCATION":0.12157009159697324,
    "GET_ACCOUNTS":0.1214904420549581,
    "MANAGE_ACCOUNTS":0.12105983671843878,
    "USE_CREDENTIALS":0.12105983671843878,
    "BLUETOOTH_SCAN":0.1183666865790521,
    "READ_SMS":0.1163331342094782,
    "READ_PHONE_NUMBERS":0.1163331342094782,
    "CHANGE_NETWORK_STATE":0.11264187574671439,
    "QUERY_ALL_PACKAGES":0.10460722819593782,
    "MODIFY_AUDIO_SETTINGS":0.09633363201911582,
    "CAMERA":0.09292861409796886,
    "READ_CALL_LOG":0.08443598168060529,
    "MANAGE_EXTERNAL_STORAGE":0.06769713261648742,
    "SEND_SMS":0.05681501393866982,
    "KILL_BACKGROUND_PROCESSES":0.04608472720031857,
    "NFC":0.030966248506571068,
    "REBOOT":0.030966248506571068,
    "DISABLE_KEYGUARD":0.028400039824770993,
    "NEARBY_WIFI_DEVICES":0.02064416567104738,
    "MODIFY_PHONE_STATE":0.01624103942652329,
    "BROADCAST_STICKY":0.01032208283552369,
    "HIGH_SAMPLING_RATE_SENSORS":0.01026234567901234,
    "SET_WALLPAPER":0.008878434886499397,
    "WRITE_SYNC_SETTINGS":0.00397500995619275
}