{
    "ACCESS_FINE_LOCATION":0.5827981666655563,
    "ACCESS_COARSE_LOCATION":0.5727821116655231,
    "ACCESS_NETWORK_STATE":0.5550916334130532,
    "READ_EXTERNAL_STORAGE":0.553349565982053,
    "WRITE_EXTERNAL_STORAGE":0.553349565982053,
    "READ_PHONE_STATE":0.5481650000999274,
    "READ_PRIVILEGED_PHONE_STATE":0.5481650000999274,
    "USE_ICC_AUTH_WITH_DEVICE_IDENTIFIER":0.5450755784130198,
    "LOCAL_MAC_ADDRESS":0.5450755784130198,
    "USE_FULL_SCREEN_INTENT":0.5424674736358246,
    "WAKE_LOCK":0.5393330846251725,
    "SCHEDULE_EXACT_ALARM":0.5088319154747549,
    "USE_FINGERPRINT":0.5052628423345703,
    "INTERACT_ACROSS_USERS":0.49995836358912515,
    "MANAGE_USERS":0.49995836358912515,
    "USE_BIOMETRIC":0.49586633712835343,
    "ACCESS_WIFI_STATE":0.49160110319834255,
    "BLUETOOTH":0.41493681258285636,
    "CHANGE_WIFI_STATE":0.41034015282228237,
    "BLUETOOTH_CONNECT":0.4054020744925353,
    "DUMP":0.40053894170236287,
    "VIBRATE":0.39874357966544305,
    "SYSTEM_ALERT_WINDOW":0.38494527310154614,
    "INTERNET":0.3246191101133175,
    "FOREGROUND_SERVICE":0.310745858009846,
    "MEDIA_CONTENT_CONTROL":0.2827478698812195,
    "INSTALL_PACKAGES":0.2769620742260623,
    "REQUEST_INSTALL_PACKAGES":0.26756556901984546,
    "PACKAGE_USAGE_STATS":0.24987842168024552,
    "BLUETOOTH_ADMIN":0.24828457987195957,
    "BLUETOOTH_SCAN":0.24567647509476434,
    "CAMERA":0.22637883138252854,
    "READ_BASIC_PHONE_STATE":0.20452804295545224,
    "READ_SMS":0.18762199468386295,
    "READ_PHONE_NUMBERS":0.18762199468386295,
    "MODIFY_AUDIO_SETTINGS":0.18464582403453478,
    "WRITE_SETTINGS":0.1766416404079701,
    "ACCESS_MEDIA_LOCATION":0.1722215190295051,
    "CHANGE_NETWORK_STATE":0.16158924514852527,
    "HIGH_SAMPLING_RATE_SENSORS":0.14802243702909207,
    "READ_CALL_LOG":0.14194685195424647,
    "GET_ACCOUNTS":0.12780879227761152,
    "MANAGE_ACCOUNTS":0.11873538561978289,
    "REORDER_TASKS":0.1093338840442611,
    "KILL_BACKGROUND_PROCESSES":0.1033782118327348,
    "USE_CREDENTIALS":0.09489437675289285,
    "MODIFY_PHONE_STATE":0.08604247580091794,
    "QUERY_ALL_PACKAGES":0.07756363709038094,
    "NFC":0.07323678127227544,
    "MANAGE_EXTERNAL_STORAGE":0.06178343736884526,
    "BLUETOOTH_ADVERTISE":0.040277398423812005,
    "SEND_SMS":0.03323251770380188,
    "RECORD_AUDIO":0.030767642180015833,
    "SET_WALLPAPER":0.02834273761066956,
    "AUTHENTICATE_ACCOUNTS":0.0279297044147919,
    "REBOOT":0.023632826812516224,
    "READ_LOGS":0.020290255747490143,
    "DISABLE_KEYGUARD":0.019154414458826576,
    "WHITELIST_AUTO_REVOKE_PERMISSIONS":0.017642180015855134,
    "NEARBY_WIFI_DEVICES":0.010715546702729343,
    "ANSWER_PHONE_CALLS":0.006926633313125791,
    "BACKUP":0.003788913389603552,
    "BLUETOOTH_PRIVILEGED":0.003089421686907512,
    "NETWORK_SCAN":0.003089421686907512,
    "INTERACT_ACROSS_USERS_FULL":0.003089421686907512,
    "INTERACT_ACROSS_PROFILES":0.003089421686907512,
    "READ_SYNC_SETTINGS":0.003089421686907512,
    "WRITE_SYNC_SETTINGS":0.003089421686907512,
    "BROADCAST_STICKY":0.003089421686907512
}