{
    "ACCESS_FINE_LOCATION":0.42079563805587905,
    "ACCESS_COARSE_LOCATION":0.414975082046919,
    "READ_EXTERNAL_STORAGE":0.3363969971117172,
    "WRITE_EXTERNAL_STORAGE":0.3363969971117172,
    "ACCESS_NETWORK_STATE":0.3168070291201447,
    "READ_PHONE_STATE":0.3074203985714867,
    "READ_PRIVILEGED_PHONE_STATE":0.3074203985714867,
    "USE_FULL_SCREEN_INTENT":0.30027088506485644,
    "WAKE_LOCK":0.30023615621038774,
    "LOCAL_MAC_ADDRESS":0.2997395335914847,
    "USE_ICC_AUTH_WITH_DEVICE_IDENTIFIER":0.29846324818975867,
    "INTERACT_ACROSS_USERS":0.2678023002077946,
    "SCHEDULE_EXACT_ALARM":0.26754067617079685,
    "MANAGE_USERS":0.26538575075101173,
    "USE_FINGERPRINT":0.2641656103306768,
    "USE_BIOMETRIC":0.25869465812336867,
    "ACCESS_WIFI_STATE":0.2515300954464687,
    "BLUETOOTH":0.23789265311083738,
    "BLUETOOTH_CONNECT":0.2330120914294978,
    "VIBRATE":0.2291612402831562,
    "SYSTEM_ALERT_WINDOW":0.21872348307257783,
    "DUMP":0.2038346443475898,
    "FOREGROUND_SERVICE":0.1890806693407887,
    "READ_SMS":0.17272627295722012,
    "READ_PHONE_NUMBERS":0.17272627295722012,
    "MEDIA_CONTENT_CONTROL":0.1688835252102545,
    "CHANGE_WIFI_STATE":0.1678138764926175,
    "CHANGE_NETWORK_STATE":0.15967632707635163,
    "CAMERA":0.15801281494729918,
    "INTERNET":0.14906029507950033,
    "READ_BASIC_PHONE_STATE":0.14583166924239022,
    "PACKAGE_USAGE_STATS":0.13455115849670385,
    "REQUEST_INSTALL_PACKAGES":0.11063802693801494,
    "INSTALL_PACKAGES":0.11063802693801494,
    "HIGH_SAMPLING_RATE_SENSORS":0.11031852147690255,
    "MODIFY_AUDIO_SETTINGS":0.10259656068577927,
    "WRITE_SETTINGS":0.09396644035029851,
    "REORDER_TASKS":0.08596896398038988,
    "READ_CALL_LOG":0.08517598847002043,
    "MANAGE_ACCOUNTS":0.0766488970694636,
    "QUERY_ALL_PACKAGES":0.07473128548854827,
    "USE_CREDENTIALS":0.07395914729086005,
    "ACCESS_MEDIA_LOCATION":0.06298251402177509,
    "GET_ACCOUNTS":0.060410842348365225,
    "BLUETOOTH_SCAN":0.05080136831686614,
    "BLUETOOTH_ADMIN":0.0492761927914475,
    "KILL_BACKGROUND_PROCESSES":0.04417799695543715,
    "MODIFY_PHONE_STATE":0.03645024802190238,
    "NFC":0.032502734897289456,
    "SEND_SMS":0.030792917628945385,
    "READ_LOGS":0.014565281564187625,
    "AUTHENTICATE_ACCOUNTS":0.01330867584666055,
    "REBOOT":0.013299993633043366,
    "MANAGE_EXTERNAL_STORAGE":0.01162606284765032,
    "RECORD_AUDIO":0.010945377300063105,
    "WRITE_SYNC_SETTINGS":0.007837723639352432,
    "READ_SYNC_SETTINGS":0.003339179357168908,
    "BLUETOOTH_ADVERTISE":0.0024165494567828377,
    "BROADCAST_STICKY":0.0024165494567828377,
    "NEARBY_WIFI_DEVICES":0.0024165494567828377,
    "WHITELIST_AUTO_REVOKE_PERMISSIONS":0.0013220117267765273,
    "SET_WALLPAPER":0.0006934194608924167,
    "DISABLE_KEYGUARD":0.0002297892537347992
}