{
    "READ_EXTERNAL_STORAGE":0.4604085363022553,
    "WRITE_EXTERNAL_STORAGE":0.4604085363022553,
    "ACCESS_NETWORK_STATE":0.4604085363022553,
    "ACCESS_FINE_LOCATION":0.4405120021895474,
    "ACCESS_COARSE_LOCATION":0.43885762321702176,
    "READ_PHONE_STATE":0.4360901428826271,
    "WAKE_LOCK":0.43182590166097695,
    "READ_PRIVILEGED_PHONE_STATE":0.4305429637576152,
    "USE_FULL_SCREEN_INTENT":0.42970599950637434,
    "LOCAL_MAC_ADDRESS":0.4023953061578577,
    "SCHEDULE_EXACT_ALARM":0.3995899486091732,
    "INTERACT_ACROSS_USERS":0.38076375126155565,
    "MANAGE_USERS":0.38076375126155565,
    "USE_ICC_AUTH_WITH_DEVICE_IDENTIFIER":0.3806831094504873,
    "USE_FINGERPRINT":0.37539373975176993,
    "ACCESS_WIFI_STATE":0.3669715578776054,
    "USE_BIOMETRIC":0.36630320832223495,
    "DUMP":0.31221332447087985,
    "CHANGE_WIFI_STATE":0.2947226043883808,
    "VIBRATE":0.28044533829239754,
    "FOREGROUND_SERVICE":0.2648863561386746,
    "BLUETOOTH":0.2630963523020794,
    "BLUETOOTH_CONNECT":0.24533071695457428,
    "SYSTEM_ALERT_WINDOW":0.2450594672264349,
    "MEDIA_CONTENT_CONTROL":0.22454834476573546,
    "REQUEST_INSTALL_PACKAGES":0.21992243723989965,
    "INSTALL_PACKAGES":0.21992243723989965,
    "PACKAGE_USAGE_STATS":0.18093212158830158,
    "INTERNET":0.17242196682933505,
    "QUERY_ALL_PACKAGES":0.16659498505682804,
    "ACCESS_MEDIA_LOCATION":0.1639032591510128,
    "CAMERA":0.15344670431580312,
    "GET_ACCOUNTS":0.15278690767978845,
    "CHANGE_NETWORK_STATE":0.15200981386403792,
    "BLUETOOTH_ADMIN":0.15063401569338514,
    "REORDER_TASKS":0.14991190493063586,
    "BLUETOOTH_SCAN":0.14099487557946025,
    "MANAGE_ACCOUNTS":0.13912667362304112,
    "WRITE_SETTINGS":0.13499194803734935,
    "USE_CREDENTIALS":0.1346571623368531,
    "READ_SMS":0.13059208195162955,
    "READ_PHONE_NUMBERS":0.13059208195162955,
    "READ_BASIC_PHONE_STATE":0.1292529391496443,
    "SEND_SMS":0.06926398463406946,
    "MANAGE_EXTERNAL_STORAGE":0.06856508893814285,
    "KILL_BACKGROUND_PROCESSES":0.06354452527632042,
    "HIGH_SAMPLING_RATE_SENSORS":0.057363208273361097,
    "READ_CALL_LOG":0.05155821972205457,
    "AUTHENTICATE_ACCOUNTS":0.04822991224704742,
    "WRITE_SYNC_SETTINGS":0.04445074373743027,
    "MODIFY_AUDIO_SETTINGS":0.041572075451410874,
    "DISABLE_KEYGUARD":0.040973371096508705,
    "MODIFY_PHONE_STATE":0.03600901233330971,
    "RECORD_AUDIO":0.03195370671306422,
    "BLUETOOTH_ADVERTISE":0.03093713115535279,
    "NEARBY_WIFI_DEVICES":0.029270533726604715,
    "NFC":0.023937177585486434,
    "READ_SYNC_SETTINGS":0.023029346288155186,
    "READ_SYNC_STATS":0.023029346288155186,
    "REBOOT":0.010886644494241444,
    "BROADCAST_STICKY":0.009090531429534943,
    "LOCK_DEVICE":0.007348179572207411,
    "ANSWER_PHONE_CALLS":0.0057219030489935666,
    "SET_WALLPAPER":0.005570394191834651,
    "READ_LOGS":0.005081655942934923,
    "WHITELIST_AUTO_REVOKE_PERMISSIONS":0.005081655942934923
}