{
    "ACCESS_FINE_LOCATION":0.20046470735314784,
    "ACCESS_COARSE_LOCATION":0.20046470735314784,
    "READ_EXTERNAL_STORAGE":0.19454955983513958,
    "WRITE_EXTERNAL_STORAGE":0.19454955983513958,
    "ACCESS_NETWORK_STATE":0.19454955983513958,
    "WAKE_LOCK":0.19454955983513958,
    "USE_FULL_SCREEN_INTENT":0.19354508035564655,
    "VIBRATE":0.18767169575336237,
    "SCHEDULE_EXACT_ALARM":0.18721664268462876,
    "USE_FINGERPRINT":0.1868038949071481,
    "USE_BIOMETRIC":0.1868038949071481,
    "INTERACT_ACROSS_USERS":0.1868038949071481,
    "MANAGE_USERS":0.1868038949071481,
    "READ_PHONE_STATE":0.18486219051374359,
    "READ_PRIVILEGED_PHONE_STATE":0.18283967216653535,
    "LOCAL_MAC_ADDRESS":0.17651123449551756,
    "USE_ICC_AUTH_WITH_DEVICE_IDENTIFIER":0.1742587489240626,
    "BLUETOOTH":0.16913709680481157,
    "ACCESS_WIFI_STATE":0.16826929595859724,
    "BLUETOOTH_CONNECT":0.16688461123335657,
    "FOREGROUND_SERVICE":0.16148851709649026,
    "CHANGE_WIFI_STATE":0.1599340688307089,
    "INTERNET":0.1593699982806696,
    "DUMP":0.1583291796407413,
    "REQUEST_INSTALL_PACKAGES":0.1572634117264844,
    "INSTALL_PACKAGES":0.1572634117264844,
    "SYSTEM_ALERT_WINDOW":0.1548954001673771,
    "READ_BASIC_PHONE_STATE":0.1529303736262306,
    "CHANGE_NETWORK_STATE":0.14617291691186562,
    "REORDER_TASKS":0.1439920249102233,
    "PACKAGE_USAGE_STATS":0.143591751769907,
    "WRITE_SETTINGS":0.1430412406080898,
    "ACCESS_MEDIA_LOCATION":0.14247174630276163,
    "KILL_BACKGROUND_PROCESSES":0.12833906714663287,
    "MEDIA_CONTENT_CONTROL":0.046534193251655205,
    "CAMERA":0.03659787356250147,
    "READ_SMS":0.03652085623739996,
    "READ_PHONE_NUMBERS":0.03652085623739996,
    "BLUETOOTH_ADMIN":0.03344070560886808,
    "BLUETOOTH_SCAN":0.031188220037413086,
    "GET_ACCOUNTS":0.030859540466909405,
    "MODIFY_AUDIO_SETTINGS":0.02740352359686096,
    "MANAGE_ACCOUNTS":0.02410208375254442,
    "USE_CREDENTIALS":0.02410208375254442,
    "MODIFY_PHONE_STATE":0.018475480015902455,
    "QUERY_ALL_PACKAGES":0.016913438492716718,
    "READ_CALL_LOG":0.015649161134888255,
    "SEND_SMS":0.012991521043356961,
    "BROADCAST_STICKY":0.012930774984121958,
    "RECORD_AUDIO":0.010139710512485215,
    "HIGH_SAMPLING_RATE_SENSORS":0.010139710512485215,
    "AUTHENTICATE_ACCOUNTS":0.009448181713158194,
    "NFC":0.008048310473108751,
    "REBOOT":0.008048310473108751,
    "SET_WALLPAPER":0.00675745671436498,
    "WRITE_SYNC_SETTINGS":0.00675745671436498,
    "MANAGE_EXTERNAL_STORAGE":0.00550945062240304,
    "NEARBY_WIFI_DEVICES":0.003795001575600912,
    "ANSWER_PHONE_CALLS":0.0022524855714549934,
    "BLUETOOTH_ADVERTISE":0.0022524855714549934,
    "NETWORK_SCAN":0.0022524855714549934,
    "READ_SYNC_SETTINGS":0.0022524855714549934,
    "PACKAGE_VERIFICATION_AGENT":0.0022524855714549934
}