{
    "ACCESS_FINE_LOCATION":0.6454641987870969,
    "ACCESS_COARSE_LOCATION":0.6381073602067717,
    "READ_EXTERNAL_STORAGE":0.6193358990677202,
    "WRITE_EXTERNAL_STORAGE":0.6193358990677202,
    "WAKE_LOCK":0.6046222219070699,
    "ACCESS_NETWORK_STATE":0.6024772159595534,
    "READ_PHONE_STATE":0.5951203773792283,
    "READ_PRIVILEGED_PHONE_STATE":0.5900113632133255,
    "USE_FULL_SCREEN_INTENT":0.5878805391233133,
    "USE_ICC_AUTH_WITH_DEVICE_IDENTIFIER":0.5826545246330003,
    "LOCAL_MAC_ADDRESS":0.5752976860526751,
    "SCHEDULE_EXACT_ALARM":0.548080928769848,
    "USE_FINGERPRINT":0.5287297842053108,
    "USE_BIOMETRIC":0.5287297842053108,
    "INTERACT_ACROSS_USERS":0.5236225427715959,
    "MANAGE_USERS":0.5236225427715959,
    "ACCESS_WIFI_STATE":0.5072708610692057,
    "VIBRATE":0.4888007644021196,
    "BLUETOOTH":0.48226647355704044,
    "BLUETOOTH_CONNECT":0.48226647355704044,
    "CHANGE_WIFI_STATE":0.4599530935063048,
    "DUMP":0.4125076892258657,
    "FOREGROUND_SERVICE":0.3952980051444689,
    "INTERNET":0.3674483824705152,
    "SYSTEM_ALERT_WINDOW":0.36518637619858857,
    "MEDIA_CONTENT_CONTROL":0.3468137798018441,
    "REQUEST_INSTALL_PACKAGES":0.33530874790152837,
    "INSTALL_PACKAGES":0.33530874790152837,
    "READ_BASIC_PHONE_STATE":0.2997566038705835,
    "READ_SMS":0.2755144911992711,
    "READ_PHONE_NUMBERS":0.2755144911992711,
    "WRITE_SETTINGS":0.2701679309201722,
    "CAMERA":0.2624618640988051,
    "CHANGE_NETWORK_STATE":0.2524370635754945,
    "PACKAGE_USAGE_STATS":0.2484572798133668,
    "BLUETOOTH_ADMIN":0.22573794409157236,
    "REORDER_TASKS":0.21265163507953366,
    "BLUETOOTH_SCAN":0.21102426693092205,
    "MODIFY_AUDIO_SETTINGS":0.18773588417676987,
    "GET_ACCOUNTS":0.1721925683521214,
    "HIGH_SAMPLING_RATE_SENSORS":0.16229185908197297,
    "READ_CALL_LOG":0.159529942333022,
    "MANAGE_ACCOUNTS":0.1510988280467506,
    "USE_CREDENTIALS":0.14305948757403383,
    "ACCESS_MEDIA_LOCATION":0.13064327132907058,
    "SEND_SMS":0.12544384782157816,
    "AUTHENTICATE_ACCOUNTS":0.1026536028122624,
    "KILL_BACKGROUND_PROCESSES":0.08824306285576526,
    "MODIFY_PHONE_STATE":0.08804097138632981,
    "WRITE_SYNC_SETTINGS":0.08658378552776902,
    "BROADCAST_STICKY":0.08299577557919598,
    "READ_SYNC_SETTINGS":0.0718701083671187,
    "READ_SYNC_STATS":0.06451326978679355,
    "MANAGE_EXTERNAL_STORAGE":0.054467196477226636,
    "NFC":0.049918365682741245,
    "QUERY_ALL_PACKAGES":0.04784604175493399,
    "RECORD_AUDIO":0.04665653845676575,
    "NEARBY_WIFI_DEVICES":0.03814033302546887,
    "BLUETOOTH_ADVERTISE":0.03616373663581524,
    "REBOOT":0.03493523322951034,
    "SET_WALLPAPER":0.029427354321300635,
    "PACKAGE_VERIFICATION_AGENT":0.022070515740975474,
    "DISABLE_KEYGUARD":0.018120868426044285,
    "LOCK_DEVICE":0.014713677160650317,
    "READ_LOGS":0.012818626451646078,
    "WHITELIST_AUTO_REVOKE_PERMISSIONS":0.010393528818420822,
    "CALL_PHONE":0.007356838580325159,
    "NETWORK_SETTINGS":0.007356838580325159,
    "NETWORK_SETUP_WIZARD":0.007356838580325159,
    "NETWORK_CARRIER_PROVISIONING":0.007356838580325159,
    "SUSPEND_APPS":0.007356838580325159,
    "NETWORK_SCAN":0.007356838580325159,
    "SET_WALLPAPER_HINTS":0.007356838580325159
}