{
    "ACCESS_FINE_LOCATION":0.5257551633154398,
    "ACCESS_COARSE_LOCATION":0.4993801746883811,
    "READ_EXTERNAL_STORAGE":0.4862956054954053,
    "WRITE_EXTERNAL_STORAGE":0.4862956054954053,
    "ACCESS_NETWORK_STATE":0.4862956054954053,
    "READ_PHONE_STATE":0.4751762805932126,
    "READ_PRIVILEGED_PHONE_STATE":0.46071331089072876,
    "LOCAL_MAC_ADDRESS":0.4518924574651987,
    "WAKE_LOCK":0.44816440724228906,
    "USE_ICC_AUTH_WITH_DEVICE_IDENTIFIER":0.44415430807023926,
    "USE_FULL_SCREEN_INTENT":0.4434366754617413,
    "SCHEDULE_EXACT_ALARM":0.42362614866709114,
    "USE_FINGERPRINT":0.4227254117004821,
    "USE_BIOMETRIC":0.4227254117004821,
    "INTERACT_ACROSS_USERS":0.4172698116640888,
    "MANAGE_USERS":0.4172698116640888,
    "ACCESS_WIFI_STATE":0.3928123009735238,
    "CHANGE_WIFI_STATE":0.3581896551724138,
    "BLUETOOTH":0.3363661177326904,
    "BLUETOOTH_CONNECT":0.3316383859521427,
    "VIBRATE":0.3287758165771995,
    "DUMP":0.3281014011463925,
    "SYSTEM_ALERT_WINDOW":0.3121440269311254,
    "FOREGROUND_SERVICE":0.27917841870621424,
    "INTERNET":0.258627513420071,
    "MEDIA_CONTENT_CONTROL":0.25009439541443,
    "READ_SMS":0.23003252661268314,
    "READ_PHONE_NUMBERS":0.23003252661268314,
    "CHANGE_NETWORK_STATE":0.2290191975252479,
    "REQUEST_INSTALL_PACKAGES":0.2181250568647075,
    "INSTALL_PACKAGES":0.2181250568647075,
    "CAMERA":0.2132381039031936,
    "READ_BASIC_PHONE_STATE":0.20745155126922032,
    "BLUETOOTH_ADMIN":0.1957135383495588,
    "BLUETOOTH_SCAN":0.1865492220908016,
    "PACKAGE_USAGE_STATS":0.15578882722227275,
    "WRITE_SETTINGS":0.13252320080065508,
    "HIGH_SAMPLING_RATE_SENSORS":0.10994108816304247,
    "MODIFY_AUDIO_SETTINGS":0.10259189336730051,
    "READ_CALL_LOG":0.09900145573651171,
    "REORDER_TASKS":0.09844873077972886,
    "ACCESS_MEDIA_LOCATION":0.09486739150213812,
    "MANAGE_ACCOUNTS":0.08630129196615414,
    "USE_CREDENTIALS":0.08630129196615414,
    "KILL_BACKGROUND_PROCESSES":0.07968337730870714,
    "MODIFY_PHONE_STATE":0.07794900373032482,
    "GET_ACCOUNTS":0.05165135110544991,
    "QUERY_ALL_PACKAGES":0.0473717132199072,
    "NFC":0.04169661541261031,
    "MANAGE_EXTERNAL_STORAGE":0.03796515330725139,
    "SEND_SMS":0.02744631971613138,
    "AUTHENTICATE_ACCOUNTS":0.01957396961150032,
    "RECORD_AUDIO":0.016845600946228733,
    "BLUETOOTH_ADVERTISE":0.011045400782458374,
    "WRITE_SYNC_SETTINGS":0.010314120644163408,
    "WHITELIST_AUTO_REVOKE_PERMISSIONS":0.00846033118005641,
    "REBOOT":0.00758688927304158,
    "SET_WALLPAPER":0.0054681102720407606,
    "ANSWER_PHONE_CALLS":0.004727731780547721,
    "NEARBY_WIFI_DEVICES":0.004727731780547721,
    "LOCK_DEVICE":0.0007995177872805023
}