{
    "ACCESS_FINE_LOCATION":0.4329043864560476,
    "ACCESS_COARSE_LOCATION":0.4215978730109189,
    "ACCESS_NETWORK_STATE":0.41675921761558105,
    "READ_EXTERNAL_STORAGE":0.40545270417045226,
    "WRITE_EXTERNAL_STORAGE":0.40545270417045226,
    "WAKE_LOCK":0.4001291123981552,
    "READ_PHONE_STATE":0.3888654324500449,
    "USE_FULL_SCREEN_INTENT":0.37386758942257337,
    "READ_PRIVILEGED_PHONE_STATE":0.36898610053021696,
    "SCHEDULE_EXACT_ALARM":0.36753435093484055,
    "INTERACT_ACROSS_USERS":0.3621786340397796,
    "MANAGE_USERS":0.3621786340397796,
    "USE_FINGERPRINT":0.3467631644163778,
    "USE_BIOMETRIC":0.3467631644163778,
    "LOCAL_MAC_ADDRESS":0.33984708441564354,
    "USE_ICC_AUTH_WITH_DEVICE_IDENTIFIER":0.33109069381086514,
    "VIBRATE":0.2645213203731406,
    "ACCESS_WIFI_STATE":0.2512857697944294,
    "DUMP":0.2497131685467509,
    "FOREGROUND_SERVICE":0.22799964509388154,
    "BLUETOOTH":0.21159288596805198,
    "BLUETOOTH_CONNECT":0.20918350176076234,
    "MEDIA_CONTENT_CONTROL":0.18425287672825486,
    "REQUEST_INSTALL_PACKAGES":0.17687174733131988,
    "INSTALL_PACKAGES":0.17687174733131988,
    "CAMERA":0.175764195479842,
    "SYSTEM_ALERT_WINDOW":0.16477128442359854,
    "CHANGE_WIFI_STATE":0.1381640339363676,
    "INTERNET":0.13677194528326692,
    "REORDER_TASKS":0.12885845670910226,
    "WRITE_SETTINGS":0.12339871560699638,
    "ACCESS_MEDIA_LOCATION":0.1221840800129723,
    "PACKAGE_USAGE_STATS":0.10684203924160221,
    "BLUETOOTH_ADMIN":0.10480132906222164,
    "BLUETOOTH_SCAN":0.09764201598913241,
    "READ_BASIC_PHONE_STATE":0.09170498734882059,
    "READ_SMS":0.08142341829663409,
    "READ_PHONE_NUMBERS":0.08142341829663409,
    "MANAGE_ACCOUNTS":0.08123678663105356,
    "USE_CREDENTIALS":0.07488978023356485,
    "CHANGE_NETWORK_STATE":0.07137743347804928,
    "MODIFY_AUDIO_SETTINGS":0.06775035414123419,
    "HIGH_SAMPLING_RATE_SENSORS":0.06352054631065902,
    "READ_CALL_LOG":0.06228908327137765,
    "GET_ACCOUNTS":0.05949572735867232,
    "MANAGE_EXTERNAL_STORAGE":0.054051283934073054,
    "QUERY_ALL_PACKAGES":0.04826876183657792,
    "MODIFY_PHONE_STATE":0.04733101420542326,
    "KILL_BACKGROUND_PROCESSES":0.026581244435469772,
    "AUTHENTICATE_ACCOUNTS":0.022834843214103208,
    "BLUETOOTH_ADVERTISE":0.02185732162143141,
    "WHITELIST_AUTO_REVOKE_PERMISSIONS":0.020893567938515545,
    "BROADCAST_STICKY":0.016334860041548473,
    "NFC":0.01611610325320408,
    "BLUETOOTH_PRIVILEGED":0.013293681753236206,
    "DISABLE_KEYGUARD":0.009284160478756104,
    "WRITE_SYNC_SETTINGS":0.007974679284191063,
    "READ_LOGS":0.006935966981492861,
    "SET_WALLPAPER":0.006347006397488725,
    "SEND_SMS":0.0016276728867023387,
    "NEARBY_WIFI_DEVICES":0.0016276728867023387,
    "REBOOT":0.001205456987520153
}