{
    "ACCESS_FINE_LOCATION":0.538843788684968,
    "ACCESS_COARSE_LOCATION":0.527239239772102,
    "READ_EXTERNAL_STORAGE":0.5117062440834751,
    "WRITE_EXTERNAL_STORAGE":0.5117062440834751,
    "ACCESS_NETWORK_STATE":0.5012554959334483,
    "READ_PHONE_STATE":0.4839070531250547,
    "WAKE_LOCK":0.4770457678487577,
    "READ_PRIVILEGED_PHONE_STATE":0.4682346973878149,
    "USE_FULL_SCREEN_INTENT":0.46548390579762894,
    "LOCAL_MAC_ADDRESS":0.4470946568604062,
    "USE_ICC_AUTH_WITH_DEVICE_IDENTIFIER":0.4458881252683621,
    "INTERACT_ACROSS_USERS":0.4216557982568694,
    "MANAGE_USERS":0.4216557982568694,
    "USE_FINGERPRINT":0.4044843803750918,
    "USE_BIOMETRIC":0.4044843803750918,
    "SCHEDULE_EXACT_ALARM":0.4036180881810123,
    "ACCESS_WIFI_STATE":0.40007256766495325,
    "VIBRATE":0.3500548651722917,
    "BLUETOOTH":0.34688097145253344,
    "BLUETOOTH_CONNECT":0.3349826364912403,
    "CHANGE_WIFI_STATE":0.3263787228593166,
    "SYSTEM_ALERT_WINDOW":0.2805958081501774,
    "FOREGROUND_SERVICE":0.2550401884248297,
    "DUMP":0.24103638678314315,
    "INTERNET":0.2305354187957785,
    "MEDIA_CONTENT_CONTROL":0.22038473417384596,
    "INSTALL_PACKAGES":0.2103759205923931,
    "REQUEST_INSTALL_PACKAGES":0.2046747135586027,
    "CAMERA":0.1992145617440345,
    "READ_BASIC_PHONE_STATE":0.19677764413721058,
    "BLUETOOTH_ADMIN":0.1965993637146609,
    "READ_SMS":0.194529050920404,
    "READ_PHONE_NUMBERS":0.194529050920404,
    "BLUETOOTH_SCAN":0.19350582173464337,
    "CHANGE_NETWORK_STATE":0.18926977845518755,
    "WRITE_SETTINGS":0.18029047153916264,
    "PACKAGE_USAGE_STATS":0.17834570833825064,
    "ACCESS_MEDIA_LOCATION":0.1288151382677671,
    "MODIFY_PHONE_STATE":0.11585088725897616,
    "MANAGE_ACCOUNTS":0.11083015902111491,
    "USE_CREDENTIALS":0.11083015902111491,
    "QUERY_ALL_PACKAGES":0.10669455541633499,
    "GET_ACCOUNTS":0.10170144808900963,
    "REORDER_TASKS":0.0954164354461656,
    "MODIFY_AUDIO_SETTINGS":0.09413708508998136,
    "READ_CALL_LOG":0.0941119751713124,
    "HIGH_SAMPLING_RATE_SENSORS":0.08991359676986006,
    "KILL_BACKGROUND_PROCESSES":0.07757960471966031,
    "MANAGE_EXTERNAL_STORAGE":0.045785425701006154,
    "SEND_SMS":0.04214323199807155,
    "DISABLE_KEYGUARD":0.03934222057054757,
    "AUTHENTICATE_ACCOUNTS":0.03634409628147214,
    "RECORD_AUDIO":0.03334220550459637,
    "REBOOT":0.0283955515268086,
    "WHITELIST_AUTO_REVOKE_PERMISSIONS":0.028270001933463733,
    "NFC":0.027210363365633053,
    "NEARBY_WIFI_DEVICES":0.020194652089521883,
    "BROADCAST_STICKY":0.01783557523057183,
    "BLUETOOTH_ADVERTISE":0.016956728077157757,
    "LOCK_DEVICE":0.01614944419195026,
    "WRITE_SYNC_SETTINGS":0.01613061175294853,
    "SET_WALLPAPER":0.012895198732451305,
    "PACKAGE_VERIFICATION_AGENT":0.010676737418047502,
    "READ_LOGS":0.008917787615285912,
    "ACCESS_BACKGROUND_LOCATION":0.0057012070337904164,
    "RECORD_BACKGROUND_AUDIO":0.0057012070337904164,
    "ACTIVITY_RECOGNITION":0.0057012070337904164,
    "BODY_SENSORS":0.0057012070337904164,
    "REQUEST_PASSWORD_COMPLEXITY":0.0057012070337904164,
    "BIND_VPN_SERVICE":0.0057012070337904164,
    "RESET_PASSWORD":0.0057012070337904164,
    "MASTER_CLEAR":0.0057012070337904164,
    "READ_SYNC_SETTINGS":0.005205286140078191,
    "READ_SYNC_STATS":0.0039234247920270976,
    "SUSPEND_APPS":0.0012818613480510934
}