{
    "ACCESS_FINE_LOCATION":0.31183702853800394,
    "ACCESS_COARSE_LOCATION":0.31183702853800394,
    "READ_EXTERNAL_STORAGE":0.3101272230283807,
    "WRITE_EXTERNAL_STORAGE":0.3101272230283807,
    "ACCESS_NETWORK_STATE":0.3101272230283807,
    "WAKE_LOCK":0.3059989426202771,
    "USE_FULL_SCREEN_INTENT":0.2943382377754532,
    "READ_PHONE_STATE":0.2851030382793959,
    "READ_PRIVILEGED_PHONE_STATE":0.2851030382793959,
    "USE_FINGERPRINT":0.28175795003318393,
    "USE_BIOMETRIC":0.28175795003318393,
    "INTERACT_ACROSS_USERS":0.28004673843350336,
    "MANAGE_USERS":0.28004673843350336,
    "SCHEDULE_EXACT_ALARM":0.28004673843350336,
    "LOCAL_MAC_ADDRESS":0.2606483200035998,
    "USE_ICC_AUTH_WITH_DEVICE_IDENTIFIER":0.25594635485213574,
    "ACCESS_WIFI_STATE":0.2314086772629615,
    "VIBRATE":0.2225264063712754,
    "BLUETOOTH":0.2094736723697681,
    "SYSTEM_ALERT_WINDOW":0.20766544055613692,
    "DUMP":0.2007348226639221,
    "BLUETOOTH_CONNECT":0.19907985466653183,
    "FOREGROUND_SERVICE":0.1946717623370343,
    "MEDIA_CONTENT_CONTROL":0.17369289868277496,
    "REQUEST_INSTALL_PACKAGES":0.1641132071226899,
    "INSTALL_PACKAGES":0.1641132071226899,
    "WRITE_SETTINGS":0.14108988852518037,
    "CHANGE_WIFI_STATE":0.1331370431613405,
    "PACKAGE_USAGE_STATS":0.11236065647532599,
    "INTERNET":0.09939510005736854,
    "REORDER_TASKS":0.09572942327810217,
    "ACCESS_MEDIA_LOCATION":0.08958902799806528,
    "CAMERA":0.08719305054050107,
    "READ_BASIC_PHONE_STATE":0.08446523582942446,
    "CHANGE_NETWORK_STATE":0.07229130811370212,
    "MANAGE_ACCOUNTS":0.06944678792787325,
    "USE_CREDENTIALS":0.06899824519960858,
    "GET_ACCOUNTS":0.055678354087222603,
    "KILL_BACKGROUND_PROCESSES":0.052565270700457856,
    "MODIFY_AUDIO_SETTINGS":0.048901000011248745,
    "READ_SMS":0.04867602560208779,
    "READ_PHONE_NUMBERS":0.04867602560208779,
    "HIGH_SAMPLING_RATE_SENSORS":0.04502300363333673,
    "BLUETOOTH_SCAN":0.04283934577441818,
    "BLUETOOTH_ADMIN":0.04283934577441818,
    "MANAGE_EXTERNAL_STORAGE":0.041970382119033985,
    "AUTHENTICATE_ACCOUNTS":0.040734428958705965,
    "READ_CALL_LOG":0.03622087987491424,
    "WHITELIST_AUTO_REVOKE_PERMISSIONS":0.029390094376764656,
    "WRITE_SYNC_SETTINGS":0.026928030686509424,
    "MODIFY_PHONE_STATE":0.022704136154512437,
    "QUERY_ALL_PACKAGES":0.022546654068099768,
    "SET_WALLPAPER":0.0206414020405179,
    "SEND_SMS":0.011676171835453723,
    "READ_SYNC_SETTINGS":0.011676171835453723,
    "NFC":0.010414909054095102,
    "DISABLE_KEYGUARD":0.008965230205064179,
    "ANSWER_PHONE_CALLS":0.005838085917726861,
    "RECORD_AUDIO":0.005838085917726861,
    "READ_SYNC_STATS":0.005838085917726861,
    "BROADCAST_STICKY":0.005838085917726861,
    "NEARBY_WIFI_DEVICES":0.0004485427282646601
}