{
    "ACCESS_FINE_LOCATION":0.588327883946707,
    "ACCESS_COARSE_LOCATION":0.5790685196202237,
    "WAKE_LOCK":0.578736206999963,
    "READ_EXTERNAL_STORAGE":0.5783585053388862,
    "WRITE_EXTERNAL_STORAGE":0.5783585053388862,
    "READ_PHONE_STATE":0.5783585053388862,
    "ACCESS_NETWORK_STATE":0.5783585053388862,
    "READ_PRIVILEGED_PHONE_STATE":0.5783585053388862,
    "LOCAL_MAC_ADDRESS":0.5756918991909404,
    "USE_ICC_AUTH_WITH_DEVICE_IDENTIFIER":0.5669415405364661,
    "USE_FULL_SCREEN_INTENT":0.5521657867136553,
    "ACCESS_WIFI_STATE":0.551000260986985,
    "SCHEDULE_EXACT_ALARM":0.535684701785897,
    "INTERACT_ACROSS_USERS":0.5296528224688724,
    "MANAGE_USERS":0.5296528224688724,
    "BLUETOOTH":0.5234345238770672,
    "BLUETOOTH_CONNECT":0.5167072196132532,
    "USE_FINGERPRINT":0.48109141190716664,
    "USE_BIOMETRIC":0.48109141190716664,
    "VIBRATE":0.4375941214707995,
    "FOREGROUND_SERVICE":0.41127334090898054,
    "DUMP":0.3805092974587001,
    "CHANGE_WIFI_STATE":0.3617555184157929,
    "MEDIA_CONTENT_CONTROL":0.34794590274749604,
    "PACKAGE_USAGE_STATS":0.3127807433752265,
    "INTERNET":0.3027740809124495,
    "SYSTEM_ALERT_WINDOW":0.2948423460298369,
    "CHANGE_NETWORK_STATE":0.2693774730948356,
    "READ_BASIC_PHONE_STATE":0.26933046301684754,
    "READ_SMS":0.25130452966416983,
    "READ_PHONE_NUMBERS":0.25130452966416983,
    "ACCESS_MEDIA_LOCATION":0.2351930412116281,
    "CAMERA":0.218872438963898,
    "REQUEST_INSTALL_PACKAGES":0.2151262220593981,
    "INSTALL_PACKAGES":0.2151262220593981,
    "BLUETOOTH_SCAN":0.2074652003845101,
    "BLUETOOTH_ADMIN":0.2074652003845101,
    "MODIFY_AUDIO_SETTINGS":0.183517618242504,
    "GET_ACCOUNTS":0.17967251807051193,
    "HIGH_SAMPLING_RATE_SENSORS":0.16682579848238505,
    "MANAGE_ACCOUNTS":0.16569755661067073,
    "USE_CREDENTIALS":0.16569755661067073,
    "WRITE_SETTINGS":0.15458534679658745,
    "READ_CALL_LOG":0.13124727463125466,
    "REORDER_TASKS":0.1154567515387696,
    "QUERY_ALL_PACKAGES":0.07433590159655956,
    "AUTHENTICATE_ACCOUNTS":0.05687733125408303,
    "KILL_BACKGROUND_PROCESSES":0.056604997009186454,
    "MODIFY_PHONE_STATE":0.05537462979563588,
    "SEND_SMS":0.054066452797829144,
    "RECORD_AUDIO":0.041967031345995824,
    "WRITE_SYNC_SETTINGS":0.04137697381538659,
    "DISABLE_KEYGUARD":0.030695959889056233,
    "SET_WALLPAPER":0.03044956223891172,
    "NFC":0.02325215719521666,
    "MANAGE_EXTERNAL_STORAGE":0.020979463080067904,
    "WHITELIST_AUTO_REVOKE_PERMISSIONS":0.015500357438696438,
    "REBOOT":0.013454608527628155,
    "BROADCAST_STICKY":0.011485048363644033,
    "LOCK_DEVICE":0.0026666061479455805,
    "NEARBY_WIFI_DEVICES":0.0026666061479455805
}