{
    "ACCESS_NETWORK_STATE":0.5218025530647565,
    "ACCESS_FINE_LOCATION":0.5047446403418269,
    "READ_EXTERNAL_STORAGE":0.5014412462335381,
    "WRITE_EXTERNAL_STORAGE":0.5014412462335381,
    "READ_PHONE_STATE":0.49560332527491574,
    "READ_PRIVILEGED_PHONE_STATE":0.49560332527491574,
    "USE_ICC_AUTH_WITH_DEVICE_IDENTIFIER":0.4737726614507281,
    "LOCAL_MAC_ADDRESS":0.4737726614507281,
    "ACCESS_COARSE_LOCATION":0.47200700185834926,
    "WAKE_LOCK":0.449331495750717,
    "USE_FULL_SCREEN_INTENT":0.4392070638539701,
    "INTERACT_ACROSS_USERS":0.42507874811392016,
    "MANAGE_USERS":0.42507874811392016,
    "SCHEDULE_EXACT_ALARM":0.4177365216506032,
    "ACCESS_WIFI_STATE":0.41719709896962687,
    "USE_FINGERPRINT":0.4058449106609677,
    "USE_BIOMETRIC":0.4058449106609677,
    "BLUETOOTH":0.4055075815477937,
    "BLUETOOTH_CONNECT":0.3991894984280768,
    "VIBRATE":0.38893135048646815,
    "CHANGE_WIFI_STATE":0.3420851497695679,
    "FOREGROUND_SERVICE":0.3011376500316817,
    "BLUETOOTH_SCAN":0.27482597920411606,
    "BLUETOOTH_ADMIN":0.27482597920411606,
    "DUMP":0.26658116943798243,
    "SYSTEM_ALERT_WINDOW":0.2574656858797376,
    "CAMERA":0.24570627143445414,
    "INTERNET":0.22621715789585656,
    "MEDIA_CONTENT_CONTROL":0.22384217859905092,
    "PACKAGE_USAGE_STATS":0.204904643745508,
    "REQUEST_INSTALL_PACKAGES":0.1948698623788389,
    "INSTALL_PACKAGES":0.1948698623788389,
    "CHANGE_NETWORK_STATE":0.19055903943255778,
    "READ_SMS":0.18298736839226212,
    "READ_PHONE_NUMBERS":0.18298736839226212,
    "READ_CALL_LOG":0.1677786877897498,
    "MODIFY_AUDIO_SETTINGS":0.16349977435417432,
    "READ_BASIC_PHONE_STATE":0.15820735407856734,
    "HIGH_SAMPLING_RATE_SENSORS":0.11965458714411399,
    "ACCESS_MEDIA_LOCATION":0.11184587402429072,
    "WRITE_SETTINGS":0.10805927875388804,
    "MANAGE_ACCOUNTS":0.09882983265740886,
    "USE_CREDENTIALS":0.09882983265740886,
    "GET_ACCOUNTS":0.09056678888515768,
    "KILL_BACKGROUND_PROCESSES":0.09039812432857071,
    "QUERY_ALL_PACKAGES":0.0801566908925698,
    "MODIFY_PHONE_STATE":0.07324448307352409,
    "REORDER_TASKS":0.06187709975976698,
    "DISABLE_KEYGUARD":0.049970293765033556,
    "MANAGE_EXTERNAL_STORAGE":0.03307952609818101,
    "SEND_SMS":0.03043863421216178,
    "NFC":0.026387645853055183,
    "BLUETOOTH_ADVERTISE":0.024029381061857348,
    "BLUETOOTH_PRIVILEGED":0.01447780085730219,
    "ANSWER_PHONE_CALLS":0.01378186962381726,
    "REBOOT":0.01378186962381726,
    "RECORD_AUDIO":0.013690699593229714,
    "WHITELIST_AUTO_REVOKE_PERMISSIONS":0.013157354914292575,
    "AUTHENTICATE_ACCOUNTS":0.010785414618506605,
    "READ_LOGS":0.010340200969137426,
    "READ_SYNC_SETTINGS":0.006318083119716887,
    "WRITE_SYNC_SETTINGS":0.006318083119716887,
    "PACKAGE_VERIFICATION_AGENT":0.006318083119716887,
    "NEARBY_WIFI_DEVICES":0.00548539684035064
}