{
    "READ_EXTERNAL_STORAGE":0.4801160324363401,
    "WRITE_EXTERNAL_STORAGE":0.4801160324363401,
    "ACCESS_NETWORK_STATE":0.47343689258588195,
    "ACCESS_FINE_LOCATION":0.47332322444683395,
    "ACCESS_COARSE_LOCATION":0.47332322444683395,
    "WAKE_LOCK":0.46387967545472936,
    "USE_FULL_SCREEN_INTENT":0.46387967545472936,
    "READ_PHONE_STATE":0.463681892892786,
    "SCHEDULE_EXACT_ALARM":0.4529857210083728,
    "READ_PRIVILEGED_PHONE_STATE":0.4501190105415832,
    "INTERACT_ACROSS_USERS":0.4434989781234299,
    "MANAGE_USERS":0.4434989781234299,
    "USE_ICC_AUTH_WITH_DEVICE_IDENTIFIER":0.4405617934104306,
    "LOCAL_MAC_ADDRESS":0.42170424914237387,
    "VIBRATE":0.4052200956176386,
    "USE_FINGERPRINT":0.3974770219856915,
    "USE_BIOMETRIC":0.3974770219856915,
    "ACCESS_WIFI_STATE":0.33602802601636367,
    "INTERNET":0.3151790159521866,
    "BLUETOOTH":0.30011798752833174,
    "BLUETOOTH_CONNECT":0.29067443853622715,
    "FOREGROUND_SERVICE":0.2869711305660446,
    "DUMP":0.2818492442205435,
    "MEDIA_CONTENT_CONTROL":0.28019423611600514,
    "CHANGE_WIFI_STATE":0.2656970016618282,
    "REORDER_TASKS":0.24132427928716446,
    "REQUEST_INSTALL_PACKAGES":0.20717382359159497,
    "INSTALL_PACKAGES":0.20717382359159497,
    "SYSTEM_ALERT_WINDOW":0.20178368043794065,
    "CAMERA":0.17502392714326961,
    "GET_ACCOUNTS":0.16624874680876706,
    "READ_BASIC_PHONE_STATE":0.16548717027714568,
    "PACKAGE_USAGE_STATS":0.1537770785924247,
    "BLUETOOTH_SCAN":0.1520720565067053,
    "BLUETOOTH_ADMIN":0.1520720565067053,
    "CHANGE_NETWORK_STATE":0.14192149168972237,
    "READ_SMS":0.137315658695499,
    "READ_PHONE_NUMBERS":0.137315658695499,
    "WRITE_SETTINGS":0.12107248162554533,
    "MANAGE_ACCOUNTS":0.11291565596746365,
    "ACCESS_MEDIA_LOCATION":0.11232685500719522,
    "READ_CALL_LOG":0.08384161936177613,
    "MODIFY_AUDIO_SETTINGS":0.07646001041200154,
    "QUERY_ALL_PACKAGES":0.07598033086521915,
    "USE_CREDENTIALS":0.06439072740788904,
    "HIGH_SAMPLING_RATE_SENSORS":0.03972701459726242,
    "SEND_SMS":0.03908137956747,
    "KILL_BACKGROUND_PROCESSES":0.03297058041225161,
    "MODIFY_PHONE_STATE":0.02613912525546914,
    "AUTHENTICATE_ACCOUNTS":0.02417039308715846,
    "MANAGE_EXTERNAL_STORAGE":0.013305992356954332,
    "BLUETOOTH_ADVERTISE":0.011916967697788246,
    "NFC":0.010893954446356595,
    "CALL_PHONE":0.0035555393894202247,
    "MANAGE_OWN_CALLS":0.0035555393894202247,
    "RECORD_AUDIO":0.0035555393894202247,
    "NEARBY_WIFI_DEVICES":0.0035555393894202247,
    "BLUETOOTH_PRIVILEGED":0.002473418705683634,
    "DISABLE_KEYGUARD":0.0024211313617215724,
    "SET_WALLPAPER":0.0009343521029742405
}