{
    "ACCESS_FINE_LOCATION":0.5911842434825764,
    "ACCESS_COARSE_LOCATION":0.5811245760192512,
    "READ_EXTERNAL_STORAGE":0.5657805108134112,
    "WRITE_EXTERNAL_STORAGE":0.5657805108134112,
    "ACCESS_NETWORK_STATE":0.5657805108134112,
    "READ_PHONE_STATE":0.5609209716269393,
    "WAKE_LOCK":0.550257372993041,
    "USE_FULL_SCREEN_INTENT":0.5460017649771421,
    "READ_PRIVILEGED_PHONE_STATE":0.5416337976736948,
    "SCHEDULE_EXACT_ALARM":0.5297108386918572,
    "INTERACT_ACROSS_USERS":0.5205816465785429,
    "MANAGE_USERS":0.5205816465785429,
    "LOCAL_MAC_ADDRESS":0.5132560551122308,
    "USE_ICC_AUTH_WITH_DEVICE_IDENTIFIER":0.5013354369488837,
    "USE_FINGERPRINT":0.4964840906271289,
    "USE_BIOMETRIC":0.4964840906271289,
    "FOREGROUND_SERVICE":0.47358035210591765,
    "DUMP":0.45568011310834966,
    "VIBRATE":0.44927212249035015,
    "ACCESS_WIFI_STATE":0.4246385191045903,
    "REQUEST_INSTALL_PACKAGES":0.40599507023625897,
    "INSTALL_PACKAGES":0.40599507023625897,
    "SYSTEM_ALERT_WINDOW":0.3960009456906704,
    "BLUETOOTH":0.3862444142218769,
    "BLUETOOTH_CONNECT":0.3862444142218769,
    "CHANGE_WIFI_STATE":0.35977443873024656,
    "REORDER_TASKS":0.3502426258365502,
    "INTERNET":0.34518411707837776,
    "READ_BASIC_PHONE_STATE":0.32861346298346705,
    "MEDIA_CONTENT_CONTROL":0.3147171940140591,
    "CHANGE_NETWORK_STATE":0.31212005589874575,
    "WRITE_SETTINGS":0.31011982649853365,
    "PACKAGE_USAGE_STATS":0.2737540408379195,
    "GET_ACCOUNTS":0.2445406260753136,
    "READ_SMS":0.2393369865707244,
    "READ_PHONE_NUMBERS":0.2393369865707244,
    "MANAGE_ACCOUNTS":0.2029583264084121,
    "CAMERA":0.17975613352965014,
    "USE_CREDENTIALS":0.17519621910997413,
    "ACCESS_MEDIA_LOCATION":0.17295020376824974,
    "READ_CALL_LOG":0.17043850552784298,
    "MODIFY_AUDIO_SETTINGS":0.16908317162178937,
    "BLUETOOTH_ADMIN":0.14000435392239258,
    "BLUETOOTH_SCAN":0.12062471763876965,
    "AUTHENTICATE_ACCOUNTS":0.11168981346017456,
    "MODIFY_PHONE_STATE":0.09766128824604818,
    "HIGH_SAMPLING_RATE_SENSORS":0.09561307206677892,
    "KILL_BACKGROUND_PROCESSES":0.07835772856336953,
    "SEND_SMS":0.063129533872814,
    "NFC":0.0622107626152561,
    "DISABLE_KEYGUARD":0.05872762470125307,
    "QUERY_ALL_PACKAGES":0.0581506129433218,
    "WRITE_SYNC_SETTINGS":0.049067066790574015,
    "SET_WALLPAPER":0.04749988881112172,
    "BROADCAST_STICKY":0.04110126146708461,
    "READ_LOGS":0.030193047300919255,
    "RECORD_AUDIO":0.026553074548046486,
    "REBOOT":0.02495078429123529,
    "READ_SYNC_SETTINGS":0.023897415970468246,
    "MANAGE_EXTERNAL_STORAGE":0.02354980442461513,
    "BLUETOOTH_ADVERTISE":0.021001823497604186,
    "NEARBY_WIFI_DEVICES":0.015090086399610497,
    "READ_SYNC_STATS":0.010386211642763014,
    "WHITELIST_AUTO_REVOKE_PERMISSIONS":0.0076181937776362936,
    "BLUETOOTH_PRIVILEGED":0.004859539186471945,
    "REQUEST_DELETE_PACKAGES":0.004859539186471945,
    "DELETE_PACKAGES":0.004859539186471945,
    "PACKAGE_VERIFICATION_AGENT":0.004859539186471945,
    "SET_WALLPAPER_HINTS":0.0017087974981331983
}