{
    "ACCESS_FINE_LOCATION":0.5209789368192104,
    "READ_EXTERNAL_STORAGE":0.5199351868465624,
    "WRITE_EXTERNAL_STORAGE":0.5199351868465624,
    "ACCESS_NETWORK_STATE":0.5187196667002185,
    "ACCESS_COARSE_LOCATION":0.5170719859257867,
    "READ_PHONE_STATE":0.5081399368936077,
    "WAKE_LOCK":0.505127941427465,
    "READ_PRIVILEGED_PHONE_STATE":0.49426046922797523,
    "USE_FULL_SCREEN_INTENT":0.49264014039202997,
    "INTERACT_ACROSS_USERS":0.4859203161446459,
    "MANAGE_USERS":0.4859203161446459,
    "SCHEDULE_EXACT_ALARM":0.4834509831380771,
    "USE_ICC_AUTH_WITH_DEVICE_IDENTIFIER":0.48092147586683776,
    "LOCAL_MAC_ADDRESS":0.4763394791315651,
    "ACCESS_WIFI_STATE":0.459270775438397,
    "USE_FINGERPRINT":0.459209507096187,
    "USE_BIOMETRIC":0.459209507096187,
    "BLUETOOTH":0.4476090029452568,
    "BLUETOOTH_CONNECT":0.4404701470002582,
    "VIBRATE":0.4160634652499094,
    "CHANGE_WIFI_STATE":0.3445512750379647,
    "FOREGROUND_SERVICE":0.34110055447849713,
    "SYSTEM_ALERT_WINDOW":0.33783254486812003,
    "DUMP":0.3361268779840967,
    "INTERNET":0.32270582880749943,
    "CAMERA":0.30809989365566337,
    "READ_BASIC_PHONE_STATE":0.27591322652219025,
    "CHANGE_NETWORK_STATE":0.2743093088493369,
    "PACKAGE_USAGE_STATS":0.2731025413233088,
    "MODIFY_AUDIO_SETTINGS":0.25748567852500853,
    "REQUEST_INSTALL_PACKAGES":0.24959190907778026,
    "INSTALL_PACKAGES":0.24959190907778026,
    "READ_CALL_LOG":0.23777915388419418,
    "WRITE_SETTINGS":0.23518400196058703,
    "MEDIA_CONTENT_CONTROL":0.23061294600070908,
    "BLUETOOTH_ADMIN":0.19891095521721822,
    "READ_SMS":0.17419683767828,
    "READ_PHONE_NUMBERS":0.17419683767828,
    "BLUETOOTH_SCAN":0.17285440453735842,
    "ACCESS_MEDIA_LOCATION":0.16855030349710945,
    "MODIFY_PHONE_STATE":0.1465199581624749,
    "HIGH_SAMPLING_RATE_SENSORS":0.13865682288635167,
    "REORDER_TASKS":0.1382487319641318,
    "KILL_BACKGROUND_PROCESSES":0.12930136584640028,
    "MANAGE_ACCOUNTS":0.10098007465985132,
    "USE_CREDENTIALS":0.09813766121232546,
    "GET_ACCOUNTS":0.0846400266079658,
    "RECORD_AUDIO":0.06083727565940055,
    "MANAGE_EXTERNAL_STORAGE":0.05870820076760482,
    "NFC":0.04820068007859854,
    "DISABLE_KEYGUARD":0.04752563423674964,
    "QUERY_ALL_PACKAGES":0.04608254596219745,
    "SEND_SMS":0.036790545419534984,
    "AUTHENTICATE_ACCOUNTS":0.03074139070384197,
    "NEARBY_WIFI_DEVICES":0.026634223620696455,
    "SET_WALLPAPER":0.02553795792615415,
    "BLUETOOTH_ADVERTISE":0.01007207782829985,
    "REBOOT":0.009269024914333731,
    "BROADCAST_STICKY":0.009083031732624957,
    "SUSPEND_APPS":0.006423329234189487,
    "PACKAGE_VERIFICATION_AGENT":0.006423329234189487,
    "WRITE_SYNC_SETTINGS":0.004552456641707113,
    "WHITELIST_AUTO_REVOKE_PERMISSIONS":0.004552456641707113
}