{
    "ACCESS_FINE_LOCATION":0.5040193373239281,
    "ACCESS_NETWORK_STATE":0.5015660117047556,
    "READ_PHONE_STATE":0.4978443000511807,
    "ACCESS_COARSE_LOCATION":0.4977386012149805,
    "READ_EXTERNAL_STORAGE":0.4939909284437425,
    "WRITE_EXTERNAL_STORAGE":0.4939909284437425,
    "READ_PRIVILEGED_PHONE_STATE":0.4901375568363042,
    "LOCAL_MAC_ADDRESS":0.48081380686411973,
    "USE_ICC_AUTH_WITH_DEVICE_IDENTIFIER":0.48051803555931394,
    "USE_FULL_SCREEN_INTENT":0.47930249894301186,
    "WAKE_LOCK":0.4753628993376208,
    "SCHEDULE_EXACT_ALARM":0.45844830399727055,
    "INTERACT_ACROSS_USERS":0.4448418967934313,
    "MANAGE_USERS":0.4448418967934313,
    "ACCESS_WIFI_STATE":0.4336304026940225,
    "USE_FINGERPRINT":0.42831949976635003,
    "USE_BIOMETRIC":0.42831949976635003,
    "FOREGROUND_SERVICE":0.4010649621338558,
    "BLUETOOTH":0.3727942321814016,
    "BLUETOOTH_CONNECT":0.3727942321814016,
    "DUMP":0.3714173657624784,
    "VIBRATE":0.33836051833225783,
    "SYSTEM_ALERT_WINDOW":0.2590372504951158,
    "REQUEST_INSTALL_PACKAGES":0.255256199144025,
    "INSTALL_PACKAGES":0.255256199144025,
    "MEDIA_CONTENT_CONTROL":0.2327924149031652,
    "INTERNET":0.2131852807880313,
    "GET_ACCOUNTS":0.20993272361794146,
    "CHANGE_WIFI_STATE":0.20397464711423643,
    "READ_SMS":0.2033042939688616,
    "READ_PHONE_NUMBERS":0.2033042939688616,
    "REORDER_TASKS":0.20145456433535844,
    "MANAGE_ACCOUNTS":0.20108925432252622,
    "USE_CREDENTIALS":0.2002334646224142,
    "READ_BASIC_PHONE_STATE":0.19607041396856487,
    "PACKAGE_USAGE_STATS":0.18972292069991178,
    "WRITE_SETTINGS":0.18967748874400123,
    "CHANGE_NETWORK_STATE":0.17440864282694327,
    "HIGH_SAMPLING_RATE_SENSORS":0.1530630410111485,
    "READ_CALL_LOG":0.13899396960323998,
    "CAMERA":0.12396340965901925,
    "ACCESS_MEDIA_LOCATION":0.12220268957178994,
    "MODIFY_AUDIO_SETTINGS":0.12174373409881548,
    "BLUETOOTH_ADMIN":0.12036408613157097,
    "BLUETOOTH_SCAN":0.10786751670783361,
    "KILL_BACKGROUND_PROCESSES":0.08487060237210445,
    "MODIFY_PHONE_STATE":0.0754559884880987,
    "AUTHENTICATE_ACCOUNTS":0.05791183604441579,
    "SEND_SMS":0.05546221915633787,
    "BROADCAST_STICKY":0.04788528152977741,
    "SET_WALLPAPER":0.04491736947120914,
    "QUERY_ALL_PACKAGES":0.04305836800996909,
    "NFC":0.037242150470637995,
    "MANAGE_EXTERNAL_STORAGE":0.02929990283124533,
    "REBOOT":0.025517924297380905,
    "PACKAGE_VERIFICATION_AGENT":0.018462990572405566,
    "WRITE_SYNC_SETTINGS":0.015605413263905896,
    "BACKUP":0.015126059769910329,
    "WHITELIST_AUTO_REVOKE_PERMISSIONS":0.010733994970960642,
    "READ_SYNC_SETTINGS":0.01030192779842305,
    "READ_LOGS":0.010268549218570362,
    "SET_TIME":0.008818435360525753,
    "SET_TIME_ZONE":0.008818435360525753,
    "RECORD_AUDIO":0.007282093504528363,
    "READ_SYNC_STATS":0.006448556190984819,
    "NEARBY_WIFI_DEVICES":0.005654887736709764,
    "ANSWER_PHONE_CALLS":0.003853371607438233,
    "UPDATE_DEVICE_STATS":0.003853371607438233,
    "DISABLE_KEYGUARD":0.003023543024989431,
    "LOCK_DEVICE":0.0009160565804015818
}