{
    "ACCESS_FINE_LOCATION":0.545253155827538,
    "ACCESS_COARSE_LOCATION":0.5369755406125131,
    "READ_EXTERNAL_STORAGE":0.5208192313976452,
    "WRITE_EXTERNAL_STORAGE":0.5208192313976452,
    "READ_PHONE_STATE":0.5208192313976452,
    "ACCESS_NETWORK_STATE":0.5177116775698052,
    "READ_PRIVILEGED_PHONE_STATE":0.5164035130529986,
    "USE_ICC_AUTH_WITH_DEVICE_IDENTIFIER":0.4934676651013954,
    "LOCAL_MAC_ADDRESS":0.48590832026583364,
    "WAKE_LOCK":0.47184316454863484,
    "USE_FULL_SCREEN_INTENT":0.46465197306857353,
    "ACCESS_WIFI_STATE":0.44900386401879117,
    "SCHEDULE_EXACT_ALARM":0.41070106159725445,
    "INTERACT_ACROSS_USERS":0.41019392239284763,
    "MANAGE_USERS":0.41019392239284763,
    "BLUETOOTH":0.4053909534004844,
    "BLUETOOTH_CONNECT":0.3985053185958816,
    "USE_FINGERPRINT":0.39513358555905137,
    "USE_BIOMETRIC":0.39513358555905137,
    "CHANGE_WIFI_STATE":0.38779173766261815,
    "VIBRATE":0.3806801182334574,
    "DUMP":0.31106942714489055,
    "FOREGROUND_SERVICE":0.29421818868549043,
    "BLUETOOTH_ADMIN":0.28637556734872244,
    "BLUETOOTH_SCAN":0.2720695735574644,
    "SYSTEM_ALERT_WINDOW":0.2302061870982934,
    "READ_SMS":0.22346802582802638,
    "READ_PHONE_NUMBERS":0.22346802582802638,
    "REQUEST_INSTALL_PACKAGES":0.20014811011074277,
    "INSTALL_PACKAGES":0.20014811011074277,
    "PACKAGE_USAGE_STATS":0.1906875237389949,
    "INTERNET":0.189713561835971,
    "MEDIA_CONTENT_CONTROL":0.17639426147588091,
    "CAMERA":0.1760070108281645,
    "WRITE_SETTINGS":0.17103004428449844,
    "READ_BASIC_PHONE_STATE":0.1551474629247288,
    "MODIFY_AUDIO_SETTINGS":0.1534043045296653,
    "CHANGE_NETWORK_STATE":0.10842805943926088,
    "ACCESS_MEDIA_LOCATION":0.10162305764623733,
    "READ_CALL_LOG":0.0958259684979554,
    "GET_ACCOUNTS":0.09303033710964588,
    "QUERY_ALL_PACKAGES":0.08534898179603653,
    "NFC":0.08352519038939366,
    "KILL_BACKGROUND_PROCESSES":0.08043673385376979,
    "REORDER_TASKS":0.0775074214199472,
    "MANAGE_ACCOUNTS":0.07529001360151577,
    "USE_CREDENTIALS":0.07529001360151577,
    "HIGH_SAMPLING_RATE_SENSORS":0.07260260020243119,
    "SEND_SMS":0.05767806633550538,
    "MODIFY_PHONE_STATE":0.055823507069180905,
    "BLUETOOTH_ADVERTISE":0.053218848603032984,
    "MANAGE_EXTERNAL_STORAGE":0.02413685543986365,
    "REBOOT":0.019204449244702063,
    "DISABLE_KEYGUARD":0.017702128923697803,
    "SET_WALLPAPER":0.013247155033940113,
    "AUTHENTICATE_ACCOUNTS":0.009995310553800239,
    "WRITE_SYNC_SETTINGS":0.0093735875960965,
    "BROADCAST_STICKY":0.008831436689293407,
    "RECORD_AUDIO":0.007522211211808056,
    "NEARBY_WIFI_DEVICES":0.006228900144502834,
    "SUSPEND_APPS":0.0044157183446467034,
    "BLUETOOTH_PRIVILEGED":0.0044157183446467034,
    "READ_LOGS":0.0044157183446467034,
    "BACKUP":0.0044157183446467034,
    "PACKAGE_VERIFICATION_AGENT":0.0044157183446467034,
    "WHITELIST_AUTO_REVOKE_PERMISSIONS":0.0023542717459805467,
    "LOCK_DEVICE":0.0022078591723233517,
    "SET_TIME":0.001586136214619611
}