{
    "ACCESS_NETWORK_STATE":0.4979345206040386,
    "ACCESS_FINE_LOCATION":0.4889207375507765,
    "ACCESS_COARSE_LOCATION":0.4889207375507765,
    "READ_EXTERNAL_STORAGE":0.4862281300916516,
    "WRITE_EXTERNAL_STORAGE":0.4862281300916516,
    "USE_FULL_SCREEN_INTENT":0.4817685527535995,
    "READ_PHONE_STATE":0.48008588815614,
    "WAKE_LOCK":0.4746163679564225,
    "LOCAL_MAC_ADDRESS":0.4676654835251993,
    "READ_PRIVILEGED_PHONE_STATE":0.46665554066353393,
    "USE_FINGERPRINT":0.4618260523965925,
    "USE_BIOMETRIC":0.4618260523965925,
    "USE_ICC_AUTH_WITH_DEVICE_IDENTIFIER":0.45950335586635693,
    "INTERACT_ACROSS_USERS":0.4513773590424295,
    "MANAGE_USERS":0.4513773590424295,
    "SCHEDULE_EXACT_ALARM":0.441907639262862,
    "ACCESS_WIFI_STATE":0.41760363097685715,
    "VIBRATE":0.3847555404914825,
    "CHANGE_WIFI_STATE":0.3632748988766749,
    "BLUETOOTH":0.3419387806015266,
    "BLUETOOTH_CONNECT":0.3419387806015266,
    "SYSTEM_ALERT_WINDOW":0.29341334879503644,
    "INTERNET":0.2927595527346738,
    "REQUEST_INSTALL_PACKAGES":0.28382147238313804,
    "INSTALL_PACKAGES":0.28382147238313804,
    "DUMP":0.27057177906510577,
    "FOREGROUND_SERVICE":0.2658850936218751,
    "MEDIA_CONTENT_CONTROL":0.22895765982302746,
    "READ_SMS":0.2245841082823915,
    "READ_PHONE_NUMBERS":0.2245841082823915,
    "BLUETOOTH_SCAN":0.21796700394514282,
    "BLUETOOTH_ADMIN":0.21796700394514282,
    "WRITE_SETTINGS":0.21048275956993967,
    "CAMERA":0.19941123944248385,
    "PACKAGE_USAGE_STATS":0.1921644262681491,
    "READ_BASIC_PHONE_STATE":0.171224026661115,
    "CHANGE_NETWORK_STATE":0.1630120040397713,
    "MODIFY_AUDIO_SETTINGS":0.16134826511774342,
    "ACCESS_MEDIA_LOCATION":0.1458877088061167,
    "HIGH_SAMPLING_RATE_SENSORS":0.11908895239504419,
    "REORDER_TASKS":0.09886428742251221,
    "READ_CALL_LOG":0.07633929262707297,
    "NFC":0.07376368025243407,
    "MANAGE_ACCOUNTS":0.06913893338334295,
    "USE_CREDENTIALS":0.06913893338334295,
    "GET_ACCOUNTS":0.06247709563143792,
    "QUERY_ALL_PACKAGES":0.06084948754432476,
    "MANAGE_EXTERNAL_STORAGE":0.05155870142338282,
    "KILL_BACKGROUND_PROCESSES":0.05137460621691229,
    "MODIFY_PHONE_STATE":0.04743290417930526,
    "RECORD_AUDIO":0.038190292504916346,
    "SET_WALLPAPER":0.03641816107814409,
    "DISABLE_KEYGUARD":0.03179857575689796,
    "SEND_SMS":0.03101402048446286,
    "BROADCAST_STICKY":0.018578131209987237,
    "WHITELIST_AUTO_REVOKE_PERMISSIONS":0.015135378797393753,
    "BLUETOOTH_ADVERTISE":0.014304369594353945,
    "AUTHENTICATE_ACCOUNTS":0.012210501685245363,
    "WRITE_SYNC_SETTINGS":0.012210501685245363,
    "NEARBY_WIFI_DEVICES":0.010342021365367039,
    "REBOOT":0.009557466092931942,
    "SET_WALLPAPER_HINTS":0.007152184797176973,
    "NETWORK_SCAN":0.005058316888068391,
    "LOCK_DEVICE":0.0031898365681900668,
    "READ_LOGS":0.0020577370741938082
}