{
    "ACCESS_FINE_LOCATION":0.5443682031563302,
    "ACCESS_COARSE_LOCATION":0.5304383595574532,
    "ACCESS_NETWORK_STATE":0.5265121134203014,
    "READ_PHONE_STATE":0.5247502417966078,
    "READ_PRIVILEGED_PHONE_STATE":0.5247502417966078,
    "READ_EXTERNAL_STORAGE":0.5187200702979405,
    "WRITE_EXTERNAL_STORAGE":0.5187200702979405,
    "USE_ICC_AUTH_WITH_DEVICE_IDENTIFIER":0.5077197990139417,
    "LOCAL_MAC_ADDRESS":0.5054758085442664,
    "WAKE_LOCK":0.5049981128069637,
    "USE_FULL_SCREEN_INTENT":0.49720606968460296,
    "ACCESS_WIFI_STATE":0.4595285555896299,
    "INTERACT_ACROSS_USERS":0.4556716048217782,
    "MANAGE_USERS":0.4556716048217782,
    "SCHEDULE_EXACT_ALARM":0.4556716048217782,
    "USE_FINGERPRINT":0.4455235191432143,
    "USE_BIOMETRIC":0.4455235191432143,
    "BLUETOOTH":0.44005508244674585,
    "BLUETOOTH_CONNECT":0.4254691443938573,
    "VIBRATE":0.41299155481116273,
    "DUMP":0.376680781297917,
    "CHANGE_WIFI_STATE":0.35570492557382466,
    "FOREGROUND_SERVICE":0.29799220353376893,
    "SYSTEM_ALERT_WINDOW":0.27851578165176577,
    "INTERNET":0.27452171451487345,
    "BLUETOOTH_SCAN":0.2585985232714491,
    "BLUETOOTH_ADMIN":0.2585985232714491,
    "MEDIA_CONTENT_CONTROL":0.24610176688448016,
    "PACKAGE_USAGE_STATS":0.23891126654242648,
    "READ_BASIC_PHONE_STATE":0.22908606779740986,
    "REQUEST_INSTALL_PACKAGES":0.2227860866693402,
    "INSTALL_PACKAGES":0.2227860866693402,
    "READ_SMS":0.19467133353777924,
    "READ_PHONE_NUMBERS":0.19467133353777924,
    "CHANGE_NETWORK_STATE":0.18434927225118541,
    "READ_CALL_LOG":0.17772787855912814,
    "MODIFY_AUDIO_SETTINGS":0.1709796890849473,
    "CAMERA":0.1647150928263075,
    "ACCESS_MEDIA_LOCATION":0.14434962609987972,
    "WRITE_SETTINGS":0.13718271567077917,
    "KILL_BACKGROUND_PROCESSES":0.10555453987874784,
    "HIGH_SAMPLING_RATE_SENSORS":0.10506652355452807,
    "MODIFY_PHONE_STATE":0.08347880446321154,
    "GET_ACCOUNTS":0.07998454860701565,
    "REORDER_TASKS":0.07824479252671558,
    "SEND_SMS":0.06702926328701848,
    "DISABLE_KEYGUARD":0.06264743695595765,
    "QUERY_ALL_PACKAGES":0.05861945931919512,
    "MANAGE_EXTERNAL_STORAGE":0.05563091222193391,
    "MANAGE_ACCOUNTS":0.04822220518506287,
    "BLUETOOTH_ADVERTISE":0.03614416975301362,
    "USE_CREDENTIALS":0.0361264773182987,
    "REBOOT":0.03490275058385035,
    "NFC":0.032170743789955415,
    "NEARBY_WIFI_DEVICES":0.031331827510556486,
    "AUTHENTICATE_ACCOUNTS":0.023480809605812558,
    "BROADCAST_STICKY":0.021593616569554858,
    "SUSPEND_APPS":0.019150586209336892,
    "PACKAGE_VERIFICATION_AGENT":0.019150586209336892,
    "WHITELIST_AUTO_REVOKE_PERMISSIONS":0.01897218749262815,
    "WRITE_SYNC_SETTINGS":0.013941638555353731,
    "LOCK_DEVICE":0.013629072208723551,
    "READ_LOGS":0.011949765280366117,
    "RECORD_AUDIO":0.01086020617583921,
    "SET_WALLPAPER":0.010792385176098701,
    "ANSWER_PHONE_CALLS":0.0075974263404968035,
    "RUN_IN_BACKGROUND":0.006907421386615084,
    "USE_DATA_IN_BACKGROUND":0.006907421386615084,
    "REQUEST_COMPANION_RUN_IN_BACKGROUND":0.006907421386615084,
    "REQUEST_COMPANION_USE_DATA_IN_BACKGROUND":0.006907421386615084,
    "BLUETOOTH_PRIVILEGED":0.00470618763416763
}