{
    "ACCESS_FINE_LOCATION":0.4335196175741582,
    "ACCESS_COARSE_LOCATION":0.42223641648960025,
    "ACCESS_NETWORK_STATE":0.39659176190378637,
    "READ_EXTERNAL_STORAGE":0.3888784397561979,
    "WRITE_EXTERNAL_STORAGE":0.3888784397561979,
    "WAKE_LOCK":0.37759523867163997,
    "SCHEDULE_EXACT_ALARM":0.36986143208570676,
    "USE_FULL_SCREEN_INTENT":0.36986143208570676,
    "READ_PHONE_STATE":0.3651239401630934,
    "READ_PRIVILEGED_PHONE_STATE":0.3651239401630934,
    "LOCAL_MAC_ADDRESS":0.3644703003577328,
    "USE_ICC_AUTH_WITH_DEVICE_IDENTIFIER":0.3584273910460658,
    "INTERACT_ACROSS_USERS":0.33484607806805666,
    "MANAGE_USERS":0.3271122714821236,
    "VIBRATE":0.32015314910995113,
    "USE_FINGERPRINT":0.3065179620590957,
    "USE_BIOMETRIC":0.3065179620590957,
    "ACCESS_WIFI_STATE":0.302110083371664,
    "BLUETOOTH":0.2936369747836563,
    "BLUETOOTH_CONNECT":0.2936369747836563,
    "INTERNET":0.27777270839657126,
    "FOREGROUND_SERVICE":0.2705063194492293,
    "DUMP":0.25378170665166955,
    "CHANGE_WIFI_STATE":0.24481324710005525,
    "SYSTEM_ALERT_WINDOW":0.22356343564999906,
    "PACKAGE_USAGE_STATS":0.19258724042957723,
    "BLUETOOTH_SCAN":0.1826094567340728,
    "MEDIA_CONTENT_CONTROL":0.16732247906397288,
    "BLUETOOTH_ADMIN":0.16502077308270308,
    "READ_BASIC_PHONE_STATE":0.16078049434536384,
    "READ_SMS":0.14969655097924928,
    "READ_PHONE_NUMBERS":0.14969655097924928,
    "CHANGE_NETWORK_STATE":0.14712668507783153,
    "WRITE_SETTINGS":0.13301849372338184,
    "ACCESS_MEDIA_LOCATION":0.13251383165143674,
    "REQUEST_INSTALL_PACKAGES":0.12820651293406057,
    "INSTALL_PACKAGES":0.12820651293406057,
    "MODIFY_AUDIO_SETTINGS":0.12699979329339484,
    "REORDER_TASKS":0.12093081287838013,
    "READ_CALL_LOG":0.11330315292750553,
    "CAMERA":0.0918373237639969,
    "GET_ACCOUNTS":0.09160640827720284,
    "QUERY_ALL_PACKAGES":0.07945727411716724,
    "MANAGE_ACCOUNTS":0.0757179330084377,
    "USE_CREDENTIALS":0.0757179330084377,
    "NFC":0.07033983683213745,
    "KILL_BACKGROUND_PROCESSES":0.06401014538364558,
    "HIGH_SAMPLING_RATE_SENSORS":0.06203432819422225,
    "MODIFY_PHONE_STATE":0.050456896086168705,
    "MANAGE_EXTERNAL_STORAGE":0.04418865795271073,
    "RECORD_AUDIO":0.030462222040138317,
    "WHITELIST_AUTO_REVOKE_PERMISSIONS":0.028113960517176195,
    "AUTHENTICATE_ACCOUNTS":0.024078526163283313,
    "NEARBY_WIFI_DEVICES":0.016694817250876636,
    "SEND_SMS":0.01564266200862953,
    "REBOOT":0.01564266200862953,
    "BROADCAST_STICKY":0.015467613171866295,
    "DISABLE_KEYGUARD":0.00896101066494349,
    "CALL_PHONE":0.007733806585933148,
    "MANAGE_OWN_CALLS":0.007733806585933148,
    "BLUETOOTH_ADVERTISE":0.007733806585933148,
    "WRITE_SYNC_SETTINGS":0.007733806585933148,
    "LOCK_DEVICE":0.007527099980819115
}