{
    "ACCESS_FINE_LOCATION":0.5463785163487633,
    "ACCESS_COARSE_LOCATION":0.5357484245783712,
    "READ_EXTERNAL_STORAGE":0.49593427179514776,
    "WRITE_EXTERNAL_STORAGE":0.49593427179514776,
    "ACCESS_NETWORK_STATE":0.49593427179514776,
    "WAKE_LOCK":0.49593427179514776,
    "USE_FULL_SCREEN_INTENT":0.4794894070674221,
    "READ_PHONE_STATE":0.4734081130049486,
    "READ_PRIVILEGED_PHONE_STATE":0.46759334004761505,
    "SCHEDULE_EXACT_ALARM":0.45154825697759937,
    "INTERACT_ACROSS_USERS":0.43510339224987377,
    "MANAGE_USERS":0.43510339224987377,
    "LOCAL_MAC_ADDRESS":0.43298403692342385,
    "USE_FINGERPRINT":0.4244733004794817,
    "USE_BIOMETRIC":0.4244733004794817,
    "USE_ICC_AUTH_WITH_DEVICE_IDENTIFIER":0.4117238533826397,
    "ACCESS_WIFI_STATE":0.33755923047156294,
    "DUMP":0.30725783097949066,
    "CHANGE_WIFI_STATE":0.30364698254543027,
    "BLUETOOTH":0.2941726697982896,
    "BLUETOOTH_CONNECT":0.2941726697982896,
    "VIBRATE":0.289218965026793,
    "SYSTEM_ALERT_WINDOW":0.251362717285175,
    "MEDIA_CONTENT_CONTROL":0.22905182554143502,
    "FOREGROUND_SERVICE":0.21724545312431925,
    "CAMERA":0.18831509970195764,
    "INTERNET":0.17591161750121084,
    "BLUETOOTH_SCAN":0.16557623656823323,
    "BLUETOOTH_ADMIN":0.16557623656823323,
    "WRITE_SETTINGS":0.16089417830774475,
    "REQUEST_INSTALL_PACKAGES":0.15254745485158105,
    "INSTALL_PACKAGES":0.15254745485158105,
    "READ_BASIC_PHONE_STATE":0.1472759749162637,
    "HIGH_SAMPLING_RATE_SENSORS":0.14283737343450884,
    "PACKAGE_USAGE_STATS":0.13394479425339495,
    "CHANGE_NETWORK_STATE":0.1330914141763601,
    "ACCESS_MEDIA_LOCATION":0.12122353688882741,
    "READ_SMS":0.11562146827501903,
    "READ_PHONE_NUMBERS":0.11562146827501903,
    "MODIFY_AUDIO_SETTINGS":0.09813870885900779,
    "MODIFY_PHONE_STATE":0.09117071958135685,
    "KILL_BACKGROUND_PROCESSES":0.08969203998841659,
    "MANAGE_ACCOUNTS":0.08273686422543586,
    "USE_CREDENTIALS":0.08191936198947755,
    "READ_CALL_LOG":0.08006140236229958,
    "REORDER_TASKS":0.07227078544282226,
    "QUERY_ALL_PACKAGES":0.07218365354306494,
    "GET_ACCOUNTS":0.056615233218780515,
    "NFC":0.053862890267623066,
    "DISABLE_KEYGUARD":0.047707277820062385,
    "SEND_SMS":0.04501643973932186,
    "REBOOT":0.02250565716672689,
    "NEARBY_WIFI_DEVICES":0.014648409970964577,
    "AUTHENTICATE_ACCOUNTS":0.012593122217865628,
    "MANAGE_EXTERNAL_STORAGE":0.011775619981907319,
    "WHITELIST_AUTO_REVOKE_PERMISSIONS":0.004925515039222169,
    "SET_WALLPAPER":0.0038235527775855754,
    "WRITE_SYNC_SETTINGS":0.00081750223595831
}