{
    "ACCESS_FINE_LOCATION":0.5012145197351718,
    "ACCESS_COARSE_LOCATION":0.491126759691075,
    "READ_EXTERNAL_STORAGE":0.40771446089816266,
    "WRITE_EXTERNAL_STORAGE":0.40771446089816266,
    "READ_PHONE_STATE":0.4003480673590856,
    "READ_PRIVILEGED_PHONE_STATE":0.4003480673590856,
    "ACCESS_NETWORK_STATE":0.3937905278608724,
    "USE_ICC_AUTH_WITH_DEVICE_IDENTIFIER":0.35469302564674277,
    "USE_FULL_SCREEN_INTENT":0.35220205248261227,
    "WAKE_LOCK":0.3421229631556457,
    "LOCAL_MAC_ADDRESS":0.33682020029356585,
    "INTERACT_ACROSS_USERS":0.3350996822801511,
    "MANAGE_USERS":0.3350996822801511,
    "USE_FINGERPRINT":0.33039024420455476,
    "USE_BIOMETRIC":0.33039024420455476,
    "SCHEDULE_EXACT_ALARM":0.3257464558443732,
    "ACCESS_WIFI_STATE":0.3012430092343139,
    "VIBRATE":0.27770944426896577,
    "CHANGE_WIFI_STATE":0.2490514854796456,
    "BLUETOOTH":0.24094188761511934,
    "DUMP":0.24090720474659838,
    "BLUETOOTH_CONNECT":0.2265745093303111,
    "MEDIA_CONTENT_CONTROL":0.19061085202182554,
    "SYSTEM_ALERT_WINDOW":0.1900856542985081,
    "INTERNET":0.1815933062063755,
    "READ_BASIC_PHONE_STATE":0.177983810532444,
    "FOREGROUND_SERVICE":0.17136557601431915,
    "READ_SMS":0.15576819457089244,
    "READ_PHONE_NUMBERS":0.15576819457089244,
    "PACKAGE_USAGE_STATS":0.14819741984231685,
    "REQUEST_INSTALL_PACKAGES":0.14264072883570855,
    "INSTALL_PACKAGES":0.14264072883570855,
    "CHANGE_NETWORK_STATE":0.13331723057294864,
    "BLUETOOTH_SCAN":0.12962474374934202,
    "BLUETOOTH_ADMIN":0.12962474374934202,
    "CAMERA":0.11576150573196342,
    "WRITE_SETTINGS":0.10481782203972431,
    "KILL_BACKGROUND_PROCESSES":0.09257600812570067,
    "REORDER_TASKS":0.09038231669174983,
    "MODIFY_PHONE_STATE":0.08302954856530602,
    "GET_ACCOUNTS":0.08176981723366966,
    "HIGH_SAMPLING_RATE_SENSORS":0.078087239801069,
    "MODIFY_AUDIO_SETTINGS":0.07541789759883073,
    "MANAGE_ACCOUNTS":0.07447526677938603,
    "READ_CALL_LOG":0.06227804512488932,
    "USE_CREDENTIALS":0.062266897060007584,
    "ACCESS_MEDIA_LOCATION":0.056172621591324357,
    "NFC":0.04535032793890862,
    "SEND_SMS":0.043716517096796186,
    "AUTHENTICATE_ACCOUNTS":0.01909787381629228,
    "BROADCAST_STICKY":0.01761765853477268,
    "DISABLE_KEYGUARD":0.015454933947715582,
    "WRITE_SYNC_SETTINGS":0.010303289298477054,
    "BLUETOOTH_PRIVILEGED":0.010280993168713578,
    "REBOOT":0.0061537318147191645,
    "QUERY_ALL_PACKAGES":0.0053126722530858475,
    "MANAGE_EXTERNAL_STORAGE":0.005151644649238527,
    "SET_WALLPAPER":0.005151644649238527,
    "UPDATE_DEVICE_STATS":0.005151644649238527,
    "WHITELIST_AUTO_REVOKE_PERMISSIONS":0.0028179830673281197,
    "READ_LOGS":0.0010020871654806368
}