{
    "READ_EXTERNAL_STORAGE":0.38968402543107833,
    "WRITE_EXTERNAL_STORAGE":0.38968402543107833,
    "READ_PHONE_STATE":0.38968402543107833,
    "READ_PRIVILEGED_PHONE_STATE":0.38968402543107833,
    "ACCESS_NETWORK_STATE":0.3756915494895243,
    "ACCESS_FINE_LOCATION":0.3741723834757801,
    "ACCESS_COARSE_LOCATION":0.3741723834757801,
    "USE_ICC_AUTH_WITH_DEVICE_IDENTIFIER":0.3633677637756658,
    "LOCAL_MAC_ADDRESS":0.361773835654946,
    "USE_FULL_SCREEN_INTENT":0.35499141731011924,
    "WAKE_LOCK":0.344934418679761,
    "INTERACT_ACROSS_USERS":0.33439894256475894,
    "MANAGE_USERS":0.33439894256475894,
    "ACCESS_WIFI_STATE":0.33019432166845103,
    "USE_FINGERPRINT":0.330071711813011,
    "USE_BIOMETRIC":0.330071711813011,
    "BLUETOOTH":0.3214262217623522,
    "BLUETOOTH_CONNECT":0.3214262217623522,
    "SCHEDULE_EXACT_ALARM":0.3089379594131474,
    "CHANGE_WIFI_STATE":0.2592929298970675,
    "SYSTEM_ALERT_WINDOW":0.25146982302314036,
    "VIBRATE":0.2499087902294897,
    "INTERNET":0.2412005000089714,
    "DUMP":0.240034211140152,
    "FOREGROUND_SERVICE":0.21867318193508253,
    "REQUEST_INSTALL_PACKAGES":0.21123285704887046,
    "INSTALL_PACKAGES":0.21123285704887046,
    "MEDIA_CONTENT_CONTROL":0.20082597175786648,
    "CAMERA":0.18178555835331972,
    "READ_BASIC_PHONE_STATE":0.17604382853759334,
    "BLUETOOTH_SCAN":0.17406113746060034,
    "BLUETOOTH_ADMIN":0.17406113746060034,
    "WRITE_SETTINGS":0.16523920883747914,
    "PACKAGE_USAGE_STATS":0.16072357757615266,
    "ACCESS_MEDIA_LOCATION":0.15162951488364024,
    "READ_SMS":0.1510553419020676,
    "READ_PHONE_NUMBERS":0.1510553419020676,
    "QUERY_ALL_PACKAGES":0.06041077292056675,
    "CHANGE_NETWORK_STATE":0.058978330950914176,
    "MODIFY_AUDIO_SETTINGS":0.055910094080635415,
    "KILL_BACKGROUND_PROCESSES":0.055910094080635415,
    "REORDER_TASKS":0.05411580351322092,
    "MANAGE_ACCOUNTS":0.052773076071939075,
    "USE_CREDENTIALS":0.052773076071939075,
    "READ_CALL_LOG":0.043511546259801304,
    "GET_ACCOUNTS":0.04270710598874381,
    "HIGH_SAMPLING_RATE_SENSORS":0.041196911427836616,
    "MANAGE_EXTERNAL_STORAGE":0.033358852132514334,
    "MODIFY_PHONE_STATE":0.0311129984389672,
    "SEND_SMS":0.02479709564166821,
    "NFC":0.02479709564166821,
    "REBOOT":0.02479709564166821,
    "RECORD_AUDIO":0.012398547820834105,
    "BLUETOOTH_ADVERTISE":0.012398547820834105,
    "SET_WALLPAPER":0.012398547820834105,
    "READ_LOGS":0.00678241834482676
}