{
    "ACCESS_FINE_LOCATION":0.4832034652416482,
    "READ_EXTERNAL_STORAGE":0.4734409943736899,
    "WRITE_EXTERNAL_STORAGE":0.4734409943736899,
    "READ_PHONE_STATE":0.4734409943736899,
    "ACCESS_NETWORK_STATE":0.4734409943736899,
    "ACCESS_COARSE_LOCATION":0.46095247063254724,
    "READ_PRIVILEGED_PHONE_STATE":0.45169613220650134,
    "USE_FULL_SCREEN_INTENT":0.43618493844016987,
    "LOCAL_MAC_ADDRESS":0.4301537230160779,
    "SCHEDULE_EXACT_ALARM":0.4244050001177046,
    "USE_ICC_AUTH_WITH_DEVICE_IDENTIFIER":0.41721085712940453,
    "WAKE_LOCK":0.41665999670425324,
    "INTERACT_ACROSS_USERS":0.41665999670425324,
    "MANAGE_USERS":0.41665999670425324,
    "ACCESS_WIFI_STATE":0.363610254478683,
    "VIBRATE":0.363610254478683,
    "FOREGROUND_SERVICE":0.34630523317403844,
    "DUMP":0.3358977377056894,
    "BLUETOOTH":0.3298053155676918,
    "BLUETOOTH_CONNECT":0.3298053155676918,
    "SYSTEM_ALERT_WINDOW":0.31029214435368024,
    "CHANGE_WIFI_STATE":0.29075543209585875,
    "USE_FINGERPRINT":0.28960427505355546,
    "USE_BIOMETRIC":0.28960427505355546,
    "CAMERA":0.26758162856941037,
    "MODIFY_AUDIO_SETTINGS":0.2536147272770071,
    "READ_BASIC_PHONE_STATE":0.24185362178958983,
    "INTERNET":0.23856729207373023,
    "READ_CALL_LOG":0.22015113350125917,
    "CHANGE_NETWORK_STATE":0.20844888062336658,
    "MEDIA_CONTENT_CONTROL":0.1877892605758137,
    "HIGH_SAMPLING_RATE_SENSORS":0.18594128863673792,
    "READ_SMS":0.17327385296264014,
    "READ_PHONE_NUMBERS":0.17327385296264014,
    "REQUEST_INSTALL_PACKAGES":0.14551660820640766,
    "INSTALL_PACKAGES":0.14551660820640766,
    "PACKAGE_USAGE_STATS":0.14192659902540058,
    "MANAGE_ACCOUNTS":0.13937710398079034,
    "USE_CREDENTIALS":0.12349866993102461,
    "ACCESS_MEDIA_LOCATION":0.10229054356270142,
    "BLUETOOTH_ADMIN":0.10046846677181653,
    "BLUETOOTH_SCAN":0.09527060429859446,
    "MODIFY_PHONE_STATE":0.07866004378634138,
    "WRITE_SETTINGS":0.07625179500459041,
    "QUERY_ALL_PACKAGES":0.07077614821441174,
    "REORDER_TASKS":0.057567268532686657,
    "GET_ACCOUNTS":0.05140893147202139,
    "KILL_BACKGROUND_PROCESSES":0.04645824995880311,
    "SEND_SMS":0.04322606464370625,
    "NFC":0.041328656512629715,
    "BLUETOOTH_ADVERTISE":0.0129428658866734,
    "MANAGE_EXTERNAL_STORAGE":0.009762470867958273,
    "READ_LOGS":0.009762470867958273,
    "REBOOT":0.009762470867958273,
    "DISABLE_KEYGUARD":0.007695567221450589,
    "WRITE_SYNC_SETTINGS":0.00201746745450693
}