{
    "ACCESS_FINE_LOCATION":0.4258468533721271,
    "ACCESS_COARSE_LOCATION":0.4258468533721271,
    "READ_EXTERNAL_STORAGE":0.3222105494261977,
    "WRITE_EXTERNAL_STORAGE":0.3222105494261977,
    "ACCESS_NETWORK_STATE":0.3192025246069152,
    "WAKE_LOCK":0.30969831521884095,
    "USE_FULL_SCREEN_INTENT":0.30903761672511043,
    "READ_PHONE_STATE":0.3083502440685895,
    "READ_PRIVILEGED_PHONE_STATE":0.3083502440685895,
    "LOCAL_MAC_ADDRESS":0.3083502440685895,
    "INTERACT_ACROSS_USERS":0.2955907608907528,
    "MANAGE_USERS":0.2955907608907528,
    "SCHEDULE_EXACT_ALARM":0.2949998255920125,
    "USE_ICC_AUTH_WITH_DEVICE_IDENTIFIER":0.28778651641589537,
    "USE_FINGERPRINT":0.28301184127642015,
    "USE_BIOMETRIC":0.28301184127642015,
    "ACCESS_WIFI_STATE":0.25599706994581034,
    "DUMP":0.21286289685511625,
    "REQUEST_INSTALL_PACKAGES":0.2098764165519336,
    "INSTALL_PACKAGES":0.2098764165519336,
    "FOREGROUND_SERVICE":0.20634003812353421,
    "INTERNET":0.1983111151236348,
    "VIBRATE":0.193811389046768,
    "CHANGE_WIFI_STATE":0.18719004109872933,
    "SYSTEM_ALERT_WINDOW":0.18531361633936105,
    "BLUETOOTH":0.17918984412029637,
    "BLUETOOTH_CONNECT":0.174930185508543,
    "MEDIA_CONTENT_CONTROL":0.16959535295047024,
    "ACCESS_MEDIA_LOCATION":0.1388174728077429,
    "REORDER_TASKS":0.13866050561901502,
    "CAMERA":0.13430440964948104,
    "PACKAGE_USAGE_STATS":0.11708931535631553,
    "WRITE_SETTINGS":0.11585922607994455,
    "READ_BASIC_PHONE_STATE":0.10864283911581309,
    "MANAGE_ACCOUNTS":0.09968750192361756,
    "USE_CREDENTIALS":0.09968750192361756,
    "READ_SMS":0.09097018033785906,
    "READ_PHONE_NUMBERS":0.09097018033785906,
    "BLUETOOTH_SCAN":0.08609086040589871,
    "BLUETOOTH_ADMIN":0.08609086040589871,
    "MODIFY_AUDIO_SETTINGS":0.08401950907229318,
    "GET_ACCOUNTS":0.08390768277444127,
    "READ_CALL_LOG":0.08123821463672869,
    "CHANGE_NETWORK_STATE":0.07970137248826852,
    "HIGH_SAMPLING_RATE_SENSORS":0.06981551738642451,
    "MODIFY_PHONE_STATE":0.06633864285963442,
    "QUERY_ALL_PACKAGES":0.05896528870677504,
    "KILL_BACKGROUND_PROCESSES":0.05527809866567631,
    "MANAGE_EXTERNAL_STORAGE":0.03978246194315121,
    "SEND_SMS":0.031519627054167026,
    "REBOOT":0.022606352964833203,
    "SET_WALLPAPER":0.010830736022225736,
    "RECORD_AUDIO":0.010276734179656645,
    "WRITE_SYNC_SETTINGS":0.009604750463207098,
    "WHITELIST_AUTO_REVOKE_PERMISSIONS":0.008508032000787915,
    "NFC":0.006024257073269823,
    "BROADCAST_STICKY":0.0054692293013626405,
    "AUTHENTICATE_ACCOUNTS":0.004802375231603549,
    "SUSPEND_APPS":0.004802375231603549,
    "PACKAGE_VERIFICATION_AGENT":0.004802375231603549,
    "ANSWER_PHONE_CALLS":0.004259658611753457,
    "NEARBY_WIFI_DEVICES":0.004259658611753457
}