{
    "ACCESS_FINE_LOCATION":0.527068769754387,
    "ACCESS_COARSE_LOCATION":0.5183454532661738,
    "ACCESS_NETWORK_STATE":0.5016369152322105,
    "READ_EXTERNAL_STORAGE":0.49590322816515153,
    "WRITE_EXTERNAL_STORAGE":0.49590322816515153,
    "READ_PHONE_STATE":0.47397973894892564,
    "READ_PRIVILEGED_PHONE_STATE":0.47397973894892564,
    "WAKE_LOCK":0.4598386676213618,
    "USE_FULL_SCREEN_INTENT":0.45474512271000916,
    "USE_ICC_AUTH_WITH_DEVICE_IDENTIFIER":0.44797396387335714,
    "LOCAL_MAC_ADDRESS":0.4434764133828344,
    "SCHEDULE_EXACT_ALARM":0.44335086826178,
    "ACCESS_WIFI_STATE":0.4214356567458433,
    "INTERACT_ACROSS_USERS":0.4180845677453894,
    "MANAGE_USERS":0.4180845677453894,
    "USE_FINGERPRINT":0.41371670122606585,
    "USE_BIOMETRIC":0.41371670122606585,
    "CHANGE_WIFI_STATE":0.3885000669114111,
    "BLUETOOTH":0.37066990048824666,
    "VIBRATE":0.344428210954433,
    "BLUETOOTH_CONNECT":0.34046733136600016,
    "DUMP":0.31877147890773017,
    "FOREGROUND_SERVICE":0.31779746950702187,
    "SYSTEM_ALERT_WINDOW":0.30103374680446304,
    "MEDIA_CONTENT_CONTROL":0.27430919142043986,
    "INTERNET":0.22300814387746803,
    "WRITE_SETTINGS":0.21163458367996213,
    "BLUETOOTH_ADMIN":0.20819933805990026,
    "REORDER_TASKS":0.20064731616262377,
    "REQUEST_INSTALL_PACKAGES":0.1941893303202505,
    "INSTALL_PACKAGES":0.1941893303202505,
    "BLUETOOTH_SCAN":0.19350917927981257,
    "CAMERA":0.1920936925303413,
    "MODIFY_AUDIO_SETTINGS":0.17455738446744734,
    "READ_BASIC_PHONE_STATE":0.17406348168351873,
    "PACKAGE_USAGE_STATS":0.15742668371872937,
    "READ_SMS":0.15590772571564177,
    "READ_PHONE_NUMBERS":0.15590772571564177,
    "CHANGE_NETWORK_STATE":0.14041738924092118,
    "KILL_BACKGROUND_PROCESSES":0.12763524037751842,
    "MODIFY_PHONE_STATE":0.12417516165658865,
    "READ_CALL_LOG":0.10878967605219923,
    "GET_ACCOUNTS":0.09554121673916559,
    "ACCESS_MEDIA_LOCATION":0.08005225988115987,
    "MANAGE_ACCOUNTS":0.06619538959686225,
    "USE_CREDENTIALS":0.06619538959686225,
    "QUERY_ALL_PACKAGES":0.056464952906783474,
    "HIGH_SAMPLING_RATE_SENSORS":0.05060434110195508,
    "NFC":0.04936130644184436,
    "AUTHENTICATE_ACCOUNTS":0.04666967423110513,
    "NEARBY_WIFI_DEVICES":0.037111689630386906,
    "MANAGE_EXTERNAL_STORAGE":0.036025931275772985,
    "RECORD_AUDIO":0.034109643658798726,
    "WRITE_SYNC_SETTINGS":0.027382632557023022,
    "BLUETOOTH_ADVERTISE":0.019287041674082114,
    "SET_WALLPAPER":0.017554243080187472,
    "DISABLE_KEYGUARD":0.009489003764974021,
    "SEND_SMS":0.00765825238432259,
    "LOCK_DEVICE":0.005733687067059033,
    "REBOOT":0.0031358687929319493
}