{
    "READ_EXTERNAL_STORAGE":0.5399726931071203,
    "WRITE_EXTERNAL_STORAGE":0.5399726931071203,
    "ACCESS_NETWORK_STATE":0.5399726931071203,
    "ACCESS_FINE_LOCATION":0.5205294346722462,
    "ACCESS_COARSE_LOCATION":0.5205294346722462,
    "USE_FULL_SCREEN_INTENT":0.5205294346722462,
    "READ_PHONE_STATE":0.5205153589542674,
    "READ_PRIVILEGED_PHONE_STATE":0.5098811540211974,
    "WAKE_LOCK":0.49819361619270536,
    "INTERACT_ACROSS_USERS":0.4952212937461579,
    "MANAGE_USERS":0.4952212937461579,
    "SCHEDULE_EXACT_ALARM":0.4884649491162789,
    "USE_ICC_AUTH_WITH_DEVICE_IDENTIFIER":0.46810207710678253,
    "LOCAL_MAC_ADDRESS":0.4581177011537392,
    "VIBRATE":0.4356082821524583,
    "USE_FINGERPRINT":0.4021878357645221,
    "USE_BIOMETRIC":0.4021878357645221,
    "DUMP":0.3926796882697654,
    "ACCESS_WIFI_STATE":0.38769688410522957,
    "BLUETOOTH":0.3299348294257572,
    "BLUETOOTH_CONNECT":0.31672476810254585,
    "FOREGROUND_SERVICE":0.3015957172282092,
    "SYSTEM_ALERT_WINDOW":0.299981701566627,
    "CHANGE_WIFI_STATE":0.2786147616746347,
    "READ_BASIC_PHONE_STATE":0.25782492621977793,
    "QUERY_ALL_PACKAGES":0.24934899804347488,
    "REQUEST_INSTALL_PACKAGES":0.24186540798468528,
    "INSTALL_PACKAGES":0.24186540798468528,
    "INTERNET":0.22652287538766838,
    "CAMERA":0.22329015215851103,
    "REORDER_TASKS":0.22065095503746454,
    "MEDIA_CONTENT_CONTROL":0.21377731275776132,
    "GET_ACCOUNTS":0.2088156221701939,
    "READ_SMS":0.20499875664491163,
    "READ_PHONE_NUMBERS":0.20499875664491163,
    "ACCESS_MEDIA_LOCATION":0.19996434151445316,
    "WRITE_SETTINGS":0.19509414309374873,
    "BLUETOOTH_ADMIN":0.1877653859327272,
    "READ_CALL_LOG":0.1764485086776799,
    "BLUETOOTH_SCAN":0.16513397737562907,
    "CHANGE_NETWORK_STATE":0.11958260804286507,
    "PACKAGE_USAGE_STATS":0.11927059629433248,
    "MODIFY_PHONE_STATE":0.11791228950936723,
    "KILL_BACKGROUND_PROCESSES":0.11116298273847772,
    "MODIFY_AUDIO_SETTINGS":0.10218267466793021,
    "HIGH_SAMPLING_RATE_SENSORS":0.0970614592766018,
    "MANAGE_ACCOUNTS":0.08547948933295162,
    "USE_CREDENTIALS":0.08547948933295162,
    "AUTHENTICATE_ACCOUNTS":0.07391628701327331,
    "WRITE_SYNC_SETTINGS":0.06545678050794566,
    "RECORD_AUDIO":0.03734757170405329,
    "NFC":0.029371331516001707,
    "REBOOT":0.026248868077679163,
    "SET_WALLPAPER":0.023670665734541317,
    "LOCK_DEVICE":0.022335818479540914,
    "SEND_SMS":0.021261372007150437,
    "READ_LOGS":0.01945733415285289,
    "BLUETOOTH_ADVERTISE":0.01606039421394151,
    "DISABLE_KEYGUARD":0.01394199865811487,
    "MANAGE_EXTERNAL_STORAGE":0.013210061323211312,
    "SUSPEND_APPS":0.009728667076426445,
    "PACKAGE_VERIFICATION_AGENT":0.009728667076426445,
    "NEARBY_WIFI_DEVICES":0.00930404958406252,
    "MANAGE_OWN_CALLS":0.006331727137515064,
    "BROADCAST_STICKY":0.005672514345502566,
    "WHITELIST_AUTO_REVOKE_PERMISSIONS":0.005320621396029702
}