{
    "ACCESS_FINE_LOCATION":0.47417543748551816,
    "READ_EXTERNAL_STORAGE":0.46909068928345815,
    "WRITE_EXTERNAL_STORAGE":0.46909068928345815,
    "READ_PHONE_STATE":0.46909068928345815,
    "ACCESS_NETWORK_STATE":0.46909068928345815,
    "READ_PRIVILEGED_PHONE_STATE":0.46310643142210356,
    "ACCESS_COARSE_LOCATION":0.44988004139183674,
    "LOCAL_MAC_ADDRESS":0.43338375384810257,
    "WAKE_LOCK":0.42866600558703466,
    "USE_ICC_AUTH_WITH_DEVICE_IDENTIFIER":0.42286740651935845,
    "SCHEDULE_EXACT_ALARM":0.3969845557789541,
    "INTERACT_ACROSS_USERS":0.39348006614634257,
    "MANAGE_USERS":0.39348006614634257,
    "USE_FULL_SCREEN_INTENT":0.386757490756639,
    "ACCESS_WIFI_STATE":0.37340301055088876,
    "USE_FINGERPRINT":0.3554876565686515,
    "USE_BIOMETRIC":0.3554876565686515,
    "BLUETOOTH":0.3318902799705826,
    "CHANGE_WIFI_STATE":0.3166777726125936,
    "BLUETOOTH_CONNECT":0.3146974121466908,
    "VIBRATE":0.3141649024283884,
    "DUMP":0.2989754225176774,
    "SYSTEM_ALERT_WINDOW":0.25891773876224594,
    "FOREGROUND_SERVICE":0.24351381574875913,
    "INTERNET":0.21996969012252052,
    "BLUETOOTH_SCAN":0.21089831511046703,
    "BLUETOOTH_ADMIN":0.21089831511046703,
    "REQUEST_INSTALL_PACKAGES":0.20930798203283432,
    "INSTALL_PACKAGES":0.20930798203283432,
    "READ_BASIC_PHONE_STATE":0.19834259948217034,
    "CAMERA":0.17463584250953124,
    "MEDIA_CONTENT_CONTROL":0.17009511774941244,
    "WRITE_SETTINGS":0.1602767899162809,
    "READ_SMS":0.15918442538603358,
    "READ_PHONE_NUMBERS":0.15918442538603358,
    "PACKAGE_USAGE_STATS":0.1513997089906351,
    "CHANGE_NETWORK_STATE":0.14658841172500048,
    "READ_CALL_LOG":0.14063149895728844,
    "HIGH_SAMPLING_RATE_SENSORS":0.12419278003174913,
    "REORDER_TASKS":0.11084261747236347,
    "MODIFY_AUDIO_SETTINGS":0.10495910469284984,
    "KILL_BACKGROUND_PROCESSES":0.10427835578269574,
    "GET_ACCOUNTS":0.08939111111750762,
    "MODIFY_PHONE_STATE":0.0888917033546673,
    "ACCESS_MEDIA_LOCATION":0.07818537958588014,
    "MANAGE_EXTERNAL_STORAGE":0.06845052624913107,
    "MANAGE_ACCOUNTS":0.06248641740414465,
    "QUERY_ALL_PACKAGES":0.05578111259989955,
    "USE_CREDENTIALS":0.05090505063879579,
    "SEND_SMS":0.04512228294112314,
    "NFC":0.039788550465370325,
    "RECORD_AUDIO":0.038337821286860106,
    "SET_WALLPAPER":0.032411132043700344,
    "DISABLE_KEYGUARD":0.028923912996547323,
    "REBOOT":0.013053684175682154,
    "WHITELIST_AUTO_REVOKE_PERMISSIONS":0.011653327538092435,
    "AUTHENTICATE_ACCOUNTS":0.009805374894037763,
    "BROADCAST_STICKY":0.0069600459397573195,
    "WRITE_SYNC_SETTINGS":0.006532598949660562,
    "BLUETOOTH_ADVERTISE":0.005048767815688312,
    "PACKAGE_VERIFICATION_AGENT":0.002252372186873492
}