{
    "ACCESS_FINE_LOCATION":0.5065674595668685,
    "ACCESS_COARSE_LOCATION":0.5065674595668685,
    "READ_EXTERNAL_STORAGE":0.47926426931661414,
    "WRITE_EXTERNAL_STORAGE":0.47926426931661414,
    "ACCESS_NETWORK_STATE":0.4735459901363669,
    "USE_FULL_SCREEN_INTENT":0.4735459901363669,
    "READ_PHONE_STATE":0.4710054176314938,
    "WAKE_LOCK":0.4652871384512466,
    "LOCAL_MAC_ADDRESS":0.4652871384512466,
    "INTERACT_ACROSS_USERS":0.4385434316444634,
    "MANAGE_USERS":0.4385434316444634,
    "READ_PRIVILEGED_PHONE_STATE":0.43457129830024577,
    "USE_ICC_AUTH_WITH_DEVICE_IDENTIFIER":0.43457129830024577,
    "SCHEDULE_EXACT_ALARM":0.4175080487965135,
    "ACCESS_WIFI_STATE":0.40588433227343435,
    "VIBRATE":0.3766239454931719,
    "USE_FINGERPRINT":0.3710271200141764,
    "USE_BIOMETRIC":0.3710271200141764,
    "DUMP":0.35206043217607214,
    "FOREGROUND_SERVICE":0.3151663816154936,
    "CHANGE_WIFI_STATE":0.2933943123829018,
    "BLUETOOTH":0.28620066938908795,
    "BLUETOOTH_CONNECT":0.28620066938908795,
    "REQUEST_INSTALL_PACKAGES":0.27100302837835427,
    "INSTALL_PACKAGES":0.27100302837835427,
    "SYSTEM_ALERT_WINDOW":0.2169840059412762,
    "MEDIA_CONTENT_CONTROL":0.19046528713845132,
    "INTERNET":0.18835278915438364,
    "BLUETOOTH_ADMIN":0.17612976830217686,
    "REORDER_TASKS":0.1731352377008218,
    "READ_BASIC_PHONE_STATE":0.16681168105859848,
    "PACKAGE_USAGE_STATS":0.1644184458306538,
    "WRITE_SETTINGS":0.16206104939979973,
    "BLUETOOTH_SCAN":0.15732833713954636,
    "CAMERA":0.14172452309511824,
    "ACCESS_MEDIA_LOCATION":0.13579519322089248,
    "MODIFY_AUDIO_SETTINGS":0.13241041794010547,
    "READ_SMS":0.13071803029971196,
    "READ_PHONE_NUMBERS":0.13071803029971196,
    "CHANGE_NETWORK_STATE":0.12102164464239853,
    "QUERY_ALL_PACKAGES":0.11354527336042486,
    "MODIFY_PHONE_STATE":0.10699871975852619,
    "READ_CALL_LOG":0.10546362461647513,
    "GET_ACCOUNTS":0.08818733337448162,
    "HIGH_SAMPLING_RATE_SENSORS":0.08245312583997183,
    "MANAGE_ACCOUNTS":0.08225203036740744,
    "USE_CREDENTIALS":0.07914401024193182,
    "MANAGE_EXTERNAL_STORAGE":0.05137292458521572,
    "SEND_SMS":0.03968748568936924,
    "PACKAGE_VERIFICATION_AGENT":0.026650127725490757,
    "DISABLE_KEYGUARD":0.025760130931072052,
    "KILL_BACKGROUND_PROCESSES":0.025736238399678257,
    "BLUETOOTH_ADVERTISE":0.020579433707185093,
    "BROADCAST_STICKY":0.016535622768786007,
    "READ_LOGS":0.014200127825042963,
    "AUTHENTICATE_ACCOUNTS":0.011337006146353707,
    "READ_SYNC_SETTINGS":0.008258851685120333,
    "WRITE_SYNC_SETTINGS":0.008258851685120333,
    "ANSWER_PHONE_CALLS":0.0030781544612333736,
    "NFC":0.0030781544612333736
}