{
    "READ_EXTERNAL_STORAGE":0.4461147581663961,
    "WRITE_EXTERNAL_STORAGE":0.4461147581663961,
    "ACCESS_NETWORK_STATE":0.4461147581663961,
    "ACCESS_FINE_LOCATION":0.4269423389279915,
    "ACCESS_COARSE_LOCATION":0.4152454430608195,
    "USE_FULL_SCREEN_INTENT":0.4152454430608195,
    "READ_PHONE_STATE":0.4127385625338388,
    "READ_PRIVILEGED_PHONE_STATE":0.4127385625338388,
    "WAKE_LOCK":0.40228805720989,
    "LOCAL_MAC_ADDRESS":0.39356614329543416,
    "USE_ICC_AUTH_WITH_DEVICE_IDENTIFIER":0.38186924742826217,
    "INTERACT_ACROSS_USERS":0.38186078776394167,
    "MANAGE_USERS":0.38186078776394167,
    "SCHEDULE_EXACT_ALARM":0.35223786320158823,
    "ACCESS_WIFI_STATE":0.34988607652048376,
    "USE_FINGERPRINT":0.33383245352824403,
    "USE_BIOMETRIC":0.33383245352824403,
    "BLUETOOTH":0.3294644468507491,
    "BLUETOOTH_CONNECT":0.3294644468507491,
    "DUMP":0.32707882151236245,
    "VIBRATE":0.3191239171629671,
    "FOREGROUND_SERVICE":0.2910547509474825,
    "SYSTEM_ALERT_WINDOW":0.28826870149792466,
    "MEDIA_CONTENT_CONTROL":0.24688684353004872,
    "CHANGE_WIFI_STATE":0.2378603817000542,
    "INTERNET":0.2350715123623895,
    "REQUEST_INSTALL_PACKAGES":0.20047430517957052,
    "INSTALL_PACKAGES":0.20047430517957052,
    "READ_SMS":0.1949839830355532,
    "READ_PHONE_NUMBERS":0.1949839830355532,
    "READ_BASIC_PHONE_STATE":0.1902719500090237,
    "PACKAGE_USAGE_STATS":0.1840851155026169,
    "ACCESS_MEDIA_LOCATION":0.1706793674426999,
    "CAMERA":0.16708964988269268,
    "MODIFY_AUDIO_SETTINGS":0.16396239397220722,
    "BLUETOOTH_ADMIN":0.1616726448294532,
    "BLUETOOTH_SCAN":0.1564558518317994,
    "WRITE_SETTINGS":0.14982065511640502,
    "REORDER_TASKS":0.14622529778018414,
    "CHANGE_NETWORK_STATE":0.1356845560368165,
    "QUERY_ALL_PACKAGES":0.1153334235697528,
    "HIGH_SAMPLING_RATE_SENSORS":0.1121695091138784,
    "USE_CREDENTIALS":0.11196365728207909,
    "GET_ACCOUNTS":0.10840777837935395,
    "READ_CALL_LOG":0.10819628677134097,
    "MANAGE_ACCOUNTS":0.1052551434759069,
    "SEND_SMS":0.06764347590687604,
    "MANAGE_EXTERNAL_STORAGE":0.06054581754195996,
    "KILL_BACKGROUND_PROCESSES":0.058171471756000744,
    "NFC":0.04143825573001265,
    "REBOOT":0.037902116044035386,
    "AUTHENTICATE_ACCOUNTS":0.03166452355170548,
    "BLUETOOTH_ADVERTISE":0.03026867893881972,
    "MODIFY_PHONE_STATE":0.01997890723696084,
    "WRITE_SYNC_SETTINGS":0.019967627684533484,
    "NEARBY_WIFI_DEVICES":0.01550656469951273,
    "RECORD_AUDIO":0.011696895867171994,
    "LOCK_DEVICE":0.011696895867171994,
    "PACKAGE_VERIFICATION_AGENT":0.011696895867171994,
    "MANAGE_OWN_CALLS":0.003809668832340734,
    "DISABLE_KEYGUARD":0.0033556668471395063,
    "SET_WALLPAPER":0.003065218372134995
}