{
    "ACCESS_FINE_LOCATION":0.5057427357397312,
    "READ_EXTERNAL_STORAGE":0.49659856646207967,
    "WRITE_EXTERNAL_STORAGE":0.49659856646207967,
    "ACCESS_NETWORK_STATE":0.49659856646207967,
    "ACCESS_COARSE_LOCATION":0.4856603287694749,
    "READ_PHONE_STATE":0.46690201296192946,
    "READ_PRIVILEGED_PHONE_STATE":0.46690201296192946,
    "WAKE_LOCK":0.4667904201897075,
    "LOCAL_MAC_ADDRESS":0.4601656723464525,
    "USE_ICC_AUTH_WITH_DEVICE_IDENTIFIER":0.44826602000085825,
    "USE_FULL_SCREEN_INTENT":0.44313060646379654,
    "SCHEDULE_EXACT_ALARM":0.4303489420146786,
    "INTERACT_ACROSS_USERS":0.4080454096742348,
    "MANAGE_USERS":0.4080454096742348,
    "USE_FINGERPRINT":0.3996630756684835,
    "USE_BIOMETRIC":0.3996630756684835,
    "ACCESS_WIFI_STATE":0.3447894759431734,
    "CHANGE_WIFI_STATE":0.3447894759431734,
    "VIBRATE":0.30675350873428037,
    "DUMP":0.2761620670415038,
    "FOREGROUND_SERVICE":0.25784797630799594,
    "INTERNET":0.25216747499892694,
    "BLUETOOTH":0.23962187218335543,
    "BLUETOOTH_CONNECT":0.23962187218335543,
    "REQUEST_INSTALL_PACKAGES":0.19165414824670582,
    "INSTALL_PACKAGES":0.19165414824670582,
    "SYSTEM_ALERT_WINDOW":0.18786643203570963,
    "CAMERA":0.177533370530924,
    "BLUETOOTH_SCAN":0.15770633932786807,
    "BLUETOOTH_ADMIN":0.15770633932786807,
    "MEDIA_CONTENT_CONTROL":0.15666123009571217,
    "WRITE_SETTINGS":0.15134125928151418,
    "READ_SMS":0.14404266277522634,
    "READ_PHONE_NUMBERS":0.14404266277522634,
    "QUERY_ALL_PACKAGES":0.1327546246620026,
    "PACKAGE_USAGE_STATS":0.12814927679299537,
    "CHANGE_NETWORK_STATE":0.11648997811064848,
    "KILL_BACKGROUND_PROCESSES":0.11618524400188844,
    "ACCESS_MEDIA_LOCATION":0.10722348598652297,
    "READ_BASIC_PHONE_STATE":0.10327052663204427,
    "MODIFY_AUDIO_SETTINGS":0.10252371346409712,
    "HIGH_SAMPLING_RATE_SENSORS":0.0953281256706296,
    "GET_ACCOUNTS":0.0910017597321773,
    "REORDER_TASKS":0.08487917936392117,
    "READ_CALL_LOG":0.07383578694364562,
    "MANAGE_ACCOUNTS":0.06249839048886216,
    "USE_CREDENTIALS":0.06249839048886216,
    "MANAGE_EXTERNAL_STORAGE":0.0592407399459204,
    "MODIFY_PHONE_STATE":0.046162925447444075,
    "SEND_SMS":0.031314648697368976,
    "DISABLE_KEYGUARD":0.020880724494613496,
    "BACKUP":0.018869908579767364,
    "BLUETOOTH_ADVERTISE":0.012586377097729511,
    "NEARBY_WIFI_DEVICES":0.012586377097729511,
    "READ_LOGS":0.009734323361517657,
    "RECORD_AUDIO":0.008910253658955316,
    "SET_TIME":0.0064037083136615275,
    "LOCK_DEVICE":0.0064037083136615275,
    "REBOOT":0.0064037083136615275
}