{
    "ACCESS_FINE_LOCATION":0.5832203886554043,
    "ACCESS_COARSE_LOCATION":0.5767297035467378,
    "READ_EXTERNAL_STORAGE":0.5307519876299056,
    "WRITE_EXTERNAL_STORAGE":0.5307519876299056,
    "READ_PHONE_STATE":0.5239069508708324,
    "ACCESS_NETWORK_STATE":0.5233954587989594,
    "READ_PRIVILEGED_PHONE_STATE":0.5195447327709272,
    "WAKE_LOCK":0.48692630978505475,
    "USE_ICC_AUTH_WITH_DEVICE_IDENTIFIER":0.4868744534459709,
    "LOCAL_MAC_ADDRESS":0.4855010461623552,
    "USE_FULL_SCREEN_INTENT":0.4828948722723362,
    "ACCESS_WIFI_STATE":0.47112191189607916,
    "SCHEDULE_EXACT_ALARM":0.4330397164558229,
    "USE_FINGERPRINT":0.42460284722729585,
    "USE_BIOMETRIC":0.4239656428182499,
    "CHANGE_WIFI_STATE":0.41456314569981245,
    "BLUETOOTH":0.4075648970298097,
    "INTERACT_ACROSS_USERS":0.4063462730613383,
    "MANAGE_USERS":0.4063462730613383,
    "BLUETOOTH_CONNECT":0.3931307636160205,
    "VIBRATE":0.386327369068636,
    "DUMP":0.33423924786308623,
    "FOREGROUND_SERVICE":0.2955559903107212,
    "MEDIA_CONTENT_CONTROL":0.2821731263165417,
    "SYSTEM_ALERT_WINDOW":0.26772249315849855,
    "READ_SMS":0.2472965954741983,
    "READ_PHONE_NUMBERS":0.2472965954741983,
    "INTERNET":0.22640084792971382,
    "INSTALL_PACKAGES":0.22520029510971115,
    "REQUEST_INSTALL_PACKAGES":0.2245630907006652,
    "PACKAGE_USAGE_STATS":0.19558953979070434,
    "BLUETOOTH_ADMIN":0.18096526646694083,
    "BLUETOOTH_SCAN":0.17989906870729183,
    "READ_BASIC_PHONE_STATE":0.1728843202930352,
    "QUERY_ALL_PACKAGES":0.15487759939720913,
    "CHANGE_NETWORK_STATE":0.1371631596853104,
    "MANAGE_ACCOUNTS":0.13379956896382375,
    "CAMERA":0.12827686885138978,
    "ACCESS_MEDIA_LOCATION":0.1213894041785208,
    "REORDER_TASKS":0.11953829001364755,
    "USE_CREDENTIALS":0.11795117175683764,
    "WRITE_SETTINGS":0.11023871987127044,
    "GET_ACCOUNTS":0.10917487921794343,
    "NFC":0.09997195043476816,
    "MODIFY_AUDIO_SETTINGS":0.09470460350721698,
    "HIGH_SAMPLING_RATE_SENSORS":0.09129308495718307,
    "READ_CALL_LOG":0.07085540174127294,
    "MODIFY_PHONE_STATE":0.04788540063343298,
    "KILL_BACKGROUND_PROCESSES":0.04787675791025233,
    "SEND_SMS":0.033536123047235585,
    "AUTHENTICATE_ACCOUNTS":0.03198278998104097,
    "MANAGE_EXTERNAL_STORAGE":0.029525899491414993,
    "BLUETOOTH_ADVERTISE":0.021085101752351388,
    "READ_LOGS":0.020881604906552498,
    "PACKAGE_VERIFICATION_AGENT":0.015830326058517502,
    "BROADCAST_STICKY":0.012861157794911307,
    "SET_WALLPAPER":0.011206469156870912,
    "READ_SYNC_SETTINGS":0.009675921451788914,
    "WRITE_SYNC_SETTINGS":0.009675921451788914,
    "NEARBY_WIFI_DEVICES":0.00916050086937937,
    "DISABLE_KEYGUARD":0.008430583611668294,
    "READ_SYNC_STATS":0.006332758985092867,
    "BACKUP":0.005608341642133112,
    "SUSPEND_APPS":0.0032740206812508655,
    "RECORD_AUDIO":0.0018369715269413304
}