{
    "ACCESS_FINE_LOCATION":0.4441967687216708,
    "ACCESS_COARSE_LOCATION":0.43956842134534657,
    "READ_EXTERNAL_STORAGE":0.43910792247156655,
    "WRITE_EXTERNAL_STORAGE":0.43910792247156655,
    "ACCESS_NETWORK_STATE":0.43910792247156655,
    "READ_PHONE_STATE":0.43376324351380685,
    "WAKE_LOCK":0.4217646895247631,
    "READ_PRIVILEGED_PHONE_STATE":0.41479936597981165,
    "USE_FULL_SCREEN_INTENT":0.4065548788965825,
    "SCHEDULE_EXACT_ALARM":0.39680097883818594,
    "INTERACT_ACROSS_USERS":0.3921770807263426,
    "MANAGE_USERS":0.3921770807263426,
    "LOCAL_MAC_ADDRESS":0.3884563833041353,
    "USE_FINGERPRINT":0.3821706849086512,
    "USE_BIOMETRIC":0.3821706849086512,
    "USE_ICC_AUTH_WITH_DEVICE_IDENTIFIER":0.36701204082200184,
    "VIBRATE":0.3034898918272575,
    "ACCESS_WIFI_STATE":0.29618197491727166,
    "FOREGROUND_SERVICE":0.2831422930396821,
    "DUMP":0.27254303272990205,
    "SYSTEM_ALERT_WINDOW":0.2623686771780542,
    "BLUETOOTH":0.2585656683629489,
    "BLUETOOTH_CONNECT":0.2539373209866245,
    "REQUEST_INSTALL_PACKAGES":0.22082033313867813,
    "INSTALL_PACKAGES":0.22082033313867813,
    "CHANGE_WIFI_STATE":0.21751564194544093,
    "INTERNET":0.20098662439865417,
    "MEDIA_CONTENT_CONTROL":0.1982870331748284,
    "WRITE_SETTINGS":0.16981174049664924,
    "REORDER_TASKS":0.16346486471455193,
    "ACCESS_MEDIA_LOCATION":0.15680654041878705,
    "PACKAGE_USAGE_STATS":0.14699479992213793,
    "CAMERA":0.1302611162092267,
    "READ_BASIC_PHONE_STATE":0.12853480159061212,
    "MANAGE_ACCOUNTS":0.1190200494980674,
    "USE_CREDENTIALS":0.1190200494980674,
    "GET_ACCOUNTS":0.11368760601763023,
    "BLUETOOTH_ADMIN":0.10800367064319685,
    "BLUETOOTH_SCAN":0.10387920246934183,
    "QUERY_ALL_PACKAGES":0.0972942910375129,
    "HIGH_SAMPLING_RATE_SENSORS":0.0961274714273797,
    "KILL_BACKGROUND_PROCESSES":0.09598843191234951,
    "READ_SMS":0.0930730513611969,
    "READ_PHONE_NUMBERS":0.0930730513611969,
    "MODIFY_AUDIO_SETTINGS":0.07508245043241293,
    "CHANGE_NETWORK_STATE":0.07218820388754488,
    "MODIFY_PHONE_STATE":0.07092127582658994,
    "DISABLE_KEYGUARD":0.04849587052640363,
    "READ_CALL_LOG":0.046045438113511875,
    "RECORD_AUDIO":0.045174494591362885,
    "SET_WALLPAPER":0.04233920080086763,
    "BLUETOOTH_ADVERTISE":0.025870248324573856,
    "MANAGE_EXTERNAL_STORAGE":0.019112927894107512,
    "ANSWER_PHONE_CALLS":0.015192013570256674,
    "WHITELIST_AUTO_REVOKE_PERMISSIONS":0.01488056505658909,
    "NEARBY_WIFI_DEVICES":0.013875031283890886,
    "SEND_SMS":0.013377825978142995,
    "LOCK_DEVICE":0.012594755429493065,
    "NFC":0.005619421039459417,
    "READ_LOGS":0.005404744028252832,
    "RESET_PASSWORD":0.005404744028252832,
    "AUTHENTICATE_ACCOUNTS":0.005017658018408834,
    "BROADCAST_STICKY":0.0023681210199938832,
    "REBOOT":0.002064458719167988,
    "PACKAGE_VERIFICATION_AGENT":0.0013281054475681995,
    "RUN_IN_BACKGROUND":0.0012802758543978203,
    "USE_DATA_IN_BACKGROUND":0.0012802758543978203,
    "REQUEST_COMPANION_RUN_IN_BACKGROUND":0.0012802758543978203,
    "REQUEST_COMPANION_USE_DATA_IN_BACKGROUND":0.0012802758543978203
}