{
    "ACCESS_FINE_LOCATION":0.39107581142677994,
    "ACCESS_COARSE_LOCATION":0.39107581142677994,
    "ACCESS_NETWORK_STATE":0.3875448132478853,
    "READ_EXTERNAL_STORAGE":0.3811269228571122,
    "WRITE_EXTERNAL_STORAGE":0.3811269228571122,
    "READ_PHONE_STATE":0.37658883333410587,
    "READ_PRIVILEGED_PHONE_STATE":0.3618176454142592,
    "WAKE_LOCK":0.3517204734565015,
    "LOCAL_MAC_ADDRESS":0.3447666004025278,
    "USE_ICC_AUTH_WITH_DEVICE_IDENTIFIER":0.3348269795446157,
    "USE_FULL_SCREEN_INTENT":0.334820801070112,
    "SCHEDULE_EXACT_ALARM":0.3220915989737556,
    "INTERACT_ACROSS_USERS":0.3208991533945313,
    "MANAGE_USERS":0.3208991533945313,
    "USE_FINGERPRINT":0.32010058556492127,
    "USE_BIOMETRIC":0.32010058556492127,
    "DUMP":0.27006575441490616,
    "ACCESS_WIFI_STATE":0.23560994672610347,
    "FOREGROUND_SERVICE":0.20323474032643965,
    "BLUETOOTH":0.1990920731716735,
    "VIBRATE":0.19127012444992258,
    "BLUETOOTH_CONNECT":0.17945688119874756,
    "MEDIA_CONTENT_CONTROL":0.17708743622655843,
    "INTERNET":0.1622158480960258,
    "CAMERA":0.15821528585484598,
    "REQUEST_INSTALL_PACKAGES":0.15424716060481083,
    "INSTALL_PACKAGES":0.15424716060481083,
    "PACKAGE_USAGE_STATS":0.1484702869438021,
    "CHANGE_WIFI_STATE":0.14705696090106868,
    "SYSTEM_ALERT_WINDOW":0.13962271145442828,
    "READ_BASIC_PHONE_STATE":0.12180399098560567,
    "ACCESS_MEDIA_LOCATION":0.112103786014714,
    "REORDER_TASKS":0.10991660604038556,
    "READ_SMS":0.09679352619441495,
    "READ_PHONE_NUMBERS":0.09679352619441495,
    "WRITE_SETTINGS":0.09445960745062237,
    "MODIFY_PHONE_STATE":0.09440554579871455,
    "KILL_BACKGROUND_PROCESSES":0.09427888707138762,
    "GET_ACCOUNTS":0.08927895657922578,
    "MANAGE_ACCOUNTS":0.08479647332675325,
    "USE_CREDENTIALS":0.08479647332675325,
    "HIGH_SAMPLING_RATE_SENSORS":0.08453234354171782,
    "BLUETOOTH_SCAN":0.0818323501835779,
    "MODIFY_AUDIO_SETTINGS":0.07827354886941637,
    "BLUETOOTH_ADMIN":0.07118529399498615,
    "QUERY_ALL_PACKAGES":0.06511030893917136,
    "CHANGE_NETWORK_STATE":0.04944169759765464,
    "READ_CALL_LOG":0.035024227343147835,
    "AUTHENTICATE_ACCOUNTS":0.027108056885214754,
    "SET_WALLPAPER":0.021423860341762312,
    "RECORD_AUDIO":0.020036792815669842,
    "MANAGE_EXTERNAL_STORAGE":0.019136280156747898,
    "DISABLE_KEYGUARD":0.01849062957110574,
    "SEND_SMS":0.010647056188591754,
    "RUN_IN_BACKGROUND":0.010647056188591754,
    "USE_DATA_IN_BACKGROUND":0.010647056188591754,
    "REQUEST_COMPANION_RUN_IN_BACKGROUND":0.010647056188591754,
    "REQUEST_COMPANION_USE_DATA_IN_BACKGROUND":0.010647056188591754,
    "NEARBY_WIFI_DEVICES":0.010647056188591754,
    "READ_LOGS":0.007361652371221282,
    "NFC":0.006417890390773065,
    "READ_SYNC_SETTINGS":0.006417890390773065,
    "WRITE_SYNC_SETTINGS":0.006417890390773065
}