{
    "ACCESS_FINE_LOCATION":0.45170004498249616,
    "ACCESS_COARSE_LOCATION":0.45170004498249616,
    "ACCESS_NETWORK_STATE":0.4349538440476426,
    "ACCESS_WIFI_STATE":0.4349538440476426,
    "READ_EXTERNAL_STORAGE":0.42778109170561907,
    "WRITE_EXTERNAL_STORAGE":0.42778109170561907,
    "READ_PHONE_STATE":0.42778109170561907,
    "READ_PRIVILEGED_PHONE_STATE":0.42778109170561907,
    "USE_ICC_AUTH_WITH_DEVICE_IDENTIFIER":0.4260820246034698,
    "WAKE_LOCK":0.42480833545207436,
    "USE_FULL_SCREEN_INTENT":0.42480833545207436,
    "SCHEDULE_EXACT_ALARM":0.4222071737302226,
    "LOCAL_MAC_ADDRESS":0.42053255363673725,
    "INTERACT_ACROSS_USERS":0.4150319766873327,
    "MANAGE_USERS":0.4150319766873327,
    "USE_FINGERPRINT":0.397713715749741,
    "USE_BIOMETRIC":0.397713715749741,
    "VIBRATE":0.34863145645498833,
    "CHANGE_WIFI_STATE":0.32892961217265476,
    "BLUETOOTH":0.31344243218399814,
    "DUMP":0.29240089182687623,
    "BLUETOOTH_CONNECT":0.2908582855801766,
    "FOREGROUND_SERVICE":0.28708611214331836,
    "SYSTEM_ALERT_WINDOW":0.274136531653987,
    "INTERNET":0.2674013807670495,
    "MEDIA_CONTENT_CONTROL":0.23672527429543738,
    "PACKAGE_USAGE_STATS":0.19807455359762197,
    "BLUETOOTH_SCAN":0.18603929123232493,
    "BLUETOOTH_ADMIN":0.18603929123232493,
    "READ_BASIC_PHONE_STATE":0.17800355948446164,
    "READ_SMS":0.17446607733077796,
    "READ_PHONE_NUMBERS":0.17446607733077796,
    "REQUEST_INSTALL_PACKAGES":0.1671466429367704,
    "INSTALL_PACKAGES":0.1671466429367704,
    "WRITE_SETTINGS":0.1653228960904345,
    "CAMERA":0.14999706635896043,
    "CHANGE_NETWORK_STATE":0.14579462556961542,
    "MODIFY_AUDIO_SETTINGS":0.12111292562242094,
    "READ_CALL_LOG":0.11871222937161417,
    "REORDER_TASKS":0.08807768281473087,
    "ACCESS_MEDIA_LOCATION":0.0824719837280711,
    "MANAGE_ACCOUNTS":0.07739189532768777,
    "MODIFY_PHONE_STATE":0.0752185562574564,
    "BROADCAST_STICKY":0.07515988343666274,
    "GET_ACCOUNTS":0.07204044513113382,
    "KILL_BACKGROUND_PROCESSES":0.07109679059670264,
    "HIGH_SAMPLING_RATE_SENSORS":0.07025336879779397,
    "USE_CREDENTIALS":0.06724638673211951,
    "NFC":0.05728178600066501,
    "SEND_SMS":0.04932917408225933,
    "DISABLE_KEYGUARD":0.04557900295319868,
    "AUTHENTICATE_ACCOUNTS":0.04245223054507054,
    "RECORD_AUDIO":0.037086112143318174,
    "SET_WALLPAPER":0.034670747687313014,
    "NEARBY_WIFI_DEVICES":0.02832674893899985,
    "REBOOT":0.027167960728325304,
    "WRITE_SYNC_SETTINGS":0.020291017191136507,
    "BLUETOOTH_ADVERTISE":0.01731826093759169,
    "QUERY_ALL_PACKAGES":0.011697893645733518,
    "MANAGE_OWN_CALLS":0.010145508595568254,
    "SUSPEND_APPS":0.010145508595568254,
    "READ_SYNC_SETTINGS":0.010145508595568254,
    "READ_LOGS":0.010145508595568254,
    "PACKAGE_VERIFICATION_AGENT":0.010145508595568254
}