{
    "ACCESS_FINE_LOCATION":0.5224207375408338,
    "ACCESS_COARSE_LOCATION":0.5171347870478803,
    "READ_EXTERNAL_STORAGE":0.5159208273148979,
    "WRITE_EXTERNAL_STORAGE":0.5159208273148979,
    "ACCESS_NETWORK_STATE":0.5159208273148979,
    "READ_PHONE_STATE":0.5046025956763739,
    "READ_PRIVILEGED_PHONE_STATE":0.5046025956763739,
    "LOCAL_MAC_ADDRESS":0.4844918653978599,
    "WAKE_LOCK":0.48243376147969097,
    "USE_FULL_SCREEN_INTENT":0.4785131807084916,
    "USE_ICC_AUTH_WITH_DEVICE_IDENTIFIER":0.46794395954539486,
    "ACCESS_WIFI_STATE":0.437746376209605,
    "SCHEDULE_EXACT_ALARM":0.43362748855045696,
    "INTERACT_ACROSS_USERS":0.42136059963715194,
    "MANAGE_USERS":0.42136059963715194,
    "USE_FINGERPRINT":0.3991421887184819,
    "USE_BIOMETRIC":0.3991421887184819,
    "VIBRATE":0.3747316827411371,
    "BLUETOOTH":0.3721201954126792,
    "BLUETOOTH_CONNECT":0.3604133894666884,
    "CHANGE_WIFI_STATE":0.3314552241805771,
    "DUMP":0.3012241430596609,
    "FOREGROUND_SERVICE":0.2734839572407472,
    "MEDIA_CONTENT_CONTROL":0.2536304899520044,
    "SYSTEM_ALERT_WINDOW":0.25230531757240204,
    "INTERNET":0.22554326707918063,
    "REQUEST_INSTALL_PACKAGES":0.21338625090109037,
    "INSTALL_PACKAGES":0.21338625090109037,
    "CAMERA":0.20298317875222083,
    "READ_SMS":0.18939781701633887,
    "READ_PHONE_NUMBERS":0.18939781701633887,
    "READ_BASIC_PHONE_STATE":0.1889060695306826,
    "BLUETOOTH_SCAN":0.18740670866842282,
    "BLUETOOTH_ADMIN":0.16926698806674903,
    "PACKAGE_USAGE_STATS":0.1593422642894851,
    "CHANGE_NETWORK_STATE":0.14553715708317363,
    "ACCESS_MEDIA_LOCATION":0.13876390493060595,
    "WRITE_SETTINGS":0.13744275228521885,
    "REORDER_TASKS":0.12620223550818818,
    "GET_ACCOUNTS":0.11999844570277009,
    "QUERY_ALL_PACKAGES":0.10374934009363301,
    "MODIFY_AUDIO_SETTINGS":0.1030204282892815,
    "MANAGE_ACCOUNTS":0.1017528721000967,
    "USE_CREDENTIALS":0.1017528721000967,
    "KILL_BACKGROUND_PROCESSES":0.1010507585238464,
    "HIGH_SAMPLING_RATE_SENSORS":0.10072382014101226,
    "MODIFY_PHONE_STATE":0.09581036501866497,
    "READ_CALL_LOG":0.08545418976897247,
    "SET_WALLPAPER":0.042034360688071294,
    "REBOOT":0.03719460069300217,
    "SEND_SMS":0.03709410733762283,
    "MANAGE_EXTERNAL_STORAGE":0.034305751703697346,
    "AUTHENTICATE_ACCOUNTS":0.02494781045077299,
    "NFC":0.017708269129245172,
    "WRITE_SYNC_SETTINGS":0.016908342020425605,
    "WHITELIST_AUTO_REVOKE_PERMISSIONS":0.014925273140939917,
    "RECORD_AUDIO":0.01269432065151852,
    "NEARBY_WIFI_DEVICES":0.011134663776031126,
    "DISABLE_KEYGUARD":0.009905965017593034,
    "BACKUP":0.00579913656109058,
    "SET_TIME":0.005584750736281317,
    "SET_TIME_ZONE":0.005584750736281317,
    "ANSWER_PHONE_CALLS":0.005567331888015563,
    "READ_SYNC_SETTINGS":0.005567331888015563,
    "READ_SYNC_STATS":0.005567331888015563,
    "BLUETOOTH_ADVERTISE":0.003936659708060102,
    "INTERACT_ACROSS_USERS_FULL":0.0037222738832508387,
    "INTERACT_ACROSS_PROFILES":0.0037222738832508387,
    "BROADCAST_STICKY":0.0002076862677839741
}