{
    "ACCESS_FINE_LOCATION":0.5577573970266272,
    "ACCESS_COARSE_LOCATION":0.5526291464438426,
    "READ_EXTERNAL_STORAGE":0.547237519041004,
    "WRITE_EXTERNAL_STORAGE":0.547237519041004,
    "ACCESS_NETWORK_STATE":0.547237519041004,
    "USE_FULL_SCREEN_INTENT":0.536849329465408,
    "LOCAL_MAC_ADDRESS":0.5367176410553809,
    "READ_PHONE_STATE":0.5352779321880659,
    "READ_PRIVILEGED_PHONE_STATE":0.5247580542024427,
    "USE_ICC_AUTH_WITH_DEVICE_IDENTIFIER":0.5194981152096312,
    "WAKE_LOCK":0.5192891864821843,
    "ACCESS_WIFI_STATE":0.5181723674663781,
    "INTERACT_ACROSS_USERS":0.5035220318508677,
    "MANAGE_USERS":0.5035220318508677,
    "SCHEDULE_EXACT_ALARM":0.5017277772642489,
    "VIBRATE":0.4764929856928139,
    "USE_FINGERPRINT":0.43473636360183004,
    "USE_BIOMETRIC":0.43473636360183004,
    "BLUETOOTH":0.4124063144592608,
    "BLUETOOTH_CONNECT":0.41190615174810025,
    "CHANGE_WIFI_STATE":0.40834929844265794,
    "INTERNET":0.3831676887291182,
    "DUMP":0.36682566353864476,
    "SYSTEM_ALERT_WINDOW":0.3598436453377871,
    "FOREGROUND_SERVICE":0.3591662097669747,
    "READ_BASIC_PHONE_STATE":0.28574105753390655,
    "REQUEST_INSTALL_PACKAGES":0.27335348334838033,
    "INSTALL_PACKAGES":0.27335348334838033,
    "PACKAGE_USAGE_STATS":0.2653280877450005,
    "MEDIA_CONTENT_CONTROL":0.26113811708365886,
    "CHANGE_NETWORK_STATE":0.24384261715520106,
    "READ_SMS":0.23430913601006903,
    "READ_PHONE_NUMBERS":0.23430913601006903,
    "CAMERA":0.22239766607617906,
    "ACCESS_MEDIA_LOCATION":0.2089743118964017,
    "WRITE_SETTINGS":0.2021353782179772,
    "MODIFY_AUDIO_SETTINGS":0.1995965776208209,
    "READ_CALL_LOG":0.18710137348479186,
    "BLUETOOTH_ADMIN":0.17170395938932026,
    "BLUETOOTH_SCAN":0.16582229915301555,
    "MODIFY_PHONE_STATE":0.12020239495633388,
    "GET_ACCOUNTS":0.11898174469415998,
    "MANAGE_ACCOUNTS":0.11749138643837298,
    "USE_CREDENTIALS":0.11551099534911988,
    "REORDER_TASKS":0.11312794162151481,
    "KILL_BACKGROUND_PROCESSES":0.10234468681583753,
    "HIGH_SAMPLING_RATE_SENSORS":0.09137149680339046,
    "SET_WALLPAPER":0.08035778728016581,
    "QUERY_ALL_PACKAGES":0.07094459843265466,
    "DISABLE_KEYGUARD":0.05686533467216549,
    "BROADCAST_STICKY":0.053345202173365254,
    "MANAGE_EXTERNAL_STORAGE":0.033660317343743466,
    "WHITELIST_AUTO_REVOKE_PERMISSIONS":0.031153172614382142,
    "SEND_SMS":0.031059471245709038,
    "AUTHENTICATE_ACCOUNTS":0.029452619396436557,
    "NFC":0.027702683024730827,
    "WRITE_SYNC_SETTINGS":0.024643459961025294,
    "PACKAGE_VERIFICATION_AGENT":0.022497192124526583,
    "REBOOT":0.021655146041180483,
    "SUSPEND_APPS":0.011959586852938232,
    "RUN_IN_BACKGROUND":0.011959586852938232,
    "USE_DATA_IN_BACKGROUND":0.011959586852938232,
    "REQUEST_COMPANION_RUN_IN_BACKGROUND":0.011959586852938232,
    "REQUEST_COMPANION_USE_DATA_IN_BACKGROUND":0.011959586852938232,
    "SET_WALLPAPER_HINTS":0.011482216366590142,
    "NETWORK_SCAN":0.008612928509654406,
    "READ_LOGS":0.008612928509654406,
    "RECORD_AUDIO":0.00724033008206467,
    "NEARBY_WIFI_DEVICES":0.00724033008206467,
    "BACKUP":0.005744906887430467,
    "BLUETOOTH_ADVERTISE":0.001980391089253086
}