{
    "ACCESS_FINE_LOCATION":0.5809661243874095,
    "ACCESS_COARSE_LOCATION":0.5722082933360275,
    "READ_EXTERNAL_STORAGE":0.5624684231799117,
    "WRITE_EXTERNAL_STORAGE":0.5624684231799117,
    "READ_PHONE_STATE":0.5624684231799117,
    "ACCESS_NETWORK_STATE":0.5624684231799117,
    "WAKE_LOCK":0.5624684231799117,
    "USE_FULL_SCREEN_INTENT":0.560864320719446,
    "READ_PRIVILEGED_PHONE_STATE":0.5548773556307783,
    "LOCAL_MAC_ADDRESS":0.5548773556307783,
    "USE_ICC_AUTH_WITH_DEVICE_IDENTIFIER":0.5366291113019751,
    "INTERACT_ACROSS_USERS":0.5322336179457381,
    "MANAGE_USERS":0.5322336179457381,
    "ACCESS_WIFI_STATE":0.5261219244177232,
    "SCHEDULE_EXACT_ALARM":0.5204759889860047,
    "USE_FINGERPRINT":0.5124381094326275,
    "USE_BIOMETRIC":0.5124381094326275,
    "FOREGROUND_SERVICE":0.46591755923811423,
    "CHANGE_WIFI_STATE":0.4240814303036425,
    "VIBRATE":0.4231499141110492,
    "DUMP":0.40645840701258,
    "BLUETOOTH":0.3998683246602333,
    "SYSTEM_ALERT_WINDOW":0.3930761506593238,
    "BLUETOOTH_CONNECT":0.39037791138281197,
    "REQUEST_INSTALL_PACKAGES":0.3838099328045267,
    "INSTALL_PACKAGES":0.3838099328045267,
    "MEDIA_CONTENT_CONTROL":0.3127210377406152,
    "REORDER_TASKS":0.3096075632799473,
    "PACKAGE_USAGE_STATS":0.27328316829182026,
    "READ_SMS":0.26608523215278124,
    "READ_PHONE_NUMBERS":0.26608523215278124,
    "WRITE_SETTINGS":0.2652184484413681,
    "INTERNET":0.2558038195321577,
    "READ_BASIC_PHONE_STATE":0.2521014373768503,
    "GET_ACCOUNTS":0.21474290153084416,
    "AUTHENTICATE_ACCOUNTS":0.20650924569292164,
    "ACCESS_MEDIA_LOCATION":0.19695883645733334,
    "MANAGE_ACCOUNTS":0.19439479866619505,
    "CHANGE_NETWORK_STATE":0.17225944778457025,
    "USE_CREDENTIALS":0.16659298741979484,
    "BLUETOOTH_ADMIN":0.15545426413378463,
    "WRITE_SYNC_SETTINGS":0.15099088061435853,
    "BLUETOOTH_SCAN":0.1404363284999747,
    "SET_WALLPAPER":0.14039369979285599,
    "CAMERA":0.12527471833476478,
    "READ_CALL_LOG":0.1059986485121002,
    "BROADCAST_STICKY":0.0959066968120042,
    "MODIFY_PHONE_STATE":0.0939773531046329,
    "KILL_BACKGROUND_PROCESSES":0.08622050725003787,
    "HIGH_SAMPLING_RATE_SENSORS":0.08148714191886018,
    "READ_SYNC_SETTINGS":0.07211198403475974,
    "MODIFY_AUDIO_SETTINGS":0.06848064972465011,
    "DISABLE_KEYGUARD":0.06448618198352951,
    "MANAGE_EXTERNAL_STORAGE":0.05566835497398068,
    "QUERY_ALL_PACKAGES":0.0513865381700601,
    "READ_SYNC_STATS":0.042155054817359656,
    "NFC":0.03648385792957105,
    "SEND_SMS":0.026830824028697006,
    "WHITELIST_AUTO_REVOKE_PERMISSIONS":0.015346334562724192,
    "LOCK_DEVICE":0.011673950386500273,
    "RECORD_AUDIO":0.009728818269085027,
    "REBOOT":0.007166359318951142,
    "BLUETOOTH_PRIVILEGED":0.006563242055272063,
    "SET_WALLPAPER_HINTS":0.006563242055272063,
    "PACKAGE_VERIFICATION_AGENT":0.006563242055272063,
    "BLUETOOTH_ADVERTISE":0.004641792552922749,
    "NEARBY_WIFI_DEVICES":0.002137750719951497
}