{
    "ACCESS_FINE_LOCATION":0.4647165522968661,
    "ACCESS_COARSE_LOCATION":0.45715867535002974,
    "READ_EXTERNAL_STORAGE":0.45403900228739585,
    "WRITE_EXTERNAL_STORAGE":0.45403900228739585,
    "ACCESS_NETWORK_STATE":0.45403900228739585,
    "READ_PHONE_STATE":0.4464811253405596,
    "WAKE_LOCK":0.4464811253405596,
    "USE_FULL_SCREEN_INTENT":0.4464811253405596,
    "READ_PRIVILEGED_PHONE_STATE":0.4319244722234363,
    "USE_ICC_AUTH_WITH_DEVICE_IDENTIFIER":0.4319244722234363,
    "LOCAL_MAC_ADDRESS":0.4319244722234363,
    "SCHEDULE_EXACT_ALARM":0.42436659527660003,
    "USE_FINGERPRINT":0.4159127001471509,
    "USE_BIOMETRIC":0.4159127001471509,
    "ACCESS_WIFI_STATE":0.41408059792823104,
    "INTERACT_ACROSS_USERS":0.4009808849454375,
    "MANAGE_USERS":0.4009808849454375,
    "CHANGE_WIFI_STATE":0.38982436586680647,
    "VIBRATE":0.37223727727027695,
    "BLUETOOTH":0.3304740883197109,
    "BLUETOOTH_CONNECT":0.3304740883197109,
    "MEDIA_CONTENT_CONTROL":0.30502134417296795,
    "SYSTEM_ALERT_WINDOW":0.2800694231974008,
    "DUMP":0.25778916619316117,
    "INTERNET":0.24531957981846528,
    "READ_BASIC_PHONE_STATE":0.22197211416582896,
    "PACKAGE_USAGE_STATS":0.21773970307560064,
    "FOREGROUND_SERVICE":0.2162281276862334,
    "REQUEST_INSTALL_PACKAGES":0.21215962236111724,
    "INSTALL_PACKAGES":0.21215962236111724,
    "CAMERA":0.20967918178242057,
    "BLUETOOTH_ADMIN":0.17610763873712434,
    "WRITE_SETTINGS":0.17051845214680136,
    "BLUETOOTH_SCAN":0.16873370048224723,
    "ACCESS_MEDIA_LOCATION":0.16802890569226517,
    "MODIFY_AUDIO_SETTINGS":0.16261455191806173,
    "READ_SMS":0.15311530224223094,
    "READ_PHONE_NUMBERS":0.15311530224223094,
    "CHANGE_NETWORK_STATE":0.15190422075556922,
    "MODIFY_PHONE_STATE":0.11208240453399776,
    "REORDER_TASKS":0.10175816250710262,
    "KILL_BACKGROUND_PROCESSES":0.0983780613954573,
    "READ_CALL_LOG":0.09693204831213488,
    "QUERY_ALL_PACKAGES":0.087205151740315,
    "GET_ACCOUNTS":0.08499788743680524,
    "HIGH_SAMPLING_RATE_SENSORS":0.07492678875824996,
    "MANAGE_ACCOUNTS":0.06592107755292337,
    "USE_CREDENTIALS":0.06592107755292337,
    "MANAGE_EXTERNAL_STORAGE":0.041537363229744904,
    "AUTHENTICATE_ACCOUNTS":0.032766583621079017,
    "NFC":0.03070683450617015,
    "SEND_SMS":0.02889294403892945,
    "REBOOT":0.02889294403892945,
    "WHITELIST_AUTO_REVOKE_PERMISSIONS":0.02464960589769367,
    "RECORD_AUDIO":0.024292655564782852,
    "BLUETOOTH_ADVERTISE":0.016011772076285388,
    "SET_WALLPAPER":0.007557876946836257,
    "READ_SYNC_SETTINGS":0.007557876946836257,
    "WRITE_SYNC_SETTINGS":0.007557876946836257,
    "READ_SYNC_STATS":0.007557876946836257,
    "BROADCAST_STICKY":0.007557876946836257,
    "READ_LOGS":0.0024604076518495864
}