{
    "ACCESS_FINE_LOCATION":0.4488307656316254,
    "ACCESS_COARSE_LOCATION":0.44448086286474603,
    "READ_EXTERNAL_STORAGE":0.43200139391842174,
    "WRITE_EXTERNAL_STORAGE":0.43200139391842174,
    "ACCESS_NETWORK_STATE":0.43200139391842174,
    "READ_PHONE_STATE":0.4240351014002545,
    "READ_PRIVILEGED_PHONE_STATE":0.4240351014002545,
    "USE_ICC_AUTH_WITH_DEVICE_IDENTIFIER":0.41113404523898883,
    "LOCAL_MAC_ADDRESS":0.41113404523898883,
    "WAKE_LOCK":0.4107611964303992,
    "USE_FULL_SCREEN_INTENT":0.41001549881321986,
    "SCHEDULE_EXACT_ALARM":0.3892748699903012,
    "INTERACT_ACROSS_USERS":0.36839777362959797,
    "MANAGE_USERS":0.36839777362959797,
    "ACCESS_WIFI_STATE":0.34808482432241433,
    "USE_FINGERPRINT":0.34715270230094025,
    "USE_BIOMETRIC":0.34715270230094025,
    "BLUETOOTH":0.3214456298707945,
    "VIBRATE":0.3153606398377986,
    "BLUETOOTH_CONNECT":0.3023353007403364,
    "FOREGROUND_SERVICE":0.28720811786896194,
    "CHANGE_WIFI_STATE":0.2581283477192862,
    "DUMP":0.2575654191259255,
    "MEDIA_CONTENT_CONTROL":0.23726343596017097,
    "PACKAGE_USAGE_STATS":0.22880975937848788,
    "SYSTEM_ALERT_WINDOW":0.2104402540245739,
    "READ_SMS":0.17771850646027576,
    "READ_PHONE_NUMBERS":0.17771850646027576,
    "CHANGE_NETWORK_STATE":0.1683388001579124,
    "READ_BASIC_PHONE_STATE":0.16785019763423772,
    "INTERNET":0.1644129215262919,
    "BLUETOOTH_ADMIN":0.15980104982527277,
    "REQUEST_INSTALL_PACKAGES":0.15767849222866104,
    "INSTALL_PACKAGES":0.15767849222866104,
    "CAMERA":0.14886415143997617,
    "BLUETOOTH_SCAN":0.1413620922423078,
    "WRITE_SETTINGS":0.13743012130989338,
    "ACCESS_MEDIA_LOCATION":0.128195411766426,
    "GET_ACCOUNTS":0.12213966477724111,
    "MODIFY_AUDIO_SETTINGS":0.10716357096555654,
    "MANAGE_ACCOUNTS":0.1048472782036973,
    "MODIFY_PHONE_STATE":0.10238598868294205,
    "HIGH_SAMPLING_RATE_SENSORS":0.09951285962851586,
    "USE_CREDENTIALS":0.09374101385632892,
    "REORDER_TASKS":0.09168547156845062,
    "KILL_BACKGROUND_PROCESSES":0.09122733054874572,
    "READ_CALL_LOG":0.07451493101078581,
    "MANAGE_EXTERNAL_STORAGE":0.0668885888769209,
    "SEND_SMS":0.05178943058919859,
    "BROADCAST_STICKY":0.043760996602933075,
    "QUERY_ALL_PACKAGES":0.04323827719481228,
    "NFC":0.03374403563752272,
    "SET_WALLPAPER":0.03128030919644989,
    "AUTHENTICATE_ACCOUNTS":0.03045297474863167,
    "DISABLE_KEYGUARD":0.024716464321049632,
    "WRITE_SYNC_SETTINGS":0.023623505558615244,
    "NEARBY_WIFI_DEVICES":0.01950511022190596,
    "RECORD_AUDIO":0.017349654201006932,
    "PACKAGE_VERIFICATION_AGENT":0.015584105430920618,
    "READ_LOGS":0.01475798944326118,
    "SUSPEND_APPS":0.012001832564078819,
    "BLUETOOTH_ADVERTISE":0.010718794016873236,
    "WHITELIST_AUTO_REVOKE_PERMISSIONS":0.010718794016873236,
    "REBOOT":0.00474590231848599
}