{
    "ACCESS_FINE_LOCATION":0.4904415912520673,
    "READ_EXTERNAL_STORAGE":0.4671960554588599,
    "WRITE_EXTERNAL_STORAGE":0.4671960554588599,
    "READ_PHONE_STATE":0.4671960554588599,
    "ACCESS_NETWORK_STATE":0.4671960554588599,
    "ACCESS_COARSE_LOCATION":0.455341860767855,
    "READ_PRIVILEGED_PHONE_STATE":0.45266116706603865,
    "LOCAL_MAC_ADDRESS":0.440551438622882,
    "WAKE_LOCK":0.43209632497464756,
    "USE_ICC_AUTH_WITH_DEVICE_IDENTIFIER":0.43010669739500224,
    "USE_FULL_SCREEN_INTENT":0.41931642310603684,
    "USE_FINGERPRINT":0.40845061368278784,
    "USE_BIOMETRIC":0.40845061368278784,
    "INTERACT_ACROSS_USERS":0.4026778008668862,
    "MANAGE_USERS":0.4026778008668862,
    "SCHEDULE_EXACT_ALARM":0.3998396083744357,
    "ACCESS_WIFI_STATE":0.36199811322877345,
    "BLUETOOTH":0.3043792699448914,
    "CHANGE_WIFI_STATE":0.30278821073338186,
    "BLUETOOTH_CONNECT":0.2996575204868962,
    "VIBRATE":0.28538780862932656,
    "MEDIA_CONTENT_CONTROL":0.267670801813486,
    "DUMP":0.26313226523439187,
    "INTERNET":0.23161804293288454,
    "SYSTEM_ALERT_WINDOW":0.23153286501550072,
    "FOREGROUND_SERVICE":0.21930581604462676,
    "REQUEST_INSTALL_PACKAGES":0.20321201105062936,
    "INSTALL_PACKAGES":0.20321201105062936,
    "READ_BASIC_PHONE_STATE":0.1838187671058954,
    "PACKAGE_USAGE_STATS":0.16749032105646325,
    "READ_SMS":0.14097748892285286,
    "READ_PHONE_NUMBERS":0.14097748892285286,
    "CAMERA":0.1318972015036313,
    "MANAGE_ACCOUNTS":0.13081720979642475,
    "USE_CREDENTIALS":0.13081720979642475,
    "READ_CALL_LOG":0.128049731046708,
    "CHANGE_NETWORK_STATE":0.1241427967606677,
    "BLUETOOTH_ADMIN":0.12332637445819611,
    "MODIFY_AUDIO_SETTINGS":0.12181245751148694,
    "BLUETOOTH_SCAN":0.12082085798269762,
    "GET_ACCOUNTS":0.11850980429971697,
    "WRITE_SETTINGS":0.11567161180726646,
    "REORDER_TASKS":0.10301063759688985,
    "HIGH_SAMPLING_RATE_SENSORS":0.09160965371158757,
    "KILL_BACKGROUND_PROCESSES":0.08242008141723198,
    "QUERY_ALL_PACKAGES":0.06674413035757046,
    "ACCESS_MEDIA_LOCATION":0.06674252322705379,
    "MODIFY_PHONE_STATE":0.06287255294289705,
    "SEND_SMS":0.043956626761615936,
    "MANAGE_EXTERNAL_STORAGE":0.03544687067581445,
    "REBOOT":0.02764425201735058,
    "NFC":0.023083215611022983,
    "AUTHENTICATE_ACCOUNTS":0.016958441211969263,
    "BROADCAST_STICKY":0.01684915633683527,
    "RECORD_AUDIO":0.014557388220054738,
    "SET_WALLPAPER":0.014285783162736428,
    "DISABLE_KEYGUARD":0.010627954106780964,
    "BLUETOOTH_ADVERTISE":0.009790639107592565,
    "BLUETOOTH_PRIVILEGED":0.008914752976003934,
    "PACKAGE_VERIFICATION_AGENT":0.006677627296790399,
    "SET_WALLPAPER_HINTS":0.0017132011307770315,
    "WRITE_SYNC_SETTINGS":0.0013033828490245521,
    "READ_LOGS":0.0012021336264739395,
    "NEARBY_WIFI_DEVICES":0.0008228508245383116
}