{
    "ACCESS_NETWORK_STATE":0.5931250382779855,
    "READ_EXTERNAL_STORAGE":0.583349429716908,
    "WRITE_EXTERNAL_STORAGE":0.583349429716908,
    "ACCESS_FINE_LOCATION":0.5809396833173941,
    "READ_PHONE_STATE":0.5611057979958827,
    "ACCESS_COARSE_LOCATION":0.5464353184492824,
    "WAKE_LOCK":0.53880092149833,
    "READ_PRIVILEGED_PHONE_STATE":0.5302619863094371,
    "USE_ICC_AUTH_WITH_DEVICE_IDENTIFIER":0.5180766313488456,
    "LOCAL_MAC_ADDRESS":0.4822979040153019,
    "USE_FULL_SCREEN_INTENT":0.4801590479735048,
    "SCHEDULE_EXACT_ALARM":0.409247019028281,
    "ACCESS_WIFI_STATE":0.396960374629587,
    "INTERACT_ACROSS_USERS":0.39151901179197524,
    "MANAGE_USERS":0.39151901179197524,
    "BLUETOOTH":0.37922765625662525,
    "BLUETOOTH_CONNECT":0.3694520476955477,
    "DUMP":0.3542091650452507,
    "CHANGE_WIFI_STATE":0.3412629615147249,
    "VIBRATE":0.3401440665589389,
    "USE_FINGERPRINT":0.31523628705897894,
    "USE_BIOMETRIC":0.31523628705897894,
    "FOREGROUND_SERVICE":0.27727159231707854,
    "BLUETOOTH_SCAN":0.20415946255353049,
    "BLUETOOTH_ADMIN":0.20415946255353049,
    "INTERNET":0.20379670503102298,
    "SYSTEM_ALERT_WINDOW":0.18060142370549756,
    "MEDIA_CONTENT_CONTROL":0.16362248719748626,
    "CHANGE_NETWORK_STATE":0.16216910153912847,
    "REQUEST_INSTALL_PACKAGES":0.15886188360665787,
    "INSTALL_PACKAGES":0.15886188360665787,
    "PACKAGE_USAGE_STATS":0.15125104233898523,
    "READ_BASIC_PHONE_STATE":0.13856630689286414,
    "WRITE_SETTINGS":0.13289880949576716,
    "CAMERA":0.13226045047888713,
    "ACCESS_MEDIA_LOCATION":0.12903332186956756,
    "READ_SMS":0.11159269396927403,
    "READ_PHONE_NUMBERS":0.11159269396927403,
    "MODIFY_AUDIO_SETTINGS":0.10316918162845157,
    "REORDER_TASKS":0.10013285405369762,
    "READ_CALL_LOG":0.08116581787687922,
    "MANAGE_EXTERNAL_STORAGE":0.07509080715904333,
    "QUERY_ALL_PACKAGES":0.06768725590423207,
    "GET_ACCOUNTS":0.06647649378365522,
    "MANAGE_ACCOUNTS":0.06643880469040771,
    "USE_CREDENTIALS":0.06643880469040771,
    "KILL_BACKGROUND_PROCESSES":0.0652421759797987,
    "MODIFY_PHONE_STATE":0.060078770204887375,
    "BLUETOOTH_ADVERTISE":0.04870844188577382,
    "HIGH_SAMPLING_RATE_SENSORS":0.04654838572902487,
    "SEND_SMS":0.02915722476361874,
    "RECORD_AUDIO":0.02835162039545283,
    "WHITELIST_AUTO_REVOKE_PERMISSIONS":0.021760740213791395,
    "SET_WALLPAPER":0.020458110928423718,
    "NEARBY_WIFI_DEVICES":0.013827186085186783,
    "NFC":0.009865120157540418,
    "AUTHENTICATE_ACCOUNTS":0.009775608561077538,
    "WRITE_SYNC_SETTINGS":0.009775608561077538,
    "DISABLE_KEYGUARD":0.004006821725877806
}