{
    "ACCESS_FINE_LOCATION":0.5321077113299248,
    "ACCESS_NETWORK_STATE":0.5149844683358433,
    "ACCESS_COARSE_LOCATION":0.5111388775745381,
    "READ_EXTERNAL_STORAGE":0.5089660390705062,
    "WRITE_EXTERNAL_STORAGE":0.5089660390705062,
    "USE_FULL_SCREEN_INTENT":0.4872246083020114,
    "WAKE_LOCK":0.4797349108034572,
    "INTERACT_ACROSS_USERS":0.46649204717915105,
    "MANAGE_USERS":0.46649204717915105,
    "READ_PHONE_STATE":0.45789781136166946,
    "SCHEDULE_EXACT_ALARM":0.4560279236563986,
    "LOCAL_MAC_ADDRESS":0.45494077964170626,
    "READ_PRIVILEGED_PHONE_STATE":0.446471203004576,
    "USE_FINGERPRINT":0.44498543951782976,
    "USE_BIOMETRIC":0.44498543951782976,
    "USE_ICC_AUTH_WITH_DEVICE_IDENTIFIER":0.4354417645941836,
    "VIBRATE":0.396564045103431,
    "BLUETOOTH":0.37435296812058894,
    "ACCESS_WIFI_STATE":0.36482378845047186,
    "BLUETOOTH_CONNECT":0.36358589379907547,
    "DUMP":0.33144556814870973,
    "FOREGROUND_SERVICE":0.3218091236024765,
    "SYSTEM_ALERT_WINDOW":0.30518451732980045,
    "INTERNET":0.2948856396972812,
    "CHANGE_WIFI_STATE":0.26776212129338256,
    "REQUEST_INSTALL_PACKAGES":0.2527160481300399,
    "INSTALL_PACKAGES":0.2527160481300399,
    "MEDIA_CONTENT_CONTROL":0.25224640191569275,
    "READ_BASIC_PHONE_STATE":0.22932650703527138,
    "CHANGE_NETWORK_STATE":0.21657648203095903,
    "WRITE_SETTINGS":0.19599467154480268,
    "PACKAGE_USAGE_STATS":0.18714386973985375,
    "ACCESS_MEDIA_LOCATION":0.16141769377617304,
    "REORDER_TASKS":0.15832585619838788,
    "CAMERA":0.15174646062146954,
    "BLUETOOTH_SCAN":0.1456106198025457,
    "BLUETOOTH_ADMIN":0.1456106198025457,
    "READ_SMS":0.13482905022750302,
    "READ_PHONE_NUMBERS":0.13482905022750302,
    "MODIFY_AUDIO_SETTINGS":0.1319488433512447,
    "GET_ACCOUNTS":0.12727992218947906,
    "KILL_BACKGROUND_PROCESSES":0.11380368498335221,
    "MANAGE_ACCOUNTS":0.11086114851691814,
    "USE_CREDENTIALS":0.10962180434016881,
    "READ_CALL_LOG":0.10497027748263832,
    "MODIFY_PHONE_STATE":0.09636879403839213,
    "HIGH_SAMPLING_RATE_SENSORS":0.08139084856663686,
    "QUERY_ALL_PACKAGES":0.05488047938702473,
    "SET_WALLPAPER":0.036512094114782116,
    "RECORD_AUDIO":0.03619464806249194,
    "AUTHENTICATE_ACCOUNTS":0.03406384579369486,
    "BLUETOOTH_ADVERTISE":0.03209828941513102,
    "SEND_SMS":0.02874843632452554,
    "BROADCAST_STICKY":0.027562724585834374,
    "MANAGE_EXTERNAL_STORAGE":0.02655240541484691,
    "NFC":0.01792917909030688,
    "DISABLE_KEYGUARD":0.015266401016986989,
    "NETWORK_SCAN":0.014108230260001365,
    "READ_LOGS":0.014108230260001365,
    "WHITELIST_AUTO_REVOKE_PERMISSIONS":0.012293424518141537,
    "REBOOT":0.010246694719813999,
    "WRITE_SYNC_SETTINGS":0.008501466194894483,
    "ANSWER_PHONE_CALLS":0.0029889212777276086
}