{
    "ACCESS_FINE_LOCATION":0.45762295960158,
    "ACCESS_COARSE_LOCATION":0.4411701682777878,
    "READ_EXTERNAL_STORAGE":0.42040588505683546,
    "WRITE_EXTERNAL_STORAGE":0.42040588505683546,
    "READ_PHONE_STATE":0.42040588505683546,
    "ACCESS_NETWORK_STATE":0.42040588505683546,
    "WAKE_LOCK":0.41834777409510493,
    "READ_PRIVILEGED_PHONE_STATE":0.4178881120331231,
    "USE_ICC_AUTH_WITH_DEVICE_IDENTIFIER":0.40349343167106144,
    "LOCAL_MAC_ADDRESS":0.40349343167106144,
    "SCHEDULE_EXACT_ALARM":0.39677994629211677,
    "USE_FULL_SCREEN_INTENT":0.39677994629211677,
    "BLUETOOTH":0.32753513995500144,
    "BLUETOOTH_CONNECT":0.32753513995500144,
    "ACCESS_WIFI_STATE":0.3134152199984102,
    "INTERACT_ACROSS_USERS":0.3132666074520551,
    "MANAGE_USERS":0.3132666074520551,
    "VIBRATE":0.29417853550975837,
    "USE_FINGERPRINT":0.2884310316821211,
    "USE_BIOMETRIC":0.2884310316821211,
    "INTERNET":0.28198885060291756,
    "CAMERA":0.2724223499445294,
    "SYSTEM_ALERT_WINDOW":0.27221671165364286,
    "REQUEST_INSTALL_PACKAGES":0.26844091614450666,
    "INSTALL_PACKAGES":0.26844091614450666,
    "CHANGE_WIFI_STATE":0.2534241367511914,
    "FOREGROUND_SERVICE":0.24859077288892414,
    "PACKAGE_USAGE_STATS":0.23781290717245618,
    "DUMP":0.23464884237738595,
    "READ_BASIC_PHONE_STATE":0.21840687350307414,
    "CHANGE_NETWORK_STATE":0.19130409237479387,
    "BLUETOOTH_ADMIN":0.18680078660966395,
    "BLUETOOTH_SCAN":0.1794548338822781,
    "WRITE_SETTINGS":0.17691459617132602,
    "READ_CALL_LOG":0.16068990782566014,
    "MODIFY_PHONE_STATE":0.1587821374631492,
    "MODIFY_AUDIO_SETTINGS":0.15770210442277846,
    "MEDIA_CONTENT_CONTROL":0.14097628074638052,
    "READ_SMS":0.1305664902900709,
    "READ_PHONE_NUMBERS":0.1305664902900709,
    "REORDER_TASKS":0.10624414622092115,
    "KILL_BACKGROUND_PROCESSES":0.0878213746314927,
    "HIGH_SAMPLING_RATE_SENSORS":0.0797479116481131,
    "ACCESS_MEDIA_LOCATION":0.07752045150565244,
    "MANAGE_EXTERNAL_STORAGE":0.05419000978077919,
    "QUERY_ALL_PACKAGES":0.046572752753652226,
    "MANAGE_ACCOUNTS":0.04253256515623324,
    "USE_CREDENTIALS":0.04253256515623324,
    "WHITELIST_AUTO_REVOKE_PERMISSIONS":0.03411521965279961,
    "SEND_SMS":0.030185627438714592,
    "REBOOT":0.030185627438714592,
    "GET_ACCOUNTS":0.023389195522269406,
    "AUTHENTICATE_ACCOUNTS":0.017544920734215097,
    "BROADCAST_STICKY":0.016216048081342898,
    "NFC":0.01434629488185302,
    "READ_LOGS":0.01434629488185302,
    "RUN_IN_BACKGROUND":0.012901642687053079,
    "USE_DATA_IN_BACKGROUND":0.012901642687053079,
    "REQUEST_COMPANION_RUN_IN_BACKGROUND":0.012901642687053079,
    "REQUEST_COMPANION_USE_DATA_IN_BACKGROUND":0.012901642687053079,
    "SET_WALLPAPER":0.00717314744092651,
    "READ_SYNC_SETTINGS":0.00717314744092651,
    "WRITE_SYNC_SETTINGS":0.00717314744092651,
    "PACKAGE_VERIFICATION_AGENT":0.00717314744092651
}