{
    "ACCESS_FINE_LOCATION":0.5004610632117663,
    "ACCESS_COARSE_LOCATION":0.5004610632117663,
    "READ_EXTERNAL_STORAGE":0.48281771097484133,
    "WRITE_EXTERNAL_STORAGE":0.48281771097484133,
    "ACCESS_NETWORK_STATE":0.48281771097484133,
    "WAKE_LOCK":0.48281771097484133,
    "READ_PHONE_STATE":0.4768181259317319,
    "USE_FULL_SCREEN_INTENT":0.4650667773218375,
    "READ_PRIVILEGED_PHONE_STATE":0.45490417569582126,
    "USE_ICC_AUTH_WITH_DEVICE_IDENTIFIER":0.45490417569582126,
    "LOCAL_MAC_ADDRESS":0.45490417569582126,
    "INTERACT_ACROSS_USERS":0.4513386201914949,
    "MANAGE_USERS":0.4513386201914949,
    "SCHEDULE_EXACT_ALARM":0.45086410930271875,
    "USE_FINGERPRINT":0.44055358322959415,
    "USE_BIOMETRIC":0.44055358322959415,
    "ACCESS_WIFI_STATE":0.43115942028985504,
    "BLUETOOTH":0.3743007207954876,
    "BLUETOOTH_CONNECT":0.3743007207954876,
    "CHANGE_WIFI_STATE":0.34869442267201495,
    "VIBRATE":0.30605952326063884,
    "DUMP":0.30501444664730176,
    "FOREGROUND_SERVICE":0.271973504234097,
    "MEDIA_CONTENT_CONTROL":0.2699429050056094,
    "READ_BASIC_PHONE_STATE":0.2677624602332978,
    "INTERNET":0.2654801973350544,
    "SYSTEM_ALERT_WINDOW":0.2300436473173804,
    "READ_SMS":0.20215124410223292,
    "READ_PHONE_NUMBERS":0.20215124410223292,
    "CHANGE_NETWORK_STATE":0.2010312447169839,
    "CAMERA":0.19729471160496087,
    "REQUEST_INSTALL_PACKAGES":0.19675488342785116,
    "INSTALL_PACKAGES":0.19675488342785116,
    "BLUETOOTH_ADMIN":0.17808374444803035,
    "BLUETOOTH_SCAN":0.17603585534910154,
    "PACKAGE_USAGE_STATS":0.14523299060967917,
    "HIGH_SAMPLING_RATE_SENSORS":0.1224603101418537,
    "WRITE_SETTINGS":0.10358553491016945,
    "REORDER_TASKS":0.10187767992991834,
    "READ_CALL_LOG":0.0966830344106843,
    "ACCESS_MEDIA_LOCATION":0.09545545360935645,
    "MODIFY_AUDIO_SETTINGS":0.08718897444172924,
    "KILL_BACKGROUND_PROCESSES":0.08083014431278522,
    "QUERY_ALL_PACKAGES":0.07845182657875724,
    "GET_ACCOUNTS":0.06887131725759597,
    "SEND_SMS":0.058921957367021646,
    "MANAGE_ACCOUNTS":0.057335131479859185,
    "USE_CREDENTIALS":0.057335131479859185,
    "REBOOT":0.028754975640493625,
    "DISABLE_KEYGUARD":0.024034841010035796,
    "AUTHENTICATE_ACCOUNTS":0.023946470561113913,
    "MANAGE_EXTERNAL_STORAGE":0.02191395023591066,
    "NFC":0.016396560468440215,
    "READ_SYNC_SETTINGS":0.015366852628828738,
    "MODIFY_PHONE_STATE":0.013282462692301773,
    "BROADCAST_STICKY":0.010656323481949368,
    "WRITE_SYNC_SETTINGS":0.007982156853704637,
    "WHITELIST_AUTO_REVOKE_PERMISSIONS":0.007982156853704637,
    "RECORD_AUDIO":0.0018500161372124106,
    "SET_WALLPAPER":0.0014043216991716221,
    "PACKAGE_VERIFICATION_AGENT":0.0014043216991716221
}