{
    "ACCESS_FINE_LOCATION":0.4802308305250748,
    "ACCESS_COARSE_LOCATION":0.4728425521672004,
    "READ_EXTERNAL_STORAGE":0.37736246451634314,
    "WRITE_EXTERNAL_STORAGE":0.37736246451634314,
    "ACCESS_NETWORK_STATE":0.37736246451634314,
    "READ_PHONE_STATE":0.37391681468815874,
    "READ_PRIVILEGED_PHONE_STATE":0.37191748701007643,
    "LOCAL_MAC_ADDRESS":0.36880592307309207,
    "USE_FULL_SCREEN_INTENT":0.3670597536479688,
    "USE_ICC_AUTH_WITH_DEVICE_IDENTIFIER":0.3601809043974833,
    "ACCESS_WIFI_STATE":0.3589815152973986,
    "WAKE_LOCK":0.35891407559886446,
    "INTERACT_ACROSS_USERS":0.34452970666843735,
    "MANAGE_USERS":0.34452970666843735,
    "SCHEDULE_EXACT_ALARM":0.33853379870183764,
    "USE_FINGERPRINT":0.3317483274954764,
    "USE_BIOMETRIC":0.3317483274954764,
    "VIBRATE":0.32045373429173796,
    "CHANGE_WIFI_STATE":0.3114759541161041,
    "BLUETOOTH":0.2986748618004947,
    "BLUETOOTH_CONNECT":0.2939571955045734,
    "INTERNET":0.24192383671707682,
    "DUMP":0.2135078603562476,
    "FOREGROUND_SERVICE":0.20823407593087537,
    "SYSTEM_ALERT_WINDOW":0.20643499228074835,
    "MEDIA_CONTENT_CONTROL":0.20112281910390273,
    "BLUETOOTH_ADMIN":0.16882231610750495,
    "PACKAGE_USAGE_STATS":0.16835127575158942,
    "BLUETOOTH_SCAN":0.16553229635286099,
    "REQUEST_INSTALL_PACKAGES":0.15867523531267108,
    "INSTALL_PACKAGES":0.15867523531267108,
    "MODIFY_AUDIO_SETTINGS":0.14236935374093188,
    "CAMERA":0.14223654941151073,
    "READ_SMS":0.1365446388552266,
    "READ_PHONE_NUMBERS":0.1365446388552266,
    "READ_CALL_LOG":0.11409136937864167,
    "HIGH_SAMPLING_RATE_SENSORS":0.10976692840186585,
    "READ_BASIC_PHONE_STATE":0.10351267451318906,
    "ACCESS_MEDIA_LOCATION":0.0862958382443267,
    "WRITE_SETTINGS":0.08499165822805815,
    "REORDER_TASKS":0.08248497651023418,
    "NFC":0.0754089958332641,
    "KILL_BACKGROUND_PROCESSES":0.07125886053885351,
    "CHANGE_NETWORK_STATE":0.07061247696674906,
    "MANAGE_ACCOUNTS":0.06294717707797269,
    "USE_CREDENTIALS":0.05861962349972604,
    "MODIFY_PHONE_STATE":0.05250024900811764,
    "GET_ACCOUNTS":0.05230519264928034,
    "SEND_SMS":0.041474377064692286,
    "MANAGE_EXTERNAL_STORAGE":0.031000473115423546,
    "QUERY_ALL_PACKAGES":0.028266571490230565,
    "DISABLE_KEYGUARD":0.022650400903069426,
    "SET_WALLPAPER":0.01886028984544895,
    "REBOOT":0.016934627068842436,
    "READ_LOGS":0.015465479174621084,
    "BLUETOOTH_ADVERTISE":0.013295995949467945,
    "NEARBY_WIFI_DEVICES":0.011685743455236633,
    "RECORD_AUDIO":0.01165254237288135,
    "WRITE_SYNC_SETTINGS":0.011383821112568263,
    "AUTHENTICATE_ACCOUNTS":0.01063783429339796,
    "BROADCAST_STICKY":0.009540123508026355,
    "SET_WALLPAPER_HINTS":0.00862501867560882,
    "SET_TIME":0.00862501867560882,
    "SET_TIME_ZONE":0.00862501867560882,
    "READ_SYNC_SETTINGS":0.00862501867560882,
    "READ_SYNC_STATS":0.00862501867560882,
    "RECOVERY":0.00862501867560882,
    "WRITE_SECURE_SETTINGS":0.00862501867560882,
    "RESET_PASSWORD":0.00862501867560882,
    "LOCK_DEVICE":0.00862501867560882,
    "MASTER_CLEAR":0.00862501867560882,
    "BACKUP":0.00862501867560882,
    "BIND_APPWIDGET":0.00862501867560882,
    "WHITELIST_AUTO_REVOKE_PERMISSIONS":0.004327553578246648,
    "SUSPEND_APPS":0.0030607247796278136,
    "PACKAGE_VERIFICATION_AGENT":0.0030607247796278136
}