{
    "ACCESS_FINE_LOCATION":0.4684928228111493,
    "READ_EXTERNAL_STORAGE":0.4632883984010073,
    "WRITE_EXTERNAL_STORAGE":0.4632883984010073,
    "ACCESS_COARSE_LOCATION":0.46126692945453673,
    "ACCESS_NETWORK_STATE":0.4569846437010223,
    "WAKE_LOCK":0.44716581518819826,
    "READ_PHONE_STATE":0.4462937725954115,
    "USE_FULL_SCREEN_INTENT":0.4429243484496654,
    "READ_PRIVILEGED_PHONE_STATE":0.4345443902149393,
    "LOCAL_MAC_ADDRESS":0.4253860875809068,
    "USE_ICC_AUTH_WITH_DEVICE_IDENTIFIER":0.41607656905046553,
    "SCHEDULE_EXACT_ALARM":0.41410612387272194,
    "INTERACT_ACROSS_USERS":0.39714211232836244,
    "MANAGE_USERS":0.39714211232836244,
    "ACCESS_WIFI_STATE":0.3874355361067373,
    "USE_FINGERPRINT":0.3607844301433576,
    "USE_BIOMETRIC":0.3607844301433576,
    "BLUETOOTH":0.3482836068052713,
    "BLUETOOTH_CONNECT":0.3465599311271886,
    "VIBRATE":0.3354339664300703,
    "FOREGROUND_SERVICE":0.3262812300253534,
    "CHANGE_WIFI_STATE":0.28564497290637814,
    "SYSTEM_ALERT_WINDOW":0.2837589488732555,
    "DUMP":0.2796649872115875,
    "INTERNET":0.26614368849896364,
    "MEDIA_CONTENT_CONTROL":0.23387532945119713,
    "REQUEST_INSTALL_PACKAGES":0.22375499685044148,
    "INSTALL_PACKAGES":0.22375499685044148,
    "READ_BASIC_PHONE_STATE":0.20886069490662146,
    "CHANGE_NETWORK_STATE":0.19901960147653475,
    "READ_SMS":0.1925841126827459,
    "READ_PHONE_NUMBERS":0.1925841126827459,
    "MODIFY_AUDIO_SETTINGS":0.1923642466247773,
    "PACKAGE_USAGE_STATS":0.19172784107302027,
    "CAMERA":0.17900436856230761,
    "ACCESS_MEDIA_LOCATION":0.16834689483259072,
    "READ_CALL_LOG":0.16185759915541717,
    "REORDER_TASKS":0.1609224726303863,
    "WRITE_SETTINGS":0.155706915761613,
    "BLUETOOTH_ADMIN":0.15310192044188414,
    "BLUETOOTH_SCAN":0.14262720457469816,
    "MANAGE_ACCOUNTS":0.12493958321930274,
    "GET_ACCOUNTS":0.12239396101227422,
    "USE_CREDENTIALS":0.11534062076444718,
    "MODIFY_PHONE_STATE":0.1119442931770087,
    "HIGH_SAMPLING_RATE_SENSORS":0.09587087832315468,
    "QUERY_ALL_PACKAGES":0.0912026673370879,
    "KILL_BACKGROUND_PROCESSES":0.08411964053291066,
    "MANAGE_EXTERNAL_STORAGE":0.06384279484084748,
    "DISABLE_KEYGUARD":0.035124762391586024,
    "SEND_SMS":0.034803776501049634,
    "REBOOT":0.02911509014044519,
    "NFC":0.023477427548567634,
    "AUTHENTICATE_ACCOUNTS":0.020805637477050862,
    "BROADCAST_STICKY":0.018199714452436073,
    "SET_WALLPAPER":0.016270088289673967,
    "READ_LOGS":0.016112378459063603,
    "RECORD_AUDIO":0.013789405424661524,
    "NEARBY_WIFI_DEVICES":0.012922001356304521,
    "LOCK_DEVICE":0.012031404665798932,
    "BLUETOOTH_ADVERTISE":0.011112976828715045,
    "WRITE_SYNC_SETTINGS":0.006765751733184642,
    "PACKAGE_VERIFICATION_AGENT":0.005449338500031069,
    "ANSWER_PHONE_CALLS":0.003864818554839876,
    "BLUETOOTH_PRIVILEGED":0.003864818554839876,
    "WHITELIST_AUTO_REVOKE_PERMISSIONS":0.0024426469646887643,
    "NETWORK_SCAN":0.0021142394350648287,
    "BACKUP":0.0011086073387022689
}