{
    "ACCESS_FINE_LOCATION":0.36628477695451234,
    "ACCESS_COARSE_LOCATION":0.3638119320484539,
    "READ_EXTERNAL_STORAGE":0.3540092930664279,
    "WRITE_EXTERNAL_STORAGE":0.3540092930664279,
    "ACCESS_NETWORK_STATE":0.3540092930664279,
    "WAKE_LOCK":0.3389069165554356,
    "USE_FULL_SCREEN_INTENT":0.3389069165554356,
    "USE_FINGERPRINT":0.330027363222767,
    "USE_BIOMETRIC":0.330027363222767,
    "INTERACT_ACROSS_USERS":0.3157300564555155,
    "MANAGE_USERS":0.3157300564555155,
    "SCHEDULE_EXACT_ALARM":0.3098960453693391,
    "READ_PHONE_STATE":0.3094962550534134,
    "READ_PRIVILEGED_PHONE_STATE":0.3027309246500459,
    "LOCAL_MAC_ADDRESS":0.276694237255883,
    "USE_ICC_AUTH_WITH_DEVICE_IDENTIFIER":0.26671137243349696,
    "VIBRATE":0.22924177982623284,
    "ACCESS_WIFI_STATE":0.18741017297106405,
    "MEDIA_CONTENT_CONTROL":0.1785178117106542,
    "BLUETOOTH":0.16559003835974348,
    "BLUETOOTH_CONNECT":0.16065898617933105,
    "CHANGE_WIFI_STATE":0.1558953519115374,
    "INTERNET":0.13617754715375818,
    "DUMP":0.1346424255287615,
    "REQUEST_INSTALL_PACKAGES":0.13003340124584536,
    "INSTALL_PACKAGES":0.13003340124584536,
    "FOREGROUND_SERVICE":0.1267628054118983,
    "SYSTEM_ALERT_WINDOW":0.10763508018220184,
    "CAMERA":0.10150740160995643,
    "READ_SMS":0.08754950492785012,
    "READ_PHONE_NUMBERS":0.08754950492785012,
    "PACKAGE_USAGE_STATS":0.08321768079533565,
    "MANAGE_ACCOUNTS":0.07955552831329647,
    "USE_CREDENTIALS":0.07955552831329647,
    "READ_BASIC_PHONE_STATE":0.07904870031553236,
    "CHANGE_NETWORK_STATE":0.0780826166230434,
    "BLUETOOTH_SCAN":0.07584946293614417,
    "BLUETOOTH_ADMIN":0.07584946293614417,
    "WRITE_SETTINGS":0.07479463860144742,
    "REORDER_TASKS":0.06578060202749489,
    "GET_ACCOUNTS":0.06077361713261596,
    "QUERY_ALL_PACKAGES":0.05794855421367094,
    "ACCESS_MEDIA_LOCATION":0.057395068764849136,
    "MODIFY_AUDIO_SETTINGS":0.055406180557016724,
    "READ_CALL_LOG":0.045843232794150035,
    "HIGH_SAMPLING_RATE_SENSORS":0.04138698879214833,
    "KILL_BACKGROUND_PROCESSES":0.04012632276160874,
    "MODIFY_PHONE_STATE":0.034675634655690846,
    "SEND_SMS":0.0297994735941698,
    "SET_WALLPAPER":0.027499535712619354,
    "BROADCAST_STICKY":0.01782314630404372,
    "NFC":0.016852488351647127,
    "MANAGE_EXTERNAL_STORAGE":0.015500337122955177,
    "NEARBY_WIFI_DEVICES":0.010028607421462235,
    "AUTHENTICATE_ACCOUNTS":0.00991242121980873,
    "SET_WALLPAPER_HINTS":0.00914486040731039,
    "WHITELIST_AUTO_REVOKE_PERMISSIONS":0.008454147161260035,
    "DISABLE_KEYGUARD":0.0076079090783506605,
    "PACKAGE_VERIFICATION_AGENT":0.007592356594664758,
    "REBOOT":0.005440624734121137,
    "RECORD_AUDIO":0.0038039545391753303,
    "BLUETOOTH_PRIVILEGED":0.0014765710981791684
}