{
    "READ_EXTERNAL_STORAGE":0.4707740916271721,
    "WRITE_EXTERNAL_STORAGE":0.4707740916271721,
    "ACCESS_NETWORK_STATE":0.4707740916271721,
    "READ_PHONE_STATE":0.4683948682668297,
    "WAKE_LOCK":0.46487858635274926,
    "USE_FULL_SCREEN_INTENT":0.46487858635274926,
    "ACCESS_FINE_LOCATION":0.44277442287112057,
    "USE_FINGERPRINT":0.44247821434031487,
    "USE_BIOMETRIC":0.44247821434031487,
    "ACCESS_COARSE_LOCATION":0.43687891759669767,
    "SCHEDULE_EXACT_ALARM":0.4276964531417214,
    "READ_PRIVILEGED_PHONE_STATE":0.4178801661315802,
    "INTERACT_ACROSS_USERS":0.4144785455842633,
    "MANAGE_USERS":0.4144785455842633,
    "USE_ICC_AUTH_WITH_DEVICE_IDENTIFIER":0.40466225857412214,
    "LOCAL_MAC_ADDRESS":0.40086887835702995,
    "ACCESS_WIFI_STATE":0.3889504662895581,
    "VIBRATE":0.36643543291036024,
    "MEDIA_CONTENT_CONTROL":0.34479947000968253,
    "CHANGE_WIFI_STATE":0.32104864189981147,
    "READ_SMS":0.2921985680069307,
    "READ_PHONE_NUMBERS":0.2921985680069307,
    "DUMP":0.2900168170004587,
    "PACKAGE_USAGE_STATS":0.2669985476226878,
    "SYSTEM_ALERT_WINDOW":0.2539367069255467,
    "FOREGROUND_SERVICE":0.24809216225857425,
    "BLUETOOTH":0.239202721296438,
    "BLUETOOTH_CONNECT":0.239202721296438,
    "INTERNET":0.23684897823982076,
    "READ_BASIC_PHONE_STATE":0.22758688783570313,
    "KILL_BACKGROUND_PROCESSES":0.21988546603475523,
    "REQUEST_INSTALL_PACKAGES":0.19431598124649657,
    "INSTALL_PACKAGES":0.19431598124649657,
    "WRITE_SETTINGS":0.19357068236253389,
    "CAMERA":0.19015313662538866,
    "CHANGE_NETWORK_STATE":0.1410812566885798,
    "MODIFY_PHONE_STATE":0.14023403658971623,
    "BLUETOOTH_SCAN":0.13816057687407637,
    "BLUETOOTH_ADMIN":0.13816057687407637,
    "MODIFY_AUDIO_SETTINGS":0.13461244458033944,
    "SEND_SMS":0.134332161239362,
    "ACCESS_MEDIA_LOCATION":0.0975417876981094,
    "READ_CALL_LOG":0.09482176527544212,
    "HIGH_SAMPLING_RATE_SENSORS":0.07417953422004793,
    "REBOOT":0.07387695561331094,
    "MANAGE_ACCOUNTS":0.05913659990827093,
    "REORDER_TASKS":0.05287163022983236,
    "GET_ACCOUNTS":0.050804540590123855,
    "QUERY_ALL_PACKAGES":0.04748891606787954,
    "MANAGE_EXTERNAL_STORAGE":0.04711308158793255,
    "USE_CREDENTIALS":0.04591869235081285,
    "SET_WALLPAPER":0.02643581511491618,
    "NFC":0.024582123018906395,
    "RECORD_AUDIO":0.01944147174234318,
    "WHITELIST_AUTO_REVOKE_PERMISSIONS":0.01688388625592418,
    "READ_LOGS":0.013545966467920303,
    "AUTHENTICATE_ACCOUNTS":0.01321790755745809,
    "WRITE_SYNC_SETTINGS":0.01321790755745809,
    "BROADCAST_STICKY":0.001968353462773277
}