{
    "READ_EXTERNAL_STORAGE":0.5626182000482614,
    "WRITE_EXTERNAL_STORAGE":0.5626182000482614,
    "READ_PHONE_STATE":0.5626182000482614,
    "ACCESS_NETWORK_STATE":0.5626182000482614,
    "READ_PRIVILEGED_PHONE_STATE":0.5557025034559769,
    "ACCESS_FINE_LOCATION":0.5479412848567375,
    "ACCESS_COARSE_LOCATION":0.5299758128328534,
    "USE_FULL_SCREEN_INTENT":0.522214594233614,
    "WAKE_LOCK":0.5213690722266591,
    "USE_ICC_AUTH_WITH_DEVICE_IDENTIFIER":0.5061777354601074,
    "LOCAL_MAC_ADDRESS":0.5041537203903611,
    "SCHEDULE_EXACT_ALARM":0.49678907405987055,
    "INTERACT_ACROSS_USERS":0.4785523615691535,
    "MANAGE_USERS":0.4785523615691535,
    "USE_FINGERPRINT":0.4523411793535492,
    "USE_BIOMETRIC":0.4523411793535492,
    "ACCESS_WIFI_STATE":0.40689998335144667,
    "VIBRATE":0.393021824569148,
    "FOREGROUND_SERVICE":0.3908743483213952,
    "DUMP":0.372976218758242,
    "BLUETOOTH":0.36379519661192555,
    "BLUETOOTH_CONNECT":0.36379519661192555,
    "READ_BASIC_PHONE_STATE":0.35117035584878586,
    "CHANGE_NETWORK_STATE":0.34612902441351223,
    "SYSTEM_ALERT_WINDOW":0.33945463830551365,
    "CHANGE_WIFI_STATE":0.33309638763816857,
    "INTERNET":0.33032973487647294,
    "MEDIA_CONTENT_CONTROL":0.28548339727749367,
    "INSTALL_PACKAGES":0.2780551497340905,
    "REQUEST_INSTALL_PACKAGES":0.2759039322385192,
    "CAMERA":0.25935639313780295,
    "READ_SMS":0.24573450983106365,
    "READ_PHONE_NUMBERS":0.24573450983106365,
    "WRITE_SETTINGS":0.22569451589188516,
    "PACKAGE_USAGE_STATS":0.2215005770874758,
    "MODIFY_PHONE_STATE":0.18146735480684853,
    "MODIFY_AUDIO_SETTINGS":0.17365001749033335,
    "BLUETOOTH_ADMIN":0.17353590943187258,
    "MANAGE_ACCOUNTS":0.17209927026961283,
    "USE_CREDENTIALS":0.17209927026961283,
    "BLUETOOTH_SCAN":0.16662021283958817,
    "REORDER_TASKS":0.14853127963769738,
    "GET_ACCOUNTS":0.13750956356473562,
    "RECORD_AUDIO":0.13576053020964068,
    "KILL_BACKGROUND_PROCESSES":0.13483083012677205,
    "HIGH_SAMPLING_RATE_SENSORS":0.12100130756611238,
    "QUERY_ALL_PACKAGES":0.11955344466039747,
    "ACCESS_MEDIA_LOCATION":0.11483198991359574,
    "READ_CALL_LOG":0.11389106608727197,
    "NFC":0.048146118174794784,
    "SEND_SMS":0.04008372912617541,
    "SET_WALLPAPER":0.037049577145465286,
    "NEARBY_WIFI_DEVICES":0.032382370492030174,
    "REBOOT":0.023459494445182277,
    "AUTHENTICATE_ACCOUNTS":0.022786069837873,
    "BLUETOOTH_ADVERTISE":0.021188557019422665,
    "SET_WALLPAPER_HINTS":0.01550747220720525,
    "BACKUP":0.01550747220720525,
    "WHITELIST_AUTO_REVOKE_PERMISSIONS":0.013825781312841257,
    "MANAGE_EXTERNAL_STORAGE":0.009044466600945404,
    "DISABLE_KEYGUARD":0.008984606635851246,
    "BROADCAST_STICKY":0.0072636326393942085,
    "READ_SYNC_SETTINGS":0.006034632731054782,
    "WRITE_SYNC_SETTINGS":0.006034632731054782,
    "READ_SYNC_STATS":0.003017316365527391,
    "READ_LOGS":0.003017316365527391
}