{
    "ACCESS_NETWORK_STATE":0.4217484328167157,
    "ACCESS_FINE_LOCATION":0.420270183274532,
    "ACCESS_COARSE_LOCATION":0.4197908326767187,
    "READ_EXTERNAL_STORAGE":0.4190615306637785,
    "WRITE_EXTERNAL_STORAGE":0.4190615306637785,
    "WAKE_LOCK":0.4076245155491226,
    "USE_FULL_SCREEN_INTENT":0.40479012090455063,
    "READ_PHONE_STATE":0.4042612031579101,
    "READ_PRIVILEGED_PHONE_STATE":0.3933657998158149,
    "INTERACT_ACROSS_USERS":0.38450899658862997,
    "MANAGE_USERS":0.3844905600271756,
    "SCHEDULE_EXACT_ALARM":0.38436331752926955,
    "LOCAL_MAC_ADDRESS":0.3808117104202525,
    "USE_ICC_AUTH_WITH_DEVICE_IDENTIFIER":0.37533423823603684,
    "USE_FINGERPRINT":0.36559701363972924,
    "USE_BIOMETRIC":0.36559701363972924,
    "DUMP":0.2917809506797778,
    "ACCESS_WIFI_STATE":0.28829644056490805,
    "VIBRATE":0.2787157756216064,
    "FOREGROUND_SERVICE":0.2708584758162159,
    "BLUETOOTH":0.23751217644212433,
    "BLUETOOTH_CONNECT":0.22449989315861524,
    "INTERNET":0.22354542330496055,
    "SYSTEM_ALERT_WINDOW":0.21994122665999172,
    "INSTALL_PACKAGES":0.2113141248542057,
    "REQUEST_INSTALL_PACKAGES":0.2088817076970812,
    "MEDIA_CONTENT_CONTROL":0.20465852616918642,
    "CHANGE_WIFI_STATE":0.19364464525184552,
    "ACCESS_MEDIA_LOCATION":0.18546908808233167,
    "CAMERA":0.17441772956465668,
    "REORDER_TASKS":0.15636108217175212,
    "READ_BASIC_PHONE_STATE":0.1357048796137861,
    "WRITE_SETTINGS":0.13310985802940828,
    "CHANGE_NETWORK_STATE":0.1307460490599907,
    "READ_SMS":0.12439178237120134,
    "READ_PHONE_NUMBERS":0.12439178237120134,
    "PACKAGE_USAGE_STATS":0.1198841942149693,
    "GET_ACCOUNTS":0.10092475978822531,
    "QUERY_ALL_PACKAGES":0.09945678636226163,
    "BLUETOOTH_ADMIN":0.09324366515214619,
    "BLUETOOTH_SCAN":0.08771481238682834,
    "HIGH_SAMPLING_RATE_SENSORS":0.08236125807468295,
    "MANAGE_ACCOUNTS":0.07789870348659365,
    "USE_CREDENTIALS":0.07644402856397436,
    "MODIFY_PHONE_STATE":0.0711865861623615,
    "KILL_BACKGROUND_PROCESSES":0.0648773530417137,
    "MODIFY_AUDIO_SETTINGS":0.06295118572780287,
    "READ_CALL_LOG":0.05417296456583426,
    "AUTHENTICATE_ACCOUNTS":0.04319867691981168,
    "SET_WALLPAPER":0.03086250163586627,
    "MANAGE_EXTERNAL_STORAGE":0.02931927077052363,
    "RECORD_AUDIO":0.023052048830894754,
    "WRITE_SYNC_SETTINGS":0.019674833458913035,
    "DISABLE_KEYGUARD":0.01887208743886798,
    "SEND_SMS":0.017975345179276986,
    "BROADCAST_STICKY":0.016234147957334376,
    "NFC":0.015458905660114654,
    "READ_SYNC_SETTINGS":0.010438418408997025,
    "WHITELIST_AUTO_REVOKE_PERMISSIONS":0.009967228256417868,
    "REBOOT":0.009890157384764446,
    "PACKAGE_VERIFICATION_AGENT":0.008640400309129544,
    "READ_LOGS":0.005067636490246783,
    "NEARBY_WIFI_DEVICES":0.0032980288293417365,
    "BLUETOOTH_ADVERTISE":0.0027183349790230547,
    "ANSWER_PHONE_CALLS":0.002352928375772124,
    "READ_SYNC_STATS":0.0023332828594683106,
    "NETWORK_SCAN":0.0018385180873245767,
    "LOCK_DEVICE":0.0014178017997106018,
    "BACKUP":0.0013440555538932095,
    "MANAGE_OWN_CALLS":0.0009719996989702186,
    "CALL_PHONE":0.0009535631375158705,
    "SET_TIME":0.0006217050313376055,
    "SET_TIME_ZONE":0.0006217050313376055,
    "RUN_IN_BACKGROUND":0.00017620516930958875,
    "USE_DATA_IN_BACKGROUND":0.00017620516930958875,
    "REQUEST_COMPANION_RUN_IN_BACKGROUND":0.00017620516930958875,
    "REQUEST_COMPANION_USE_DATA_IN_BACKGROUND":0.00017620516930958875,
    "SUSPEND_APPS":0.00012905593018043636,
    "SET_WALLPAPER_HINTS":0.00011061936872608831,
    "BLUETOOTH_PRIVILEGED":9.218280727174027e-05,
    "NETWORK_SETTINGS":1.8436561454348052e-05,
    "NETWORK_SETUP_WIZARD":1.8436561454348052e-05,
    "NETWORK_CARRIER_PROVISIONING":1.8436561454348052e-05,
    "READ_PRECISE_PHONE_STATE":1.8436561454348052e-05,
    "RECOVERY":1.8436561454348052e-05,
    "WRITE_SECURE_SETTINGS":1.8436561454348052e-05,
    "UPDATE_DEVICE_STATS":1.8436561454348052e-05,
    "RESET_PASSWORD":1.8436561454348052e-05,
    "REQUEST_DELETE_PACKAGES":1.8436561454348052e-05,
    "DELETE_PACKAGES":1.8436561454348052e-05,
    "MASTER_CLEAR":1.8436561454348052e-05,
    "BIND_APPWIDGET":1.8436561454348052e-05
}