{
    "ACCESS_FINE_LOCATION":0.49458885237194167,
    "READ_EXTERNAL_STORAGE":0.4930376365990349,
    "WRITE_EXTERNAL_STORAGE":0.4930376365990349,
    "ACCESS_NETWORK_STATE":0.4930376365990349,
    "ACCESS_COARSE_LOCATION":0.4806399821338572,
    "WAKE_LOCK":0.4760648009826378,
    "READ_PHONE_STATE":0.4728069460665816,
    "READ_PRIVILEGED_PHONE_STATE":0.458031163140216,
    "USE_FULL_SCREEN_INTENT":0.4465660488964941,
    "USE_ICC_AUTH_WITH_DEVICE_IDENTIFIER":0.42430730972708863,
    "LOCAL_MAC_ADDRESS":0.4208276369913657,
    "USE_FINGERPRINT":0.42059374745362194,
    "USE_BIOMETRIC":0.42059374745362194,
    "INTERACT_ACROSS_USERS":0.4136464737002531,
    "MANAGE_USERS":0.4136464737002531,
    "SCHEDULE_EXACT_ALARM":0.4059748968622586,
    "ACCESS_WIFI_STATE":0.39652877746693105,
    "BLUETOOTH":0.35273560221274586,
    "BLUETOOTH_CONNECT":0.35273560221274586,
    "VIBRATE":0.33571146179452127,
    "CHANGE_WIFI_STATE":0.32643585541703257,
    "DUMP":0.31136129746825886,
    "FOREGROUND_SERVICE":0.25959475242415186,
    "SYSTEM_ALERT_WINDOW":0.22470446925182513,
    "INTERNET":0.22398771099099749,
    "BLUETOOTH_SCAN":0.21888288320914553,
    "BLUETOOTH_ADMIN":0.21888288320914553,
    "MEDIA_CONTENT_CONTROL":0.2128424972763186,
    "READ_SMS":0.20490081574634905,
    "READ_PHONE_NUMBERS":0.20490081574634905,
    "PACKAGE_USAGE_STATS":0.2023959342453516,
    "CHANGE_NETWORK_STATE":0.1814484854520707,
    "REQUEST_INSTALL_PACKAGES":0.1808584802310527,
    "INSTALL_PACKAGES":0.1808584802310527,
    "READ_BASIC_PHONE_STATE":0.1762184135951689,
    "CAMERA":0.15631818634507608,
    "MODIFY_AUDIO_SETTINGS":0.14612211146420886,
    "READ_CALL_LOG":0.14571770890862615,
    "REORDER_TASKS":0.1330107166677229,
    "GET_ACCOUNTS":0.11293997639979113,
    "ACCESS_MEDIA_LOCATION":0.10955838637344464,
    "WRITE_SETTINGS":0.10493039145563793,
    "QUERY_ALL_PACKAGES":0.08321487959970182,
    "MANAGE_ACCOUNTS":0.07985290611523059,
    "USE_CREDENTIALS":0.07357108582086176,
    "NFC":0.07272153866118611,
    "KILL_BACKGROUND_PROCESSES":0.06902004810579654,
    "MODIFY_PHONE_STATE":0.056103309763303785,
    "SEND_SMS":0.03807721674468015,
    "HIGH_SAMPLING_RATE_SENSORS":0.03640830172052162,
    "MANAGE_EXTERNAL_STORAGE":0.02500807296146406,
    "SET_WALLPAPER":0.018845460883106534,
    "RECORD_AUDIO":0.014256699049050407,
    "DISABLE_KEYGUARD":0.01256364058873769,
    "BROADCAST_STICKY":0.012530443364025676,
    "WHITELIST_AUTO_REVOKE_PERMISSIONS":0.006281820294368845,
    "AUTHENTICATE_ACCOUNTS":0.002802147558645915,
    "WRITE_SYNC_SETTINGS":0.002802147558645915,
    "REBOOT":0.0014561509930497082
}