{
    "ACCESS_FINE_LOCATION":0.3826493173951981,
    "ACCESS_COARSE_LOCATION":0.37410104244439535,
    "READ_EXTERNAL_STORAGE":0.3562867376339622,
    "WRITE_EXTERNAL_STORAGE":0.3562867376339622,
    "ACCESS_NETWORK_STATE":0.3488506941504584,
    "READ_PHONE_STATE":0.34186749692757334,
    "READ_PRIVILEGED_PHONE_STATE":0.33416333766936884,
    "WAKE_LOCK":0.3301486567271407,
    "USE_ICC_AUTH_WITH_DEVICE_IDENTIFIER":0.32935393078251374,
    "USE_FULL_SCREEN_INTENT":0.3199506359090412,
    "LOCAL_MAC_ADDRESS":0.3181001239233681,
    "INTERACT_ACROSS_USERS":0.3108366238451142,
    "MANAGE_USERS":0.3108366238451142,
    "SCHEDULE_EXACT_ALARM":0.28537203950153595,
    "USE_FINGERPRINT":0.26696313343955375,
    "USE_BIOMETRIC":0.26696313343955375,
    "ACCESS_WIFI_STATE":0.24081414830266074,
    "VIBRATE":0.2357597169518446,
    "DUMP":0.2331131961709478,
    "FOREGROUND_SERVICE":0.23006963313038659,
    "SYSTEM_ALERT_WINDOW":0.22483752697193396,
    "BLUETOOTH":0.22364896589413427,
    "BLUETOOTH_CONNECT":0.2021599355495861,
    "INTERNET":0.18817942974725285,
    "REQUEST_INSTALL_PACKAGES":0.1767601351611389,
    "INSTALL_PACKAGES":0.1767601351611389,
    "READ_BASIC_PHONE_STATE":0.16646590054829044,
    "CHANGE_WIFI_STATE":0.15013649530348405,
    "MEDIA_CONTENT_CONTROL":0.14909482061900112,
    "CHANGE_NETWORK_STATE":0.14366066549157563,
    "MODIFY_AUDIO_SETTINGS":0.13775185564338815,
    "PACKAGE_USAGE_STATS":0.1370219136538921,
    "WRITE_SETTINGS":0.12664108662576948,
    "ACCESS_MEDIA_LOCATION":0.12515746991073934,
    "CAMERA":0.121795759922208,
    "READ_SMS":0.11587091444156238,
    "READ_PHONE_NUMBERS":0.11587091444156238,
    "BLUETOOTH_ADMIN":0.1035497758860009,
    "BLUETOOTH_SCAN":0.0986582665609599,
    "READ_CALL_LOG":0.09259872176766559,
    "HIGH_SAMPLING_RATE_SENSORS":0.07808968151951096,
    "MODIFY_PHONE_STATE":0.07319047509089004,
    "QUERY_ALL_PACKAGES":0.06592184361024951,
    "REORDER_TASKS":0.06291355896109634,
    "MANAGE_ACCOUNTS":0.06251523385083532,
    "GET_ACCOUNTS":0.06241068152720803,
    "USE_CREDENTIALS":0.05637935944704011,
    "MANAGE_EXTERNAL_STORAGE":0.04853472804850206,
    "KILL_BACKGROUND_PROCESSES":0.040887014216550346,
    "SET_WALLPAPER":0.02118884330493104,
    "AUTHENTICATE_ACCOUNTS":0.01929920437605997,
    "SEND_SMS":0.014307632704479982,
    "REBOOT":0.013975374399946644,
    "NFC":0.013205664041954356,
    "RUN_IN_BACKGROUND":0.011765664247210452,
    "USE_DATA_IN_BACKGROUND":0.011765664247210452,
    "REQUEST_COMPANION_RUN_IN_BACKGROUND":0.011765664247210452,
    "REQUEST_COMPANION_USE_DATA_IN_BACKGROUND":0.011765664247210452,
    "DISABLE_KEYGUARD":0.011460987230505171,
    "WRITE_SYNC_SETTINGS":0.007327642608086583,
    "BLUETOOTH_ADVERTISE":0.005791429018593641,
    "RECORD_AUDIO":0.005217994801889387,
    "BROADCAST_STICKY":0.005169887904514869,
    "WHITELIST_AUTO_REVOKE_PERMISSIONS":0.004652899114063382,
    "READ_LOGS":0.0014611668295886936,
    "READ_SYNC_SETTINGS":0.0011917682042913928,
    "READ_SYNC_STATS":0.0011917682042913928,
    "LOCK_DEVICE":0.00012828505966538137
}