{
    "ACCESS_FINE_LOCATION":0.3894501832247392,
    "ACCESS_COARSE_LOCATION":0.3889599471590459,
    "READ_EXTERNAL_STORAGE":0.388333490409509,
    "WRITE_EXTERNAL_STORAGE":0.388333490409509,
    "ACCESS_NETWORK_STATE":0.38175450656829163,
    "USE_FULL_SCREEN_INTENT":0.3723631991902785,
    "WAKE_LOCK":0.3718309881464241,
    "SCHEDULE_EXACT_ALARM":0.35537758868798053,
    "READ_PHONE_STATE":0.34916133201653293,
    "READ_PRIVILEGED_PHONE_STATE":0.34735640795560424,
    "INTERACT_ACROSS_USERS":0.3419234202162579,
    "MANAGE_USERS":0.3419234202162579,
    "LOCAL_MAC_ADDRESS":0.3378961982549492,
    "USE_ICC_AUTH_WITH_DEVICE_IDENTIFIER":0.3346934282231829,
    "USE_FINGERPRINT":0.31814736702049684,
    "USE_BIOMETRIC":0.31814736702049684,
    "DUMP":0.27455358026764165,
    "FOREGROUND_SERVICE":0.25441192659605866,
    "ACCESS_WIFI_STATE":0.2379957502314561,
    "VIBRATE":0.23154110736328198,
    "SYSTEM_ALERT_WINDOW":0.2264518392564248,
    "BLUETOOTH":0.20854990706106222,
    "BLUETOOTH_CONNECT":0.20605516779299493,
    "MEDIA_CONTENT_CONTROL":0.19873330603639752,
    "REQUEST_INSTALL_PACKAGES":0.19335654892817264,
    "INSTALL_PACKAGES":0.19335654892817264,
    "CAMERA":0.1875030194264948,
    "ACCESS_MEDIA_LOCATION":0.1549922108696184,
    "REORDER_TASKS":0.1453664771984789,
    "PACKAGE_USAGE_STATS":0.13895222534702598,
    "INTERNET":0.12743207379359545,
    "CHANGE_WIFI_STATE":0.12375649127197635,
    "WRITE_SETTINGS":0.11912578000201152,
    "GET_ACCOUNTS":0.10274207484692982,
    "READ_BASIC_PHONE_STATE":0.09911242720707196,
    "QUERY_ALL_PACKAGES":0.09421244249229987,
    "BLUETOOTH_ADMIN":0.09231881659072884,
    "BLUETOOTH_SCAN":0.08976547074937999,
    "MANAGE_EXTERNAL_STORAGE":0.08066482029561464,
    "HIGH_SAMPLING_RATE_SENSORS":0.07669145302326752,
    "MANAGE_ACCOUNTS":0.07206628561834283,
    "READ_SMS":0.06751239647822006,
    "READ_PHONE_NUMBERS":0.06751239647822006,
    "CHANGE_NETWORK_STATE":0.06564490594040971,
    "MODIFY_AUDIO_SETTINGS":0.06424072412381186,
    "USE_CREDENTIALS":0.06227740391887892,
    "AUTHENTICATE_ACCOUNTS":0.052997765822388763,
    "MODIFY_PHONE_STATE":0.0460813981944423,
    "READ_CALL_LOG":0.04606951848364197,
    "KILL_BACKGROUND_PROCESSES":0.03554726263743831,
    "WRITE_SYNC_SETTINGS":0.0327721621944835,
    "NFC":0.02772962095010756,
    "SEND_SMS":0.0234877722136732,
    "REBOOT":0.02064297746735651,
    "WHITELIST_AUTO_REVOKE_PERMISSIONS":0.012877606507547166,
    "NEARBY_WIFI_DEVICES":0.01148530440174963,
    "SET_WALLPAPER":0.009951237747068273,
    "RECORD_AUDIO":0.008935918464000901,
    "BROADCAST_STICKY":0.007889711932852697,
    "READ_SYNC_SETTINGS":0.007520648917322748,
    "DISABLE_KEYGUARD":0.007307606103637005,
    "PACKAGE_VERIFICATION_AGENT":0.005352205705904289,
    "BLUETOOTH_PRIVILEGED":0.004469147203080483,
    "CALL_PHONE":0.0025723533786293474,
    "NETWORK_SETTINGS":0.0025723533786293474,
    "NETWORK_SETUP_WIZARD":0.0025723533786293474,
    "NETWORK_CARRIER_PROVISIONING":0.0025723533786293474,
    "SUSPEND_APPS":0.0025723533786293474,
    "NETWORK_SCAN":0.0025723533786293474,
    "READ_SYNC_STATS":0.0025723533786293474,
    "READ_LOGS":0.0025723533786293474,
    "RUN_IN_BACKGROUND":0.0019173853231716905,
    "USE_DATA_IN_BACKGROUND":0.0019173853231716905,
    "REQUEST_COMPANION_RUN_IN_BACKGROUND":0.0019173853231716905,
    "REQUEST_COMPANION_USE_DATA_IN_BACKGROUND":0.0019173853231716905,
    "LOCK_DEVICE":0.0009408730953853648,
    "BLUETOOTH_ADVERTISE":0.0008181160837820554
}