{
    "READ_EXTERNAL_STORAGE":0.30168456942878535,
    "WRITE_EXTERNAL_STORAGE":0.30168456942878535,
    "ACCESS_FINE_LOCATION":0.29801720324924685,
    "ACCESS_NETWORK_STATE":0.2943498370697084,
    "ACCESS_COARSE_LOCATION":0.2943498370697083,
    "USE_FULL_SCREEN_INTENT":0.274741699648536,
    "READ_PHONE_STATE":0.2746922599504007,
    "READ_PRIVILEGED_PHONE_STATE":0.2625451026889009,
    "WAKE_LOCK":0.26138944974498757,
    "LOCAL_MAC_ADDRESS":0.2482967582566497,
    "USE_ICC_AUTH_WITH_DEVICE_IDENTIFIER":0.2417927893965967,
    "SCHEDULE_EXACT_ALARM":0.23581941443974605,
    "INTERACT_ACROSS_USERS":0.23107850052926907,
    "MANAGE_USERS":0.23107850052926907,
    "USE_FINGERPRINT":0.22355748645043216,
    "USE_BIOMETRIC":0.22355748645043216,
    "BLUETOOTH":0.19290752216178567,
    "FOREGROUND_SERVICE":0.1823662722379317,
    "DUMP":0.18056348895949695,
    "VIBRATE":0.17577490105438948,
    "BLUETOOTH_CONNECT":0.17270257695597976,
    "ACCESS_WIFI_STATE":0.15756343510554016,
    "REQUEST_INSTALL_PACKAGES":0.14643067450756705,
    "INSTALL_PACKAGES":0.14643067450756705,
    "MEDIA_CONTENT_CONTROL":0.12198097807614217,
    "INTERNET":0.10097263777563714,
    "SYSTEM_ALERT_WINDOW":0.09729202881981242,
    "CHANGE_WIFI_STATE":0.09515287902370702,
    "WRITE_SETTINGS":0.08748884296097867,
    "ACCESS_MEDIA_LOCATION":0.08390181629091006,
    "REORDER_TASKS":0.0783716329137726,
    "BLUETOOTH_SCAN":0.07456477615735228,
    "BLUETOOTH_ADMIN":0.07456477615735228,
    "PACKAGE_USAGE_STATS":0.07389910593603018,
    "CAMERA":0.07055574634962858,
    "HIGH_SAMPLING_RATE_SENSORS":0.057177893745260076,
    "QUERY_ALL_PACKAGES":0.056046077798662025,
    "READ_CALL_LOG":0.04843412998932622,
    "READ_BASIC_PHONE_STATE":0.04597185645183637,
    "MODIFY_AUDIO_SETTINGS":0.04553837624139983,
    "KILL_BACKGROUND_PROCESSES":0.04297192619712482,
    "MANAGE_EXTERNAL_STORAGE":0.03899556190424053,
    "MANAGE_ACCOUNTS":0.03438177864611145,
    "USE_CREDENTIALS":0.03438177864611145,
    "GET_ACCOUNTS":0.03048133960393498,
    "CHANGE_NETWORK_STATE":0.0299286744069222,
    "READ_SMS":0.029421917501035084,
    "READ_PHONE_NUMBERS":0.029421917501035084,
    "WHITELIST_AUTO_REVOKE_PERMISSIONS":0.021312924155088758,
    "MODIFY_PHONE_STATE":0.018472790067564606,
    "SEND_SMS":0.011852284776192643,
    "DISABLE_KEYGUARD":0.00988087681304641,
    "BROADCAST_STICKY":0.008261726699114394,
    "BLUETOOTH_ADVERTISE":0.007334732359076981,
    "NFC":0.007334732359076981,
    "AUTHENTICATE_ACCOUNTS":0.0036673661795384904,
    "WRITE_SYNC_SETTINGS":0.0036673661795384904,
    "READ_LOGS":0.0036673661795384904,
    "REBOOT":0.0036673661795384904,
    "BACKUP":0.0036673661795384904,
    "RECORD_AUDIO":0.0025461444539694286,
    "SET_WALLPAPER":0.0009411199680760787,
    "SET_WALLPAPER_HINTS":0.0009411199680760787
}