{
    "ACCESS_FINE_LOCATION":0.5487169140501453,
    "ACCESS_COARSE_LOCATION":0.5487169140501453,
    "READ_EXTERNAL_STORAGE":0.5115466829528968,
    "WRITE_EXTERNAL_STORAGE":0.5115466829528968,
    "ACCESS_NETWORK_STATE":0.5115466829528968,
    "READ_PHONE_STATE":0.5047127370682601,
    "READ_PRIVILEGED_PHONE_STATE":0.5033658512645456,
    "WAKE_LOCK":0.5022711657378424,
    "USE_ICC_AUTH_WITH_DEVICE_IDENTIFIER":0.49409033404949104,
    "LOCAL_MAC_ADDRESS":0.4914674511685732,
    "USE_FULL_SCREEN_INTENT":0.48435267686737243,
    "INTERACT_ACROSS_USERS":0.48246185641215783,
    "MANAGE_USERS":0.48246185641215783,
    "SCHEDULE_EXACT_ALARM":0.4711469250651628,
    "ACCESS_WIFI_STATE":0.4610152901530103,
    "USE_FINGERPRINT":0.45895270086047985,
    "USE_BIOMETRIC":0.45895270086047985,
    "VIBRATE":0.40659319686344625,
    "BLUETOOTH":0.3897925686802698,
    "BLUETOOTH_CONNECT":0.3826750678895878,
    "CHANGE_WIFI_STATE":0.36584172183263697,
    "FOREGROUND_SERVICE":0.29212153599511403,
    "DUMP":0.27062452968056433,
    "SYSTEM_ALERT_WINDOW":0.2662594200211574,
    "MEDIA_CONTENT_CONTROL":0.2654687380716084,
    "READ_SMS":0.26505703815994663,
    "READ_PHONE_NUMBERS":0.26505703815994663,
    "INTERNET":0.22168404349296006,
    "REQUEST_INSTALL_PACKAGES":0.21725758782022606,
    "INSTALL_PACKAGES":0.21725758782022606,
    "READ_BASIC_PHONE_STATE":0.21699448158528992,
    "BLUETOOTH_ADMIN":0.20794798948665644,
    "BLUETOOTH_SCAN":0.203985037025727,
    "PACKAGE_USAGE_STATS":0.1982825842757898,
    "CAMERA":0.19314860458268343,
    "CHANGE_NETWORK_STATE":0.17732951261274027,
    "READ_CALL_LOG":0.14151979976661244,
    "REORDER_TASKS":0.1407454767539506,
    "WRITE_SETTINGS":0.12276427862541302,
    "MODIFY_AUDIO_SETTINGS":0.11868545036153245,
    "GET_ACCOUNTS":0.11711226593087798,
    "HIGH_SAMPLING_RATE_SENSORS":0.11252085764453111,
    "ACCESS_MEDIA_LOCATION":0.10355070725137136,
    "MODIFY_PHONE_STATE":0.0870445399321649,
    "KILL_BACKGROUND_PROCESSES":0.07238693248121444,
    "MANAGE_ACCOUNTS":0.058836279759632654,
    "NFC":0.0572658218184594,
    "USE_CREDENTIALS":0.053169271372951014,
    "SEND_SMS":0.05174604386376275,
    "DISABLE_KEYGUARD":0.04903727656418699,
    "AUTHENTICATE_ACCOUNTS":0.038401241098011824,
    "QUERY_ALL_PACKAGES":0.03469321540357496,
    "WRITE_SYNC_SETTINGS":0.030189054780626643,
    "MANAGE_EXTERNAL_STORAGE":0.021364771574711252,
    "SET_WALLPAPER":0.016784269246289236,
    "BLUETOOTH_ADVERTISE":0.016613863653714016,
    "NEARBY_WIFI_DEVICES":0.014986149433435477,
    "READ_LOGS":0.014369962810683468,
    "RECORD_AUDIO":0.011418537947280592,
    "LOCK_DEVICE":0.009925784956321633,
    "CALL_PHONE":0.008847458366505617,
    "NETWORK_SETTINGS":0.008847458366505617,
    "NETWORK_SETUP_WIZARD":0.008847458366505617,
    "NETWORK_CARRIER_PROVISIONING":0.008847458366505617,
    "SUSPEND_APPS":0.008847458366505617,
    "NETWORK_SCAN":0.008847458366505617,
    "READ_SYNC_SETTINGS":0.008847458366505617,
    "READ_SYNC_STATS":0.008847458366505617,
    "BROADCAST_STICKY":0.008847458366505617,
    "PACKAGE_VERIFICATION_AGENT":0.008847458366505617,
    "WHITELIST_AUTO_REVOKE_PERMISSIONS":0.007561918576118129,
    "REBOOT":0.006663540292061549,
    "REQUEST_DELETE_PACKAGES":0.004258776569639992,
    "DELETE_PACKAGES":0.004258776569639992,
    "RUN_IN_BACKGROUND":0.0023515971775380875,
    "USE_DATA_IN_BACKGROUND":0.0023515971775380875,
    "REQUEST_COMPANION_RUN_IN_BACKGROUND":0.0023515971775380875,
    "REQUEST_COMPANION_USE_DATA_IN_BACKGROUND":0.0023515971775380875
}