{
    "ACCESS_FINE_LOCATION":0.524404038810987,
    "ACCESS_COARSE_LOCATION":0.5138389710046175,
    "READ_EXTERNAL_STORAGE":0.5115490742182223,
    "WRITE_EXTERNAL_STORAGE":0.5115490742182223,
    "ACCESS_NETWORK_STATE":0.5098839110363093,
    "READ_PHONE_STATE":0.5078465589006921,
    "READ_PRIVILEGED_PHONE_STATE":0.49953127984735035,
    "WAKE_LOCK":0.49141110258343895,
    "USE_ICC_AUTH_WITH_DEVICE_IDENTIFIER":0.4831270942001797,
    "LOCAL_MAC_ADDRESS":0.48187218861381037,
    "USE_FULL_SCREEN_INTENT":0.4799371459531389,
    "SCHEDULE_EXACT_ALARM":0.4597944157381259,
    "INTERACT_ACROSS_USERS":0.4456070486809609,
    "MANAGE_USERS":0.44555130531255227,
    "ACCESS_WIFI_STATE":0.4378492033117048,
    "USE_FINGERPRINT":0.42575391206280216,
    "USE_BIOMETRIC":0.42575391206280216,
    "BLUETOOTH":0.38764516218941303,
    "VIBRATE":0.38693035545914956,
    "BLUETOOTH_CONNECT":0.3831258705652618,
    "CHANGE_WIFI_STATE":0.3547368607102419,
    "DUMP":0.31942785550503366,
    "FOREGROUND_SERVICE":0.29764613429937137,
    "SYSTEM_ALERT_WINDOW":0.28503963557433093,
    "INTERNET":0.2619564426757636,
    "CAMERA":0.2406866087434153,
    "MEDIA_CONTENT_CONTROL":0.23632231087532657,
    "INSTALL_PACKAGES":0.21729036924543027,
    "BLUETOOTH_ADMIN":0.21726487685134158,
    "REQUEST_INSTALL_PACKAGES":0.21707283414920156,
    "PACKAGE_USAGE_STATS":0.2164382434856723,
    "READ_SMS":0.21221296414001786,
    "READ_PHONE_NUMBERS":0.21221296414001786,
    "BLUETOOTH_SCAN":0.212199028297916,
    "READ_BASIC_PHONE_STATE":0.1853725322512764,
    "MODIFY_AUDIO_SETTINGS":0.1624902194181336,
    "WRITE_SETTINGS":0.14974946075088963,
    "CHANGE_NETWORK_STATE":0.1496328755352543,
    "ACCESS_MEDIA_LOCATION":0.14474173485598782,
    "READ_CALL_LOG":0.13307879461083966,
    "REORDER_TASKS":0.11360328532379041,
    "HIGH_SAMPLING_RATE_SENSORS":0.11185076820479797,
    "GET_ACCOUNTS":0.10364153751086766,
    "KILL_BACKGROUND_PROCESSES":0.0922688706597496,
    "QUERY_ALL_PACKAGES":0.08647258004101858,
    "MANAGE_ACCOUNTS":0.07412678353286493,
    "MODIFY_PHONE_STATE":0.07084506266710239,
    "USE_CREDENTIALS":0.06346756381765926,
    "NFC":0.04780639648354523,
    "SEND_SMS":0.044617467932267806,
    "DISABLE_KEYGUARD":0.03824165022124003,
    "AUTHENTICATE_ACCOUNTS":0.03464620295888521,
    "MANAGE_EXTERNAL_STORAGE":0.03346199627879025,
    "WRITE_SYNC_SETTINGS":0.02586662243453041,
    "RECORD_AUDIO":0.024804099448888412,
    "REBOOT":0.02227797314393276,
    "BLUETOOTH_ADVERTISE":0.012881476682616966,
    "SET_WALLPAPER":0.010544673891097846,
    "WHITELIST_AUTO_REVOKE_PERMISSIONS":0.009175902277796393,
    "NEARBY_WIFI_DEVICES":0.008860136489676934,
    "READ_LOGS":0.004079462851463635,
    "PACKAGE_VERIFICATION_AGENT":0.0036906188669548544,
    "SUSPEND_APPS":0.0031331851828688365,
    "RECOVERY":0.003041752462735216,
    "LOCK_DEVICE":0.002255227130433364,
    "BROADCAST_STICKY":0.002028854670920383,
    "READ_SYNC_STATS":0.0019503380971253408,
    "BLUETOOTH_PRIVILEGED":0.0016291339316001666,
    "MANAGE_OWN_CALLS":0.0015842673180029995,
    "NETWORK_SCAN":0.0015543562422715548,
    "READ_SYNC_SETTINGS":0.0009275832462626443,
    "SET_WALLPAPER_HINTS":0.0008409091063590261,
    "ANSWER_PHONE_CALLS":0.0007770081718418486,
    "BACKUP":0.00028551481380015433,
    "CALL_PHONE":0.0001522745673600823,
    "RESET_PASSWORD":7.341809497718255e-05,
    "MASTER_CLEAR":7.341809497718255e-05,
    "SET_TIME":6.526052886860671e-05,
    "SET_TIME_ZONE":6.526052886860671e-05,
    "NETWORK_SETTINGS":4.0787830542879196e-05,
    "NETWORK_SETUP_WIZARD":4.0787830542879196e-05,
    "NETWORK_CARRIER_PROVISIONING":4.0787830542879196e-05,
    "READ_PRECISE_PHONE_STATE":3.263026443430336e-05,
    "WRITE_SECURE_SETTINGS":3.263026443430336e-05,
    "UPDATE_DEVICE_STATS":3.263026443430336e-05,
    "REQUEST_DELETE_PACKAGES":3.263026443430336e-05,
    "DELETE_PACKAGES":3.263026443430336e-05,
    "BIND_APPWIDGET":3.263026443430336e-05,
    "INTERACT_ACROSS_USERS_FULL":2.311310397429821e-05,
    "INTERACT_ACROSS_PROFILES":2.311310397429821e-05,
    "RUN_IN_BACKGROUND":2.311310397429821e-05,
    "USE_DATA_IN_BACKGROUND":2.311310397429821e-05,
    "REQUEST_COMPANION_RUN_IN_BACKGROUND":2.311310397429821e-05,
    "REQUEST_COMPANION_USE_DATA_IN_BACKGROUND":2.311310397429821e-05,
    "ACCESS_BACKGROUND_LOCATION":1.7674726568580983e-05,
    "RECORD_BACKGROUND_AUDIO":1.7674726568580983e-05,
    "ACTIVITY_RECOGNITION":1.7674726568580983e-05,
    "BODY_SENSORS":1.7674726568580983e-05,
    "REQUEST_PASSWORD_COMPLEXITY":1.7674726568580983e-05,
    "BIND_VPN_SERVICE":1.7674726568580983e-05
}