{
    "ACCESS_FINE_LOCATION":0.4644286423484818,
    "ACCESS_COARSE_LOCATION":0.4580171208297804,
    "ACCESS_NETWORK_STATE":0.45540600911967105,
    "READ_EXTERNAL_STORAGE":0.45344744094645073,
    "WRITE_EXTERNAL_STORAGE":0.45344744094645073,
    "WAKE_LOCK":0.43880880802516053,
    "USE_FULL_SCREEN_INTENT":0.4295156879998088,
    "SCHEDULE_EXACT_ALARM":0.4120695240135553,
    "USE_FINGERPRINT":0.4010372254523856,
    "USE_BIOMETRIC":0.4010372254523856,
    "INTERACT_ACROSS_USERS":0.39754480494245475,
    "MANAGE_USERS":0.39754480494245475,
    "READ_PHONE_STATE":0.39259306831877694,
    "READ_PRIVILEGED_PHONE_STATE":0.3828077279530994,
    "LOCAL_MAC_ADDRESS":0.3759185183136437,
    "USE_ICC_AUTH_WITH_DEVICE_IDENTIFIER":0.3707314534891625,
    "VIBRATE":0.3611655027608873,
    "DUMP":0.29217168082933037,
    "ACCESS_WIFI_STATE":0.2545055740437683,
    "MEDIA_CONTENT_CONTROL":0.24994198831703296,
    "FOREGROUND_SERVICE":0.24430817493604662,
    "BLUETOOTH":0.22859415776646355,
    "BLUETOOTH_CONNECT":0.22670731312854786,
    "INTERNET":0.1717980246494571,
    "REQUEST_INSTALL_PACKAGES":0.1654108797571338,
    "INSTALL_PACKAGES":0.1654108797571338,
    "SYSTEM_ALERT_WINDOW":0.15588149396842574,
    "CHANGE_WIFI_STATE":0.14995281716452016,
    "READ_SMS":0.14501045616637237,
    "READ_PHONE_NUMBERS":0.14501045616637237,
    "GET_ACCOUNTS":0.140077002012478,
    "MANAGE_ACCOUNTS":0.1348191512152451,
    "READ_BASIC_PHONE_STATE":0.13316575965302685,
    "USE_CREDENTIALS":0.132383363702547,
    "CAMERA":0.12757226146181938,
    "REORDER_TASKS":0.1262629553565527,
    "CHANGE_NETWORK_STATE":0.11351397976083714,
    "PACKAGE_USAGE_STATS":0.09691349719739113,
    "WRITE_SETTINGS":0.09266680761357045,
    "KILL_BACKGROUND_PROCESSES":0.09200254454476885,
    "READ_CALL_LOG":0.08678172746837952,
    "BLUETOOTH_ADMIN":0.08311538910486682,
    "MODIFY_AUDIO_SETTINGS":0.08063975518366616,
    "BLUETOOTH_SCAN":0.07902386612356792,
    "HIGH_SAMPLING_RATE_SENSORS":0.07507016483756028,
    "QUERY_ALL_PACKAGES":0.057586498349186735,
    "ACCESS_MEDIA_LOCATION":0.054731151594020415,
    "BROADCAST_STICKY":0.044245452001250705,
    "MODIFY_PHONE_STATE":0.04365666271796572,
    "DISABLE_KEYGUARD":0.03262483293807259,
    "AUTHENTICATE_ACCOUNTS":0.029388367005111125,
    "NFC":0.01875453252896717,
    "MANAGE_EXTERNAL_STORAGE":0.017242244130975616,
    "READ_LOGS":0.010425226808101103,
    "SEND_SMS":0.008156325429837272,
    "REBOOT":0.007799582878420169,
    "RECORD_AUDIO":0.006048216029413213,
    "NEARBY_WIFI_DEVICES":0.004333414119973317,
    "SET_WALLPAPER":0.001958568173220307
}