{
    "ACCESS_FINE_LOCATION":0.4973112478196732,
    "ACCESS_COARSE_LOCATION":0.4861868213058854,
    "READ_EXTERNAL_STORAGE":0.4751449107938546,
    "WRITE_EXTERNAL_STORAGE":0.4751449107938546,
    "ACCESS_NETWORK_STATE":0.4751449107938546,
    "READ_PHONE_STATE":0.46987023406615996,
    "READ_PRIVILEGED_PHONE_STATE":0.45870518428996876,
    "WAKE_LOCK":0.4552649017551787,
    "USE_FULL_SCREEN_INTENT":0.4534432023317751,
    "INTERACT_ACROSS_USERS":0.4335911217860017,
    "MANAGE_USERS":0.4335911217860017,
    "LOCAL_MAC_ADDRESS":0.4304542442422872,
    "USE_FINGERPRINT":0.4280371601292835,
    "USE_BIOMETRIC":0.4280371601292835,
    "USE_ICC_AUTH_WITH_DEVICE_IDENTIFIER":0.42456387119379063,
    "SCHEDULE_EXACT_ALARM":0.4173151578086796,
    "ACCESS_WIFI_STATE":0.29808334370072825,
    "FOREGROUND_SERVICE":0.2969865156158357,
    "BLUETOOTH":0.2818606977553107,
    "BLUETOOTH_CONNECT":0.2818606977553107,
    "DUMP":0.2793509418249492,
    "REQUEST_INSTALL_PACKAGES":0.2654285881131255,
    "INSTALL_PACKAGES":0.2654285881131255,
    "MEDIA_CONTENT_CONTROL":0.2549465169360918,
    "CHANGE_WIFI_STATE":0.24153322348126102,
    "VIBRATE":0.2305674815862366,
    "SYSTEM_ALERT_WINDOW":0.21858488865417655,
    "REORDER_TASKS":0.1909128300957438,
    "PACKAGE_USAGE_STATS":0.16580384549957708,
    "CAMERA":0.1581260489053299,
    "MANAGE_ACCOUNTS":0.15065898548480042,
    "USE_CREDENTIALS":0.15065898548480042,
    "GET_ACCOUNTS":0.1484970662387682,
    "WRITE_SETTINGS":0.14552268174466745,
    "READ_BASIC_PHONE_STATE":0.14024546606307256,
    "ACCESS_MEDIA_LOCATION":0.1366820442641222,
    "INTERNET":0.13212716096713822,
    "READ_SMS":0.11725777745053474,
    "READ_PHONE_NUMBERS":0.11725777745053474,
    "BLUETOOTH_ADMIN":0.10841079258523895,
    "BLUETOOTH_SCAN":0.1031361158575443,
    "CHANGE_NETWORK_STATE":0.0910875101240786,
    "QUERY_ALL_PACKAGES":0.08280671197853053,
    "MODIFY_AUDIO_SETTINGS":0.08251600175695603,
    "KILL_BACKGROUND_PROCESSES":0.07881039853959367,
    "HIGH_SAMPLING_RATE_SENSORS":0.06766312144070394,
    "MODIFY_PHONE_STATE":0.06506196316993468,
    "SET_WALLPAPER":0.06364141846276491,
    "SET_WALLPAPER_HINTS":0.05175403630196283,
    "SEND_SMS":0.05131733623112601,
    "READ_CALL_LOG":0.03932966539126546,
    "WRITE_SYNC_SETTINGS":0.03699890571086898,
    "AUTHENTICATE_ACCOUNTS":0.027419432645361445,
    "BROADCAST_STICKY":0.026775807831657186,
    "MANAGE_EXTERNAL_STORAGE":0.025569804729055515,
    "WHITELIST_AUTO_REVOKE_PERMISSIONS":0.022247583550625456,
    "READ_LOGS":0.01905992692890674,
    "PACKAGE_VERIFICATION_AGENT":0.018538171902412758,
    "NFC":0.017758713055047046,
    "REBOOT":0.015806257505782455,
    "DISABLE_KEYGUARD":0.015549823161860838,
    "NEARBY_WIFI_DEVICES":0.012365974970992443,
    "CALL_PHONE":0.00863625169157803,
    "NETWORK_SETTINGS":0.00863625169157803,
    "NETWORK_SETUP_WIZARD":0.00863625169157803,
    "NETWORK_CARRIER_PROVISIONING":0.00863625169157803,
    "SUSPEND_APPS":0.00863625169157803,
    "NETWORK_SCAN":0.00863625169157803,
    "RECORD_AUDIO":0.005274676727694652,
    "BACKUP":0.005274676727694652,
    "READ_SYNC_SETTINGS":0.003964576515184211,
    "READ_SYNC_STATS":0.003964576515184211,
    "BLUETOOTH_PRIVILEGED":0.0020489357974727237
}