{
    "ACCESS_FINE_LOCATION":0.5606822669299321,
    "ACCESS_COARSE_LOCATION":0.5533929905544585,
    "READ_EXTERNAL_STORAGE":0.5516386279950902,
    "WRITE_EXTERNAL_STORAGE":0.5516386279950902,
    "ACCESS_NETWORK_STATE":0.5440625166764499,
    "READ_PHONE_STATE":0.5401368803031109,
    "READ_PRIVILEGED_PHONE_STATE":0.5401368803031109,
    "WAKE_LOCK":0.531263341160147,
    "USE_FULL_SCREEN_INTENT":0.5189769664870054,
    "LOCAL_MAC_ADDRESS":0.5142400208122094,
    "USE_ICC_AUTH_WITH_DEVICE_IDENTIFIER":0.5065746904850842,
    "INTERACT_ACROSS_USERS":0.49951554912215135,
    "MANAGE_USERS":0.49951554912215135,
    "USE_FINGERPRINT":0.49855165030150994,
    "USE_BIOMETRIC":0.49855165030150994,
    "ACCESS_WIFI_STATE":0.4967147393137304,
    "SCHEDULE_EXACT_ALARM":0.49426496878168485,
    "VIBRATE":0.46440828619456714,
    "CHANGE_WIFI_STATE":0.4195861572122309,
    "BLUETOOTH":0.3919682880623295,
    "BLUETOOTH_CONNECT":0.38552784300122694,
    "DUMP":0.312103100485618,
    "SYSTEM_ALERT_WINDOW":0.3075946221783445,
    "FOREGROUND_SERVICE":0.2786784913816102,
    "INTERNET":0.2726115988046318,
    "READ_SMS":0.25022012914242997,
    "READ_PHONE_NUMBERS":0.25022012914242997,
    "BLUETOOTH_SCAN":0.24754189124286222,
    "BLUETOOTH_ADMIN":0.24754189124286222,
    "MEDIA_CONTENT_CONTROL":0.24406485137947564,
    "PACKAGE_USAGE_STATS":0.24309845109130662,
    "INSTALL_PACKAGES":0.2370173835316717,
    "REQUEST_INSTALL_PACKAGES":0.2332193220022411,
    "CAMERA":0.2072148994076523,
    "READ_BASIC_PHONE_STATE":0.1967637680772717,
    "WRITE_SETTINGS":0.17210596883504967,
    "MODIFY_AUDIO_SETTINGS":0.13589138961524083,
    "KILL_BACKGROUND_PROCESSES":0.13554702091893897,
    "CHANGE_NETWORK_STATE":0.13100935882384318,
    "HIGH_SAMPLING_RATE_SENSORS":0.1281193300069373,
    "REORDER_TASKS":0.12421120390629153,
    "ACCESS_MEDIA_LOCATION":0.11457471716740476,
    "NFC":0.11049899274240878,
    "GET_ACCOUNTS":0.102876187363253,
    "MANAGE_ACCOUNTS":0.09849111478734178,
    "READ_CALL_LOG":0.09839856048882002,
    "MODIFY_PHONE_STATE":0.08980601953145836,
    "USE_CREDENTIALS":0.08858780484550927,
    "QUERY_ALL_PACKAGES":0.0812134785740967,
    "MANAGE_EXTERNAL_STORAGE":0.04896289156305027,
    "SEND_SMS":0.0392705387160467,
    "AUTHENTICATE_ACCOUNTS":0.03770462004375896,
    "DISABLE_KEYGUARD":0.029623212284540235,
    "REBOOT":0.028563423875340173,
    "BROADCAST_STICKY":0.02031108250173433,
    "WRITE_SYNC_SETTINGS":0.018492515609157354,
    "RECORD_AUDIO":0.018234030631303678,
    "BLUETOOTH_ADVERTISE":0.016743989807353633,
    "READ_LOGS":0.014917084689684602,
    "READ_SYNC_SETTINGS":0.010896392550296162,
    "NEARBY_WIFI_DEVICES":0.009086997705320446,
    "LOCK_DEVICE":0.008539176316772498,
    "READ_SYNC_STATS":0.007405177704253155,
    "PACKAGE_VERIFICATION_AGENT":0.007289276375473604,
    "SET_WALLPAPER":0.0048053191205507184,
    "WHITELIST_AUTO_REVOKE_PERMISSIONS":0.004671907519077855,
    "ACCESS_BACKGROUND_LOCATION":0.0037980615294305954,
    "RECORD_BACKGROUND_AUDIO":0.0037980615294305954,
    "ACTIVITY_RECOGNITION":0.0037980615294305954,
    "BODY_SENSORS":0.0037980615294305954,
    "REQUEST_PASSWORD_COMPLEXITY":0.0037980615294305954,
    "BIND_VPN_SERVICE":0.0037980615294305954,
    "RESET_PASSWORD":0.0037980615294305954,
    "MASTER_CLEAR":0.0037980615294305954,
    "SET_TIME":0.0012498999412988941
}