{
    "ACCESS_NETWORK_STATE":0.5700056214569273,
    "READ_EXTERNAL_STORAGE":0.5688802838905299,
    "WRITE_EXTERNAL_STORAGE":0.5688802838905299,
    "READ_PHONE_STATE":0.5683073277016271,
    "READ_PRIVILEGED_PHONE_STATE":0.5669846114359488,
    "ACCESS_FINE_LOCATION":0.5659189059500744,
    "LOCAL_MAC_ADDRESS":0.5429005741418373,
    "USE_ICC_AUTH_WITH_DEVICE_IDENTIFIER":0.5410394255233488,
    "ACCESS_COARSE_LOCATION":0.5354322663259171,
    "WAKE_LOCK":0.5119588475873577,
    "USE_FULL_SCREEN_INTENT":0.5104554914520187,
    "SCHEDULE_EXACT_ALARM":0.49617064399855576,
    "ACCESS_WIFI_STATE":0.48792921148952195,
    "INTERACT_ACROSS_USERS":0.48700090389678957,
    "MANAGE_USERS":0.48695661574341725,
    "USE_FINGERPRINT":0.4820566720974796,
    "USE_BIOMETRIC":0.4820566720974796,
    "VIBRATE":0.45673814611882196,
    "DUMP":0.3788638798375217,
    "BLUETOOTH":0.37411493438378907,
    "INTERNET":0.36717529460340015,
    "BLUETOOTH_CONNECT":0.3550542896040717,
    "CHANGE_WIFI_STATE":0.3522700642771067,
    "FOREGROUND_SERVICE":0.32835376400481997,
    "SYSTEM_ALERT_WINDOW":0.3275356537070919,
    "REQUEST_INSTALL_PACKAGES":0.2944384541132868,
    "INSTALL_PACKAGES":0.2944384541132868,
    "MEDIA_CONTENT_CONTROL":0.2913470015176536,
    "READ_BASIC_PHONE_STATE":0.27106163237066244,
    "CHANGE_NETWORK_STATE":0.2651207427576638,
    "READ_SMS":0.24163860587867336,
    "READ_PHONE_NUMBERS":0.24163860587867336,
    "PACKAGE_USAGE_STATS":0.23753445409096663,
    "REORDER_TASKS":0.18220460150425866,
    "BLUETOOTH_ADMIN":0.1710338738115377,
    "BLUETOOTH_SCAN":0.17009405827344015,
    "WRITE_SETTINGS":0.15333291021291395,
    "CAMERA":0.14035508637235647,
    "HIGH_SAMPLING_RATE_SENSORS":0.11819985046645293,
    "MODIFY_AUDIO_SETTINGS":0.10819700486541807,
    "READ_CALL_LOG":0.10161969100120372,
    "ACCESS_MEDIA_LOCATION":0.09626117316877053,
    "KILL_BACKGROUND_PROCESSES":0.06810053341070292,
    "MANAGE_ACCOUNTS":0.05796412589831648,
    "SET_WALLPAPER":0.05668395415792442,
    "USE_CREDENTIALS":0.05618039436682516,
    "QUERY_ALL_PACKAGES":0.05536925858143924,
    "GET_ACCOUNTS":0.05482420044190446,
    "MODIFY_PHONE_STATE":0.052388352006427025,
    "SEND_SMS":0.0356959028924693,
    "NFC":0.02988090322724585,
    "MANAGE_EXTERNAL_STORAGE":0.026084327433825397,
    "REBOOT":0.014618229143418043,
    "BROADCAST_STICKY":0.007577458934071217,
    "DISABLE_KEYGUARD":0.005340035374726526,
    "AUTHENTICATE_ACCOUNTS":0.005212401798866159,
    "WRITE_SYNC_SETTINGS":0.004906918158282292,
    "RECORD_AUDIO":0.004154019550952929,
    "PACKAGE_VERIFICATION_AGENT":0.0041508810203989875,
    "BLUETOOTH_ADVERTISE":0.0034865587198142528,
    "READ_LOGS":0.0029617266660714615,
    "SUSPEND_APPS":0.0022785731821630675,
    "WHITELIST_AUTO_REVOKE_PERMISSIONS":0.002053296433513336,
    "READ_SYNC_SETTINGS":0.0018684718564477678,
    "BLUETOOTH_PRIVILEGED":0.0012376272151051009,
    "NEARBY_WIFI_DEVICES":0.000970154666785683,
    "ANSWER_PHONE_CALLS":0.00032082756773645896,
    "LOCK_DEVICE":0.0002692161764049416,
    "BACKUP":0.00018447585144846384,
    "SET_TIME":0.00016111123510243914,
    "SET_TIME_ZONE":0.00016111123510243914,
    "SET_WALLPAPER_HINTS":0.0001548341739945519,
    "READ_SYNC_STATS":0.00014751093603535012,
    "MANAGE_OWN_CALLS":0.00014018769807614832,
    "CALL_PHONE":0.00013286446011694656,
    "INTERACT_ACROSS_USERS_FULL":0.00012798230147747868,
    "INTERACT_ACROSS_PROFILES":0.00012798230147747868,
    "NETWORK_SCAN":0.00011438200241038967,
    "NETWORK_SETTINGS":4.428815337231551e-05,
    "NETWORK_SETUP_WIZARD":4.428815337231551e-05,
    "NETWORK_CARRIER_PROVISIONING":4.428815337231551e-05,
    "RECOVERY":4.428815337231551e-05,
    "RESET_PASSWORD":4.428815337231551e-05,
    "MASTER_CLEAR":4.428815337231551e-05,
    "READ_PRECISE_PHONE_STATE":2.580569566575865e-05,
    "WRITE_SECURE_SETTINGS":2.580569566575865e-05,
    "UPDATE_DEVICE_STATS":2.580569566575865e-05,
    "REQUEST_DELETE_PACKAGES":2.580569566575865e-05,
    "DELETE_PACKAGES":2.580569566575865e-05,
    "BIND_APPWIDGET":2.580569566575865e-05,
    "RUN_IN_BACKGROUND":1.848245770655687e-05,
    "USE_DATA_IN_BACKGROUND":1.848245770655687e-05,
    "REQUEST_COMPANION_RUN_IN_BACKGROUND":1.848245770655687e-05,
    "REQUEST_COMPANION_USE_DATA_IN_BACKGROUND":1.848245770655687e-05
}