{
    "ACCESS_FINE_LOCATION":0.35589567879225265,
    "READ_EXTERNAL_STORAGE":0.35046742788565993,
    "WRITE_EXTERNAL_STORAGE":0.35046742788565993,
    "ACCESS_NETWORK_STATE":0.35046742788565993,
    "USE_FULL_SCREEN_INTENT":0.35046742788565993,
    "ACCESS_COARSE_LOCATION":0.3456983590020082,
    "READ_PHONE_STATE":0.34232766042559787,
    "READ_PRIVILEGED_PHONE_STATE":0.34232766042559787,
    "WAKE_LOCK":0.3410806063083191,
    "INTERACT_ACROSS_USERS":0.32366706959675046,
    "MANAGE_USERS":0.32366706959675046,
    "LOCAL_MAC_ADDRESS":0.32333486968545294,
    "SCHEDULE_EXACT_ALARM":0.3221399935647131,
    "USE_ICC_AUTH_WITH_DEVICE_IDENTIFIER":0.3059213329738843,
    "USE_FINGERPRINT":0.30416293449052484,
    "USE_BIOMETRIC":0.30416293449052484,
    "ACCESS_WIFI_STATE":0.28666069518484,
    "VIBRATE":0.2730648485533645,
    "CHANGE_WIFI_STATE":0.26686262403144545,
    "BLUETOOTH":0.254562530980685,
    "BLUETOOTH_CONNECT":0.254562530980685,
    "FOREGROUND_SERVICE":0.2285257107077941,
    "SYSTEM_ALERT_WINDOW":0.22837787305093402,
    "DUMP":0.21674913688897351,
    "INTERNET":0.19715977772173443,
    "CAMERA":0.19342905096920596,
    "PACKAGE_USAGE_STATS":0.16927063857171404,
    "REQUEST_INSTALL_PACKAGES":0.16568948874259698,
    "INSTALL_PACKAGES":0.16568948874259698,
    "MEDIA_CONTENT_CONTROL":0.1563965875590261,
    "READ_SMS":0.15081875972902203,
    "READ_PHONE_NUMBERS":0.15081875972902203,
    "BLUETOOTH_ADMIN":0.14199719978085223,
    "ACCESS_MEDIA_LOCATION":0.1351253576366844,
    "BLUETOOTH_SCAN":0.1342052856310492,
    "READ_BASIC_PHONE_STATE":0.1277804349905643,
    "MODIFY_AUDIO_SETTINGS":0.12266525206320475,
    "CHANGE_NETWORK_STATE":0.11910149489960065,
    "READ_CALL_LOG":0.1139202198432919,
    "HIGH_SAMPLING_RATE_SENSORS":0.10991121044255624,
    "REORDER_TASKS":0.1076849492568982,
    "WRITE_SETTINGS":0.07494325642876387,
    "GET_ACCOUNTS":0.07227696080562813,
    "DISABLE_KEYGUARD":0.062458801123566096,
    "KILL_BACKGROUND_PROCESSES":0.06071953457227077,
    "QUERY_ALL_PACKAGES":0.05377638249949988,
    "SEND_SMS":0.04267290483603058,
    "MODIFY_PHONE_STATE":0.039070883808297985,
    "MANAGE_ACCOUNTS":0.03673852736301097,
    "NEARBY_WIFI_DEVICES":0.03305997860702137,
    "MANAGE_EXTERNAL_STORAGE":0.025751580558478454,
    "RECORD_AUDIO":0.024845422685253592,
    "USE_CREDENTIALS":0.02317572679601009,
    "BROADCAST_STICKY":0.014702020158099306,
    "AUTHENTICATE_ACCOUNTS":0.014453305041264079,
    "NFC":0.014432433842648534,
    "REBOOT":0.014432433842648534,
    "CALL_PHONE":0.013562800567000877,
    "MANAGE_OWN_CALLS":0.013562800567000877,
    "LOCK_DEVICE":0.011087824264507641,
    "RESET_PASSWORD":0.01019731979024444,
    "MASTER_CLEAR":0.01019731979024444,
    "READ_LOGS":0.008515449035141868,
    "SET_WALLPAPER":0.008271951717960524,
    "BLUETOOTH_ADVERTISE":0.007216216921324267,
    "SUSPEND_APPS":0.007216216921324267,
    "WHITELIST_AUTO_REVOKE_PERMISSIONS":0.007216216921324267,
    "PACKAGE_VERIFICATION_AGENT":0.007216216921324267
}