{
    "ACCESS_FINE_LOCATION":0.5133519714643783,
    "ACCESS_COARSE_LOCATION":0.5133519714643783,
    "READ_EXTERNAL_STORAGE":0.509351879133666,
    "WRITE_EXTERNAL_STORAGE":0.509351879133666,
    "ACCESS_NETWORK_STATE":0.509351879133666,
    "READ_PHONE_STATE":0.5037169900730902,
    "READ_PRIVILEGED_PHONE_STATE":0.5037169900730902,
    "WAKE_LOCK":0.49938695122630083,
    "USE_ICC_AUTH_WITH_DEVICE_IDENTIFIER":0.4937520621657251,
    "LOCAL_MAC_ADDRESS":0.4937520621657251,
    "USE_FULL_SCREEN_INTENT":0.4884824225406421,
    "INTERACT_ACROSS_USERS":0.4548781166707173,
    "MANAGE_USERS":0.4548781166707173,
    "SCHEDULE_EXACT_ALARM":0.4409388947199051,
    "USE_FINGERPRINT":0.42147612368513593,
    "USE_BIOMETRIC":0.4170985616775946,
    "ACCESS_WIFI_STATE":0.4133048556450046,
    "DUMP":0.4103285479773462,
    "BLUETOOTH":0.3714084371261794,
    "FOREGROUND_SERVICE":0.3622378249056664,
    "BLUETOOTH_CONNECT":0.35423220902587016,
    "VIBRATE":0.3390519536771384,
    "SYSTEM_ALERT_WINDOW":0.31141519899305203,
    "CHANGE_WIFI_STATE":0.2775963599974472,
    "READ_BASIC_PHONE_STATE":0.26962604703706666,
    "INSTALL_PACKAGES":0.26197074474224114,
    "REQUEST_INSTALL_PACKAGES":0.25759318273469994,
    "MEDIA_CONTENT_CONTROL":0.25439147950461855,
    "INTERNET":0.2516636500774626,
    "CAMERA":0.24872400313381296,
    "CHANGE_NETWORK_STATE":0.2212271023227962,
    "PACKAGE_USAGE_STATS":0.21567368153779506,
    "ACCESS_MEDIA_LOCATION":0.21258467608892528,
    "READ_SMS":0.2027365193765504,
    "READ_PHONE_NUMBERS":0.2027365193765504,
    "BLUETOOTH_SCAN":0.14516832024636003,
    "BLUETOOTH_ADMIN":0.14397616781378522,
    "READ_CALL_LOG":0.13776964301959443,
    "REORDER_TASKS":0.1376162111005956,
    "WRITE_SETTINGS":0.1178696589059082,
    "HIGH_SAMPLING_RATE_SENSORS":0.10784498759645501,
    "GET_ACCOUNTS":0.10638806326826278,
    "MODIFY_AUDIO_SETTINGS":0.10635004473966131,
    "NFC":0.08952820363810159,
    "MANAGE_ACCOUNTS":0.08951326778757959,
    "USE_CREDENTIALS":0.08951326778757959,
    "MODIFY_PHONE_STATE":0.08098897055329178,
    "KILL_BACKGROUND_PROCESSES":0.0763059025123458,
    "QUERY_ALL_PACKAGES":0.06683657328139275,
    "MANAGE_EXTERNAL_STORAGE":0.06397703680872469,
    "AUTHENTICATE_ACCOUNTS":0.04497999274932346,
    "DISABLE_KEYGUARD":0.03099053202857363,
    "SEND_SMS":0.02865375032417584,
    "WHITELIST_AUTO_REVOKE_PERMISSIONS":0.023333871929155182,
    "RECORD_AUDIO":0.022182453634367657,
    "REBOOT":0.01567042280677218,
    "WRITE_SYNC_SETTINGS":0.012704977575857144,
    "NEARBY_WIFI_DEVICES":0.012309856439320388,
    "BROADCAST_STICKY":0.011269778121151468,
    "READ_LOGS":0.010012451068116981,
    "INTERACT_ACROSS_USERS_FULL":0.009216777576671827,
    "INTERACT_ACROSS_PROFILES":0.009216777576671827,
    "SET_TIME":0.009216777576671827,
    "SET_TIME_ZONE":0.009216777576671827,
    "SET_WALLPAPER":0.0066260864133999,
    "SET_WALLPAPER_HINTS":0.0009911973528241654
}