{
    "ACCESS_FINE_LOCATION":0.41948223609220747,
    "ACCESS_COARSE_LOCATION":0.41329871584704286,
    "ACCESS_NETWORK_STATE":0.3847326004320345,
    "READ_EXTERNAL_STORAGE":0.38280298178925165,
    "WRITE_EXTERNAL_STORAGE":0.38280298178925165,
    "READ_PHONE_STATE":0.3744748957818632,
    "READ_PRIVILEGED_PHONE_STATE":0.36865303967335145,
    "WAKE_LOCK":0.3638831757946352,
    "USE_FULL_SCREEN_INTENT":0.36318526657902267,
    "LOCAL_MAC_ADDRESS":0.3513555938872961,
    "USE_ICC_AUTH_WITH_DEVICE_IDENTIFIER":0.34902952713417496,
    "SCHEDULE_EXACT_ALARM":0.3416307975519215,
    "INTERACT_ACROSS_USERS":0.32138028158964527,
    "MANAGE_USERS":0.32138028158964527,
    "USE_FINGERPRINT":0.2991707143914676,
    "USE_BIOMETRIC":0.2991707143914676,
    "BLUETOOTH":0.2776554888218577,
    "BLUETOOTH_CONNECT":0.27495616327418854,
    "VIBRATE":0.27042577367584525,
    "ACCESS_WIFI_STATE":0.2687766565644492,
    "DUMP":0.24255756747644933,
    "FOREGROUND_SERVICE":0.23340403101660165,
    "SYSTEM_ALERT_WINDOW":0.2301816080185085,
    "CHANGE_WIFI_STATE":0.21222594242271253,
    "INTERNET":0.20251274074523307,
    "CAMERA":0.18578432509280177,
    "REQUEST_INSTALL_PACKAGES":0.17069699948091605,
    "INSTALL_PACKAGES":0.17069699948091605,
    "MEDIA_CONTENT_CONTROL":0.1697819134039596,
    "READ_SMS":0.16495140054548402,
    "READ_PHONE_NUMBERS":0.16495140054548402,
    "PACKAGE_USAGE_STATS":0.1630382819927827,
    "CHANGE_NETWORK_STATE":0.1598386023620993,
    "MODIFY_AUDIO_SETTINGS":0.15972310173152832,
    "READ_BASIC_PHONE_STATE":0.1556065522303662,
    "READ_CALL_LOG":0.12468493746911813,
    "HIGH_SAMPLING_RATE_SENSORS":0.12101478229691959,
    "BLUETOOTH_SCAN":0.10898354093716948,
    "BLUETOOTH_ADMIN":0.10853491686630293,
    "WRITE_SETTINGS":0.09594980761786862,
    "MANAGE_ACCOUNTS":0.09038838536361739,
    "USE_CREDENTIALS":0.09038838536361739,
    "MODIFY_PHONE_STATE":0.08572644099300221,
    "ACCESS_MEDIA_LOCATION":0.07882137626805424,
    "GET_ACCOUNTS":0.07081125145602146,
    "REORDER_TASKS":0.06373360470778788,
    "QUERY_ALL_PACKAGES":0.054424878211497274,
    "KILL_BACKGROUND_PROCESSES":0.051289861095998424,
    "SEND_SMS":0.04457521632955942,
    "MANAGE_EXTERNAL_STORAGE":0.03970991949739834,
    "NFC":0.03864053528076019,
    "DISABLE_KEYGUARD":0.031078588591213395,
    "REBOOT":0.01335303235979829,
    "AUTHENTICATE_ACCOUNTS":0.011339129473085232,
    "WHITELIST_AUTO_REVOKE_PERMISSIONS":0.010959181452828473,
    "RUN_IN_BACKGROUND":0.00950895731917239,
    "USE_DATA_IN_BACKGROUND":0.00950895731917239,
    "REQUEST_COMPANION_RUN_IN_BACKGROUND":0.00950895731917239,
    "REQUEST_COMPANION_USE_DATA_IN_BACKGROUND":0.00950895731917239,
    "BROADCAST_STICKY":0.009436713681517937,
    "NEARBY_WIFI_DEVICES":0.007648460675379904,
    "PACKAGE_VERIFICATION_AGENT":0.005365204966794684,
    "RECORD_AUDIO":0.004634295571019063,
    "SET_WALLPAPER":0.0033468425962757957,
    "CALL_PHONE":0.0026261900132535858,
    "ANSWER_PHONE_CALLS":0.0026261900132535858,
    "MANAGE_OWN_CALLS":0.0026261900132535858,
    "WRITE_SYNC_SETTINGS":0.0026261900132535858,
    "READ_LOGS":0.0010212217915351862
}