{
    "ACCESS_NETWORK_STATE":0.49705751631886713,
    "READ_EXTERNAL_STORAGE":0.49651836864567117,
    "WRITE_EXTERNAL_STORAGE":0.49651836864567117,
    "WAKE_LOCK":0.490695122841398,
    "READ_PHONE_STATE":0.48729705514891375,
    "ACCESS_FINE_LOCATION":0.47974701488898536,
    "READ_PRIVILEGED_PHONE_STATE":0.47424759588894705,
    "ACCESS_COARSE_LOCATION":0.46896828892903897,
    "USE_FULL_SCREEN_INTENT":0.4513739810658529,
    "LOCAL_MAC_ADDRESS":0.4484243106279707,
    "USE_ICC_AUTH_WITH_DEVICE_IDENTIFIER":0.44773776398296006,
    "BLUETOOTH":0.4401420666801336,
    "BLUETOOTH_CONNECT":0.43976384599146173,
    "SCHEDULE_EXACT_ALARM":0.4228732766227743,
    "INTERNET":0.4140617491776742,
    "INTERACT_ACROSS_USERS":0.41390392236273293,
    "MANAGE_USERS":0.4138867305132478,
    "ACCESS_WIFI_STATE":0.4131660820028645,
    "VIBRATE":0.3950537639863414,
    "USE_FINGERPRINT":0.3785442336423056,
    "USE_BIOMETRIC":0.3785442336423056,
    "DUMP":0.36946158227581904,
    "SYSTEM_ALERT_WINDOW":0.3693609676812908,
    "MODIFY_AUDIO_SETTINGS":0.3606745743537551,
    "CHANGE_WIFI_STATE":0.3577344862582129,
    "FOREGROUND_SERVICE":0.35472281242874465,
    "READ_CALL_LOG":0.3406564975467724,
    "CHANGE_NETWORK_STATE":0.3332651296025825,
    "CAMERA":0.33213638604212886,
    "READ_BASIC_PHONE_STATE":0.3233592422960022,
    "REQUEST_INSTALL_PACKAGES":0.2552369614617891,
    "INSTALL_PACKAGES":0.2552369614617891,
    "READ_SMS":0.25128368158101505,
    "READ_PHONE_NUMBERS":0.25128368158101505,
    "PACKAGE_USAGE_STATS":0.24850564780438572,
    "MEDIA_CONTENT_CONTROL":0.2437705615224401,
    "WRITE_SETTINGS":0.22277198562760991,
    "BLUETOOTH_ADMIN":0.1961034814058853,
    "ACCESS_MEDIA_LOCATION":0.16037656350711238,
    "BLUETOOTH_SCAN":0.15260584753985953,
    "REORDER_TASKS":0.1436204287647243,
    "GET_ACCOUNTS":0.11962708905631513,
    "HIGH_SAMPLING_RATE_SENSORS":0.11528797897972128,
    "KILL_BACKGROUND_PROCESSES":0.11393151387198867,
    "MODIFY_PHONE_STATE":0.11292198592353708,
    "MANAGE_ACCOUNTS":0.092309240224529,
    "USE_CREDENTIALS":0.08978598402059607,
    "QUERY_ALL_PACKAGES":0.0725228306351973,
    "NFC":0.06382600946453405,
    "RECORD_AUDIO":0.05691178580195444,
    "MANAGE_EXTERNAL_STORAGE":0.0495246453617362,
    "SEND_SMS":0.03586360719385791,
    "AUTHENTICATE_ACCOUNTS":0.03399843244152629,
    "DISABLE_KEYGUARD":0.03322649021628658,
    "SET_WALLPAPER":0.029193451427246764,
    "WRITE_SYNC_SETTINGS":0.026578881137524716,
    "REBOOT":0.02092783566170099,
    "BROADCAST_STICKY":0.015216759629478561,
    "NEARBY_WIFI_DEVICES":0.011964963574416263,
    "READ_SYNC_SETTINGS":0.011126790453619305,
    "WHITELIST_AUTO_REVOKE_PERMISSIONS":0.010097534153299708,
    "BLUETOOTH_ADVERTISE":0.006063086196269304,
    "BACKUP":0.004542030267237304,
    "MANAGE_OWN_CALLS":0.0037241491655046993,
    "CALL_PHONE":0.003706957316019624,
    "SET_WALLPAPER_HINTS":0.002713212049062641,
    "READ_SYNC_STATS":0.0024564616411789733,
    "READ_LOGS":0.0018615109155561173,
    "SET_TIME":0.0012014566287684677,
    "SET_TIME_ZONE":0.0012014566287684677,
    "PACKAGE_VERIFICATION_AGENT":0.00034383698970150833,
    "ANSWER_PHONE_CALLS":0.0001891103443358297,
    "LOCK_DEVICE":0.00015472664536567883,
    "SUSPEND_APPS":0.00012034294639552797,
    "BLUETOOTH_PRIVILEGED":8.595924742537712e-05,
    "NETWORK_SCAN":5.157554845522627e-05,
    "NETWORK_SETTINGS":1.7191849485075424e-05,
    "NETWORK_SETUP_WIZARD":1.7191849485075424e-05,
    "NETWORK_CARRIER_PROVISIONING":1.7191849485075424e-05,
    "READ_PRECISE_PHONE_STATE":1.7191849485075424e-05,
    "RECOVERY":1.7191849485075424e-05,
    "WRITE_SECURE_SETTINGS":1.7191849485075424e-05,
    "UPDATE_DEVICE_STATS":1.7191849485075424e-05,
    "RESET_PASSWORD":1.7191849485075424e-05,
    "REQUEST_DELETE_PACKAGES":1.7191849485075424e-05,
    "DELETE_PACKAGES":1.7191849485075424e-05,
    "MASTER_CLEAR":1.7191849485075424e-05,
    "BIND_APPWIDGET":1.7191849485075424e-05
}