{
    "INTERNET":1.0,
    "ACCESS_NETWORK_STATE":0.993582109609227,
    "ACCESS_WIFI_STATE":0.9858034102090026,
    "WRITE_EXTERNAL_STORAGE":0.9779165875049625,
    "READ_EXTERNAL_STORAGE":0.964137044742968,
    "CAMERA":0.9242488133467409,
    "READ_PHONE_STATE":0.7222080632181513,
    "WAKE_LOCK":0.7208302634038145,
    "REQUEST_INSTALL_PACKAGES":0.6927660875891439,
    "VIBRATE":0.6777508499263992,
    "CHANGE_NETWORK_STATE":0.5299432043731247,
    "GET_TASKS":0.5058765015623821,
    "CHANGE_WIFI_STATE":0.49381303009380506,
    "RECORD_AUDIO":0.4665536005832482,
    "ACCESS_COARSE_LOCATION":0.42914602670027785,
    "MOUNT_UNMOUNT_FILESYSTEMS":0.40792296677988743,
    "MODIFY_AUDIO_SETTINGS":0.38687135952697593,
    "ACCESS_FINE_LOCATION":0.36094648050922995,
    "SYSTEM_ALERT_WINDOW":0.33208528148357536,
    "RECEIVE_BOOT_COMPLETED":0.31703297297380795,
    "WRITE_SETTINGS":0.2936690716378672,
    "FLASHLIGHT":0.2911930479804884,
    "QUERY_ALL_PACKAGES":0.2772930249656708,
    "READ_LOGS":0.24915934131283313,
    "BLUETOOTH":0.23585399646900168,
    "REORDER_TASKS":0.22528726044895875,
    "FOREGROUND_SERVICE":0.22076307249358587,
    "ACCESS_LOCATION_EXTRA_COMMANDS":0.19594877426788931,
    "READ_MEDIA_AUDIO":0.194058161069741,
    "READ_MEDIA_VIDEO":0.194058161069741,
    "BLUETOOTH_ADMIN":0.12833154929882035,
    "CHANGE_CONFIGURATION":0.1120867952098287,
    "RESTART_PACKAGES":0.09942092247713576,
    "MANAGE_ACCOUNTS":0.0965402087397611,
    "C2D_MESSAGE":0.09579261332480701,
    "ACCESS_BACKGROUND_LOCATION":0.0941043451666566,
    "CALL_PHONE":0.09093633236485742,
    "DISABLE_KEYGUARD":0.08592713416093997,
    "USE_CREDENTIALS":0.08429910612920116,
    "GET_ACCOUNTS":0.08125466281747704,
    "EXPAND_STATUS_BAR":0.07515496386364724,
    "BROADCAST_STICKY":0.07428379895861811,
    "READ_CONTACTS":0.0706570344249153,
    "KILL_BACKGROUND_PROCESSES":0.06249681422408399,
    "SET_WALLPAPER":0.05562326133865916,
    "MANAGE_EXTERNAL_STORAGE":0.05537612235850906,
    "READ_CALENDAR":0.04380538423160628,
    "WRITE_CALENDAR":0.04380538423160628,
    "READ_PRIVILEGED_PHONE_STATE":0.04326013385665012,
    "INTERACT_ACROSS_USERS_FULL":0.039188519158677125,
    "INSTALL_PACKAGES":0.03861237641120218,
    "REQUEST_IGNORE_BATTERY_OPTIMIZATIONS":0.0338163355776642,
    "USE_FINGERPRINT":0.03284631508057503,
    "NFC":0.03194116856577526,
    "READ_SMS":0.03182995602470771,
    "INSTALL_SHORTCUT":0.03019266028121326,
    "UNINSTALL_SHORTCUT":0.029248898300765047,
    "AUTHENTICATE_ACCOUNTS":0.025980485288279894,
    "PACKAGE_USAGE_STATS":0.025649936902329126,
    "BATTERY_STATS":0.025649936902329126,
    "RECEIVE_SMS":0.02541206563393465,
    "USE_FULL_SCREEN_INTENT":0.0240744259038722,
    "WRITE_CONTACTS":0.019253671172319194,
    "READ_CALL_LOG":0.017064946579364818,
    "ACCESS_MOCK_LOCATION":0.01605785523525314,
    "INTERACT_ACROSS_USERS":0.015620728164112635,
    "CAPTURE_AUDIO_OUTPUT":0.01482679419038042,
    "CHANGE_WIFI_MULTICAST_STATE":0.014480799618170273,
    "READ_PHONE_NUMBERS":0.013527769925966425,
    "SET_DEBUG_APP":0.013427369715280446,
    "CAPTURE_VIDEO_OUTPUT":0.013427369715280446,
    "READ_SYNC_SETTINGS":0.01283578078154613,
    "WRITE_SYNC_SETTINGS":0.01283578078154613,
    "SEND_SMS":0.012488241590710044,
    "WRITE_APN_SETTINGS":0.011822510962930695,
    "RECEIVE_MMS":0.010647056188591754,
    "REQUEST_COMPANION_RUN_IN_BACKGROUND":0.010647056188591754,
    "REQUEST_COMPANION_USE_DATA_IN_BACKGROUND":0.010647056188591754,
    "READ_HISTORY_BOOKMARKS":0.01059144991805798,
    "ACCESS_MEDIA_LOCATION":0.009871657638370796,
    "READ_PROFILE":0.00938973662707809,
    "MANAGE_DOCUMENTS":0.009184302349828314,
    "CHANGE_COMPONENT_ENABLED_STATE":0.007553185080837615,
    "READ_FRAME_BUFFER":0.007553185080837615,
    "WRITE_MEDIA_STORAGE":0.007492944954426026,
    "BODY_SENSORS":0.007009479324507381,
    "UPDATE_DEVICE_STATS":0.007009479324507381,
    "SCHEDULE_EXACT_ALARM":0.007009479324507381,
    "REQUEST_DELETE_PACKAGES":0.007009479324507381,
    "OBSERVE_GRANT_REVOKE_PERMISSIONS":0.007009479324507381,
    "MEDIA_CONTENT_CONTROL":0.006770063437486967,
    "ACTIVITY_RECOGNITION":0.006417890390773065,
    "REAL_GET_TASKS":0.006417890390773065,
    "READ_SYNC_STATS":0.006417890390773065,
    "GET_PACKAGE_SIZE":0.006417890390773065,
    "CAPTURE_SECURE_VIDEO_OUTPUT":0.006417890390773065,
    "SET_ALARM":0.0029718462363050244,
    "BIND_JOB_SERVICE":0.0018411854021182898,
    "LOCAL_MAC_ADDRESS":0.0009437619804482173
}