{
    "INTERNET":1.0,
    "ACCESS_NETWORK_STATE":1.0,
    "ACCESS_WIFI_STATE":0.9847393970844248,
    "WRITE_EXTERNAL_STORAGE":0.9290355872969396,
    "REQUEST_INSTALL_PACKAGES":0.8921741575721032,
    "READ_EXTERNAL_STORAGE":0.8862586446068236,
    "VIBRATE":0.8696934688736173,
    "WAKE_LOCK":0.8306867416264545,
    "READ_PHONE_STATE":0.8090757681397225,
    "CHANGE_NETWORK_STATE":0.795157425700954,
    "CHANGE_WIFI_STATE":0.7360820199425695,
    "CAMERA":0.6638144839472314,
    "FOREGROUND_SERVICE":0.6218115877955761,
    "GET_TASKS":0.5122216730131717,
    "ACCESS_COARSE_LOCATION":0.5007849179786076,
    "RECORD_AUDIO":0.4669732895963215,
    "ACCESS_FINE_LOCATION":0.4589762582242445,
    "WRITE_SETTINGS":0.4415949997173424,
    "SYSTEM_ALERT_WINDOW":0.4282274769126849,
    "MOUNT_UNMOUNT_FILESYSTEMS":0.41659793500618203,
    "BLUETOOTH":0.359970777568885,
    "MODIFY_AUDIO_SETTINGS":0.34064860461441904,
    "RECEIVE_BOOT_COMPLETED":0.31225820105206553,
    "READ_LOGS":0.2808121980457499,
    "REORDER_TASKS":0.26087107776558577,
    "FLASHLIGHT":0.25553102636541675,
    "ACCESS_LOCATION_EXTRA_COMMANDS":0.24819352902891956,
    "QUERY_ALL_PACKAGES":0.2275812785103519,
    "C2D_MESSAGE":0.22151791395907422,
    "BLUETOOTH_ADMIN":0.2122670431567185,
    "BROADCAST_STICKY":0.1773349316766225,
    "INSTALL_SHORTCUT":0.15299885052639517,
    "DISABLE_KEYGUARD":0.14995049870919772,
    "CHANGE_WIFI_MULTICAST_STATE":0.14333631452380924,
    "GET_ACCOUNTS":0.13265331267276537,
    "CALL_PHONE":0.1232038568970591,
    "RESTART_PACKAGES":0.10919854293711527,
    "READ_CONTACTS":0.10698946629926033,
    "UNINSTALL_SHORTCUT":0.10316126984219018,
    "ACCESS_BACKGROUND_LOCATION":0.09755160672637747,
    "KILL_BACKGROUND_PROCESSES":0.09338712038742913,
    "WRITE_CALENDAR":0.08547851006188026,
    "EXPAND_STATUS_BAR":0.07880344581166897,
    "READ_CALENDAR":0.0774408919799212,
    "MANAGE_ACCOUNTS":0.07618560302428971,
    "INSTALL_PACKAGES":0.06914670791049471,
    "READ_PRIVILEGED_PHONE_STATE":0.060959788717184576,
    "CHANGE_CONFIGURATION":0.060288658478781135,
    "NFC":0.0587304187243887,
    "BATTERY_STATS":0.05699823592764551,
    "SCHEDULE_EXACT_ALARM":0.05524286072525552,
    "USE_CREDENTIALS":0.052906225856343345,
    "READ_PHONE_NUMBERS":0.04823730469457777,
    "WRITE_SYNC_SETTINGS":0.043923517244278364,
    "WRITE_CONTACTS":0.042887106616938286,
    "USE_FINGERPRINT":0.04222902210671117,
    "BLUETOOTH_CONNECT":0.04035043724932271,
    "REQUEST_IGNORE_BATTERY_OPTIMIZATIONS":0.03686432877554246,
    "AUTHENTICATE_ACCOUNTS":0.03564672747908698,
    "REAL_GET_TASKS":0.033691317777993605,
    "READ_SYNC_SETTINGS":0.03221715049407072,
    "MANAGE_EXTERNAL_STORAGE":0.030905330049675238,
    "USE_FULL_SCREEN_INTENT":0.029919652809687478,
    "GET_PACKAGE_SIZE":0.02529856598456836,
    "SET_WALLPAPER":0.0241070561444655,
    "SEND_SMS":0.023227194255241126,
    "CLEAR_APP_CACHE":0.020874614607446797,
    "WRITE_MEDIA_STORAGE":0.020781844984859712,
    "INTERACT_ACROSS_USERS":0.01950771219964023,
    "MOUNT_FORMAT_FILESYSTEMS":0.019146780386762357,
    "PACKAGE_USAGE_STATS":0.018845279113354336,
    "INTERACT_ACROSS_USERS_FULL":0.0186742351217094,
    "READ_MEDIA_AUDIO":0.0186307493611217,
    "READ_MEDIA_VIDEO":0.0186307493611217,
    "INJECT_EVENTS":0.016518790921912625,
    "HIGH_SAMPLING_RATE_SENSORS":0.01457352789828971,
    "SET_ALARM":0.014374942924939231,
    "WRITE_SECURE_SETTINGS":0.014108230260001365,
    "READ_FRAME_BUFFER":0.014108230260001365,
    "USE_BIOMETRIC":0.012036858530674132,
    "ACCESS_MEDIA_LOCATION":0.011889006944675968,
    "RECEIVE_SMS":0.011846970709441195,
    "READ_SMS":0.011846970709441195,
    "CAPTURE_VIDEO_OUTPUT":0.011691871496678415,
    "WRITE_APN_SETTINGS":0.01138022354579993,
    "READ_HISTORY_BOOKMARKS":0.009145055451592377,
    "ACCESS_NOTIFICATION_POLICY":0.008805866519008351,
    "READ_PROFILE":0.008433338503307092,
    "SET_DEBUG_APP":0.007856427412843666,
    "DEVICE_POWER":0.007715823453610117,
    "READ_CALL_LOG":0.007489697498554101,
    "READ_SYNC_STATS":0.00673014621362235,
    "WRITE_CALL_LOG":0.006018429265337066,
    "READ_USER_DICTIONARY":0.006018429265337066,
    "WRITE_SMS":0.006018429265337066,
    "ACCESS_MOCK_LOCATION":0.006018429265337066,
    "TRANSMIT_IR":0.006018429265337066,
    "START_ACTIVITIES_FROM_BACKGROUND":0.006018429265337066,
    "REQUEST_DELETE_PACKAGES":0.006018429265337066,
    "ACCESS_CHECKIN_PROPERTIES":0.006018429265337066,
    "CAPTURE_AUDIO_OUTPUT":0.005673442231341348,
    "HARDWARE_TEST":0.004909542370350829,
    "BLUETOOTH_PRIVILEGED":0.003552786640014728,
    "DELETE_PACKAGES":0.003244037739842089,
    "ANSWER_PHONE_CALLS":0.0029889212777276086,
    "CAPTURE_SECURE_VIDEO_OUTPUT":0.0029889212777276086,
    "ACTIVITY_RECOGNITION":0.0019597582771521465,
    "GET_TOP_ACTIVITY_INFO":0.0019597582771521465,
    "PROCESS_OUTGOING_CALLS":0.0014712682332170333
}