{
    "INTERNET":0.99089851666207,
    "ACCESS_NETWORK_STATE":0.99089851666207,
    "ACCESS_WIFI_STATE":0.99089851666207,
    "WRITE_EXTERNAL_STORAGE":0.9746073240131495,
    "READ_EXTERNAL_STORAGE":0.9448137990341772,
    "READ_PHONE_STATE":0.8805415322628998,
    "REQUEST_INSTALL_PACKAGES":0.8670614697019792,
    "CAMERA":0.8118033202512712,
    "WAKE_LOCK":0.7841100058072705,
    "CHANGE_WIFI_STATE":0.7452304150228436,
    "VIBRATE":0.7335165164599289,
    "GET_TASKS":0.6966617616072607,
    "CHANGE_NETWORK_STATE":0.688433938442932,
    "ACCESS_COARSE_LOCATION":0.6411911928202265,
    "ACCESS_FINE_LOCATION":0.6299997773023087,
    "MOUNT_UNMOUNT_FILESYSTEMS":0.6055458577372888,
    "SYSTEM_ALERT_WINDOW":0.549068010161867,
    "RECORD_AUDIO":0.4965713120834056,
    "WRITE_SETTINGS":0.48911950472033466,
    "FOREGROUND_SERVICE":0.48596404974038593,
    "BLUETOOTH":0.4288420919193288,
    "MODIFY_AUDIO_SETTINGS":0.42088150598457236,
    "RECEIVE_BOOT_COMPLETED":0.38221262147730806,
    "FLASHLIGHT":0.37836166447680614,
    "ACCESS_LOCATION_EXTRA_COMMANDS":0.3411334627264023,
    "READ_LOGS":0.3052928388987771,
    "CALL_PHONE":0.2774128010059084,
    "BLUETOOTH_ADMIN":0.26852031088597705,
    "C2D_MESSAGE":0.24246125488436,
    "QUERY_ALL_PACKAGES":0.23301202053615327,
    "BROADCAST_STICKY":0.20265147297392216,
    "RESTART_PACKAGES":0.2017110034929277,
    "REORDER_TASKS":0.19250844966432612,
    "ACCESS_BACKGROUND_LOCATION":0.19230116950549123,
    "GET_ACCOUNTS":0.18539582801571225,
    "READ_CONTACTS":0.17695901163338482,
    "CHANGE_CONFIGURATION":0.15254963160662685,
    "NFC":0.1510866790806355,
    "DISABLE_KEYGUARD":0.14356292323267975,
    "MANAGE_ACCOUNTS":0.13799548094992561,
    "EXPAND_STATUS_BAR":0.13541218773072772,
    "USE_FINGERPRINT":0.10783707436903751,
    "READ_CALENDAR":0.1046610626791218,
    "INSTALL_SHORTCUT":0.10387648158204442,
    "USE_CREDENTIALS":0.09443409947049346,
    "KILL_BACKGROUND_PROCESSES":0.09264737876252037,
    "READ_PRIVILEGED_PHONE_STATE":0.08878443034787097,
    "SEND_SMS":0.08758186281479606,
    "WRITE_CALENDAR":0.083348893620739,
    "WRITE_CONTACTS":0.07884183496045406,
    "RECEIVE_SMS":0.0687758993132346,
    "READ_SMS":0.0687758993132346,
    "REQUEST_IGNORE_BATTERY_OPTIMIZATIONS":0.06395021164845972,
    "CHANGE_WIFI_MULTICAST_STATE":0.0627305135237456,
    "UNINSTALL_SHORTCUT":0.0620127417340613,
    "WRITE_SYNC_SETTINGS":0.060722808183626256,
    "PACKAGE_USAGE_STATS":0.05953223206469885,
    "AUTHENTICATE_ACCOUNTS":0.058634589062802486,
    "READ_SYNC_SETTINGS":0.05361361265334023,
    "READ_PHONE_NUMBERS":0.052114685884906434,
    "SET_WALLPAPER":0.05162817708235192,
    "INTERACT_ACROSS_USERS_FULL":0.049613619505576884,
    "ACTIVITY_RECOGNITION":0.04732668552173789,
    "SET_ALARM":0.04624231907097378,
    "ACCESS_NOTIFICATION_POLICY":0.04607957845040096,
    "INSTALL_PACKAGES":0.0454628771513882,
    "READ_PROFILE":0.04295324547623904,
    "READ_CALL_LOG":0.04054297123259748,
    "WRITE_MEDIA_STORAGE":0.04052755370012216,
    "BLUETOOTH_CONNECT":0.03962134540240618,
    "MANAGE_EXTERNAL_STORAGE":0.03846503046675725,
    "CLEAR_APP_CACHE":0.036972955934979145,
    "GET_PACKAGE_SIZE":0.036546404203161985,
    "READ_HISTORY_BOOKMARKS":0.035732701100297914,
    "RECEIVE_MMS":0.033418358169836127,
    "SET_WALLPAPER_HINTS":0.03177896054996053,
    "INTERACT_ACROSS_USERS":0.031760116899157365,
    "ADD_VOICEMAIL":0.03021322447413368,
    "READ_SYNC_STATS":0.03021322447413368,
    "BATTERY_STATS":0.03021322447413368,
    "USE_FULL_SCREEN_INTENT":0.029545131400203182,
    "MANAGE_DOCUMENTS":0.029195667330762617,
    "WRITE_APN_SETTINGS":0.028685175699913162,
    "BLUETOOTH_SCAN":0.02647361631928683,
    "BLUETOOTH_ADVERTISE":0.02647361631928683,
    "DEVICE_POWER":0.026324580172025415,
    "PROCESS_OUTGOING_CALLS":0.025394389046014498,
    "READ_SOCIAL_STREAM":0.024486467689134594,
    "ACCESS_MOCK_LOCATION":0.02360252916054963,
    "USE_SIP":0.023104028943847648,
    "BODY_SENSORS":0.023104028943847648,
    "WRITE_PROFILE":0.023104028943847648,
    "WRITE_SOCIAL_STREAM":0.023104028943847648,
    "READ_USER_DICTIONARY":0.023104028943847648,
    "WRITE_USER_DICTIONARY":0.023104028943847648,
    "PERSISTENT_ACTIVITY":0.023104028943847648,
    "STATUS_BAR_SERVICE":0.02243593586991715,
    "CAPTURE_AUDIO_OUTPUT":0.02243593586991715,
    "CAPTURE_VIDEO_OUTPUT":0.02243593586991715,
    "MODIFY_PHONE_STATE":0.022086471800476584,
    "ANSWER_PHONE_CALLS":0.021312169058382777,
    "SET_DEBUG_APP":0.019770415810850865,
    "RECEIVE_WAP_PUSH":0.019215384641739382,
    "READ_CELL_BROADCASTS":0.019215384641739382,
    "WRITE_CALL_LOG":0.019215384641739382,
    "WRITE_SMS":0.019215384641739382,
    "WRITE_HISTORY_BOOKMARKS":0.019215384641739382,
    "SUBSCRIBED_FEEDS_READ":0.019215384641739382,
    "SUBSCRIBED_FEEDS_WRITE":0.019215384641739382,
    "BIND_DIRECTORY_SEARCH":0.019215384641739382,
    "ACCOUNT_MANAGER":0.019215384641739382,
    "TRANSMIT_IR":0.019215384641739382,
    "GET_INTENT_SENDER_INTENT":0.019215384641739382,
    "UPDATE_APP_OPS_STATS":0.019215384641739382,
    "CLEAR_APP_USER_DATA":0.019215384641739382,
    "DELETE_PACKAGES":0.019215384641739382,
    "BIND_APPWIDGET":0.019215384641739382,
    "ACCESS_CACHE_FILESYSTEM":0.019215384641739382,
    "READ_INSTALL_SESSIONS":0.019215384641739382,
    "REQUEST_DELETE_PACKAGES":0.016493333630263597,
    "SYSTEM_CAMERA":0.015326740339631117,
    "CAMERA_OPEN_CLOSE_LISTENER":0.015326740339631117,
    "LOCATION_HARDWARE":0.015326740339631117,
    "ACCESS_CONTEXT_HUB":0.015326740339631117,
    "MANAGE_USERS":0.015326740339631117,
    "CREATE_USERS":0.015326740339631117,
    "SYSTEM_APPLICATION_OVERLAY":0.015326740339631117,
    "SET_TIME":0.015326740339631117,
    "SET_TIME_ZONE":0.015326740339631117,
    "WRITE_SECURE_SETTINGS":0.015326740339631117,
    "SIGNAL_PERSISTENT_PROCESSES":0.015326740339631117,
    "UPDATE_DEVICE_STATS":0.015326740339631117,
    "GRANT_RUNTIME_PERMISSIONS":0.015326740339631117,
    "BACKUP":0.015326740339631117,
    "LOCAL_MAC_ADDRESS":0.015326740339631117,
    "READ_MEDIA_AUDIO":0.015326740339631117,
    "READ_MEDIA_VIDEO":0.015326740339631117,
    "GET_TOP_ACTIVITY_INFO":0.014218391060572065,
    "USE_BIOMETRIC":0.014202973528096746,
    "WRITE_VOICEMAIL":0.0071091955302860325,
    "READ_VOICEMAIL":0.0071091955302860325,
    "BLUETOOTH_PRIVILEGED":0.0071091955302860325,
    "HARDWARE_TEST":0.0071091955302860325,
    "STATUS_BAR":0.0071091955302860325,
    "SCHEDULE_EXACT_ALARM":0.0071091955302860325,
    "CAPTURE_SECURE_VIDEO_OUTPUT":0.0071091955302860325,
    "CALL_PRIVILEGED":0.0071091955302860325,
    "ACCESS_MEDIA_LOCATION":0.003888644302108264,
    "BIND_VPN_SERVICE":0.003888644302108264,
    "READ_CLIPBOARD_IN_BACKGROUND":0.00040428196268614547
}