{
    "INTERNET":1.0,
    "ACCESS_NETWORK_STATE":1.0,
    "WRITE_EXTERNAL_STORAGE":0.9916245131900241,
    "ACCESS_WIFI_STATE":0.9775812894785225,
    "READ_EXTERNAL_STORAGE":0.9603410366944175,
    "VIBRATE":0.9399903663667678,
    "READ_PHONE_STATE":0.9337938432878343,
    "CAMERA":0.9246434112178645,
    "WAKE_LOCK":0.8475363578484479,
    "ACCESS_COARSE_LOCATION":0.8465714750247298,
    "CHANGE_WIFI_STATE":0.8275063021283643,
    "ACCESS_FINE_LOCATION":0.8255142369600263,
    "GET_TASKS":0.7911689669371882,
    "CHANGE_NETWORK_STATE":0.7559135161089847,
    "REQUEST_INSTALL_PACKAGES":0.745927358758629,
    "RECORD_AUDIO":0.7164247368604992,
    "WRITE_SETTINGS":0.6953173552789728,
    "MOUNT_UNMOUNT_FILESYSTEMS":0.6775589528210286,
    "BLUETOOTH":0.6751854930247329,
    "SYSTEM_ALERT_WINDOW":0.6551113717898651,
    "BLUETOOTH_ADMIN":0.5833575187164474,
    "MODIFY_AUDIO_SETTINGS":0.5659531598772851,
    "FOREGROUND_SERVICE":0.5528170779701296,
    "RECEIVE_BOOT_COMPLETED":0.5386416577142761,
    "ACCESS_LOCATION_EXTRA_COMMANDS":0.4863237356616135,
    "FLASHLIGHT":0.4687112052526095,
    "READ_LOGS":0.43740493624935606,
    "CALL_PHONE":0.406735337959706,
    "C2D_MESSAGE":0.27458133962203946,
    "READ_CONTACTS":0.2505717120668095,
    "ACCESS_BACKGROUND_LOCATION":0.2423831238195381,
    "DISABLE_KEYGUARD":0.23871656908940897,
    "QUERY_ALL_PACKAGES":0.22351092748791623,
    "GET_ACCOUNTS":0.22334834093336842,
    "REORDER_TASKS":0.21965899369559247,
    "BROADCAST_STICKY":0.17842734736237512,
    "CHANGE_WIFI_MULTICAST_STATE":0.16536420147968967,
    "USE_CREDENTIALS":0.16075859543450882,
    "MANAGE_ACCOUNTS":0.15271891823719708,
    "RESTART_PACKAGES":0.13957523882749265,
    "READ_CALENDAR":0.13193822926527593,
    "WRITE_CALENDAR":0.13193822926527593,
    "CHANGE_CONFIGURATION":0.12551682011089313,
    "WRITE_CONTACTS":0.12228484252656469,
    "KILL_BACKGROUND_PROCESSES":0.11769898998801115,
    "USE_FINGERPRINT":0.09265914108714184,
    "SET_DEBUG_APP":0.08879960979226909,
    "NFC":0.0873515258064369,
    "INSTALL_SHORTCUT":0.08665863357397156,
    "READ_SMS":0.07663296921036118,
    "AUTHENTICATE_ACCOUNTS":0.07362587770148196,
    "RECEIVE_SMS":0.06788216577446662,
    "PROCESS_OUTGOING_CALLS":0.0642004160392396,
    "REQUEST_IGNORE_BATTERY_OPTIMIZATIONS":0.06209894683419667,
    "READ_CALL_LOG":0.0590249973028866,
    "USE_FULL_SCREEN_INTENT":0.057771409382307855,
    "BLUETOOTH_PRIVILEGED":0.05752676980023127,
    "USE_BIOMETRIC":0.05435405273578469,
    "ACTIVITY_RECOGNITION":0.054088140146571026,
    "UNINSTALL_SHORTCUT":0.04988824073750477,
    "SEND_SMS":0.04896590392806077,
    "BODY_SENSORS":0.045612366302948903,
    "INSTALL_PACKAGES":0.043430363570886976,
    "READ_PRIVILEGED_PHONE_STATE":0.040757562174162106,
    "DEVICE_POWER":0.04059193661859473,
    "READ_MEDIA_AUDIO":0.04021661999267601,
    "READ_MEDIA_VIDEO":0.04021661999267601,
    "WRITE_MEDIA_STORAGE":0.03519467080781206,
    "WRITE_SMS":0.03492268021655921,
    "EXPAND_STATUS_BAR":0.03430880201060307,
    "INTERACT_ACROSS_USERS_FULL":0.03424954149072117,
    "INTERACT_ACROSS_USERS":0.030271489156084613,
    "WRITE_APN_SETTINGS":0.02475874130655771,
    "READ_PROFILE":0.024587037748951168,
    "MANAGE_EXTERNAL_STORAGE":0.024504984721422377,
    "ACCESS_NOTIFICATION_POLICY":0.023110083253432934,
    "BATTERY_STATS":0.022976367208571196,
    "SET_WALLPAPER":0.020738142957646963,
    "GET_PACKAGE_SIZE":0.020650011928079002,
    "READ_PHONE_NUMBERS":0.02011362824812228,
    "ANSWER_PHONE_CALLS":0.020099952743534145,
    "ACCESS_MOCK_LOCATION":0.01986594966502611,
    "SCHEDULE_EXACT_ALARM":0.01868985627044678,
    "BLUETOOTH_CONNECT":0.01842242418072331,
    "CAPTURE_VIDEO_OUTPUT":0.017629244914611673,
    "PACKAGE_USAGE_STATS":0.017296474302967126,
    "HARDWARE_TEST":0.016711466606697048,
    "INSTANT_APP_FOREGROUND_SERVICE":0.012464462681827231,
    "WRITE_SYNC_SETTINGS":0.010978391183250244,
    "RECEIVE_WAP_PUSH":0.008320784791623298,
    "RECEIVE_MMS":0.008320784791623298,
    "READ_CELL_BROADCASTS":0.008320784791623298,
    "WRITE_CALL_LOG":0.008320784791623298,
    "ADD_VOICEMAIL":0.008320784791623298,
    "USE_SIP":0.008320784791623298,
    "TRANSMIT_IR":0.007523047023982277,
    "SET_TIME_ZONE":0.007523047023982277,
    "CLEAR_APP_CACHE":0.007523047023982277,
    "ACCESS_MEDIA_LOCATION":0.006318083119716887,
    "BLUETOOTH_SCAN":0.006318083119716887,
    "BLUETOOTH_ADVERTISE":0.006318083119716887,
    "SET_TIME":0.006318083119716887,
    "MOUNT_FORMAT_FILESYSTEMS":0.006318083119716887,
    "GET_TOP_ACTIVITY_INFO":0.006318083119716887,
    "REQUEST_DELETE_PACKAGES":0.006318083119716887,
    "CHANGE_COMPONENT_ENABLED_STATE":0.006318083119716887,
    "BROADCAST_WAP_PUSH":0.006318083119716887,
    "WRITE_SECURE_SETTINGS":0.006226913089129342,
    "REAL_GET_TASKS":0.00566773690152573,
    "CAPTURE_AUDIO_OUTPUT":0.003677191233697659,
    "WRITE_PROFILE":0.0012049639042653899,
    "READ_SOCIAL_STREAM":0.0012049639042653899,
    "WRITE_SOCIAL_STREAM":0.0012049639042653899,
    "READ_USER_DICTIONARY":0.0012049639042653899,
    "WRITE_USER_DICTIONARY":0.0012049639042653899,
    "READ_HISTORY_BOOKMARKS":0.0012049639042653899,
    "WRITE_HISTORY_BOOKMARKS":0.0012049639042653899,
    "SUBSCRIBED_FEEDS_READ":0.0012049639042653899,
    "SUBSCRIBED_FEEDS_WRITE":0.0012049639042653899,
    "BIND_DIRECTORY_SEARCH":0.0012049639042653899,
    "SET_ALARM":0.0012049639042653899,
    "ACCOUNT_MANAGER":0.0012049639042653899,
    "GET_INTENT_SENDER_INTENT":0.0012049639042653899,
    "SET_WALLPAPER_HINTS":0.0012049639042653899,
    "READ_SYNC_SETTINGS":0.0012049639042653899,
    "READ_SYNC_STATS":0.0012049639042653899,
    "PERSISTENT_ACTIVITY":0.0012049639042653899,
    "UPDATE_APP_OPS_STATS":0.0012049639042653899,
    "CLEAR_APP_USER_DATA":0.0012049639042653899,
    "DELETE_PACKAGES":0.0012049639042653899,
    "BIND_APPWIDGET":0.0012049639042653899,
    "ACCESS_CACHE_FILESYSTEM":0.0012049639042653899,
    "READ_INSTALL_SESSIONS":0.0012049639042653899
}