{
    "INTERNET":0.9950640178967429,
    "ACCESS_NETWORK_STATE":0.9950640178967429,
    "ACCESS_WIFI_STATE":0.9661816382927911,
    "WRITE_EXTERNAL_STORAGE":0.9427738001822814,
    "READ_EXTERNAL_STORAGE":0.9109512762151701,
    "VIBRATE":0.8934980529006661,
    "WAKE_LOCK":0.8655222076548541,
    "READ_PHONE_STATE":0.7967035778864102,
    "REQUEST_INSTALL_PACKAGES":0.7858641563138169,
    "CAMERA":0.7328647947869401,
    "FOREGROUND_SERVICE":0.7028711795181722,
    "CHANGE_NETWORK_STATE":0.6837547580869204,
    "CHANGE_WIFI_STATE":0.6622745239476161,
    "GET_TASKS":0.6573580372068994,
    "SYSTEM_ALERT_WINDOW":0.6207542755766974,
    "ACCESS_COARSE_LOCATION":0.59319636216535,
    "ACCESS_FINE_LOCATION":0.5847036948585856,
    "MOUNT_UNMOUNT_FILESYSTEMS":0.5669251426816847,
    "WRITE_SETTINGS":0.5322636065445934,
    "RECEIVE_BOOT_COMPLETED":0.4990508195363028,
    "RECORD_AUDIO":0.4864312276717176,
    "BLUETOOTH":0.43562387597050367,
    "MODIFY_AUDIO_SETTINGS":0.4206806805831065,
    "REORDER_TASKS":0.3473659328287284,
    "FLASHLIGHT":0.30239378682795837,
    "ACCESS_LOCATION_EXTRA_COMMANDS":0.2894244968978005,
    "QUERY_ALL_PACKAGES":0.28865686699776294,
    "CALL_PHONE":0.2860420514970002,
    "BLUETOOTH_ADMIN":0.2810536756069151,
    "READ_LOGS":0.24672112371269683,
    "DISABLE_KEYGUARD":0.24256739303138267,
    "REQUEST_IGNORE_BATTERY_OPTIMIZATIONS":0.23618753563995962,
    "C2D_MESSAGE":0.23536141965230017,
    "READ_CALENDAR":0.2083371917905028,
    "WRITE_CALENDAR":0.1998810782885021,
    "GET_ACCOUNTS":0.19916949755576882,
    "ACCESS_BACKGROUND_LOCATION":0.17390594462342263,
    "PACKAGE_USAGE_STATS":0.16867143978126203,
    "INSTALL_SHORTCUT":0.16386826983531289,
    "BROADCAST_STICKY":0.15389517343561895,
    "MANAGE_ACCOUNTS":0.15015815612861086,
    "READ_CONTACTS":0.1336918855427265,
    "USE_CREDENTIALS":0.13020465256827024,
    "EXPAND_STATUS_BAR":0.12789567056736376,
    "KILL_BACKGROUND_PROCESSES":0.11797740487481538,
    "RESTART_PACKAGES":0.11194480862864746,
    "UNINSTALL_SHORTCUT":0.10880727371976388,
    "SET_WALLPAPER":0.08803130955224026,
    "AUTHENTICATE_ACCOUNTS":0.08543355249370056,
    "CHANGE_CONFIGURATION":0.08461718418731144,
    "USE_FINGERPRINT":0.08108243126666242,
    "NFC":0.07803749932984691,
    "CHANGE_WIFI_MULTICAST_STATE":0.07549213605813516,
    "SET_ALARM":0.07491336748271006,
    "WRITE_CONTACTS":0.07419813136950047,
    "MANAGE_EXTERNAL_STORAGE":0.06572252250495914,
    "READ_PRIVILEGED_PHONE_STATE":0.06493905262285735,
    "INTERACT_ACROSS_USERS_FULL":0.05919888681479893,
    "ACCESS_NOTIFICATION_POLICY":0.05574577072478883,
    "USE_FULL_SCREEN_INTENT":0.05466499656394236,
    "SET_DEBUG_APP":0.0454424716220629,
    "ACCESS_MEDIA_LOCATION":0.04519877959030495,
    "WRITE_MEDIA_STORAGE":0.04506109359236172,
    "READ_SMS":0.04449329115836571,
    "SEND_SMS":0.04299824054353071,
    "CAPTURE_VIDEO_OUTPUT":0.03580810714651252,
    "BLUETOOTH_CONNECT":0.03563630426412317,
    "READ_MEDIA_AUDIO":0.034547000882165155,
    "READ_MEDIA_VIDEO":0.034547000882165155,
    "INSTALL_PACKAGES":0.03270590758223387,
    "READ_PHONE_NUMBERS":0.03052851927847663,
    "ACTIVITY_RECOGNITION":0.03004479059543711,
    "WRITE_SYNC_SETTINGS":0.029824249306696166,
    "RECEIVE_SMS":0.02931736988063964,
    "SCHEDULE_EXACT_ALARM":0.02856192458219001,
    "WRITE_SMS":0.027213089186409783,
    "GET_PACKAGE_SIZE":0.0271277969752945,
    "DEVICE_POWER":0.026834148077026176,
    "READ_SYNC_SETTINGS":0.025367122045843345,
    "WRITE_APN_SETTINGS":0.024073117357208653,
    "PROCESS_OUTGOING_CALLS":0.023109315371605977,
    "READ_CALL_LOG":0.019010415397437332,
    "STOP_APP_SWITCHES":0.018912938584734154,
    "USE_BIOMETRIC":0.018459671405664378,
    "INTERACT_ACROSS_USERS":0.018240348577082222,
    "BATTERY_STATS":0.014035442569098874,
    "GET_TOP_ACTIVITY_INFO":0.013259283447949818,
    "READ_PROFILE":0.012901056161265637,
    "ACCESS_MOCK_LOCATION":0.012215063091867021,
    "LOCAL_MAC_ADDRESS":0.011889734229470164,
    "BODY_SENSORS":0.011385291723731216,
    "BLUETOOTH_PRIVILEGED":0.011269538008646192,
    "BIND_DEVICE_ADMIN":0.011050215180064042,
    "REQUEST_DELETE_PACKAGES":0.009436973929826441,
    "MANAGE_DOCUMENTS":0.00819414456786092,
    "READ_HISTORY_BOOKMARKS":0.0064883003455553,
    "REQUEST_COMPANION_USE_DATA_IN_BACKGROUND":0.005854701062984642,
    "WRITE_HISTORY_BOOKMARKS":0.005797433435521525,
    "REAL_GET_TASKS":0.005330763194705059,
    "RECEIVE_MMS":0.005065138880088899,
    "WRITE_CALL_LOG":0.005065138880088899,
    "USE_SIP":0.005065138880088899,
    "WRITE_USER_DICTIONARY":0.005065138880088899,
    "READ_SYNC_STATS":0.005065138880088899,
    "INJECT_EVENTS":0.005065138880088899,
    "CAPTURE_AUDIO_OUTPUT":0.005065138880088899,
    "MEDIA_CONTENT_CONTROL":0.005065138880088899,
    "SIGNAL_PERSISTENT_PROCESSES":0.003945373994161138,
    "INTERACT_ACROSS_PROFILES":0.0035822728668417994,
    "MOUNT_FORMAT_FILESYSTEMS":0.002770778401087841,
    "ACCESS_SURFACE_FLINGER":0.0011745955930732976,
    "MANAGE_USERS":0.0009918265692548385,
    "BIND_JOB_SERVICE":0.0005714578144723823
}