{
    "WRITE_EXTERNAL_STORAGE":0.9966563551997089,
    "INTERNET":0.9966563551997089,
    "ACCESS_NETWORK_STATE":0.9966563551997089,
    "ACCESS_WIFI_STATE":0.9919286234191611,
    "READ_PHONE_STATE":0.9742732690383041,
    "READ_EXTERNAL_STORAGE":0.9582965608224912,
    "CAMERA":0.9122827768173962,
    "REQUEST_INSTALL_PACKAGES":0.9110044581930673,
    "ACCESS_COARSE_LOCATION":0.8772518424165229,
    "ACCESS_FINE_LOCATION":0.8772211354744793,
    "WAKE_LOCK":0.862893503775817,
    "VIBRATE":0.842384678373215,
    "CHANGE_WIFI_STATE":0.7979892639432266,
    "CHANGE_NETWORK_STATE":0.7637294149758895,
    "GET_TASKS":0.7629503684833046,
    "SYSTEM_ALERT_WINDOW":0.742386952961514,
    "RECORD_AUDIO":0.6970635065053229,
    "WRITE_SETTINGS":0.6605734237103086,
    "MOUNT_UNMOUNT_FILESYSTEMS":0.653392548448731,
    "BLUETOOTH":0.5868699390410337,
    "ACCESS_LOCATION_EXTRA_COMMANDS":0.5463777181330178,
    "MODIFY_AUDIO_SETTINGS":0.5057092166317896,
    "FOREGROUND_SERVICE":0.4972341006277866,
    "FLASHLIGHT":0.4917932854153398,
    "RECEIVE_BOOT_COMPLETED":0.47788758984623786,
    "READ_LOGS":0.43696774633791285,
    "CALL_PHONE":0.3659027840960785,
    "BLUETOOTH_ADMIN":0.3377843235374398,
    "ACCESS_BACKGROUND_LOCATION":0.2723751251023565,
    "REORDER_TASKS":0.2668046583568374,
    "QUERY_ALL_PACKAGES":0.2565348921845146,
    "C2D_MESSAGE":0.22663770357565283,
    "RESTART_PACKAGES":0.22019493221726863,
    "READ_CONTACTS":0.20102583932308252,
    "CHANGE_CONFIGURATION":0.18095259757983806,
    "KILL_BACKGROUND_PROCESSES":0.1597989263943226,
    "GET_ACCOUNTS":0.14985897552542993,
    "BROADCAST_STICKY":0.14668023837685382,
    "INSTALL_SHORTCUT":0.14379833500136474,
    "DISABLE_KEYGUARD":0.11111136384314439,
    "NFC":0.10855017741788738,
    "UNINSTALL_SHORTCUT":0.10206305158766263,
    "READ_PRIVILEGED_PHONE_STATE":0.08789122918751706,
    "INTERACT_ACROSS_USERS_FULL":0.07701187335092348,
    "MANAGE_ACCOUNTS":0.07584046037667183,
    "INSTALL_PACKAGES":0.07553794013283596,
    "USE_FINGERPRINT":0.06667045764716586,
    "SEND_SMS":0.0657958784460013,
    "READ_CALENDAR":0.06554567373305432,
    "MANAGE_EXTERNAL_STORAGE":0.06469384041488492,
    "READ_MEDIA_VIDEO":0.06379878991902466,
    "READ_PHONE_NUMBERS":0.06277863706669094,
    "READ_MEDIA_AUDIO":0.06109089254844874,
    "EXPAND_STATUS_BAR":0.05797584387225913,
    "WRITE_CALENDAR":0.05746406150486763,
    "REQUEST_IGNORE_BATTERY_OPTIMIZATIONS":0.05417500682376491,
    "BATTERY_STATS":0.052371258302247294,
    "USE_CREDENTIALS":0.05097011190974434,
    "ACCESS_NOTIFICATION_POLICY":0.05031161859703394,
    "READ_SMS":0.05025930306614504,
    "WRITE_MEDIA_STORAGE":0.05004662906014011,
    "READ_HISTORY_BOOKMARKS":0.05000909835319807,
    "PROCESS_OUTGOING_CALLS":0.04766740969884451,
    "SCHEDULE_EXACT_ALARM":0.03548471476662724,
    "WRITE_APN_SETTINGS":0.035358475116004005,
    "CHANGE_WIFI_MULTICAST_STATE":0.03384701119097443,
    "INTERACT_ACROSS_USERS":0.03340005459011919,
    "WRITE_CONTACTS":0.03309184787553453,
    "GET_PACKAGE_SIZE":0.03158834500955327,
    "PACKAGE_USAGE_STATS":0.030869575106905647,
    "RECEIVE_SMS":0.030727413338185794,
    "AUTHENTICATE_ACCOUNTS":0.030370302975161495,
    "WRITE_SECURE_SETTINGS":0.029124965881175507,
    "CAPTURE_AUDIO_OUTPUT":0.027587344190701482,
    "CAPTURE_VIDEO_OUTPUT":0.0265410335729233,
    "BLUETOOTH_CONNECT":0.025233145300700574,
    "WRITE_SMS":0.025175143299062872,
    "SET_DEBUG_APP":0.023483986898371393,
    "WRITE_SYNC_SETTINGS":0.01999931762351015,
    "SET_WALLPAPER":0.018735783823128016,
    "BODY_SENSORS":0.01814325357110363,
    "USE_FULL_SCREEN_INTENT":0.015638931853334547,
    "BIND_ACCESSIBILITY_SERVICE":0.015629833500136477,
    "READ_PROFILE":0.015138522427440633,
    "ANSWER_PHONE_CALLS":0.014731371121826951,
    "USE_BIOMETRIC":0.014210490401237378,
    "BLUETOOTH_PRIVILEGED":0.013664589209353107,
    "READ_CALL_LOG":0.013649804385406241,
    "READ_SYNC_SETTINGS":0.012589846237830953,
    "BIND_NOTIFICATION_LISTENER_SERVICE":0.010730370302975162,
    "ACTIVITY_RECOGNITION":0.010314120644163408,
    "READ_PRECISE_PHONE_STATE":0.010314120644163408,
    "USE_SIP":0.009685196979346737,
    "UPDATE_APP_OPS_STATS":0.008894777545264307,
    "GET_TOP_ACTIVITY_INFO":0.008317032117186788,
    "DEVICE_POWER":0.007313938677099445,
    "MOUNT_FORMAT_FILESYSTEMS":0.007098990082795014,
    "MANAGE_DOCUMENTS":0.006978436902920572,
    "ACCESS_MOCK_LOCATION":0.006036757346920208,
    "START_ACTIVITIES_FROM_BACKGROUND":0.005527249567828223,
    "WRITE_CALL_LOG":0.004727731780547721,
    "NFC_TRANSACTION_EVENT":0.004727731780547721,
    "SET_TIME":0.004727731780547721,
    "INJECT_EVENTS":0.004727731780547721,
    "CALL_PRIVILEGED":0.004727731780547721,
    "MANAGE_FINGERPRINT":0.004727731780547721,
    "LOCAL_MAC_ADDRESS":0.004727731780547721,
    "REAL_GET_TASKS":0.0027078973705759258,
    "ACCESS_MEDIA_LOCATION":0.002586206896551724,
    "ADD_VOICEMAIL":0.002586206896551724,
    "WRITE_PROFILE":0.002586206896551724,
    "READ_SOCIAL_STREAM":0.002586206896551724,
    "WRITE_SOCIAL_STREAM":0.002586206896551724,
    "READ_USER_DICTIONARY":0.002586206896551724,
    "WRITE_USER_DICTIONARY":0.002586206896551724,
    "WRITE_HISTORY_BOOKMARKS":0.002586206896551724,
    "SUBSCRIBED_FEEDS_READ":0.002586206896551724,
    "SUBSCRIBED_FEEDS_WRITE":0.002586206896551724,
    "BIND_DIRECTORY_SEARCH":0.002586206896551724,
    "SET_ALARM":0.002586206896551724,
    "ACCOUNT_MANAGER":0.002586206896551724,
    "GET_INTENT_SENDER_INTENT":0.002586206896551724,
    "READ_SYNC_STATS":0.002586206896551724,
    "PERSISTENT_ACTIVITY":0.002586206896551724,
    "CLEAR_APP_CACHE":0.002586206896551724,
    "BIND_VPN_SERVICE":0.002586206896551724,
    "CLEAR_APP_USER_DATA":0.002586206896551724,
    "DELETE_PACKAGES":0.002586206896551724,
    "BIND_APPWIDGET":0.002586206896551724,
    "ACCESS_CACHE_FILESYSTEM":0.002586206896551724,
    "MODIFY_PHONE_STATE":0.0009132472022563916,
    "RECEIVE_MMS":0.0008506960240196525
}