{
    "INTERNET":0.9927068417153225,
    "ACCESS_NETWORK_STATE":0.9927068417153225,
    "WRITE_EXTERNAL_STORAGE":0.9670506101471008,
    "ACCESS_WIFI_STATE":0.9588526373815347,
    "READ_EXTERNAL_STORAGE":0.9148719036621686,
    "REQUEST_INSTALL_PACKAGES":0.9099572985421721,
    "READ_PHONE_STATE":0.864804966676149,
    "WAKE_LOCK":0.8320243255275005,
    "VIBRATE":0.8264524040261836,
    "CAMERA":0.7868366367901106,
    "CHANGE_WIFI_STATE":0.7482574687372938,
    "ACCESS_COARSE_LOCATION":0.7200651852137564,
    "CHANGE_NETWORK_STATE":0.7099402629586953,
    "ACCESS_FINE_LOCATION":0.6804349538030334,
    "MOUNT_UNMOUNT_FILESYSTEMS":0.6476366342187018,
    "GET_TASKS":0.647040388797015,
    "WRITE_SETTINGS":0.5992941482770757,
    "RECORD_AUDIO":0.5702275857524666,
    "SYSTEM_ALERT_WINDOW":0.5388130055429934,
    "MODIFY_AUDIO_SETTINGS":0.5236336578129848,
    "FOREGROUND_SERVICE":0.4929005009425822,
    "RECEIVE_BOOT_COMPLETED":0.47985220827768643,
    "BLUETOOTH":0.4420010703489243,
    "FLASHLIGHT":0.367533070728207,
    "ACCESS_LOCATION_EXTRA_COMMANDS":0.3587806379343873,
    "QUERY_ALL_PACKAGES":0.32744480712023094,
    "READ_LOGS":0.286617263474584,
    "CALL_PHONE":0.2752548507216819,
    "REORDER_TASKS":0.26230780727933684,
    "C2D_MESSAGE":0.22744593211159264,
    "BLUETOOTH_ADMIN":0.20659180652719983,
    "BROADCAST_STICKY":0.1819898525779177,
    "GET_ACCOUNTS":0.1706049399977822,
    "READ_CONTACTS":0.16461998595367927,
    "ACCESS_BACKGROUND_LOCATION":0.16385659895825797,
    "DISABLE_KEYGUARD":0.13275862346056985,
    "MANAGE_ACCOUNTS":0.1272011661339029,
    "RESTART_PACKAGES":0.12565189231582685,
    "READ_CALENDAR":0.10827881143055508,
    "CHANGE_CONFIGURATION":0.10218778677235156,
    "WRITE_CALENDAR":0.10160118413376469,
    "INSTALL_PACKAGES":0.10064172721530888,
    "KILL_BACKGROUND_PROCESSES":0.09994101831003796,
    "USE_CREDENTIALS":0.09566122974412875,
    "INSTALL_SHORTCUT":0.09530123250839323,
    "USE_FINGERPRINT":0.09259803897934352,
    "AUTHENTICATE_ACCOUNTS":0.08378132096485687,
    "WRITE_CONTACTS":0.07546924193260657,
    "NFC":0.0714257015526488,
    "EXPAND_STATUS_BAR":0.0699133917364563,
    "READ_PRIVILEGED_PHONE_STATE":0.06372272498621885,
    "UNINSTALL_SHORTCUT":0.05756902223786495,
    "READ_SMS":0.05686349194104402,
    "CHANGE_WIFI_MULTICAST_STATE":0.04907694458774691,
    "PACKAGE_USAGE_STATS":0.04879408961681187,
    "ACCESS_MOCK_LOCATION":0.043620736483630566,
    "STOP_APP_SWITCHES":0.0419236066580203,
    "MANAGE_EXTERNAL_STORAGE":0.04188985691717009,
    "ACTIVITY_RECOGNITION":0.04071825877051301,
    "SET_WALLPAPER":0.04042736814699458,
    "SEND_SMS":0.04019111996104315,
    "USE_FULL_SCREEN_INTENT":0.03991951490372485,
    "RECEIVE_SMS":0.036563826384904546,
    "REQUEST_IGNORE_BATTERY_OPTIMIZATIONS":0.03648829125062075,
    "READ_PHONE_NUMBERS":0.036284185675002856,
    "SET_DEBUG_APP":0.034394200187391415,
    "CAPTURE_VIDEO_OUTPUT":0.034011703124422435,
    "INTERACT_ACROSS_USERS_FULL":0.0335858135375032,
    "WRITE_APN_SETTINGS":0.03190475501705969,
    "BLUETOOTH_PRIVILEGED":0.026861579455729177,
    "GET_TOP_ACTIVITY_INFO":0.02613997785374148,
    "BATTERY_STATS":0.025696409831138797,
    "READ_MEDIA_AUDIO":0.024953915532434305,
    "READ_MEDIA_VIDEO":0.024953915532434305,
    "GET_PACKAGE_SIZE":0.022784289334921177,
    "ACCESS_NOTIFICATION_POLICY":0.02211411590946712,
    "REQUEST_DELETE_PACKAGES":0.021527513270880243,
    "WRITE_SYNC_SETTINGS":0.019758062572019536,
    "READ_SYNC_SETTINGS":0.018454679722994985,
    "BLUETOOTH_CONNECT":0.01818468179619335,
    "WRITE_MEDIA_STORAGE":0.01670772885136775,
    "PROCESS_OUTGOING_CALLS":0.016106662038130777,
    "REAL_GET_TASKS":0.015436488612676724,
    "USE_BIOMETRIC":0.013355254593580798,
    "READ_PROFILE":0.013355254593580798,
    "READ_HISTORY_BOOKMARKS":0.013355254593580798,
    "READ_SYNC_STATS":0.01333275476634733,
    "DELETE_PACKAGES":0.01333275476634733,
    "STATUS_BAR":0.01301132866301205,
    "STATUS_BAR_SERVICE":0.01301132866301205,
    "SET_ALARM":0.012132228270390065,
    "ACCESS_MEDIA_LOCATION":0.011399376754785633,
    "OVERRIDE_WIFI_CONFIG":0.01003813720716073,
    "BIND_NOTIFICATION_LISTENER_SERVICE":0.009859745719809652,
    "READ_CALL_LOG":0.009803496151725977,
    "WRITE_CALL_LOG":0.00839082842756743,
    "INTERACT_ACROSS_USERS":0.007944046143931394,
    "BLUETOOTH_SCAN":0.007879760923264338,
    "BODY_SENSORS":0.006677627296790399,
    "WRITE_SMS":0.006677627296790399,
    "LOCATION_HARDWARE":0.006677627296790399,
    "BLUETOOTH_ADVERTISE":0.006677627296790399,
    "MOUNT_FORMAT_FILESYSTEMS":0.006677627296790399,
    "CLEAR_APP_CACHE":0.006677627296790399,
    "CAPTURE_AUDIO_OUTPUT":0.006677627296790399,
    "CAPTURE_SECURE_VIDEO_OUTPUT":0.006677627296790399,
    "MEDIA_CONTENT_CONTROL":0.006677627296790399,
    "DEVICE_POWER":0.006677627296790399,
    "READ_CLIPBOARD_IN_BACKGROUND":0.006677627296790399,
    "INJECT_EVENTS":0.004721749457995233,
    "ACCESS_SURFACE_FLINGER":0.004721749457995233,
    "READ_FRAME_BUFFER":0.004721749457995233,
    "SCHEDULE_EXACT_ALARM":0.002078019758062572,
    "DUMP":0.0019606992303451954,
    "HARDWARE_TEST":0.0015765950368595385,
    "HIGH_SAMPLING_RATE_SENSORS":0.0008758861315886324,
    "SET_WALLPAPER_HINTS":0.0008758861315886324,
    "FORCE_STOP_PACKAGES":0.0008758861315886324,
    "UPDATE_DEVICE_STATS":0.0008758861315886324
}