{
    "INTERNET":1.0,
    "ACCESS_NETWORK_STATE":1.0,
    "ACCESS_WIFI_STATE":0.9977475144285451,
    "WRITE_EXTERNAL_STORAGE":0.9872856328519029,
    "REQUEST_INSTALL_PACKAGES":0.9804511588124364,
    "CHANGE_NETWORK_STATE":0.97422414536532,
    "READ_EXTERNAL_STORAGE":0.9678018767278053,
    "READ_PHONE_STATE":0.9657598328615574,
    "WAKE_LOCK":0.9621958832612609,
    "CHANGE_WIFI_STATE":0.9583856951708513,
    "FOREGROUND_SERVICE":0.9296869788110157,
    "VIBRATE":0.9217840249796478,
    "CAMERA":0.09492114130997795,
    "RECORD_AUDIO":0.0918100752762997,
    "BROADCAST_STICKY":0.08916274031981716,
    "ACCESS_COARSE_LOCATION":0.08892897646686822,
    "GET_TASKS":0.08047225722050984,
    "MOUNT_UNMOUNT_FILESYSTEMS":0.074845111108339,
    "REORDER_TASKS":0.0724006245996591,
    "WRITE_SETTINGS":0.07171180767797648,
    "ACCESS_FINE_LOCATION":0.0709589904438856,
    "SYSTEM_ALERT_WINDOW":0.06759680454033404,
    "RECEIVE_BOOT_COMPLETED":0.06454919644353521,
    "BLUETOOTH":0.04799047154670859,
    "MODIFY_AUDIO_SETTINGS":0.04769324975688019,
    "ACCESS_LOCATION_EXTRA_COMMANDS":0.047570672887352415,
    "QUERY_ALL_PACKAGES":0.040969962700834896,
    "FLASHLIGHT":0.03936073450663625,
    "GET_ACCOUNTS":0.034492914134902915,
    "CALL_PHONE":0.030862252344553826,
    "READ_LOGS":0.02948516087671751,
    "KILL_BACKGROUND_PROCESSES":0.028903191934225043,
    "READ_CONTACTS":0.027193624267182876,
    "BLUETOOTH_ADMIN":0.026907792363461032,
    "CHANGE_CONFIGURATION":0.024057608959175945,
    "C2D_MESSAGE":0.02376906517780969,
    "RESTART_PACKAGES":0.02228404097972547,
    "MANAGE_ACCOUNTS":0.02199170056965702,
    "USE_CREDENTIALS":0.021537189876452284,
    "ACCESS_BACKGROUND_LOCATION":0.021350070318987325,
    "DISABLE_KEYGUARD":0.020705185815144325,
    "NFC":0.015913840392983616,
    "INSTALL_SHORTCUT":0.015363329231166423,
    "READ_PRIVILEGED_PHONE_STATE":0.015121429745284182,
    "PACKAGE_USAGE_STATS":0.014677224187128239,
    "READ_CALENDAR":0.014657698668088415,
    "WRITE_CALENDAR":0.014657698668088415,
    "CHANGE_WIFI_MULTICAST_STATE":0.014323052966767029,
    "REQUEST_IGNORE_BATTERY_OPTIMIZATIONS":0.013715592374417015,
    "AUTHENTICATE_ACCOUNTS":0.011262427857274968,
    "USE_FINGERPRINT":0.010420118660918212,
    "WRITE_CONTACTS":0.01041849153433156,
    "ACCESS_MEDIA_LOCATION":0.00998187923357999,
    "UNINSTALL_SHORTCUT":0.00985387860876338,
    "EXPAND_STATUS_BAR":0.009525199038259713,
    "ACCESS_MOCK_LOCATION":0.00863895742406336,
    "USE_BIOMETRIC":0.008325464368368445,
    "ACCESS_NOTIFICATION_POLICY":0.00779610585217772,
    "RECEIVE_SMS":0.007163153609970165,
    "PROCESS_OUTGOING_CALLS":0.00675745671436498,
    "WRITE_SMS":0.00675745671436498,
    "SET_WALLPAPER":0.00675745671436498,
    "READ_SYNC_SETTINGS":0.00675745671436498,
    "WRITE_SYNC_SETTINGS":0.00675745671436498,
    "CLEAR_APP_CACHE":0.00675745671436498,
    "INSTALL_PACKAGES":0.00675745671436498,
    "REQUEST_DELETE_PACKAGES":0.005980774957003181,
    "READ_SMS":0.004910668038515172,
    "SEND_SMS":0.004504971142909987,
    "READ_CALL_LOG":0.004504971142909987,
    "CAPTURE_VIDEO_OUTPUT":0.004504971142909987,
    "USE_FULL_SCREEN_INTENT":0.003816154221227386,
    "ACTIVITY_RECOGNITION":0.003543339330198765,
    "GET_PACKAGE_SIZE":0.003431609971248674,
    "STOP_APP_SWITCHES":0.0034147963298532718,
    "BATTERY_STATS":0.0032596769285924655,
    "INTERACT_ACROSS_USERS_FULL":0.003256965050948046,
    "SET_DEBUG_APP":0.003238524282965992,
    "READ_MEDIA_AUDIO":0.002985777286506077,
    "READ_MEDIA_VIDEO":0.002985777286506077,
    "READ_HISTORY_BOOKMARKS":0.0025974364078251776,
    "MANAGE_DOCUMENTS":0.0024119439769468708,
    "RECEIVE_WAP_PUSH":0.0022524855714549934,
    "RECEIVE_MMS":0.0022524855714549934,
    "WRITE_CALL_LOG":0.0022524855714549934,
    "READ_PHONE_NUMBERS":0.0022524855714549934,
    "ANSWER_PHONE_CALLS":0.0022524855714549934,
    "SET_ALARM":0.0022524855714549934,
    "BLUETOOTH_CONNECT":0.0022524855714549934,
    "MODIFY_PHONE_STATE":0.0022524855714549934,
    "WRITE_MEDIA_STORAGE":0.0022524855714549934,
    "READ_SYNC_STATS":0.0022524855714549934,
    "WRITE_SECURE_SETTINGS":0.0022524855714549934,
    "UPDATE_APP_OPS_STATS":0.0022524855714549934,
    "DELETE_CACHE_FILES":0.0022524855714549934,
    "DELETE_PACKAGES":0.0022524855714549934,
    "CAPTURE_SECURE_VIDEO_OUTPUT":0.0022524855714549934,
    "ACCESS_CHECKIN_PROPERTIES":0.0022524855714549934,
    "BIND_NOTIFICATION_LISTENER_SERVICE":0.0022524855714549934,
    "LOCAL_MAC_ADDRESS":0.0022524855714549934,
    "INSTANT_APP_FOREGROUND_SERVICE":0.0022524855714549934,
    "READ_PROFILE":0.0020241454737948555,
    "MANAGE_EXTERNAL_STORAGE":0.0012908537587437716,
    "BODY_SENSORS":0.0012908537587437716,
    "READ_PRECISE_PHONE_STATE":0.0012908537587437716,
    "INTERACT_ACROSS_USERS":0.0011791243997936805,
    "DEVICE_POWER":0.0010044794794930526,
    "BLUETOOTH_PRIVILEGED":0.00040569689560518543
}