{
    "INTERNET":1.0,
    "ACCESS_NETWORK_STATE":1.0,
    "ACCESS_WIFI_STATE":1.0,
    "WRITE_EXTERNAL_STORAGE":0.9950862330661079,
    "READ_EXTERNAL_STORAGE":0.9584904813483567,
    "READ_PHONE_STATE":0.9210690750424344,
    "CAMERA":0.9012167479131253,
    "CHANGE_WIFI_STATE":0.8899812308277453,
    "ACCESS_COARSE_LOCATION":0.8831692851768425,
    "VIBRATE":0.8812309458646991,
    "REQUEST_INSTALL_PACKAGES":0.87174123347362,
    "WAKE_LOCK":0.8648430606625789,
    "ACCESS_FINE_LOCATION":0.8568062168601266,
    "CHANGE_NETWORK_STATE":0.8008648702281239,
    "RECORD_AUDIO":0.7927748726968193,
    "WRITE_SETTINGS":0.7725209396161825,
    "GET_TASKS":0.7682969899633945,
    "SYSTEM_ALERT_WINDOW":0.7122705973652284,
    "MOUNT_UNMOUNT_FILESYSTEMS":0.7119989227510948,
    "ACCESS_LOCATION_EXTRA_COMMANDS":0.5712927341215044,
    "RECEIVE_BOOT_COMPLETED":0.5673298283370796,
    "MODIFY_AUDIO_SETTINGS":0.550885245824184,
    "CALL_PHONE":0.5477361826881848,
    "FLASHLIGHT":0.52989070412154,
    "BLUETOOTH":0.4985630775300286,
    "FOREGROUND_SERVICE":0.43463685963045157,
    "READ_LOGS":0.36848290989498017,
    "BLUETOOTH_ADMIN":0.3319946468289076,
    "C2D_MESSAGE":0.2829939959910276,
    "BROADCAST_STICKY":0.2715494075721621,
    "ACCESS_BACKGROUND_LOCATION":0.2698933736199225,
    "READ_CONTACTS":0.25742350883119675,
    "GET_ACCOUNTS":0.2342284027540719,
    "RESTART_PACKAGES":0.23184475331354434,
    "QUERY_ALL_PACKAGES":0.23017100145168742,
    "MANAGE_ACCOUNTS":0.2153907212488528,
    "REORDER_TASKS":0.20817835084059672,
    "USE_CREDENTIALS":0.19683770749148655,
    "DISABLE_KEYGUARD":0.18572149099753013,
    "PROCESS_OUTGOING_CALLS":0.1397954880752562,
    "KILL_BACKGROUND_PROCESSES":0.13520773067832423,
    "INSTALL_SHORTCUT":0.13239294543710672,
    "SEND_SMS":0.1254239009875963,
    "WRITE_CALENDAR":0.11813475297099817,
    "INTERACT_ACROSS_USERS_FULL":0.11551013995967406,
    "CHANGE_CONFIGURATION":0.11416830360464965,
    "READ_CALENDAR":0.10678820365201552,
    "AUTHENTICATE_ACCOUNTS":0.09537078269456331,
    "WRITE_CONTACTS":0.09300248877570426,
    "SET_DEBUG_APP":0.09254064193167738,
    "USE_FULL_SCREEN_INTENT":0.08157798065440508,
    "USE_FINGERPRINT":0.08085745232996418,
    "NFC":0.08036489444260048,
    "UNINSTALL_SHORTCUT":0.07501999170801829,
    "CHANGE_WIFI_MULTICAST_STATE":0.0744577433761595,
    "BLUETOOTH_CONNECT":0.0716193342554521,
    "GET_PACKAGE_SIZE":0.06887187707078068,
    "ACCESS_NOTIFICATION_POLICY":0.06436444086411426,
    "REQUEST_IGNORE_BATTERY_OPTIMIZATIONS":0.061912282173066185,
    "READ_CALL_LOG":0.06156973592046313,
    "INTERACT_ACROSS_USERS":0.056285074078580105,
    "RECEIVE_SMS":0.05266117096483468,
    "EXPAND_STATUS_BAR":0.04815255356419376,
    "READ_PRIVILEGED_PHONE_STATE":0.04736233479525774,
    "READ_SMS":0.047309181066405546,
    "READ_HISTORY_BOOKMARKS":0.04552794055286965,
    "CAPTURE_VIDEO_OUTPUT":0.04377150511279811,
    "ACCESS_MOCK_LOCATION":0.042362340701227616,
    "READ_PHONE_NUMBERS":0.04129572254226017,
    "INSTALL_PACKAGES":0.036700877981481236,
    "WRITE_APN_SETTINGS":0.036555591122618566,
    "WRITE_CALL_LOG":0.03271789189948984,
    "BATTERY_STATS":0.02905382819061163,
    "ADD_VOICEMAIL":0.02741905572991291,
    "ACCESS_MEDIA_LOCATION":0.027414330954014937,
    "BLUETOOTH_PRIVILEGED":0.02538031492993748,
    "DEVICE_POWER":0.023675852024743652,
    "MANAGE_DOCUMENTS":0.023342755323936544,
    "RECEIVE_WAP_PUSH":0.022505288796020793,
    "INJECT_EVENTS":0.02240370611421437,
    "MANAGE_EXTERNAL_STORAGE":0.021256766764981373,
    "REAL_GET_TASKS":0.020654357837989797,
    "WRITE_MEDIA_STORAGE":0.020565768289902798,
    "READ_MEDIA_VIDEO":0.020187786218064944,
    "SET_WALLPAPER":0.014741300801676351,
    "SCHEDULE_EXACT_ALARM":0.01472003931013547,
    "PACKAGE_USAGE_STATS":0.01410345605544997,
    "READ_MEDIA_AUDIO":0.013163225651753306,
    "ACTIVITY_RECOGNITION":0.011677283631840736,
    "READ_PROFILE":0.009827533867784233,
    "WRITE_SYNC_SETTINGS":0.009827533867784233,
    "READ_SYNC_STATS":0.009827533867784233,
    "WRITE_SECURE_SETTINGS":0.009827533867784233,
    "CAPTURE_AUDIO_OUTPUT":0.009827533867784233,
    "MEDIA_CONTENT_CONTROL":0.009827533867784233,
    "LOCATION_HARDWARE":0.009806272376243355,
    "ACCESS_CHECKIN_PROPERTIES":0.008736110635352427,
    "START_FOREGROUND_SERVICES_FROM_BACKGROUND":0.00803920619040138,
    "BIND_JOB_SERVICE":0.00803920619040138,
    "BROADCAST_CLOSE_SYSTEM_DIALOGS":0.00803920619040138,
    "USE_BIOMETRIC":0.004913766933892116,
    "WRITE_SMS":0.004913766933892116,
    "SET_ALARM":0.004913766933892116,
    "BLUETOOTH_SCAN":0.004913766933892116,
    "ACCOUNT_MANAGER":0.004913766933892116,
    "READ_SYNC_SETTINGS":0.004913766933892116,
    "PERSISTENT_ACTIVITY":0.004913766933892116,
    "STATUS_BAR_SERVICE":0.004913766933892116,
    "UPDATE_APP_OPS_STATS":0.004913766933892116,
    "CLEAR_APP_CACHE":0.0018497497640565035
}