{
    "INTERNET":0.9778259218156855,
    "ACCESS_NETWORK_STATE":0.9778259218156855,
    "ACCESS_WIFI_STATE":0.9767023644569683,
    "WRITE_EXTERNAL_STORAGE":0.9715970216711828,
    "READ_EXTERNAL_STORAGE":0.9342936442089584,
    "ACCESS_COARSE_LOCATION":0.9242622609920822,
    "READ_PHONE_STATE":0.9168705479437518,
    "ACCESS_FINE_LOCATION":0.9080688181534606,
    "CHANGE_WIFI_STATE":0.8882914501422743,
    "WAKE_LOCK":0.8740926133795627,
    "CAMERA":0.869516689972436,
    "VIBRATE":0.8462339078789063,
    "REQUEST_INSTALL_PACKAGES":0.8368391010692366,
    "CHANGE_NETWORK_STATE":0.7439838224715717,
    "GET_TASKS":0.7181897464516174,
    "MOUNT_UNMOUNT_FILESYSTEMS":0.6801532451604276,
    "WRITE_SETTINGS":0.6736888117452589,
    "ACCESS_LOCATION_EXTRA_COMMANDS":0.6081140150783729,
    "BLUETOOTH":0.6042277161123852,
    "RECORD_AUDIO":0.6036272123682547,
    "FLASHLIGHT":0.5639971481376953,
    "SYSTEM_ALERT_WINDOW":0.5489187749723613,
    "RECEIVE_BOOT_COMPLETED":0.5147919137820907,
    "BLUETOOTH_ADMIN":0.5043817676029286,
    "CALL_PHONE":0.4870308166638722,
    "MODIFY_AUDIO_SETTINGS":0.46528642755442134,
    "FOREGROUND_SERVICE":0.41920041759412247,
    "READ_LOGS":0.4059999448300441,
    "BROADCAST_STICKY":0.35277260854158154,
    "ACCESS_BACKGROUND_LOCATION":0.31299188789465027,
    "READ_CONTACTS":0.25276433304828816,
    "QUERY_ALL_PACKAGES":0.25089810321449835,
    "MANAGE_ACCOUNTS":0.2235433540362124,
    "GET_ACCOUNTS":0.211895066745036,
    "KILL_BACKGROUND_PROCESSES":0.21127440474801099,
    "NFC":0.21120119846118235,
    "REORDER_TASKS":0.202990423768914,
    "CHANGE_CONFIGURATION":0.17831990510767662,
    "C2D_MESSAGE":0.17480175949718926,
    "USE_CREDENTIALS":0.16938873811458768,
    "DISABLE_KEYGUARD":0.1574189797377727,
    "RESTART_PACKAGES":0.14024945307476994,
    "INSTALL_SHORTCUT":0.137651160372694,
    "PROCESS_OUTGOING_CALLS":0.11082476961238845,
    "WRITE_CONTACTS":0.10987839268701004,
    "AUTHENTICATE_ACCOUNTS":0.10572367066931747,
    "USE_FINGERPRINT":0.09326693134099048,
    "REQUEST_IGNORE_BATTERY_OPTIMIZATIONS":0.08396230618900787,
    "RECEIVE_SMS":0.08076457070348045,
    "READ_PRIVILEGED_PHONE_STATE":0.07902459519045292,
    "UNINSTALL_SHORTCUT":0.07853761423894096,
    "SEND_SMS":0.07710531732272927,
    "READ_SMS":0.07695784378839339,
    "CHANGE_WIFI_MULTICAST_STATE":0.0711437792692526,
    "READ_CALL_LOG":0.061757460145012,
    "BATTERY_STATS":0.0616375715883217,
    "SET_DEBUG_APP":0.05668076329755056,
    "INTERACT_ACROSS_USERS_FULL":0.0561163322164953,
    "BLUETOOTH_PRIVILEGED":0.05457369538970137,
    "USE_FULL_SCREEN_INTENT":0.045709368919369026,
    "READ_CALENDAR":0.04198009213382527,
    "READ_PHONE_NUMBERS":0.0387367353391148,
    "WRITE_CALENDAR":0.03745297291791765,
    "INSTALL_PACKAGES":0.03635169573345267,
    "WRITE_APN_SETTINGS":0.03098641758139155,
    "EXPAND_STATUS_BAR":0.03019600187577843,
    "READ_PROFILE":0.029766312800914924,
    "PACKAGE_USAGE_STATS":0.029110639101493575,
    "WRITE_SMS":0.026821085956912225,
    "WRITE_MEDIA_STORAGE":0.026328800202006872,
    "WRITE_CALL_LOG":0.02599990239161752,
    "USE_BIOMETRIC":0.025841819250494894,
    "READ_MEDIA_AUDIO":0.02518720651175222,
    "READ_MEDIA_VIDEO":0.02518720651175222,
    "ACCESS_MEDIA_LOCATION":0.025004721275020063,
    "READ_HISTORY_BOOKMARKS":0.024895442325116503,
    "OVERRIDE_WIFI_CONFIG":0.022732143501297517,
    "WRITE_SECURE_SETTINGS":0.022151798010062115,
    "SET_ALARM":0.020584759087658656,
    "SCHEDULE_EXACT_ALARM":0.018352497819725776,
    "MANAGE_EXTERNAL_STORAGE":0.017298963865801178,
    "SET_WALLPAPER":0.017026296971381617,
    "WRITE_SYNC_SETTINGS":0.016949907802516994,
    "BLUETOOTH_CONNECT":0.016155248254189177,
    "RECEIVE_WAP_PUSH":0.0156640234599625,
    "MANAGE_DOCUMENTS":0.01531496739667832,
    "ACCESS_MOCK_LOCATION":0.014355858943155825,
    "MOUNT_FORMAT_FILESYSTEMS":0.013752172316989565,
    "MEDIA_CONTENT_CONTROL":0.012876879757082422,
    "ACCESS_NOTIFICATION_POLICY":0.012620127272842993,
    "DEVICE_POWER":0.012556469632122473,
    "BODY_SENSORS":0.011992038551067202,
    "RECEIVE_MMS":0.011598422139278655,
    "READ_CELL_BROADCASTS":0.011248305115315799,
    "MANAGE_FINGERPRINT":0.010600058140645173,
    "MANAGE_OWN_CALLS":0.009806459552996031,
    "STATUS_BAR_SERVICE":0.009689753878341745,
    "GET_TOP_ACTIVITY_INFO":0.007287738901820809,
    "ACTIVITY_RECOGNITION":0.0070713029233710435,
    "SET_TIME_ZONE":0.0070713029233710435,
    "BIND_JOB_SERVICE":0.006885634804602861,
    "GET_PACKAGE_SIZE":0.006320142762868912,
    "FORCE_STOP_PACKAGES":0.006228900144502834,
    "BLUETOOTH_SCAN":0.006078243728130938,
    "INTERACT_ACROSS_USERS":0.005500020158252885,
    "STATUS_BAR":0.005274035533695041,
    "REQUEST_DELETE_PACKAGES":0.004957869251449794,
    "READ_FRAME_BUFFER":0.0044157183446467034,
    "CONTROL_LOCATION_UPDATES":0.0044157183446467034,
    "RESET_FINGERPRINT_LOCKOUT":0.0044157183446467034,
    "LOCAL_MAC_ADDRESS":0.0044157183446467034,
    "HARDWARE_TEST":0.003958444292137638,
    "ACCESS_CHECKIN_PROPERTIES":0.0039287373931347295,
    "REAL_GET_TASKS":0.003788690583549586,
    "ADD_VOICEMAIL":0.002655584578724339,
    "USE_SIP":0.002655584578724339,
    "WRITE_PROFILE":0.002655584578724339,
    "READ_SOCIAL_STREAM":0.002655584578724339,
    "WRITE_SOCIAL_STREAM":0.002655584578724339,
    "READ_USER_DICTIONARY":0.002655584578724339,
    "WRITE_USER_DICTIONARY":0.002655584578724339,
    "WRITE_HISTORY_BOOKMARKS":0.002655584578724339,
    "SUBSCRIBED_FEEDS_READ":0.002655584578724339,
    "SUBSCRIBED_FEEDS_WRITE":0.002655584578724339,
    "BIND_DIRECTORY_SEARCH":0.002655584578724339,
    "ACCOUNT_MANAGER":0.002655584578724339,
    "TRANSMIT_IR":0.002655584578724339,
    "GET_INTENT_SENDER_INTENT":0.002655584578724339,
    "SET_WALLPAPER_HINTS":0.002655584578724339,
    "READ_SYNC_SETTINGS":0.002655584578724339,
    "READ_SYNC_STATS":0.002655584578724339,
    "PERSISTENT_ACTIVITY":0.002655584578724339,
    "CLEAR_APP_CACHE":0.002655584578724339,
    "UPDATE_APP_OPS_STATS":0.002655584578724339,
    "CLEAR_APP_USER_DATA":0.002655584578724339,
    "DELETE_PACKAGES":0.002655584578724339,
    "BIND_APPWIDGET":0.002655584578724339,
    "ACCESS_CACHE_FILESYSTEM":0.002655584578724339,
    "READ_INSTALL_SESSIONS":0.002655584578724339,
    "BLUETOOTH_ADVERTISE":0.0016625253834842346,
    "CAPTURE_VIDEO_OUTPUT":0.0015659779617247802,
    "CHANGE_COMPONENT_ENABLED_STATE":0.0010238270549216889,
    "CAPTURE_SECURE_VIDEO_OUTPUT":0.0010238270549216889,
    "START_ACTIVITIES_FROM_BACKGROUND":0.0006217229577037405,
    "CAPTURE_AUDIO_OUTPUT":0.0005421509068030912
}