{
    "INTERNET":0.9906519135708097,
    "WRITE_EXTERNAL_STORAGE":0.978924603781277,
    "ACCESS_NETWORK_STATE":0.9626522448147581,
    "ACCESS_WIFI_STATE":0.9494343372573,
    "READ_EXTERNAL_STORAGE":0.9377070274677672,
    "READ_PHONE_STATE":0.9220175304489628,
    "CAMERA":0.8508956326759415,
    "WAKE_LOCK":0.8504911328543033,
    "REQUEST_INSTALL_PACKAGES":0.83180451510982,
    "VIBRATE":0.8289443510166641,
    "GET_TASKS":0.823141211843245,
    "CHANGE_WIFI_STATE":0.7596411099220303,
    "WRITE_SETTINGS":0.7521435305508842,
    "RECORD_AUDIO":0.7231055394180297,
    "MOUNT_UNMOUNT_FILESYSTEMS":0.7177706008255617,
    "CHANGE_NETWORK_STATE":0.7157130662997502,
    "ACCESS_COARSE_LOCATION":0.7043584059521988,
    "SYSTEM_ALERT_WINDOW":0.6761580798043111,
    "ACCESS_FINE_LOCATION":0.6350424247057023,
    "FLASHLIGHT":0.5257510319523009,
    "BLUETOOTH":0.5247732252968454,
    "FOREGROUND_SERVICE":0.45556235030321557,
    "ACCESS_LOCATION_EXTRA_COMMANDS":0.4549412678999133,
    "MODIFY_AUDIO_SETTINGS":0.4547374254701115,
    "RECEIVE_BOOT_COMPLETED":0.4416723997350049,
    "CALL_PHONE":0.4104590276716098,
    "READ_LOGS":0.362138816694695,
    "BLUETOOTH_ADMIN":0.3504465423227845,
    "GET_ACCOUNTS":0.3298393466850125,
    "REORDER_TASKS":0.3178858991999185,
    "READ_CONTACTS":0.26057432604596653,
    "C2D_MESSAGE":0.26047240483106565,
    "MANAGE_ACCOUNTS":0.21915609234062078,
    "ACCESS_BACKGROUND_LOCATION":0.1982845385516996,
    "RESTART_PACKAGES":0.18917851500789895,
    "WRITE_CONTACTS":0.1591850124853489,
    "QUERY_ALL_PACKAGES":0.15882828823319584,
    "USE_CREDENTIALS":0.1328638587371962,
    "CHANGE_WIFI_MULTICAST_STATE":0.13041456454160938,
    "DISABLE_KEYGUARD":0.11380459155073132,
    "BROADCAST_STICKY":0.10945064465168429,
    "KILL_BACKGROUND_PROCESSES":0.10708734648117009,
    "SET_DEBUG_APP":0.09713091780054021,
    "USE_FINGERPRINT":0.0778805483361362,
    "GET_TOP_ACTIVITY_INFO":0.06815662742699895,
    "READ_PHONE_NUMBERS":0.06803559598430416,
    "CHANGE_CONFIGURATION":0.06697816337970751,
    "INSTALL_SHORTCUT":0.06319433827651227,
    "UNINSTALL_SHORTCUT":0.06319433827651227,
    "READ_CALENDAR":0.06304145645416095,
    "WRITE_CALENDAR":0.06304145645416095,
    "REQUEST_IGNORE_BATTERY_OPTIMIZATIONS":0.05899327319981656,
    "SEND_SMS":0.05861106864393826,
    "ACCESS_MOCK_LOCATION":0.05658538449778324,
    "INTERACT_ACROSS_USERS_FULL":0.05349589767110026,
    "NFC":0.05022167864240944,
    "USE_FULL_SCREEN_INTENT":0.04959104112521023,
    "READ_PRIVILEGED_PHONE_STATE":0.04944134434082456,
    "INSTALL_PACKAGES":0.04900180910156451,
    "AUTHENTICATE_ACCOUNTS":0.04688375885440556,
    "MANAGE_EXTERNAL_STORAGE":0.04589002700912197,
    "EXPAND_STATUS_BAR":0.04172081231208278,
    "READ_PROFILE":0.03965372267237426,
    "MANAGE_DOCUMENTS":0.039625057330683396,
    "ACCESS_NOTIFICATION_POLICY":0.03803572338582277,
    "BLUETOOTH_CONNECT":0.03366585129694747,
    "PROCESS_OUTGOING_CALLS":0.03233132038933905,
    "READ_CALL_LOG":0.030732431330581476,
    "REAL_GET_TASKS":0.030710136064821904,
    "USE_BIOMETRIC":0.02643581511491618,
    "SET_WALLPAPER":0.02643581511491618,
    "WRITE_MEDIA_STORAGE":0.026066350710900483,
    "SET_ALARM":0.0248369260561586,
    "BATTERY_STATS":0.0248369260561586,
    "READ_SMS":0.021852545482342157,
    "READ_SYNC_SETTINGS":0.020447943739489383,
    "WRITE_SYNC_SETTINGS":0.020447943739489383,
    "ANSWER_PHONE_CALLS":0.019113412831880963,
    "ACTIVITY_RECOGNITION":0.019113412831880963,
    "BODY_SENSORS":0.019113412831880963,
    "INTERACT_ACROSS_USERS":0.015695867094735774,
    "BLUETOOTH_PRIVILEGED":0.01321790755745809,
    "SCHEDULE_EXACT_ALARM":0.01321790755745809,
    "BROADCAST_WAP_PUSH":0.01321790755745809,
    "PACKAGE_USAGE_STATS":0.01321790755745809,
    "GET_PACKAGE_SIZE":0.00934808642919024,
    "BIND_NOTIFICATION_LISTENER_SERVICE":0.009297125821739798,
    "WRITE_SMS":0.006774575752942978,
    "RECEIVE_SMS":0.005895505274422873,
    "RECEIVE_WAP_PUSH":0.005895505274422873,
    "RECEIVE_MMS":0.005895505274422873,
    "ACCESS_MEDIA_LOCATION":0.005895505274422873,
    "WRITE_CALL_LOG":0.005895505274422873,
    "ADD_VOICEMAIL":0.005895505274422873,
    "USE_SIP":0.005895505274422873,
    "ACCEPT_HANDOVER":0.005895505274422873,
    "BIND_CALL_REDIRECTION_SERVICE":0.005895505274422873,
    "MEDIA_CONTENT_CONTROL":0.002379223360342456,
    "READ_MEDIA_AUDIO":0.002379223360342456,
    "READ_MEDIA_VIDEO":0.002379223360342456
}