{
    "INTERNET":1.0,
    "WRITE_EXTERNAL_STORAGE":0.9944332374780034,
    "ACCESS_NETWORK_STATE":0.9944332374780034,
    "ACCESS_WIFI_STATE":0.9758830851109489,
    "READ_EXTERNAL_STORAGE":0.9434224644834542,
    "READ_PHONE_STATE":0.8532769646765952,
    "VIBRATE":0.8287244087729083,
    "WAKE_LOCK":0.8244302330572126,
    "CAMERA":0.8141400918494353,
    "REQUEST_INSTALL_PACKAGES":0.8047426928194341,
    "CHANGE_WIFI_STATE":0.8037211897506329,
    "ACCESS_COARSE_LOCATION":0.7639276363792433,
    "ACCESS_FINE_LOCATION":0.7551912099231722,
    "GET_TASKS":0.7148632988540276,
    "CHANGE_NETWORK_STATE":0.6612537018756168,
    "RECORD_AUDIO":0.6407335078758742,
    "RECEIVE_BOOT_COMPLETED":0.5788574616936346,
    "WRITE_SETTINGS":0.5655779217992185,
    "SYSTEM_ALERT_WINDOW":0.5607858706382245,
    "BLUETOOTH":0.5515429846774538,
    "MOUNT_UNMOUNT_FILESYSTEMS":0.5366625177046223,
    "FOREGROUND_SERVICE":0.4772028842439587,
    "MODIFY_AUDIO_SETTINGS":0.4314004892913857,
    "CALL_PHONE":0.4124747843255073,
    "READ_LOGS":0.38493712176488243,
    "ACCESS_LOCATION_EXTRA_COMMANDS":0.3811708657023905,
    "BLUETOOTH_ADMIN":0.35410318039400823,
    "FLASHLIGHT":0.3452658912399673,
    "READ_CONTACTS":0.26123867977166393,
    "REORDER_TASKS":0.25720202583801877,
    "RESTART_PACKAGES":0.25124683462809544,
    "GET_ACCOUNTS":0.24903429331730964,
    "QUERY_ALL_PACKAGES":0.24736469376368073,
    "BROADCAST_STICKY":0.22873728486201114,
    "ACCESS_BACKGROUND_LOCATION":0.22441091892355886,
    "C2D_MESSAGE":0.21396411863170087,
    "KILL_BACKGROUND_PROCESSES":0.21351989355766332,
    "CHANGE_CONFIGURATION":0.20732864071419368,
    "DISABLE_KEYGUARD":0.18522039572513835,
    "MANAGE_ACCOUNTS":0.16892999699557912,
    "USE_CREDENTIALS":0.13736855659041153,
    "RECEIVE_SMS":0.1131550710330915,
    "READ_CALENDAR":0.10648525687797754,
    "CHANGE_WIFI_MULTICAST_STATE":0.10618696081376879,
    "NFC":0.10273187690458815,
    "REQUEST_IGNORE_BATTERY_OPTIMIZATIONS":0.10172539593973987,
    "WRITE_CALENDAR":0.09757500321902222,
    "SET_DEBUG_APP":0.08986651787630366,
    "PROCESS_OUTGOING_CALLS":0.08611313790291425,
    "READ_SMS":0.08221812094939694,
    "ACCESS_MOCK_LOCATION":0.07917292587664704,
    "EXPAND_STATUS_BAR":0.07888106785698955,
    "BATTERY_STATS":0.07414052105240565,
    "READ_PRIVILEGED_PHONE_STATE":0.07309541182024977,
    "SEND_SMS":0.07209322288510234,
    "DEVICE_POWER":0.07038928709386666,
    "INTERACT_ACROSS_USERS_FULL":0.06929481952015105,
    "AUTHENTICATE_ACCOUNTS":0.0684321215502811,
    "INSTALL_SHORTCUT":0.0673569681102193,
    "OVERRIDE_WIFI_CONFIG":0.06474526803725479,
    "WRITE_CONTACTS":0.06080733078672902,
    "BLUETOOTH_CONNECT":0.050744667153096674,
    "ACCESS_MEDIA_LOCATION":0.04036653933645219,
    "UNINSTALL_SHORTCUT":0.03907249238164726,
    "WRITE_SMS":0.0390381561440405,
    "USE_FINGERPRINT":0.036690415897678,
    "PACKAGE_USAGE_STATS":0.036370659684965,
    "INSTALL_PACKAGES":0.03564101463582126,
    "READ_CALL_LOG":0.03382119404266276,
    "READ_PROFILE":0.03335550882012102,
    "ACCESS_NOTIFICATION_POLICY":0.03265161594918235,
    "WRITE_SECURE_SETTINGS":0.03045409674234944,
    "SET_ALARM":0.029263058500364807,
    "WRITE_MEDIA_STORAGE":0.027992617708914532,
    "WRITE_APN_SETTINGS":0.027992617708914532,
    "GET_PACKAGE_SIZE":0.025735010086269786,
    "READ_HISTORY_BOOKMARKS":0.02080990600454954,
    "BLUETOOTH_SCAN":0.020610326623460226,
    "WRITE_SYNC_SETTINGS":0.020610326623460226,
    "READ_SYNC_STATS":0.020610326623460226,
    "SET_WALLPAPER":0.020041632688098193,
    "USE_BIOMETRIC":0.018869908579767364,
    "READ_SYNC_SETTINGS":0.01855015236705437,
    "GET_TOP_ACTIVITY_INFO":0.01855015236705437,
    "BIND_ACCESSIBILITY_SERVICE":0.01855015236705437,
    "WRITE_VOICEMAIL":0.017859135585218244,
    "MANAGE_EXTERNAL_STORAGE":0.01782050731791063,
    "USE_FULL_SCREEN_INTENT":0.01782050731791063,
    "MANAGE_DOCUMENTS":0.016822610412464047,
    "REAL_GET_TASKS":0.016822610412464047,
    "SCHEDULE_EXACT_ALARM":0.013037040216318293,
    "FORCE_STOP_PACKAGES":0.011899652345594227,
    "INTERACT_ACROSS_PROFILES":0.011403922915146568,
    "RECEIVE_WAP_PUSH":0.008910253658955316,
    "INTERACT_ACROSS_USERS":0.008910253658955316,
    "DELETE_CACHE_FILES":0.008910253658955316,
    "MEDIA_CONTENT_CONTROL":0.008910253658955316,
    "BLUETOOTH_PRIVILEGED":0.0064037083136615275,
    "ACTIVITY_RECOGNITION":0.00335422121121078,
    "TRANSMIT_IR":0.00335422121121078,
    "READ_PRECISE_PHONE_STATE":0.0032040001716811864
}