{
    "INTERNET":0.9944326681119845,
    "ACCESS_NETWORK_STATE":0.9944326681119845,
    "ACCESS_WIFI_STATE":0.988176621761769,
    "WRITE_EXTERNAL_STORAGE":0.9832980043359534,
    "READ_EXTERNAL_STORAGE":0.9508614290423115,
    "READ_PHONE_STATE":0.8992895789730383,
    "REQUEST_INSTALL_PACKAGES":0.8155598551823757,
    "CAMERA":0.8130769993488033,
    "WAKE_LOCK":0.7584313925163269,
    "VIBRATE":0.7373505663805509,
    "CHANGE_WIFI_STATE":0.7313450834630815,
    "CHANGE_NETWORK_STATE":0.6677220702167174,
    "ACCESS_COARSE_LOCATION":0.6663004242159508,
    "GET_TASKS":0.6535257088801287,
    "ACCESS_FINE_LOCATION":0.6461575360637155,
    "WRITE_SETTINGS":0.598219525724959,
    "SYSTEM_ALERT_WINDOW":0.521661007774166,
    "MOUNT_UNMOUNT_FILESYSTEMS":0.5148475582794466,
    "MODIFY_AUDIO_SETTINGS":0.4600599208380341,
    "RECORD_AUDIO":0.43591873705310596,
    "RECEIVE_BOOT_COMPLETED":0.4070181879574123,
    "FOREGROUND_SERVICE":0.39414029944340084,
    "READ_LOGS":0.3933819095881379,
    "BLUETOOTH":0.38074252530422664,
    "FLASHLIGHT":0.3337705910885172,
    "ACCESS_LOCATION_EXTRA_COMMANDS":0.322404122639411,
    "QUERY_ALL_PACKAGES":0.3180547702185931,
    "CALL_PHONE":0.28029874664687165,
    "REORDER_TASKS":0.27282472082945863,
    "C2D_MESSAGE":0.23588872303763272,
    "BLUETOOTH_ADMIN":0.20860678691924886,
    "ACCESS_BACKGROUND_LOCATION":0.17185971663553604,
    "BROADCAST_STICKY":0.1609648970010103,
    "CHANGE_CONFIGURATION":0.14280909746247575,
    "GET_ACCOUNTS":0.13782194721285027,
    "DISABLE_KEYGUARD":0.13491299955246955,
    "EXPAND_STATUS_BAR":0.13453916427045845,
    "RESTART_PACKAGES":0.12611916100107456,
    "KILL_BACKGROUND_PROCESSES":0.10245096594213189,
    "INSTALL_PACKAGES":0.091506569585619,
    "READ_CONTACTS":0.09010502225592842,
    "INSTALL_SHORTCUT":0.08599149424240068,
    "MANAGE_ACCOUNTS":0.0776465260117001,
    "CHANGE_WIFI_MULTICAST_STATE":0.07426726944814406,
    "INTERACT_ACROSS_USERS_FULL":0.07151241159934503,
    "READ_CALENDAR":0.06521348808416787,
    "WRITE_CALENDAR":0.06521348808416787,
    "USE_CREDENTIALS":0.06403436604771691,
    "READ_PRIVILEGED_PHONE_STATE":0.06353725891644045,
    "AUTHENTICATE_ACCOUNTS":0.06186370957152313,
    "NFC":0.05876717431443431,
    "WRITE_SYNC_SETTINGS":0.05745138131466747,
    "UNINSTALL_SHORTCUT":0.051728619703665185,
    "READ_SYNC_SETTINGS":0.046110371182257415,
    "SET_WALLPAPER":0.042034360688071294,
    "USE_FINGERPRINT":0.03972569333715654,
    "MANAGE_EXTERNAL_STORAGE":0.03798916815620151,
    "WRITE_CONTACTS":0.03545003604361679,
    "RECEIVE_SMS":0.03527048791533903,
    "GET_TOP_ACTIVITY_INFO":0.03498642669746676,
    "READ_PHONE_NUMBERS":0.03484975573415085,
    "READ_MEDIA_AUDIO":0.03477606060687266,
    "READ_MEDIA_VIDEO":0.03477606060687266,
    "INTERACT_ACROSS_USERS":0.034224017107988815,
    "REQUEST_IGNORE_BATTERY_OPTIMIZATIONS":0.03093587451997673,
    "WRITE_MEDIA_STORAGE":0.027105067812916203,
    "ACCESS_NOTIFICATION_POLICY":0.027071570027789756,
    "USE_FULL_SCREEN_INTENT":0.02703941215406837,
    "READ_SMS":0.026063956651186215,
    "SET_ALARM":0.025900487459769153,
    "ACCESS_MEDIA_LOCATION":0.025552110494454102,
    "STATUS_BAR":0.024690547461001876,
    "STATUS_BAR_SERVICE":0.024690547461001876,
    "WRITE_APN_SETTINGS":0.020778006158232814,
    "OVERRIDE_WIFI_CONFIG":0.019007983192151332,
    "BATTERY_STATS":0.01655192558668021,
    "CLEAR_APP_CACHE":0.015473296905608596,
    "CAPTURE_VIDEO_OUTPUT":0.015120900206078373,
    "SCHEDULE_EXACT_ALARM":0.014961450748876483,
    "BLUETOOTH_CONNECT":0.014440225212308961,
    "SEND_SMS":0.014327672654284095,
    "GET_PACKAGE_SIZE":0.013428592101490246,
    "WRITE_SECURE_SETTINGS":0.012813572766568674,
    "CALL_PRIVILEGED":0.012743897373505661,
    "CAPTURE_AUDIO_OUTPUT":0.01254023083993686,
    "READ_FRAME_BUFFER":0.011729584439876832,
    "PROCESS_OUTGOING_CALLS":0.011568795071269886,
    "ACTIVITY_RECOGNITION":0.011134663776031126,
    "READ_HISTORY_BOOKMARKS":0.011134663776031126,
    "READ_SYNC_STATS":0.011134663776031126,
    "GET_INTENT_SENDER_INTENT":0.010147149070503457,
    "SET_DEBUG_APP":0.009905965017593034,
    "INSTANT_APP_FOREGROUND_SERVICE":0.009905965017593034,
    "CHANGE_COMPONENT_ENABLED_STATE":0.009202511529937639,
    "BIND_ACCESSIBILITY_SERVICE":0.007792924731816731,
    "READ_CLIPBOARD_IN_BACKGROUND":0.007582558641222641,
    "ACCESS_MOCK_LOCATION":0.00649991022593586,
    "READ_CELL_BROADCASTS":0.005567331888015563,
    "READ_CALL_LOG":0.005567331888015563,
    "ADD_VOICEMAIL":0.005567331888015563,
    "USE_SIP":0.005567331888015563,
    "ANSWER_PHONE_CALLS":0.005567331888015563,
    "BODY_SENSORS":0.005567331888015563,
    "READ_PROFILE":0.005567331888015563,
    "WRITE_PROFILE":0.005567331888015563,
    "READ_SOCIAL_STREAM":0.005567331888015563,
    "WRITE_SOCIAL_STREAM":0.005567331888015563,
    "READ_USER_DICTIONARY":0.005567331888015563,
    "WRITE_USER_DICTIONARY":0.005567331888015563,
    "WRITE_HISTORY_BOOKMARKS":0.005567331888015563,
    "SUBSCRIBED_FEEDS_READ":0.005567331888015563,
    "SUBSCRIBED_FEEDS_WRITE":0.005567331888015563,
    "BIND_DIRECTORY_SEARCH":0.005567331888015563,
    "ACCOUNT_MANAGER":0.005567331888015563,
    "TRANSMIT_IR":0.005567331888015563,
    "MODIFY_PHONE_STATE":0.005567331888015563,
    "SET_WALLPAPER_HINTS":0.005567331888015563,
    "SET_TIME":0.005567331888015563,
    "SET_TIME_ZONE":0.005567331888015563,
    "PERSISTENT_ACTIVITY":0.005567331888015563,
    "UPDATE_APP_OPS_STATS":0.005567331888015563,
    "CLEAR_APP_USER_DATA":0.005567331888015563,
    "DELETE_CACHE_FILES":0.005567331888015563,
    "DELETE_PACKAGES":0.005567331888015563,
    "GRANT_RUNTIME_PERMISSIONS":0.005567331888015563,
    "DEVICE_POWER":0.005567331888015563,
    "PACKAGE_USAGE_STATS":0.005567331888015563,
    "BIND_APPWIDGET":0.005567331888015563,
    "ACCESS_CACHE_FILESYSTEM":0.005567331888015563,
    "READ_INSTALL_SESSIONS":0.005567331888015563,
    "LOCAL_MAC_ADDRESS":0.005567331888015563,
    "MANAGE_USERS":0.004327913838337008,
    "UPDATE_DEVICE_STATS":0.003936659708060102,
    "ACCESS_SURFACE_FLINGER":0.003936659708060102,
    "WRITE_SMS":0.0018129001310433351
}