{
    "INTERNET":1.0,
    "WRITE_EXTERNAL_STORAGE":0.9966263644649483,
    "ACCESS_NETWORK_STATE":0.9902052258953524,
    "ACCESS_WIFI_STATE":0.929646092241502,
    "READ_EXTERNAL_STORAGE":0.9207519621945475,
    "REQUEST_INSTALL_PACKAGES":0.824011559345316,
    "VIBRATE":0.7861045956604937,
    "READ_PHONE_STATE":0.7530917793011693,
    "WAKE_LOCK":0.6706212932125563,
    "ACCESS_COARSE_LOCATION":0.6038807607742513,
    "MOUNT_UNMOUNT_FILESYSTEMS":0.5925417168824324,
    "CAMERA":0.5884920583496399,
    "CHANGE_NETWORK_STATE":0.5535915611595629,
    "CHANGE_WIFI_STATE":0.5317817201653555,
    "GET_TASKS":0.4833305255700839,
    "ACCESS_FINE_LOCATION":0.47307787007399527,
    "SYSTEM_ALERT_WINDOW":0.4534127282387547,
    "WRITE_SETTINGS":0.41724873758644665,
    "RECORD_AUDIO":0.40883192729189055,
    "RECEIVE_BOOT_COMPLETED":0.39357929339398096,
    "FOREGROUND_SERVICE":0.37808691971092995,
    "REORDER_TASKS":0.35278897283381055,
    "MODIFY_AUDIO_SETTINGS":0.34441535889693764,
    "BLUETOOTH":0.31886903296314045,
    "QUERY_ALL_PACKAGES":0.293223355406672,
    "FLASHLIGHT":0.27439190327471585,
    "ACCESS_LOCATION_EXTRA_COMMANDS":0.25705936475436386,
    "CALL_PHONE":0.2441004574494278,
    "BLUETOOTH_ADMIN":0.22129278059274038,
    "READ_LOGS":0.18412231480641558,
    "RESTART_PACKAGES":0.1712929965745289,
    "KILL_BACKGROUND_PROCESSES":0.14048751409281168,
    "C2D_MESSAGE":0.14002315324771816,
    "GET_ACCOUNTS":0.13692813421972264,
    "ACCESS_BACKGROUND_LOCATION":0.13656744463306858,
    "READ_CONTACTS":0.13504045338897028,
    "USE_FINGERPRINT":0.12979857538412362,
    "INSTALL_SHORTCUT":0.12711608157200185,
    "PACKAGE_USAGE_STATS":0.09854817041827035,
    "BROADCAST_STICKY":0.09745746238677157,
    "CHANGE_CONFIGURATION":0.09224582183230312,
    "UNINSTALL_SHORTCUT":0.08043377782385391,
    "RECEIVE_SMS":0.06749646869775942,
    "READ_SMS":0.06749646869775942,
    "CHANGE_WIFI_MULTICAST_STATE":0.06632800722243103,
    "MANAGE_EXTERNAL_STORAGE":0.06283558170375075,
    "MANAGE_ACCOUNTS":0.0612718735556218,
    "INSTALL_PACKAGES":0.059038621863404486,
    "READ_PRIVILEGED_PHONE_STATE":0.057455475354318136,
    "REQUEST_IGNORE_BATTERY_OPTIMIZATIONS":0.049829158405363276,
    "WRITE_CONTACTS":0.04906890251014036,
    "NFC":0.046710381380642,
    "DISABLE_KEYGUARD":0.0456693491604788,
    "BATTERY_STATS":0.04490045399371926,
    "USE_CREDENTIALS":0.04461319821512651,
    "ACCESS_NOTIFICATION_POLICY":0.04120068595816002,
    "USE_FULL_SCREEN_INTENT":0.040941507812061295,
    "AUTHENTICATE_ACCOUNTS":0.04086591418611584,
    "REQUEST_DELETE_PACKAGES":0.03879464883521022,
    "EXPAND_STATUS_BAR":0.03838644325510474,
    "READ_PROFILE":0.036915607275994494,
    "WRITE_MEDIA_STORAGE":0.03590049287044118,
    "DELETE_PACKAGES":0.03214888920566218,
    "READ_CALENDAR":0.03199770195377126,
    "WRITE_CALENDAR":0.03199770195377126,
    "READ_SYNC_SETTINGS":0.0319026699668684,
    "WRITE_SYNC_SETTINGS":0.0319026699668684,
    "ADD_VOICEMAIL":0.027952363056747063,
    "USE_SIP":0.027952363056747063,
    "READ_HISTORY_BOOKMARKS":0.027952363056747063,
    "USE_BIOMETRIC":0.027766618718709647,
    "READ_CALL_LOG":0.0268897326577423,
    "PROCESS_OUTGOING_CALLS":0.0268897326577423,
    "SET_DEBUG_APP":0.025326024509613358,
    "SET_ALARM":0.02482062712472085,
    "GET_PACKAGE_SIZE":0.02380335290128337,
    "READ_SYNC_STATS":0.022939425747620968,
    "READ_MEDIA_AUDIO":0.022755841227467703,
    "READ_MEDIA_VIDEO":0.022755841227467703,
    "SEND_SMS":0.022123014587409996,
    "ACCESS_MEDIA_LOCATION":0.018989118837499624,
    "BODY_SENSORS":0.018989118837499624,
    "WRITE_PROFILE":0.018989118837499624,
    "READ_SOCIAL_STREAM":0.018989118837499624,
    "WRITE_SOCIAL_STREAM":0.018989118837499624,
    "READ_USER_DICTIONARY":0.018989118837499624,
    "WRITE_USER_DICTIONARY":0.018989118837499624,
    "WRITE_HISTORY_BOOKMARKS":0.018989118837499624,
    "SUBSCRIBED_FEEDS_READ":0.018989118837499624,
    "SUBSCRIBED_FEEDS_WRITE":0.018989118837499624,
    "BIND_DIRECTORY_SEARCH":0.018989118837499624,
    "ACCOUNT_MANAGER":0.018989118837499624,
    "GET_INTENT_SENDER_INTENT":0.018989118837499624,
    "PERSISTENT_ACTIVITY":0.018989118837499624,
    "CLEAR_APP_CACHE":0.018989118837499624,
    "UPDATE_APP_OPS_STATS":0.018989118837499624,
    "BIND_VPN_SERVICE":0.018989118837499624,
    "CLEAR_APP_USER_DATA":0.018989118837499624,
    "DEVICE_POWER":0.018989118837499624,
    "BIND_APPWIDGET":0.018989118837499624,
    "ACCESS_CACHE_FILESYSTEM":0.018989118837499624,
    "READ_PHONE_NUMBERS":0.01792648843849487,
    "WRITE_APN_SETTINGS":0.012961067122820207,
    "INTERACT_ACROSS_USERS":0.012663012254806679,
    "INTERACT_ACROSS_USERS_FULL":0.012663012254806679,
    "INJECT_EVENTS":0.012447030466391078,
    "WRITE_CALL_LOG":0.008963244219247435,
    "ACTIVITY_RECOGNITION":0.008963244219247435,
    "WRITE_SMS":0.008963244219247435,
    "INSTALL_LOCATION_PROVIDER":0.008963244219247435,
    "LOCAL_MAC_ADDRESS":0.008963244219247435,
    "BLUETOOTH_CONNECT":0.007995645807145542,
    "SET_WALLPAPER":0.003950306910121339,
    "WRITE_SECURE_SETTINGS":0.003950306910121339,
    "SCHEDULE_EXACT_ALARM":0.0037883205688096387
}