{
    "INTERNET":0.9911846278742005,
    "ACCESS_NETWORK_STATE":0.9911846278742005,
    "ACCESS_WIFI_STATE":0.9800545038071179,
    "WRITE_EXTERNAL_STORAGE":0.9709539373417472,
    "READ_EXTERNAL_STORAGE":0.9617552881670002,
    "REQUEST_INSTALL_PACKAGES":0.9170869133522257,
    "VIBRATE":0.9163294130428878,
    "READ_PHONE_STATE":0.9090909090909091,
    "WAKE_LOCK":0.8560598515782263,
    "CHANGE_WIFI_STATE":0.8207289506960855,
    "CAMERA":0.8141211940136353,
    "CHANGE_NETWORK_STATE":0.804800318693357,
    "ACCESS_FINE_LOCATION":0.7881126774165316,
    "ACCESS_COARSE_LOCATION":0.7734395040938215,
    "GET_TASKS":0.7705981234514248,
    "WRITE_SETTINGS":0.6791246797222298,
    "RECORD_AUDIO":0.6272464712859095,
    "MOUNT_UNMOUNT_FILESYSTEMS":0.6253195232878529,
    "SYSTEM_ALERT_WINDOW":0.5844974996453929,
    "MODIFY_AUDIO_SETTINGS":0.5477210105235202,
    "FOREGROUND_SERVICE":0.5307089418233725,
    "ACCESS_LOCATION_EXTRA_COMMANDS":0.5290566254115698,
    "FLASHLIGHT":0.48341798625634885,
    "RECEIVE_BOOT_COMPLETED":0.4282864497982513,
    "CALL_PHONE":0.4122189930376365,
    "BLUETOOTH":0.40997365347529663,
    "READ_LOGS":0.3672307176938189,
    "C2D_MESSAGE":0.3662136754458236,
    "QUERY_ALL_PACKAGES":0.29796923522648044,
    "ACCESS_BACKGROUND_LOCATION":0.2725220535199621,
    "BLUETOOTH_ADMIN":0.26783068208225064,
    "REORDER_TASKS":0.24244385896611764,
    "READ_CONTACTS":0.23466514563018895,
    "BROADCAST_STICKY":0.21300848339987866,
    "GET_ACCOUNTS":0.2050456763632742,
    "DISABLE_KEYGUARD":0.17514403068630738,
    "INSTALL_SHORTCUT":0.16388866254417492,
    "CHANGE_CONFIGURATION":0.14530576152924524,
    "KILL_BACKGROUND_PROCESSES":0.14233460991752,
    "MANAGE_ACCOUNTS":0.13381046799033056,
    "EXPAND_STATUS_BAR":0.12107782334851354,
    "RESTART_PACKAGES":0.12018300724604877,
    "NFC":0.11035059287225404,
    "USE_CREDENTIALS":0.10049252609754553,
    "UNINSTALL_SHORTCUT":0.09751232069726244,
    "READ_CALENDAR":0.09398587005399076,
    "READ_MEDIA_AUDIO":0.08248152272651824,
    "READ_MEDIA_VIDEO":0.08248152272651824,
    "READ_SMS":0.07284678273623599,
    "WRITE_CALENDAR":0.07279396896964868,
    "READ_PHONE_NUMBERS":0.06902306603531581,
    "WRITE_CONTACTS":0.06494131636049771,
    "INSTALL_PACKAGES":0.062404746599547915,
    "READ_PRIVILEGED_PHONE_STATE":0.05859461058146447,
    "ACCESS_NOTIFICATION_POLICY":0.0572048540378388,
    "PROCESS_OUTGOING_CALLS":0.05693022245158486,
    "USE_FINGERPRINT":0.05631909172393188,
    "SEND_SMS":0.05061822286202328,
    "BLUETOOTH_CONNECT":0.04800620486309163,
    "READ_CALL_LOG":0.04703744948740467,
    "AUTHENTICATE_ACCOUNTS":0.046842793033411496,
    "SET_WALLPAPER":0.04553602955156586,
    "INTERACT_ACROSS_USERS_FULL":0.04213934987762296,
    "USE_FULL_SCREEN_INTENT":0.040615295470389584,
    "WRITE_CALL_LOG":0.03817680841881618,
    "PACKAGE_USAGE_STATS":0.03785238099549423,
    "INTERACT_ACROSS_USERS":0.03424897314948106,
    "RECEIVE_SMS":0.03192516741964008,
    "CHANGE_WIFI_MULTICAST_STATE":0.03113597885034993,
    "SET_DEBUG_APP":0.030144589003268416,
    "READ_PROFILE":0.026292201971915147,
    "WRITE_MEDIA_STORAGE":0.026073402081767783,
    "MODIFY_PHONE_STATE":0.025110682565119374,
    "GET_TOP_ACTIVITY_INFO":0.02490999025208765,
    "ACCESS_MEDIA_LOCATION":0.023809954942312278,
    "CLEAR_APP_CACHE":0.02355192196841435,
    "STATUS_BAR":0.022801966482874757,
    "STATUS_BAR_SERVICE":0.022801966482874757,
    "WRITE_APN_SETTINGS":0.018845460883106534,
    "USE_BIOMETRIC":0.018821317446952344,
    "BATTERY_STATS":0.018691546477623562,
    "DEVICE_POWER":0.018056272313816384,
    "USE_SIP":0.017946117886362883,
    "MANAGE_DOCUMENTS":0.017802766234197367,
    "SET_ALARM":0.01768506698294568,
    "REQUEST_IGNORE_BATTERY_OPTIMIZATIONS":0.01634963317066693,
    "SCHEDULE_EXACT_ALARM":0.01567663488786883,
    "GET_PACKAGE_SIZE":0.01498703799271472,
    "WRITE_USER_DICTIONARY":0.013820608233515313,
    "READ_HISTORY_BOOKMARKS":0.013303033320959824,
    "WRITE_SMS":0.01256364058873769,
    "WRITE_PROFILE":0.011774452019447537,
    "RECEIVE_MMS":0.010724212546740183,
    "WRITE_SYNC_SETTINGS":0.00908396785301476,
    "DELETE_PACKAGES":0.008975322390320896,
    "SET_WALLPAPER_HINTS":0.006281820294368845,
    "SET_TIME_ZONE":0.006281820294368845,
    "UPDATE_DEVICE_STATS":0.006281820294368845,
    "MANAGE_EXTERNAL_STORAGE":0.005305520094883704,
    "RECEIVE_WAP_PUSH":0.004442392252371338,
    "ADD_VOICEMAIL":0.004442392252371338,
    "BODY_SENSORS":0.004442392252371338,
    "MOUNT_FORMAT_FILESYSTEMS":0.0038206987714008924,
    "CALL_PRIVILEGED":0.0035958630222149793,
    "LOCATION_HARDWARE":0.0029047571623012315,
    "READ_SYNC_SETTINGS":0.002802147558645915,
    "WRITE_SECURE_SETTINGS":0.0023645477783511845,
    "BLUETOOTH_PRIVILEGED":0.0020461562140677765,
    "CAPTURE_AUDIO_OUTPUT":0.0020461562140677765,
    "CAPTURE_VIDEO_OUTPUT":0.0020461562140677765,
    "ACTIVITY_RECOGNITION":0.001803212887766219,
    "UPDATE_APP_OPS_STATS":0.0016115743632923198,
    "LOCAL_MAC_ADDRESS":0.0005749155734216983
}