{
    "INTERNET":0.9922032306325157,
    "ACCESS_NETWORK_STATE":0.9922032306325157,
    "WRITE_EXTERNAL_STORAGE":0.9699785711875275,
    "READ_EXTERNAL_STORAGE":0.9697086018965344,
    "ACCESS_WIFI_STATE":0.9693655159225639,
    "REQUEST_INSTALL_PACKAGES":0.8993112970899559,
    "READ_PHONE_STATE":0.8692139394143914,
    "WAKE_LOCK":0.8515014229631378,
    "VIBRATE":0.8033231532413189,
    "CAMERA":0.7802717128426643,
    "GET_TASKS":0.6820028909211577,
    "ACCESS_COARSE_LOCATION":0.65401326224142,
    "CHANGE_WIFI_STATE":0.6261670547475225,
    "CHANGE_NETWORK_STATE":0.6165395561254908,
    "ACCESS_FINE_LOCATION":0.5943753585529646,
    "SYSTEM_ALERT_WINDOW":0.569116356764418,
    "MOUNT_UNMOUNT_FILESYSTEMS":0.5354587790638818,
    "RECORD_AUDIO":0.5297177133601054,
    "FOREGROUND_SERVICE":0.4868629005950575,
    "WRITE_SETTINGS":0.4653483166289837,
    "QUERY_ALL_PACKAGES":0.42107757117627886,
    "RECEIVE_BOOT_COMPLETED":0.4034325470477734,
    "REORDER_TASKS":0.3643854261577747,
    "MODIFY_AUDIO_SETTINGS":0.3236988042610156,
    "BLUETOOTH":0.32246847546091645,
    "READ_LOGS":0.2954096783990823,
    "FLASHLIGHT":0.27819069955792547,
    "CALL_PHONE":0.26827776465427083,
    "READ_CONTACTS":0.25553999482558876,
    "ACCESS_LOCATION_EXTRA_COMMANDS":0.22343192836814826,
    "C2D_MESSAGE":0.16361404515236405,
    "BLUETOOTH_ADMIN":0.1634551569758941,
    "GET_ACCOUNTS":0.149997469037897,
    "ACCESS_BACKGROUND_LOCATION":0.1483059426990181,
    "READ_PRIVILEGED_PHONE_STATE":0.13527851831854132,
    "INSTALL_SHORTCUT":0.13007176683652244,
    "BROADCAST_STICKY":0.1259505168787051,
    "REQUEST_IGNORE_BATTERY_OPTIMIZATIONS":0.12548931933992513,
    "UNINSTALL_SHORTCUT":0.1183955950010687,
    "KILL_BACKGROUND_PROCESSES":0.11815796578139245,
    "RESTART_PACKAGES":0.11138623606564761,
    "CHANGE_CONFIGURATION":0.10982266392197895,
    "EXPAND_STATUS_BAR":0.10884964960235777,
    "AUTHENTICATE_ACCOUNTS":0.09992238382883951,
    "MANAGE_ACCOUNTS":0.09934729299542183,
    "READ_USER_DICTIONARY":0.08565619410792027,
    "WRITE_USER_DICTIONARY":0.08565619410792027,
    "USE_CREDENTIALS":0.08360049044421203,
    "SET_WALLPAPER":0.08162212173365284,
    "DISABLE_KEYGUARD":0.0786749569736443,
    "MANAGE_EXTERNAL_STORAGE":0.06611013622200479,
    "PACKAGE_USAGE_STATS":0.06542115209394934,
    "USE_FINGERPRINT":0.06511462446146755,
    "READ_CALENDAR":0.06289018999088856,
    "WRITE_CALENDAR":0.060692471231397455,
    "INSTALL_PACKAGES":0.06051389779412595,
    "NFC":0.0523656059123275,
    "USE_FULL_SCREEN_INTENT":0.046455809401680585,
    "ACCESS_NOTIFICATION_POLICY":0.04382220272444012,
    "CHANGE_WIFI_MULTICAST_STATE":0.04326820324188126,
    "WRITE_CONTACTS":0.04017199293580358,
    "WRITE_SYNC_SETTINGS":0.04016496248551729,
    "WRITE_MEDIA_STORAGE":0.03752151317787604,
    "GET_PACKAGE_SIZE":0.037257168247111914,
    "READ_MEDIA_AUDIO":0.033647735070135784,
    "READ_MEDIA_VIDEO":0.033647735070135784,
    "INTERACT_ACROSS_USERS_FULL":0.029450556249226666,
    "READ_PHONE_NUMBERS":0.02888812022632427,
    "WRITE_APN_SETTINGS":0.02739063431534664,
    "READ_SYNC_SETTINGS":0.026479487958244764,
    "INTERACT_ACROSS_USERS":0.026464020967614944,
    "RECEIVE_SMS":0.02601407214929303,
    "SEND_SMS":0.024096165311195863,
    "DEVICE_POWER":0.024014612087875017,
    "READ_CALL_LOG":0.021642538161284166,
    "PROCESS_OUTGOING_CALLS":0.021642538161284166,
    "READ_SMS":0.02138522368080632,
    "CLEAR_APP_CACHE":0.019644484189923407,
    "ACCESS_MOCK_LOCATION":0.017514257753180586,
    "ACTIVITY_RECOGNITION":0.015804452243557306,
    "BATTERY_STATS":0.015568229113938297,
    "SET_DEBUG_APP":0.014869402355482073,
    "BLUETOOTH_CONNECT":0.014280250621491814,
    "SCHEDULE_EXACT_ALARM":0.014254941000461206,
    "BIND_ACCESSIBILITY_SERVICE":0.013629230924982291,
    "MODIFY_PHONE_STATE":0.01241999347574214,
    "REQUEST_DELETE_PACKAGES":0.012363749873451901,
    "ANSWER_PHONE_CALLS":0.011676171835453723,
    "OVERRIDE_WIFI_CONFIG":0.011676171835453723,
    "BLUETOOTH_PRIVILEGED":0.011676171835453723,
    "READ_SYNC_STATS":0.011676171835453723,
    "SET_ALARM":0.01096609635653945,
    "PERSISTENT_ACTIVITY":0.010140721492930183,
    "CHANGE_COMPONENT_ENABLED_STATE":0.008035804677217971,
    "ACCESS_MEDIA_LOCATION":0.005838085917726861,
    "WRITE_CALL_LOG":0.005838085917726861,
    "USE_BIOMETRIC":0.005838085917726861,
    "READ_PROFILE":0.005838085917726861,
    "READ_HISTORY_BOOKMARKS":0.005838085917726861,
    "TETHER_PRIVILEGED":0.005838085917726861,
    "NETWORK_STACK":0.005838085917726861,
    "REAL_GET_TASKS":0.005838085917726861,
    "REMOVE_TASKS":0.005838085917726861,
    "MOUNT_FORMAT_FILESYSTEMS":0.005838085917726861,
    "STOP_APP_SWITCHES":0.005838085917726861,
    "GET_TOP_ACTIVITY_INFO":0.005838085917726861,
    "CLEAR_APP_USER_DATA":0.005838085917726861,
    "DELETE_CACHE_FILES":0.005838085917726861,
    "CAPTURE_AUDIO_OUTPUT":0.005838085917726861,
    "CAPTURE_VIDEO_OUTPUT":0.005838085917726861,
    "MANAGE_DOCUMENTS":0.005694664731886751,
    "INTENT_FILTER_VERIFICATION_AGENT":0.004128280408103581
}