{
    "INTERNET":1.0,
    "ACCESS_NETWORK_STATE":1.0,
    "ACCESS_WIFI_STATE":0.9811129020157905,
    "WRITE_EXTERNAL_STORAGE":0.9688640233519826,
    "READ_EXTERNAL_STORAGE":0.9163016024934242,
    "READ_PHONE_STATE":0.880862150101051,
    "REQUEST_INSTALL_PACKAGES":0.8719619348135953,
    "WAKE_LOCK":0.8533521870886633,
    "VIBRATE":0.8340627038922241,
    "ACCESS_COARSE_LOCATION":0.6850073997958519,
    "CHANGE_NETWORK_STATE":0.6814109398763746,
    "CHANGE_WIFI_STATE":0.6772006720060378,
    "CAMERA":0.6468126317129561,
    "ACCESS_FINE_LOCATION":0.6407154727344233,
    "GET_TASKS":0.6091611973347095,
    "RECORD_AUDIO":0.49337201081211335,
    "FOREGROUND_SERVICE":0.46952216187707,
    "MOUNT_UNMOUNT_FILESYSTEMS":0.4518263059900836,
    "WRITE_SETTINGS":0.44998488213750654,
    "SYSTEM_ALERT_WINDOW":0.4395910675029612,
    "RECEIVE_BOOT_COMPLETED":0.41781452542415265,
    "BLUETOOTH":0.3959788759130393,
    "REORDER_TASKS":0.3717721090213856,
    "MODIFY_AUDIO_SETTINGS":0.3514323322201434,
    "FLASHLIGHT":0.3211829670566999,
    "CALL_PHONE":0.3118644530175481,
    "QUERY_ALL_PACKAGES":0.28817146611439115,
    "BLUETOOTH_ADMIN":0.25693318814123034,
    "READ_LOGS":0.2365615842610548,
    "ACCESS_LOCATION_EXTRA_COMMANDS":0.22385803304105462,
    "C2D_MESSAGE":0.2092789575267631,
    "READ_CONTACTS":0.18236688892576786,
    "ACCESS_BACKGROUND_LOCATION":0.14805957119831228,
    "GET_ACCOUNTS":0.12057006845095333,
    "KILL_BACKGROUND_PROCESSES":0.11907646910386314,
    "RESTART_PACKAGES":0.111167439988906,
    "CHANGE_CONFIGURATION":0.09955737626654726,
    "DISABLE_KEYGUARD":0.0927077342075171,
    "WRITE_CONTACTS":0.09060032690956792,
    "USE_FINGERPRINT":0.08221616497339031,
    "SEND_SMS":0.07409116639424203,
    "INSTALL_SHORTCUT":0.06681413213239155,
    "EXPAND_STATUS_BAR":0.06098977668757403,
    "BROADCAST_STICKY":0.05941433628036928,
    "NFC":0.059016497793701425,
    "USE_CREDENTIALS":0.058750514348329196,
    "MANAGE_ACCOUNTS":0.052225963166976225,
    "INSTALL_PACKAGES":0.04989576631649302,
    "USE_BIOMETRIC":0.04969343702898766,
    "REQUEST_IGNORE_BATTERY_OPTIMIZATIONS":0.048547662187384204,
    "READ_SMS":0.04780881928357245,
    "SET_DEBUG_APP":0.047499641945362,
    "READ_CALENDAR":0.04177531446290668,
    "MANAGE_EXTERNAL_STORAGE":0.03924278832491811,
    "CHANGE_WIFI_MULTICAST_STATE":0.03905409921409849,
    "WRITE_MEDIA_STORAGE":0.03818794799455302,
    "READ_PRIVILEGED_PHONE_STATE":0.034286857462426996,
    "USE_FULL_SCREEN_INTENT":0.03188618636573406,
    "READ_HISTORY_BOOKMARKS":0.03139741336782783,
    "UNINSTALL_SHORTCUT":0.031256464875408355,
    "WRITE_CALENDAR":0.030494888343787017,
    "SET_WALLPAPER":0.029264999079288073,
    "CAPTURE_AUDIO_OUTPUT":0.02737356124553,
    "CAPTURE_VIDEO_OUTPUT":0.02737356124553,
    "RECEIVE_SMS":0.02663471834171826,
    "INTERACT_ACROSS_USERS":0.02641420215196521,
    "ACCESS_MEDIA_LOCATION":0.026386921798593702,
    "INTERACT_ACROSS_USERS_FULL":0.023752094335461958,
    "PROCESS_OUTGOING_CALLS":0.022442637373629448,
    "READ_PHONE_NUMBERS":0.02196523118962801,
    "AUTHENTICATE_ACCOUNTS":0.021933404110694582,
    "SET_ALARM":0.018887097984209223,
    "ACCESS_MOCK_LOCATION":0.018857544268056754,
    "GET_PACKAGE_SIZE":0.018857544268056754,
    "ACCESS_NOTIFICATION_POLICY":0.018857544268056754,
    "WRITE_APN_SETTINGS":0.016695576263364532,
    "MODIFY_PHONE_STATE":0.014854152410787561,
    "BLUETOOTH_CONNECT":0.011916967697788246,
    "READ_MEDIA_AUDIO":0.010753005953937123,
    "READ_MEDIA_VIDEO":0.010753005953937123,
    "HARDWARE_TEST":0.009443548992104612,
    "MANAGE_DOCUMENTS":0.009443548992104612,
    "SET_WALLPAPER_HINTS":0.009443548992104612,
    "SET_TIME_ZONE":0.009443548992104612,
    "PERSISTENT_ACTIVITY":0.009443548992104612,
    "STOP_APP_SWITCHES":0.009443548992104612,
    "REQUEST_DELETE_PACKAGES":0.009443548992104612,
    "MEDIA_CONTENT_CONTROL":0.009443548992104612,
    "DEVICE_POWER":0.009443548992104612,
    "PACKAGE_USAGE_STATS":0.009443548992104612,
    "BATTERY_STATS":0.009443548992104612,
    "READ_CLIPBOARD_IN_BACKGROUND":0.009443548992104612,
    "ACTIVITY_RECOGNITION":0.008486463261320779,
    "SCHEDULE_EXACT_ALARM":0.008409168926768166,
    "MANAGE_OWN_CALLS":0.0035555393894202247,
    "BODY_SENSORS":0.0035555393894202247,
    "GET_TOP_ACTIVITY_INFO":0.0035555393894202247,
    "BLUETOOTH_SCAN":0.002473418705683634,
    "READ_CALL_LOG":0.0024211313617215724,
    "WRITE_CALL_LOG":0.0024211313617215724,
    "SET_PREFERRED_APPLICATIONS":0.0017004753601574988,
    "BIND_VOICE_INTERACTION":0.0017004753601574988
}