{
    "INTERNET":1.0,
    "ACCESS_NETWORK_STATE":0.997529113828121,
    "ACCESS_WIFI_STATE":0.997529113828121,
    "WRITE_EXTERNAL_STORAGE":0.9848352321527812,
    "READ_EXTERNAL_STORAGE":0.9670432728742483,
    "READ_PHONE_STATE":0.9403340196028899,
    "REQUEST_INSTALL_PACKAGES":0.9154625372606475,
    "VIBRATE":0.9052553301672306,
    "WAKE_LOCK":0.850532700954883,
    "ACCESS_COARSE_LOCATION":0.7885126686202191,
    "ACCESS_FINE_LOCATION":0.7736668266558882,
    "GET_TASKS":0.7663994215126557,
    "CHANGE_NETWORK_STATE":0.7628849214368716,
    "CHANGE_WIFI_STATE":0.7611797731521244,
    "CAMERA":0.7466086495225585,
    "FOREGROUND_SERVICE":0.6471921891577828,
    "RECEIVE_BOOT_COMPLETED":0.6456733441115543,
    "WRITE_SETTINGS":0.6298612514525335,
    "SYSTEM_ALERT_WINDOW":0.6124529505380688,
    "MOUNT_UNMOUNT_FILESYSTEMS":0.5998506416409839,
    "QUERY_ALL_PACKAGES":0.5726819456373462,
    "REORDER_TASKS":0.5491145859647347,
    "RECORD_AUDIO":0.4907053630071236,
    "BLUETOOTH":0.4180960440559792,
    "ACCESS_LOCATION_EXTRA_COMMANDS":0.3681604607689585,
    "READ_LOGS":0.3430032082049207,
    "DISABLE_KEYGUARD":0.29365969029454847,
    "C2D_MESSAGE":0.28973311271661695,
    "ACCESS_BACKGROUND_LOCATION":0.2690676628100843,
    "MODIFY_AUDIO_SETTINGS":0.26093347395543864,
    "FLASHLIGHT":0.24507401606628595,
    "SET_WALLPAPER":0.24117269994442472,
    "WRITE_SYNC_SETTINGS":0.22161559642297773,
    "GET_ACCOUNTS":0.21707958621734946,
    "BROADCAST_STICKY":0.2037952180063658,
    "AUTHENTICATE_ACCOUNTS":0.20110645177588027,
    "KILL_BACKGROUND_PROCESSES":0.20103066740766928,
    "BLUETOOTH_ADMIN":0.19891502046177936,
    "READ_SYNC_SETTINGS":0.19428270095488295,
    "CALL_PHONE":0.19002772444803712,
    "INSTALL_SHORTCUT":0.18818205931389875,
    "REQUEST_IGNORE_BATTERY_OPTIMIZATIONS":0.18665847774465713,
    "EXPAND_STATUS_BAR":0.18125726266862016,
    "READ_CONTACTS":0.17294308593947347,
    "MANAGE_ACCOUNTS":0.16822866670034853,
    "USE_FULL_SCREEN_INTENT":0.1616322689839842,
    "CHANGE_CONFIGURATION":0.1537049083009144,
    "READ_CALENDAR":0.15003726064770367,
    "WRITE_CALENDAR":0.15003726064770367,
    "RESTART_PACKAGES":0.13339785530237958,
    "UNINSTALL_SHORTCUT":0.12412847976557365,
    "READ_SYNC_STATS":0.10904423280957912,
    "READ_PRIVILEGED_PHONE_STATE":0.10878846056686703,
    "SET_ALARM":0.1071243621482342,
    "INSTALL_PACKAGES":0.09928857424341936,
    "INTERACT_ACROSS_USERS":0.09028444399535188,
    "WRITE_CONTACTS":0.07023632092153789,
    "SCHEDULE_EXACT_ALARM":0.06408989289142625,
    "USE_FINGERPRINT":0.056274629919668556,
    "BIND_JOB_SERVICE":0.04425017683019247,
    "NFC":0.04324761279240134,
    "USE_CREDENTIALS":0.042046114788056366,
    "SEND_SMS":0.03848582832314454,
    "WRITE_SMS":0.03596915576213812,
    "CHANGE_WIFI_MULTICAST_STATE":0.03593442126004142,
    "PACKAGE_USAGE_STATS":0.03468240034355579,
    "MANAGE_EXTERNAL_STORAGE":0.02881384833021774,
    "READ_SMS":0.025384605668670734,
    "BATTERY_STATS":0.02395733340069721,
    "INJECT_EVENTS":0.022365861668266547,
    "READ_PHONE_NUMBERS":0.020171272672156817,
    "USE_BIOMETRIC":0.019708672257868935,
    "INTERACT_ACROSS_USERS_FULL":0.018974511190825032,
    "SET_WALLPAPER_HINTS":0.018878201889556908,
    "CLEAR_APP_CACHE":0.017305676249178996,
    "BIND_ACCESSIBILITY_SERVICE":0.016631511140302122,
    "READ_CALL_LOG":0.01613733390592633,
    "WRITE_MEDIA_STORAGE":0.01605365533269337,
    "GET_PACKAGE_SIZE":0.015068458545950583,
    "ACTIVITY_RECOGNITION":0.015017935633809928,
    "DEVICE_POWER":0.015017935633809928,
    "GLOBAL_SEARCH":0.015017935633809928,
    "PROCESS_OUTGOING_CALLS":0.014422712575152825,
    "BLUETOOTH_CONNECT":0.01388906431566715,
    "READ_HISTORY_BOOKMARKS":0.013126484110544127,
    "LOCAL_MAC_ADDRESS":0.013101222654473799,
    "READ_PROFILE":0.012695460516344159,
    "MANAGE_DOCUMENTS":0.012314959834284845,
    "WRITE_SECURE_SETTINGS":0.012314959834284845,
    "GET_ACCOUNTS_PRIVILEGED":0.012314959834284845,
    "ACCESS_MOCK_LOCATION":0.011012416005658563,
    "CLEAR_APP_USER_DATA":0.010742434193906933,
    "DELETE_PACKAGES":0.010742434193906933,
    "REAL_GET_TASKS":0.010068269085030059,
    "CAPTURE_VIDEO_OUTPUT":0.006779543272874246,
    "HIDE_NON_SYSTEM_OVERLAY_WINDOWS":0.006563242055272063,
    "REQUEST_DELETE_PACKAGES":0.006563242055272063,
    "RECEIVE_SMS":0.004932299297731519,
    "ACCESS_MEDIA_LOCATION":0.0038207952306370924,
    "HARDWARE_TEST":0.0038207952306370924,
    "SET_DEBUG_APP":0.0035902844439953505,
    "ACCESS_NOTIFICATION_POLICY":0.001522002728237255,
    "BIND_NOTIFICATION_LISTENER_SERVICE":0.001522002728237255
}