{
    "INTERNET":0.9930732171633254,
    "ACCESS_NETWORK_STATE":0.9930732171633254,
    "WRITE_EXTERNAL_STORAGE":0.986146434326651,
    "ACCESS_WIFI_STATE":0.986146434326651,
    "READ_EXTERNAL_STORAGE":0.9712558551186888,
    "REQUEST_INSTALL_PACKAGES":0.8995783479589535,
    "READ_PHONE_STATE":0.896238529812052,
    "CAMERA":0.8917531540407625,
    "WAKE_LOCK":0.8644267619628111,
    "VIBRATE":0.8556179916003573,
    "ACCESS_COARSE_LOCATION":0.8019120458891011,
    "CHANGE_WIFI_STATE":0.7742099242696235,
    "CHANGE_NETWORK_STATE":0.7522339208630092,
    "GET_TASKS":0.7464911035594112,
    "ACCESS_FINE_LOCATION":0.7277246653919692,
    "WRITE_SETTINGS":0.6878839747175765,
    "RECORD_AUDIO":0.6402097405796253,
    "MOUNT_UNMOUNT_FILESYSTEMS":0.6303773159551461,
    "FOREGROUND_SERVICE":0.600063456544791,
    "RECEIVE_BOOT_COMPLETED":0.579515225395977,
    "SYSTEM_ALERT_WINDOW":0.5752886855310728,
    "FLASHLIGHT":0.5695408585002546,
    "MODIFY_AUDIO_SETTINGS":0.5151869880684995,
    "BLUETOOTH":0.4810540466071622,
    "READ_LOGS":0.4419848539247037,
    "ACCESS_LOCATION_EXTRA_COMMANDS":0.4364574548915811,
    "C2D_MESSAGE":0.36827506742257876,
    "BLUETOOTH_ADMIN":0.3477485450917197,
    "DISABLE_KEYGUARD":0.33825678191822456,
    "ACCESS_BACKGROUND_LOCATION":0.33570182103584456,
    "NFC":0.3322234004358463,
    "INSTALL_SHORTCUT":0.3310360950846226,
    "EXPAND_STATUS_BAR":0.2831497824943432,
    "CALL_PHONE":0.28080189033707115,
    "UNINSTALL_SHORTCUT":0.2780632394566116,
    "QUERY_ALL_PACKAGES":0.2568286756786093,
    "REORDER_TASKS":0.2203645411507343,
    "READ_MEDIA_AUDIO":0.20605676020940664,
    "READ_MEDIA_VIDEO":0.20605676020940664,
    "BROADCAST_STICKY":0.17946846794192056,
    "READ_CONTACTS":0.16274766838945617,
    "GET_ACCOUNTS":0.1151719588868386,
    "CHANGE_CONFIGURATION":0.10597576961934421,
    "READ_CALENDAR":0.09877846151277063,
    "WRITE_CALENDAR":0.09877846151277063,
    "USE_CREDENTIALS":0.09841108151661143,
    "MANAGE_ACCOUNTS":0.09639049153773577,
    "RESTART_PACKAGES":0.09194519358420933,
    "KILL_BACKGROUND_PROCESSES":0.08938856279275594,
    "CHANGE_WIFI_MULTICAST_STATE":0.0818823215075939,
    "AUTHENTICATE_ACCOUNTS":0.07427254585987791,
    "SET_WALLPAPER":0.0707089598971336,
    "SEND_SMS":0.06924778945786401,
    "RECEIVE_SMS":0.0671921313884459,
    "USE_FULL_SCREEN_INTENT":0.06533018277154809,
    "REQUEST_IGNORE_BATTERY_OPTIMIZATIONS":0.06348326333631134,
    "READ_PRIVILEGED_PHONE_STATE":0.06183172326266835,
    "WRITE_CONTACTS":0.04742708759508045,
    "INSTALL_PACKAGES":0.04226873846719046,
    "SET_DEBUG_APP":0.0387201816861072,
    "READ_SMS":0.036743009343141265,
    "OVERRIDE_WIFI_CONFIG":0.03236951747977323,
    "USE_FINGERPRINT":0.03166648575985038,
    "STATUS_BAR":0.028368415339784746,
    "GET_PACKAGE_SIZE":0.026691826630039994,
    "READ_HISTORY_BOOKMARKS":0.025242345554284572,
    "ACCESS_NOTIFICATION_POLICY":0.023879699750348597,
    "MANAGE_EXTERNAL_STORAGE":0.023388746482754016,
    "INTERACT_ACROSS_USERS":0.022355072766287877,
    "CAPTURE_AUDIO_OUTPUT":0.021867459316840202,
    "BLUETOOTH_CONNECT":0.019766713702438904,
    "WRITE_SYNC_SETTINGS":0.01877144789466214,
    "READ_CALL_LOG":0.015768951380597328,
    "ANSWER_PHONE_CALLS":0.015768951380597328,
    "SET_WALLPAPER_HINTS":0.015444989020347844,
    "USE_BIOMETRIC":0.015037531206425812,
    "INTERACT_ACROSS_USERS_FULL":0.014940676480165657,
    "CAPTURE_VIDEO_OUTPUT":0.014940676480165657,
    "ACCESS_MEDIA_LOCATION":0.014812093481509933,
    "BIND_ACCESSIBILITY_SERVICE":0.014680170664707308,
    "READ_FRAME_BUFFER":0.014680170664707308,
    "READ_SYNC_SETTINGS":0.014521529302729467,
    "READ_SYNC_STATS":0.013905332854626066,
    "BLUETOOTH_PRIVILEGED":0.013853565673349087,
    "READ_PHONE_NUMBERS":0.013342573496873095,
    "CLEAR_APP_CACHE":0.01185969423964865,
    "WRITE_APN_SETTINGS":0.009925939532592451,
    "DELETE_PACKAGES":0.009257975903212071,
    "READ_CLIPBOARD_IN_BACKGROUND":0.00850150709293879,
    "SET_ALARM":0.006926782836674543,
    "ACCESS_MOCK_LOCATION":0.006926782836674543,
    "BLUETOOTH_SCAN":0.006926782836674543,
    "BLUETOOTH_ADVERTISE":0.006926782836674543,
    "SCHEDULE_EXACT_ALARM":0.006926782836674543,
    "CALL_PRIVILEGED":0.006926782836674543,
    "ACTIVITY_RECOGNITION":0.005956565664999541,
    "GET_TOP_ACTIVITY_INFO":0.0052117862182404166,
    "WRITE_SMS":0.004899513221505089,
    "BODY_SENSORS":0.0032095652391727274,
    "READ_PROFILE":0.002736980971386108,
    "WRITE_PROFILE":0.002736980971386108,
    "READ_USER_DICTIONARY":0.002736980971386108,
    "WRITE_USER_DICTIONARY":0.002736980971386108,
    "WRITE_HISTORY_BOOKMARKS":0.002736980971386108,
    "WRITE_SECURE_SETTINGS":0.002736980971386108,
    "DEVICE_POWER":0.002736980971386108,
    "PACKAGE_USAGE_STATS":0.002608397972730385,
    "WRITE_MEDIA_STORAGE":0.0017767832541518115,
    "REAL_GET_TASKS":0.0017767832541518115,
    "BATTERY_STATS":0.0017767832541518115,
    "CHANGE_COMPONENT_ENABLED_STATE":0.0016782586188182054
}