{
    "INTERNET":0.9808088657230302,
    "ACCESS_NETWORK_STATE":0.9808088657230302,
    "WRITE_EXTERNAL_STORAGE":0.9628454954093346,
    "ACCESS_WIFI_STATE":0.9485152065799544,
    "READ_EXTERNAL_STORAGE":0.9232545906656469,
    "READ_PHONE_STATE":0.8592697972456009,
    "ACCESS_COARSE_LOCATION":0.8422221690895187,
    "ACCESS_FINE_LOCATION":0.8351209831675601,
    "WAKE_LOCK":0.8249318573068103,
    "VIBRATE":0.820762002677889,
    "CAMERA":0.7769091908951806,
    "REQUEST_INSTALL_PACKAGES":0.7493185730680959,
    "CHANGE_WIFI_STATE":0.7387600420811028,
    "BLUETOOTH":0.6793742827084936,
    "GET_TASKS":0.6663482689364966,
    "CHANGE_NETWORK_STATE":0.6650368209640405,
    "WRITE_SETTINGS":0.6364539498852341,
    "FOREGROUND_SERVICE":0.6195151109410872,
    "RECEIVE_BOOT_COMPLETED":0.5815345256312172,
    "BLUETOOTH_ADMIN":0.5789881407804139,
    "SYSTEM_ALERT_WINDOW":0.5761381025248669,
    "MOUNT_UNMOUNT_FILESYSTEMS":0.5384635615914314,
    "RECORD_AUDIO":0.5070808626625866,
    "ACCESS_LOCATION_EXTRA_COMMANDS":0.4139214326702377,
    "READ_LOGS":0.3635568094873762,
    "MODIFY_AUDIO_SETTINGS":0.36192855776587657,
    "FLASHLIGHT":0.3481517788829386,
    "READ_CONTACTS":0.3398013102524871,
    "QUERY_ALL_PACKAGES":0.338329667176741,
    "ACCESS_BACKGROUND_LOCATION":0.3099966526396332,
    "REORDER_TASKS":0.3032302027543998,
    "CALL_PHONE":0.28059846021423146,
    "C2D_MESSAGE":0.20792965761285417,
    "GET_ACCOUNTS":0.20166531178270883,
    "CHANGE_CONFIGURATION":0.20119907230298423,
    "RESTART_PACKAGES":0.181027639632747,
    "ACTIVITY_RECOGNITION":0.1732474177505741,
    "DISABLE_KEYGUARD":0.1540156369548587,
    "MANAGE_ACCOUNTS":0.15276396327467506,
    "RECEIVE_SMS":0.1490974081866873,
    "READ_CALENDAR":0.14823426740627416,
    "WRITE_CALENDAR":0.14823426740627416,
    "REQUEST_IGNORE_BATTERY_OPTIMIZATIONS":0.1377032325937263,
    "USE_CREDENTIALS":0.13679585883703158,
    "KILL_BACKGROUND_PROCESSES":0.12815249617444546,
    "READ_CALL_LOG":0.11947326893649597,
    "BROADCAST_STICKY":0.11406728194338196,
    "CHANGE_WIFI_MULTICAST_STATE":0.10943955623565435,
    "INSTALL_SHORTCUT":0.10572279074215775,
    "READ_SMS":0.10560682861514935,
    "NFC":0.0991225133894416,
    "READ_PRIVILEGED_PHONE_STATE":0.08342578423871473,
    "SET_DEBUG_APP":0.07841191660290754,
    "UNINSTALL_SHORTCUT":0.07834377390971702,
    "BODY_SENSORS":0.07828639058913553,
    "BLUETOOTH_CONNECT":0.07645849273144617,
    "BLUETOOTH_SCAN":0.07478361706197409,
    "READ_MEDIA_AUDIO":0.06883009755164508,
    "READ_MEDIA_VIDEO":0.06883009755164508,
    "AUTHENTICATE_ACCOUNTS":0.0679263102524867,
    "WRITE_CONTACTS":0.06753060443764355,
    "ANSWER_PHONE_CALLS":0.0671074024483551,
    "BLUETOOTH_PRIVILEGED":0.06571466143840866,
    "PROCESS_OUTGOING_CALLS":0.06081795141545534,
    "EXPAND_STATUS_BAR":0.05979700650344307,
    "WRITE_SYNC_SETTINGS":0.05781010902830919,
    "SET_ALARM":0.05511907039020666,
    "INSTALL_PACKAGES":0.04403811208875293,
    "ACCESS_NOTIFICATION_POLICY":0.04347025631216532,
    "USE_FULL_SCREEN_INTENT":0.03969132555470549,
    "DEVICE_POWER":0.03832608071920434,
    "BIND_NOTIFICATION_LISTENER_SERVICE":0.037718773909716966,
    "INTERACT_ACROSS_USERS_FULL":0.036603385615914356,
    "ACCESS_MOCK_LOCATION":0.03605704858454481,
    "MODIFY_PHONE_STATE":0.03473962318286156,
    "BATTERY_STATS":0.03447542081101764,
    "MANAGE_EXTERNAL_STORAGE":0.030767023718439215,
    "USE_FINGERPRINT":0.03033425784238719,
    "READ_PHONE_NUMBERS":0.029032373756694763,
    "READ_SYNC_SETTINGS":0.027406513006886037,
    "PACKAGE_USAGE_STATS":0.026784860367253287,
    "SEND_SMS":0.02641665072685543,
    "SET_WALLPAPER":0.02600659908186691,
    "USE_BIOMETRIC":0.025768697398622836,
    "GET_PACKAGE_SIZE":0.02557741966335122,
    "OVERRIDE_WIFI_CONFIG":0.024713083397092616,
    "BLUETOOTH_ADVERTISE":0.024430948737566984,
    "INTERACT_ACROSS_USERS":0.023288064269319085,
    "BIND_JOB_SERVICE":0.022895944912012273,
    "WRITE_SECURE_SETTINGS":0.020998708875286945,
    "DELETE_PACKAGES":0.020363905891354273,
    "READ_SYNC_STATS":0.019548584544759016,
    "MANAGE_DOCUMENTS":0.016639967482785026,
    "WRITE_MEDIA_STORAGE":0.01594539020657998,
    "ACCESS_MEDIA_LOCATION":0.011688265110941103,
    "REAL_GET_TASKS":0.011687069625095655,
    "REQUEST_COMPANION_RUN_IN_BACKGROUND":0.011636859219586857,
    "SCHEDULE_EXACT_ALARM":0.011531656465187468,
    "CLEAR_APP_USER_DATA":0.01019988523335885,
    "REQUEST_DELETE_PACKAGES":0.010164020657995423,
    "CAPTURE_VIDEO_OUTPUT":0.01005642693190514,
    "HARDWARE_TEST":0.009429992348890602,
    "MOUNT_FORMAT_FILESYSTEMS":0.009188504208110189,
    "INJECT_EVENTS":0.008670858837031382,
    "POWER_SAVER":0.008135281178270861,
    "GET_TOP_ACTIVITY_INFO":0.00762480872226474,
    "WRITE_SMS":0.007189651874521815,
    "INTERACT_ACROSS_PROFILES":0.007017501912777362,
    "CAPTURE_AUDIO_OUTPUT":0.00659190895179802,
    "READ_PROFILE":0.006526157230298403,
    "WRITE_CALL_LOG":0.004972025631216534,
    "WRITE_USER_DICTIONARY":0.004972025631216534,
    "UPDATE_APP_OPS_STATS":0.004972025631216534,
    "CLEAR_APP_CACHE":0.004078997704667182,
    "LOCAL_MAC_ADDRESS":0.003615149196633517,
    "WRITE_APN_SETTINGS":0.0035159238714613664,
    "STATUS_BAR":0.0035159238714613664,
    "STATUS_BAR_SERVICE":0.0035159238714613664,
    "BROADCAST_SMS":0.0035159238714613664,
    "MANAGE_USERS":0.002719730298393271,
    "SET_WALLPAPER_HINTS":0.002719730298393271,
    "BIND_REMOTEVIEWS":0.0016844395562356565,
    "MANAGE_MEDIA_PROJECTION":0.0016198833205814866,
    "LOCATION_HARDWARE":0.000895418898240246,
    "BIND_ACCESSIBILITY_SERVICE":0.000895418898240246
}