{
    "INTERNET":1.0,
    "ACCESS_NETWORK_STATE":0.9979196265940153,
    "ACCESS_WIFI_STATE":0.983546387112297,
    "WRITE_EXTERNAL_STORAGE":0.9415546811603617,
    "READ_EXTERNAL_STORAGE":0.8740569019635466,
    "REQUEST_INSTALL_PACKAGES":0.8605006253013292,
    "VIBRATE":0.778088014249734,
    "WAKE_LOCK":0.7584077184231969,
    "READ_PHONE_STATE":0.7431461576674194,
    "CHANGE_NETWORK_STATE":0.6561501381883911,
    "CAMERA":0.6402545850094176,
    "CHANGE_WIFI_STATE":0.582370070434453,
    "RECORD_AUDIO":0.543032350080918,
    "GET_TASKS":0.48431714990673,
    "MOUNT_UNMOUNT_FILESYSTEMS":0.45121689036322316,
    "FOREGROUND_SERVICE":0.43317692413955816,
    "ACCESS_COARSE_LOCATION":0.4205473925346243,
    "RECEIVE_BOOT_COMPLETED":0.4114693163219651,
    "SYSTEM_ALERT_WINDOW":0.4087558653447661,
    "ACCESS_FINE_LOCATION":0.37654850133522605,
    "WRITE_SETTINGS":0.37149119958136334,
    "MODIFY_AUDIO_SETTINGS":0.35377875036708395,
    "REORDER_TASKS":0.33318360255902374,
    "FLASHLIGHT":0.3222163570045182,
    "QUERY_ALL_PACKAGES":0.296577630222318,
    "BLUETOOTH":0.2785266857748748,
    "READ_LOGS":0.23186923471716872,
    "ACCESS_LOCATION_EXTRA_COMMANDS":0.20533761240100148,
    "C2D_MESSAGE":0.15693096435462214,
    "CALL_PHONE":0.14400044644776686,
    "BLUETOOTH_ADMIN":0.1393630617534235,
    "DISABLE_KEYGUARD":0.13025479542537408,
    "BROADCAST_STICKY":0.12595133170428682,
    "GET_ACCOUNTS":0.1221912900602246,
    "CHANGE_WIFI_MULTICAST_STATE":0.120177700848891,
    "CHANGE_CONFIGURATION":0.11300983557365325,
    "RESTART_PACKAGES":0.10670467571699228,
    "READ_CONTACTS":0.10549432654543649,
    "ACCESS_BACKGROUND_LOCATION":0.10353471360101284,
    "INSTALL_SHORTCUT":0.08954662680351624,
    "KILL_BACKGROUND_PROCESSES":0.08288924893396865,
    "MANAGE_ACCOUNTS":0.062172425812365616,
    "INSTALL_PACKAGES":0.06163632255119277,
    "EXPAND_STATUS_BAR":0.05990908201007612,
    "NFC":0.05844623369161979,
    "SEND_SMS":0.05358471026180314,
    "USE_CREDENTIALS":0.05102038015759235,
    "MANAGE_EXTERNAL_STORAGE":0.04502809967861246,
    "READ_PRIVILEGED_PHONE_STATE":0.04492655110866333,
    "READ_CALENDAR":0.044349279508321904,
    "WRITE_CALENDAR":0.044349279508321904,
    "WRITE_CONTACTS":0.04344998001048416,
    "REQUEST_IGNORE_BATTERY_OPTIMIZATIONS":0.0405462398211281,
    "UNINSTALL_SHORTCUT":0.040342227829248324,
    "READ_MEDIA_AUDIO":0.03973110670559053,
    "READ_MEDIA_VIDEO":0.03973110670559053,
    "READ_SMS":0.03811822266216434,
    "INTERACT_ACROSS_USERS_FULL":0.03499217344129803,
    "SET_WALLPAPER":0.03493270806249899,
    "BATTERY_STATS":0.025767720911595085,
    "PROCESS_OUTGOING_CALLS":0.024007545699143578,
    "USE_FINGERPRINT":0.023523589000917573,
    "AUTHENTICATE_ACCOUNTS":0.022961869884262052,
    "PACKAGE_USAGE_STATS":0.022707541033398476,
    "RECEIVE_SMS":0.021691140481925705,
    "SET_DEBUG_APP":0.02070858945376931,
    "ACCESS_NOTIFICATION_POLICY":0.01927959065862937,
    "DEVICE_POWER":0.017951225581457033,
    "READ_CALL_LOG":0.017296191562686095,
    "USE_FULL_SCREEN_INTENT":0.016513078266501856,
    "ACCESS_MOCK_LOCATION":0.016352979169735216,
    "WRITE_APN_SETTINGS":0.014793156541237395,
    "INTERACT_ACROSS_USERS":0.014673310931657796,
    "READ_HISTORY_BOOKMARKS":0.014672396079676275,
    "WRITE_SECURE_SETTINGS":0.012100747159613299,
    "MOUNT_FORMAT_FILESYSTEMS":0.01159483401383072,
    "READ_PROFILE":0.011324952679281243,
    "WRITE_SMS":0.01131397445550296,
    "WRITE_MEDIA_STORAGE":0.010435716553240259,
    "WRITE_SYNC_SETTINGS":0.009978290562478434,
    "CAPTURE_AUDIO_OUTPUT":0.009583074506460216,
    "START_FOREGROUND_SERVICES_FROM_BACKGROUND":0.009416571445822914,
    "SET_WALLPAPER_HINTS":0.00914486040731039,
    "CAPTURE_VIDEO_OUTPUT":0.007886938932715373,
    "CAPTURE_SECURE_VIDEO_OUTPUT":0.007886938932715373,
    "ACCESS_MEDIA_LOCATION":0.0076079090783506605,
    "READ_PHONE_NUMBERS":0.0076079090783506605,
    "BODY_SENSORS":0.007136760307865982,
    "GET_TOP_ACTIVITY_INFO":0.006844922525759937,
    "READ_SYNC_STATS":0.006174336023303104,
    "ANSWER_PHONE_CALLS":0.005710506068670613,
    "ACTIVITY_RECOGNITION":0.005440624734121137,
    "READ_PRECISE_PHONE_STATE":0.005440624734121137,
    "REAL_GET_TASKS":0.005042664122158351,
    "READ_SYNC_SETTINGS":0.0038039545391753303,
    "REQUEST_DELETE_PACKAGES":0.0038039545391753303,
    "BROADCAST_CLOSE_SYSTEM_DIALOGS":0.0037060653771523,
    "SCHEDULE_EXACT_ALARM":0.002178262568007807,
    "WRITE_CALL_LOG":0.0020803734059847766,
    "USE_BIOMETRIC":0.0020803734059847766,
    "MEDIA_CONTENT_CONTROL":0.0016961355737448443,
    "INSTANT_APP_FOREGROUND_SERVICE":0.0016961355737448443,
    "BLUETOOTH_CONNECT":0.001688816757892655,
    "MODIFY_PHONE_STATE":0.0012387095829830199,
    "BLUETOOTH_PRIVILEGED":0.0008983846458562228,
    "UPDATE_DEVICE_STATS":0.0008050697437408106
}