{
    "INTERNET":1.0,
    "ACCESS_NETWORK_STATE":1.0,
    "ACCESS_WIFI_STATE":1.0,
    "WRITE_EXTERNAL_STORAGE":0.9928272476579766,
    "READ_EXTERNAL_STORAGE":0.922781678433827,
    "READ_PHONE_STATE":0.8954988167647807,
    "REQUEST_INSTALL_PACKAGES":0.878945747198373,
    "WAKE_LOCK":0.846037628835736,
    "VIBRATE":0.7963295261191844,
    "ACCESS_COARSE_LOCATION":0.7088899102305845,
    "CHANGE_WIFI_STATE":0.6970086640198707,
    "CAMERA":0.6939038939195401,
    "GET_TASKS":0.6918601239952283,
    "CHANGE_NETWORK_STATE":0.6722169525336883,
    "ACCESS_FINE_LOCATION":0.6343412020105222,
    "RECORD_AUDIO":0.4995746220492462,
    "WRITE_SETTINGS":0.49468522031644213,
    "MOUNT_UNMOUNT_FILESYSTEMS":0.4738661477381628,
    "FOREGROUND_SERVICE":0.4312696798419747,
    "RECEIVE_BOOT_COMPLETED":0.4302355713754867,
    "SYSTEM_ALERT_WINDOW":0.425390174258278,
    "FLASHLIGHT":0.42408714869648567,
    "BLUETOOTH":0.3815664665271559,
    "MODIFY_AUDIO_SETTINGS":0.3484383250865425,
    "READ_LOGS":0.33888687880151,
    "CALL_PHONE":0.31369423637323757,
    "BLUETOOTH_ADMIN":0.2970653810799713,
    "QUERY_ALL_PACKAGES":0.2834166161428489,
    "REORDER_TASKS":0.27777180184232675,
    "ACCESS_LOCATION_EXTRA_COMMANDS":0.26165144432927206,
    "GET_ACCOUNTS":0.21443204709471766,
    "C2D_MESSAGE":0.2055944534626745,
    "CHANGE_CONFIGURATION":0.19421926033130604,
    "BROADCAST_STICKY":0.17936525786704755,
    "DISABLE_KEYGUARD":0.17649273434902515,
    "RESTART_PACKAGES":0.16306888189161187,
    "CHANGE_WIFI_MULTICAST_STATE":0.12516135025718264,
    "READ_CONTACTS":0.11845553578064197,
    "MANAGE_ACCOUNTS":0.11474447986544375,
    "ACCESS_BACKGROUND_LOCATION":0.11355391054350601,
    "KILL_BACKGROUND_PROCESSES":0.11181817292836056,
    "REQUEST_IGNORE_BATTERY_OPTIMIZATIONS":0.10131573800629762,
    "USE_CREDENTIALS":0.09537267020007441,
    "NFC":0.09524065635328868,
    "INSTALL_SHORTCUT":0.08322006219319011,
    "USE_FINGERPRINT":0.0827164538147113,
    "EXPAND_STATUS_BAR":0.07954567679098792,
    "INTERACT_ACROSS_USERS_FULL":0.07616954489448677,
    "AUTHENTICATE_ACCOUNTS":0.07378596154974484,
    "UNINSTALL_SHORTCUT":0.06925593084430194,
    "SEND_SMS":0.0642956327863723,
    "READ_PRIVILEGED_PHONE_STATE":0.06219074534040021,
    "INSTALL_PACKAGES":0.05910064344526809,
    "INTERACT_ACROSS_USERS":0.040755608143787564,
    "WRITE_SYNC_SETTINGS":0.03955281531751778,
    "MANAGE_EXTERNAL_STORAGE":0.03861160548395302,
    "READ_CALENDAR":0.034961667090414844,
    "WRITE_CALENDAR":0.034961667090414844,
    "BATTERY_STATS":0.03258297314740571,
    "ACCESS_NOTIFICATION_POLICY":0.03253163442921127,
    "WRITE_CONTACTS":0.03198891083687003,
    "SET_DEBUG_APP":0.031732217245897816,
    "INJECT_EVENTS":0.030414523478907145,
    "READ_SYNC_SETTINGS":0.02940730672194953,
    "BLUETOOTH_PRIVILEGED":0.029333965695957465,
    "READ_HISTORY_BOOKMARKS":0.027463769533159946,
    "SET_WALLPAPER":0.027040836283272404,
    "CAPTURE_VIDEO_OUTPUT":0.025464004224443115,
    "RECEIVE_SMS":0.02481615849484659,
    "READ_PHONE_NUMBERS":0.02481615849484659,
    "WRITE_APN_SETTINGS":0.024087637636658797,
    "WRITE_MEDIA_STORAGE":0.023085310281433985,
    "PROCESS_OUTGOING_CALLS":0.02184340224130177,
    "ACCESS_MOCK_LOCATION":0.021102657878781968,
    "ACTIVITY_RECOGNITION":0.018958655218947424,
    "BODY_SENSORS":0.018613952396784747,
    "READ_CALL_LOG":0.017973440769787425,
    "USE_FULL_SCREEN_INTENT":0.01669241751579278,
    "READ_SMS":0.014670649899278335,
    "ACCESS_MEDIA_LOCATION":0.014670649899278335,
    "WRITE_CALL_LOG":0.014670649899278335,
    "ADD_VOICEMAIL":0.014670649899278335,
    "USE_SIP":0.014670649899278335,
    "READ_MEDIA_AUDIO":0.012497310829046968,
    "READ_MEDIA_VIDEO":0.012497310829046968,
    "READ_PROFILE":0.010145508595568254,
    "WRITE_SMS":0.010145508595568254,
    "SET_ALARM":0.010145508595568254,
    "NFC_TRANSACTION_EVENT":0.010145508595568254,
    "START_ACTIVITIES_FROM_BACKGROUND":0.010145508595568254,
    "SIGNAL_PERSISTENT_PROCESSES":0.010145508595568254,
    "BIND_ACCESSIBILITY_SERVICE":0.010145508595568254,
    "CAPTURE_AUDIO_OUTPUT":0.010145508595568254,
    "DEVICE_POWER":0.010145508595568254,
    "PACKAGE_USAGE_STATS":0.010145508595568254,
    "REQUEST_DELETE_PACKAGES":0.009962156030588106,
    "BIND_JOB_SERVICE":0.009116289530813018,
    "BIND_NOTIFICATION_LISTENER_SERVICE":0.009116289530813018,
    "USE_BIOMETRIC":0.007172752342023436,
    "BLUETOOTH_CONNECT":0.007045627896970533,
    "WRITE_SECURE_SETTINGS":0.007045627896970533,
    "RECEIVE_WAP_PUSH":0.004525141303710081,
    "RECEIVE_MMS":0.004525141303710081,
    "ANSWER_PHONE_CALLS":0.004525141303710081,
    "ACCEPT_HANDOVER":0.004525141303710081,
    "BIND_CALL_REDIRECTION_SERVICE":0.004525141303710081
}