{
    "INTERNET":1.0,
    "ACCESS_NETWORK_STATE":0.9986718945524318,
    "ACCESS_WIFI_STATE":0.986298490030867,
    "WRITE_EXTERNAL_STORAGE":0.9820828119351521,
    "READ_EXTERNAL_STORAGE":0.9252356719779762,
    "WAKE_LOCK":0.8423647840716334,
    "VIBRATE":0.840915436166959,
    "READ_PHONE_STATE":0.824275187008148,
    "REQUEST_INSTALL_PACKAGES":0.8053891716025697,
    "CAMERA":0.7775034064681181,
    "CHANGE_NETWORK_STATE":0.6873635327159979,
    "RECORD_AUDIO":0.6526503712355053,
    "SYSTEM_ALERT_WINDOW":0.611477990044771,
    "ACCESS_COARSE_LOCATION":0.6071199354856651,
    "CHANGE_WIFI_STATE":0.5882372570284475,
    "GET_TASKS":0.5773610300047276,
    "ACCESS_FINE_LOCATION":0.515768749478602,
    "FOREGROUND_SERVICE":0.5072105892494649,
    "REORDER_TASKS":0.4793203748505327,
    "QUERY_ALL_PACKAGES":0.449819526709491,
    "MOUNT_UNMOUNT_FILESYSTEMS":0.44517115764300214,
    "MODIFY_AUDIO_SETTINGS":0.4352815550179363,
    "RECEIVE_BOOT_COMPLETED":0.41349016990628756,
    "WRITE_SETTINGS":0.40852367842940973,
    "FLASHLIGHT":0.38506270682127874,
    "BLUETOOTH":0.34315397235894457,
    "READ_LOGS":0.2593943438725287,
    "C2D_MESSAGE":0.21430327299018392,
    "CALL_PHONE":0.19371430160451608,
    "BLUETOOTH_ADMIN":0.19102472122577246,
    "ACCESS_LOCATION_EXTRA_COMMANDS":0.1843864186201719,
    "DISABLE_KEYGUARD":0.16567281221323107,
    "EXPAND_STATUS_BAR":0.15383888100998308,
    "INSTALL_SHORTCUT":0.14760323683990997,
    "BROADCAST_STICKY":0.13356358277022334,
    "KILL_BACKGROUND_PROCESSES":0.1287594894469009,
    "READ_CONTACTS":0.11453074163677324,
    "CHANGE_CONFIGURATION":0.10842301382052787,
    "RESTART_PACKAGES":0.10727621590055898,
    "CHANGE_WIFI_MULTICAST_STATE":0.10608270070353996,
    "GET_ACCOUNTS":0.10483579433274944,
    "REQUEST_IGNORE_BATTERY_OPTIMIZATIONS":0.09869580934901703,
    "READ_PRIVILEGED_PHONE_STATE":0.09428770056450046,
    "USE_FINGERPRINT":0.09416534579127392,
    "SET_WALLPAPER":0.08947137176385532,
    "UNINSTALL_SHORTCUT":0.08812213231000256,
    "ACCESS_BACKGROUND_LOCATION":0.08352159283668423,
    "MANAGE_EXTERNAL_STORAGE":0.07714134757097972,
    "PACKAGE_USAGE_STATS":0.06837407191123719,
    "USE_FULL_SCREEN_INTENT":0.04662273017991716,
    "READ_SMS":0.0462367564861934,
    "READ_PHONE_NUMBERS":0.04622118406051002,
    "BATTERY_STATS":0.04320569505853566,
    "INSTALL_PACKAGES":0.040719668529796194,
    "WRITE_CALENDAR":0.03986652206557106,
    "BLUETOOTH_CONNECT":0.03677650788354052,
    "SEND_SMS":0.036664163955396144,
    "CAPTURE_AUDIO_OUTPUT":0.03550401824198439,
    "RECEIVE_SMS":0.03527933038569563,
    "READ_CALENDAR":0.0352381746892467,
    "MANAGE_ACCOUNTS":0.03413030783348629,
    "READ_MEDIA_VIDEO":0.034115847723923155,
    "USE_CREDENTIALS":0.034027974750424086,
    "NFC":0.032086983120602895,
    "WRITE_SYNC_SETTINGS":0.031117043463752415,
    "DEVICE_POWER":0.030694363338060696,
    "WRITE_CONTACTS":0.02968660493312201,
    "WRITE_SMS":0.02911821139567867,
    "READ_SYNC_SETTINGS":0.027564305775701466,
    "REQUEST_DELETE_PACKAGES":0.027098245321320335,
    "SET_ALARM":0.02584911431828927,
    "WRITE_MEDIA_STORAGE":0.025548788965824104,
    "CAPTURE_VIDEO_OUTPUT":0.024505436445037693,
    "READ_MEDIA_AUDIO":0.023834709824532146,
    "SET_DEBUG_APP":0.023664525458135213,
    "ACCESS_MOCK_LOCATION":0.022913712076972292,
    "READ_CALL_LOG":0.022564444815216494,
    "SET_WALLPAPER_HINTS":0.02163788548705543,
    "OVERRIDE_WIFI_CONFIG":0.01960568393537444,
    "INTERACT_ACROSS_USERS_FULL":0.019398793137009547,
    "CAPTURE_SECURE_VIDEO_OUTPUT":0.019346514279358202,
    "BLUETOOTH_PRIVILEGED":0.01904396429465255,
    "GET_PACKAGE_SIZE":0.018879341508856822,
    "ACCESS_MEDIA_LOCATION":0.018215288785072725,
    "GET_TOP_ACTIVITY_INFO":0.017891604794082486,
    "ACCESS_NOTIFICATION_POLICY":0.017062929284502665,
    "USE_BIOMETRIC":0.016862712382859215,
    "PROCESS_OUTGOING_CALLS":0.01633992380634577,
    "CLEAR_APP_CACHE":0.016229804510441873,
    "READ_HISTORY_BOOKMARKS":0.014407830705486508,
    "READ_PRECISE_PHONE_STATE":0.014041878701927094,
    "STATUS_BAR":0.013724868607658305,
    "READ_SYNC_STATS":0.01314868885737327,
    "STATUS_BAR_SERVICE":0.012177636884402553,
    "ACTIVITY_RECOGNITION":0.012001890937404417,
    "WRITE_CALL_LOG":0.011711576430021417,
    "ACCESS_CACHE_FILESYSTEM":0.011529156586301832,
    "MANAGE_DOCUMENTS":0.011000806429187179,
    "BODY_SENSORS":0.010998581796946696,
    "MODIFY_PHONE_STATE":0.009796168070965772,
    "MANAGE_USERS":0.009787269542003842,
    "SET_ANIMATION_SCALE":0.009258919384889189,
    "AUTHENTICATE_ACCOUNTS":0.009182169572592533,
    "ANSWER_PHONE_CALLS":0.008332360056728126,
    "BLUETOOTH_SCAN":0.006826284029921307,
    "BLUETOOTH_ADVERTISE":0.006826284029921307,
    "ADD_VOICEMAIL":0.006370234420622343,
    "PERSISTENT_ACTIVITY":0.006370234420622343,
    "WRITE_APN_SETTINGS":0.006370234420622343,
    "STOP_APP_SWITCHES":0.006125524874169242,
    "RECEIVE_MMS":0.005949778927171104,
    "INTERACT_ACROSS_USERS":0.0056405550457440026,
    "SCHEDULE_EXACT_ALARM":0.005540446594922279,
    "READ_PROFILE":0.004707321820861491,
    "WRITE_VOICEMAIL":0.004628347376324353,
    "READ_VOICEMAIL":0.004628347376324353,
    "MANAGE_USB":0.004628347376324353,
    "HARDWARE_TEST":0.004628347376324353,
    "MEDIA_CONTENT_CONTROL":0.004628347376324353,
    "CALL_PRIVILEGED":0.004628347376324353,
    "LOCATION_HARDWARE":0.004117794277133563,
    "USE_SIP":0.003379216373293291,
    "BIND_REMOTEVIEWS":0.00328911876755374,
    "MANAGE_APP_TOKENS":0.0032724340257501198,
    "READ_USER_DICTIONARY":0.00306999249186619,
    "INJECT_EVENTS":0.0026495369984149506,
    "REAL_GET_TASKS":0.0023681210199938832,
    "TRANSMIT_IR":0.002318066794583021,
    "RECEIVE_WAP_PUSH":0.00174188704429799,
    "READ_CELL_BROADCASTS":0.00174188704429799,
    "WRITE_PROFILE":0.00174188704429799,
    "READ_SOCIAL_STREAM":0.00174188704429799,
    "WRITE_SOCIAL_STREAM":0.00174188704429799,
    "WRITE_USER_DICTIONARY":0.00174188704429799,
    "WRITE_HISTORY_BOOKMARKS":0.00174188704429799,
    "SUBSCRIBED_FEEDS_READ":0.00174188704429799,
    "SUBSCRIBED_FEEDS_WRITE":0.00174188704429799,
    "ACCOUNT_MANAGER":0.00174188704429799,
    "SET_TIME_ZONE":0.00174188704429799,
    "WRITE_SECURE_SETTINGS":0.00174188704429799,
    "SIGNAL_PERSISTENT_PROCESSES":0.00174188704429799,
    "UPDATE_DEVICE_STATS":0.00174188704429799,
    "CLEAR_APP_USER_DATA":0.00174188704429799,
    "DELETE_PACKAGES":0.00174188704429799,
    "BACKUP":0.00174188704429799,
    "BIND_APPWIDGET":0.00174188704429799,
    "MANAGE_FINGERPRINT":0.00174188704429799,
    "READ_INSTALL_SESSIONS":0.00174188704429799,
    "REQUEST_COMPANION_RUN_IN_BACKGROUND":0.0012802758543978203,
    "REQUEST_COMPANION_USE_DATA_IN_BACKGROUND":0.0012802758543978203,
    "CONTROL_VPN":0.00047718361558354903,
    "BIND_ACCESSIBILITY_SERVICE":0.00042268012569172177
}