{
    "INTERNET":0.9937285185019831,
    "ACCESS_NETWORK_STATE":0.9934481431058305,
    "WRITE_EXTERNAL_STORAGE":0.9853455033923956,
    "ACCESS_WIFI_STATE":0.9820092454135517,
    "READ_EXTERNAL_STORAGE":0.9779054423514594,
    "VIBRATE":0.9333606269249326,
    "REQUEST_INSTALL_PACKAGES":0.9157342906083639,
    "CHANGE_WIFI_STATE":0.8880604718117725,
    "WAKE_LOCK":0.873052716154045,
    "CAMERA":0.8651383882738498,
    "READ_PHONE_STATE":0.8646909733071027,
    "ACCESS_COARSE_LOCATION":0.8373142687362903,
    "CHANGE_NETWORK_STATE":0.8261159917198247,
    "ACCESS_FINE_LOCATION":0.8217883068115494,
    "GET_TASKS":0.789827255278276,
    "WRITE_SETTINGS":0.7438707985537356,
    "CHANGE_CONFIGURATION":0.6296464201222928,
    "RECORD_AUDIO":0.623134317948465,
    "SYSTEM_ALERT_WINDOW":0.6223807218899026,
    "MOUNT_UNMOUNT_FILESYSTEMS":0.6058476403829605,
    "BLUETOOTH":0.5403719646922086,
    "MODIFY_AUDIO_SETTINGS":0.5259786635718241,
    "FLASHLIGHT":0.5178292946256998,
    "FOREGROUND_SERVICE":0.48101851593535494,
    "RECEIVE_BOOT_COMPLETED":0.47863671997053203,
    "ACCESS_LOCATION_EXTRA_COMMANDS":0.45758833917332603,
    "C2D_MESSAGE":0.39682952617952866,
    "REORDER_TASKS":0.3914131198946569,
    "QUERY_ALL_PACKAGES":0.31864594027585524,
    "READ_LOGS":0.2626876841271268,
    "NFC":0.24969172655447722,
    "ACCESS_BACKGROUND_LOCATION":0.24572776246484332,
    "CALL_PHONE":0.24242079743783657,
    "BLUETOOTH_ADMIN":0.18580693712894805,
    "READ_CALENDAR":0.17985314466812083,
    "WRITE_CALENDAR":0.17569877639155082,
    "READ_CONTACTS":0.15006256137570348,
    "KILL_BACKGROUND_PROCESSES":0.13528810315582346,
    "RESTART_PACKAGES":0.134546712493858,
    "GET_ACCOUNTS":0.12902847832879186,
    "BROADCAST_STICKY":0.11464982368432607,
    "INSTALL_SHORTCUT":0.10865836885684767,
    "DISABLE_KEYGUARD":0.09447151330178838,
    "INSTALL_PACKAGES":0.09201195152434809,
    "REQUEST_IGNORE_BATTERY_OPTIMIZATIONS":0.09012674083827922,
    "READ_PHONE_NUMBERS":0.0869181164352975,
    "SET_WALLPAPER":0.07486023077266324,
    "EXPAND_STATUS_BAR":0.07242856704459101,
    "MANAGE_ACCOUNTS":0.07110515332767814,
    "WRITE_MEDIA_STORAGE":0.06109045105566124,
    "READ_MEDIA_VIDEO":0.05591466544659117,
    "READ_MEDIA_AUDIO":0.055863054055259646,
    "UNINSTALL_SHORTCUT":0.05479769729500446,
    "PACKAGE_USAGE_STATS":0.053184143864660235,
    "WRITE_CONTACTS":0.05041003158059131,
    "USE_CREDENTIALS":0.05008885528723765,
    "READ_PRIVILEGED_PHONE_STATE":0.044198879614336745,
    "CHANGE_WIFI_MULTICAST_STATE":0.04117507978842069,
    "USE_FINGERPRINT":0.040925392246573745,
    "READ_SMS":0.03960965049323695,
    "INTERACT_ACROSS_USERS_FULL":0.03511945944739499,
    "AUTHENTICATE_ACCOUNTS":0.034872212984867604,
    "SEND_SMS":0.03203567881533667,
    "RECEIVE_SMS":0.02875312458152872,
    "BATTERY_STATS":0.026539065638530104,
    "MANAGE_EXTERNAL_STORAGE":0.02556925969736152,
    "WRITE_SYNC_SETTINGS":0.024280718542159123,
    "READ_PROFILE":0.02082310404856457,
    "READ_SYNC_SETTINGS":0.020667921148952918,
    "WRITE_APN_SETTINGS":0.019240587198142797,
    "SET_DEBUG_APP":0.018185343480783548,
    "PROCESS_OUTGOING_CALLS":0.017934958487702258,
    "ACCESS_NOTIFICATION_POLICY":0.017544037070927693,
    "USE_FULL_SCREEN_INTENT":0.01568707315984439,
    "SCHEDULE_EXACT_ALARM":0.014355290028120998,
    "ACCESS_MOCK_LOCATION":0.014271595880015845,
    "USE_BIOMETRIC":0.01348417343659312,
    "REQUEST_DELETE_PACKAGES":0.01216773423202231,
    "ACTIVITY_RECOGNITION":0.012148903048698654,
    "GET_TOP_ACTIVITY_INFO":0.01199860230772646,
    "WRITE_SECURE_SETTINGS":0.011950478172565991,
    "ANSWER_PHONE_CALLS":0.011744730058474134,
    "MODIFY_PHONE_STATE":0.010084098669820851,
    "INTERACT_ACROSS_USERS":0.010064918760880094,
    "READ_HISTORY_BOOKMARKS":0.009950536758469698,
    "DEVICE_POWER":0.009657955965718742,
    "GET_PACKAGE_SIZE":0.009616806342900368,
    "READ_CALL_LOG":0.00960320604383328,
    "CAPTURE_VIDEO_OUTPUT":0.008934350310226177,
    "CLEAR_APP_CACHE":0.008873323327232821,
    "SET_ALARM":0.008240037606570424,
    "LOCATION_HARDWARE":0.007979539570593101,
    "WRITE_SMS":0.007819823237959097,
    "MANAGE_DOCUMENTS":0.00710667935097967,
    "READ_CLIPBOARD_IN_BACKGROUND":0.006664146542873618,
    "STATUS_BAR_SERVICE":0.0063485498593937335,
    "STATUS_BAR":0.006296938468062216,
    "BLUETOOTH_CONNECT":0.0062156853992767925,
    "CAPTURE_AUDIO_OUTPUT":0.0059628593268757765,
    "USE_SIP":0.005750834151676026,
    "SET_ALWAYS_FINISH":0.00571596158996554,
    "SIGNAL_PERSISTENT_PROCESSES":0.0050784911618978815,
    "RECEIVE_MMS":0.004796372137660063,
    "BLUETOOTH_PRIVILEGED":0.004628983841449732,
    "REAL_GET_TASKS":0.00442637425791182,
    "HARDWARE_TEST":0.004421143373655246,
    "INSTANT_APP_FOREGROUND_SERVICE":0.004302576663839597,
    "READ_SYNC_STATS":0.004066489421059618,
    "ADD_VOICEMAIL":0.003869808173012484,
    "BODY_SENSORS":0.003495625585858979,
    "READ_USER_DICTIONARY":0.0034764456769182145,
    "MEDIA_CONTENT_CONTROL":0.003244543141543492,
    "MOUNT_FORMAT_FILESYSTEMS":0.003102960540998923,
    "INSTALL_LOCATION_PROVIDER":0.0026761203856625927,
    "ACCESS_MEDIA_LOCATION":0.0023995809712984467,
    "STOP_APP_SWITCHES":0.002368893116993222,
    "SET_WALLPAPER_HINTS":0.002282757889568326,
    "FORCE_STOP_PACKAGES":0.002221382180957873,
    "ACCOUNT_MANAGER":0.0020707327143685782,
    "WRITE_HISTORY_BOOKMARKS":0.0020062184752041817,
    "LOCAL_MAC_ADDRESS":0.002001336316564714,
    "CLEAR_APP_USER_DATA":0.0018733540150872355,
    "SET_TIME_ZONE":0.001873354015087235,
    "WRITE_PROFILE":0.001840225081462275,
    "BIND_NOTIFICATION_LISTENER_SERVICE":0.0018353429228228071,
    "READ_SOCIAL_STREAM":0.0018144193857965163,
    "SUBSCRIBED_FEEDS_READ":0.0018144193857965163,
    "SUBSCRIBED_FEEDS_WRITE":0.0018144193857965163,
    "UPDATE_APP_OPS_STATS":0.0017526949515689599,
    "CAPTURE_SECURE_VIDEO_OUTPUT":0.0016567954068651266,
    "BIND_JOB_SERVICE":0.0015734499843770677,
    "INTERNAL_SYSTEM_WINDOW":0.0015071921171271468,
    "SET_PREFERRED_APPLICATIONS":0.0013255060706155218,
    "WRITE_CALL_LOG":0.001320623911976055,
    "DELETE_PACKAGES":0.0012676176181761175,
    "WRITE_USER_DICTIONARY":0.0010772134312368713,
    "READ_VOICEMAIL":0.0010765159800026614,
    "SET_ANIMATION_SCALE":0.0010507102843369028,
    "SET_PROCESS_LIMIT":0.001032227826630346,
    "BLUETOOTH_SCAN":0.000970154666785683,
    "OVERRIDE_WIFI_CONFIG":0.0009297024952015208,
    "TRANSMIT_IR":0.00087425512208185,
    "PERSISTENT_ACTIVITY":0.0008153204927911311,
    "MANAGE_USERS":0.0008031150961924616,
    "BIND_REMOTEVIEWS":0.0007996278400214132,
    "RECEIVE_WAP_PUSH":0.0007968380350845742,
    "BIND_ACCESSIBILITY_SERVICE":0.0007863762665714291,
    "UPDATE_DEVICE_STATS":0.0007821915591661706,
    "WRITE_SOCIAL_STREAM":0.0007637091014596138,
    "ACCESS_CACHE_FILESYSTEM":0.0007563858635004121,
    "READ_CELL_BROADCASTS":0.0007452266437530569,
    "READ_INSTALL_SESSIONS":0.0007452266437530569,
    "BIND_APPWIDGET":0.0007379034057938552,
    "INJECT_EVENTS":0.0006437474891755465,
    "CONNECTIVITY_INTERNAL":0.0005534275543453915,
    "BACKUP":0.0005534275543453915,
    "DUMP":0.0005502890237914479,
    "READ_PRECISE_PHONE_STATE":0.00032954570816408,
    "READ_DREAM_STATE":0.00031106325045752314,
    "WRITE_DREAM_STATE":0.00031106325045752314,
    "CALL_PRIVILEGED":0.00025073371869838477,
    "BLUETOOTH_ADVERTISE":0.00020644556532606922,
    "MANAGE_FINGERPRINT":0.00020295830915502072,
    "GET_INTENT_SENDER_INTENT":0.00019179908940766564,
    "BIND_DIRECTORY_SEARCH":0.000165993393741907,
    "READ_FRAME_BUFFER":0.00015867015578270517,
    "SET_TIME":0.0001548341739945519,
    "CHANGE_COMPONENT_ENABLED_STATE":0.00015134691782350344,
    "GRANT_RUNTIME_PERMISSIONS":0.00012902847832879324,
    "BROADCAST_WAP_PUSH":0.00012902847832879324,
    "DELETE_CACHE_FILES":0.00012170524036959146,
    "ACCESS_CHECKIN_PROPERTIES":9.58995447038328e-05,