{
    "INTERNET":1.0,
    "WRITE_EXTERNAL_STORAGE":0.9922661934140669,
    "ACCESS_NETWORK_STATE":0.9922661934140669,
    "ACCESS_WIFI_STATE":0.9922661934140669,
    "READ_EXTERNAL_STORAGE":0.9760834871218058,
    "VIBRATE":0.896251906449432,
    "READ_PHONE_STATE":0.8756352503663917,
    "CAMERA":0.8569925492511071,
    "WAKE_LOCK":0.8287054021188355,
    "REQUEST_INSTALL_PACKAGES":0.825044274320149,
    "CHANGE_WIFI_STATE":0.8158523481684115,
    "ACCESS_COARSE_LOCATION":0.7794049456883047,
    "ACCESS_FINE_LOCATION":0.768028633520362,
    "GET_TASKS":0.7430040987498903,
    "CHANGE_NETWORK_STATE":0.7381120424288581,
    "WRITE_SETTINGS":0.6779138647989821,
    "MOUNT_UNMOUNT_FILESYSTEMS":0.6613158830748255,
    "RECORD_AUDIO":0.6276934708646107,
    "SYSTEM_ALERT_WINDOW":0.6186505224462887,
    "BLUETOOTH":0.5903875841956969,
    "RECEIVE_BOOT_COMPLETED":0.5167069216917164,
    "ACCESS_LOCATION_EXTRA_COMMANDS":0.5062226137025992,
    "MODIFY_AUDIO_SETTINGS":0.4846729845640443,
    "READ_LOGS":0.4726895881324336,
    "FOREGROUND_SERVICE":0.4696187846024061,
    "FLASHLIGHT":0.448387595369027,
    "CALL_PHONE":0.3605428748605661,
    "BLUETOOTH_ADMIN":0.33536005124834034,
    "REORDER_TASKS":0.33339540738892315,
    "C2D_MESSAGE":0.26524926768132906,
    "QUERY_ALL_PACKAGES":0.2630946772118071,
    "CHANGE_CONFIGURATION":0.25261409366602533,
    "READ_CONTACTS":0.24858983264213866,
    "RESTART_PACKAGES":0.24242774114373924,
    "ACCESS_BACKGROUND_LOCATION":0.2185689571372438,
    "DISABLE_KEYGUARD":0.209561390930608,
    "GET_ACCOUNTS":0.17917179553550971,
    "KILL_BACKGROUND_PROCESSES":0.17021078487056623,
    "BROADCAST_STICKY":0.15900207265271613,
    "MANAGE_ACCOUNTS":0.13701295920058545,
    "NFC":0.12375021648326885,
    "INSTALL_SHORTCUT":0.11956021773095733,
    "USE_FINGERPRINT":0.10920998970191415,
    "USE_CREDENTIALS":0.09036803086818633,
    "WRITE_CONTACTS":0.08990433767293053,
    "REQUEST_IGNORE_BATTERY_OPTIMIZATIONS":0.08769574277504547,
    "INSTALL_PACKAGES":0.07968074071729053,
    "AUTHENTICATE_ACCOUNTS":0.07000091248861715,
    "SEND_SMS":0.06849065071611733,
    "UNINSTALL_SHORTCUT":0.06809772194423389,
    "PROCESS_OUTGOING_CALLS":0.062276417011022475,
    "USE_BIOMETRIC":0.061067835148689076,
    "READ_CALENDAR":0.058218635997117275,
    "WRITE_CALENDAR":0.058218635997117275,
    "EXPAND_STATUS_BAR":0.04942708750393394,
    "BLUETOOTH_CONNECT":0.04917196313545985,
    "READ_SMS":0.0490974742687521,
    "INTERACT_ACROSS_USERS_FULL":0.04893732320533042,
    "RECEIVE_SMS":0.04878275880691181,
    "READ_PRIVILEGED_PHONE_STATE":0.04170631646967465,
    "BATTERY_STATS":0.04107129888099099,
    "ACCESS_MEDIA_LOCATION":0.04078079230083073,
    "WRITE_SMS":0.040166259150491705,
    "SCHEDULE_EXACT_ALARM":0.04004893918542699,
    "READ_PROFILE":0.03970629039857129,
    "GET_PACKAGE_SIZE":0.03735244221060608,
    "ACCESS_NOTIFICATION_POLICY":0.031432439529006886,
    "CHANGE_WIFI_MULTICAST_STATE":0.029136320212740194,
    "PACKAGE_USAGE_STATS":0.02901713802600778,
    "WRITE_MEDIA_STORAGE":0.028071129418819233,
    "CAPTURE_AUDIO_OUTPUT":0.024238677226705,
    "WRITE_APN_SETTINGS":0.02311948200442091,
    "ACCESS_MOCK_LOCATION":0.02090343821986506,
    "BLUETOOTH_SCAN":0.02040063836958768,
    "READ_HISTORY_BOOKMARKS":0.020221865089489057,
    "BIND_ACCESSIBILITY_SERVICE":0.02016413621779054,
    "READ_FRAME_BUFFER":0.02016413621779054,
    "READ_PHONE_NUMBERS":0.018136176821671787,
    "SET_WALLPAPER":0.01786243023652077,
    "MOUNT_FORMAT_FILESYSTEMS":0.017426670366280376,
    "DELETE_PACKAGES":0.01650487064077185,
    "CAPTURE_VIDEO_OUTPUT":0.01650487064077185,
    "READ_CALL_LOG":0.014882875568210385,
    "DEVICE_POWER":0.013851204764307911,
    "MANAGE_DOCUMENTS":0.01376740478926168,
    "MEDIA_CONTENT_CONTROL":0.01376740478926168,
    "REAL_GET_TASKS":0.012666831783654532,
    "GLOBAL_SEARCH":0.01187352535321689,
    "ACTIVITY_RECOGNITION":0.009700312667018004,
    "INTERACT_ACROSS_USERS":0.009285037235122244,
    "SET_WALLPAPER_HINTS":0.00844889970632764,
    "USE_FULL_SCREEN_INTENT":0.008033624274431881,
    "MANAGE_OWN_CALLS":0.007733806585933148,
    "SET_ALARM":0.007733806585933148,
    "WRITE_SYNC_SETTINGS":0.007733806585933148,
    "GET_TOP_ACTIVITY_INFO":0.007733806585933148,
    "START_ACTIVITIES_FROM_BACKGROUND":0.006299895901808774,
    "READ_MEDIA_AUDIO":0.003433936755227721,
    "READ_MEDIA_VIDEO":0.003433936755227721,
    "SET_DEBUG_APP":0.002219768227891238,
    "ANSWER_PHONE_CALLS":0.0016797239442599807
}