{
    "INTERNET":0.9989942451322236,
    "ACCESS_NETWORK_STATE":0.9989942451322236,
    "ACCESS_WIFI_STATE":0.9833498821060311,
    "WRITE_EXTERNAL_STORAGE":0.9412088814312514,
    "READ_EXTERNAL_STORAGE":0.9039568243803199,
    "WAKE_LOCK":0.843305572446423,
    "REQUEST_INSTALL_PACKAGES":0.7944001005754878,
    "RECORD_AUDIO":0.787856279681957,
    "VIBRATE":0.7719938320543326,
    "CHANGE_NETWORK_STATE":0.7590979764314701,
    "CAMERA":0.7524098348458156,
    "READ_PHONE_STATE":0.6819377201692348,
    "GET_TASKS":0.6236039378381926,
    "CHANGE_WIFI_STATE":0.6062027109198818,
    "FOREGROUND_SERVICE":0.594260654715631,
    "MOUNT_UNMOUNT_FILESYSTEMS":0.5148522027827603,
    "SYSTEM_ALERT_WINDOW":0.4880759037041033,
    "WRITE_SETTINGS":0.46162544867699684,
    "MODIFY_AUDIO_SETTINGS":0.4472151879247844,
    "RECEIVE_BOOT_COMPLETED":0.4331994037310433,
    "ACCESS_COARSE_LOCATION":0.35718729875281324,
    "FLASHLIGHT":0.3444210110402128,
    "BLUETOOTH":0.33849424128367206,
    "ACCESS_FINE_LOCATION":0.32662145901164114,
    "READ_LOGS":0.2882456248380405,
    "C2D_MESSAGE":0.2604565152133255,
    "REORDER_TASKS":0.23507852328502138,
    "QUERY_ALL_PACKAGES":0.20694560970040318,
    "INSTALL_SHORTCUT":0.14900694535313044,
    "BLUETOOTH_ADMIN":0.14803262032497183,
    "ACCESS_LOCATION_EXTRA_COMMANDS":0.14654066508106345,
    "RESTART_PACKAGES":0.13455242625533356,
    "READ_CALENDAR":0.12545509124916304,
    "CHANGE_CONFIGURATION":0.12502661914988064,
    "WRITE_CALENDAR":0.12046287815228475,
    "BROADCAST_STICKY":0.11379782787736985,
    "CALL_PHONE":0.11163879032320148,
    "DISABLE_KEYGUARD":0.10642592692369872,
    "CHANGE_WIFI_MULTICAST_STATE":0.09879104159771356,
    "READ_CONTACTS":0.09494633835954208,
    "GET_ACCOUNTS":0.09059234343449903,
    "KILL_BACKGROUND_PROCESSES":0.08301775208655657,
    "UNINSTALL_SHORTCUT":0.08209281680636919,
    "USE_CREDENTIALS":0.0755066618431485,
    "ACCESS_BACKGROUND_LOCATION":0.07401085804745015,
    "MANAGE_ACCOUNTS":0.061211857644635055,
    "AUTHENTICATE_ACCOUNTS":0.06048319850573567,
    "EXPAND_STATUS_BAR":0.04898116005613758,
    "READ_SMS":0.045613677239921324,
    "RECEIVE_SMS":0.040561811590298605,
    "INSTALL_PACKAGES":0.03492560749390007,
    "DEVICE_POWER":0.033542694550707255,
    "INTERACT_ACROSS_USERS_FULL":0.03245547867004315,
    "USE_FINGERPRINT":0.02945938110155817,
    "READ_MEDIA_VIDEO":0.02874932329631029,
    "NFC":0.028034134088675784,
    "READ_MEDIA_AUDIO":0.026077145503480396,
    "SEND_SMS":0.025022642313030957,
    "REQUEST_IGNORE_BATTERY_OPTIMIZATIONS":0.024661519870072913,
    "MANAGE_EXTERNAL_STORAGE":0.02288092324191742,
    "WRITE_SYNC_SETTINGS":0.022503123741202873,
    "INTERACT_ACROSS_USERS":0.021611542576528472,
    "PROCESS_OUTGOING_CALLS":0.01894770331257683,
    "READ_PHONE_NUMBERS":0.01764881708346484,
    "READ_PRIVILEGED_PHONE_STATE":0.017203026501127636,
    "PACKAGE_USAGE_STATS":0.015581503346957218,
    "WRITE_CONTACTS":0.015538527851969316,
    "BATTERY_STATS":0.015255017870108823,
    "ACCESS_NOTIFICATION_POLICY":0.014302501302093368,
    "READ_SYNC_SETTINGS":0.013491739725008159,
    "SET_ALARM":0.013042742016179321,
    "MODIFY_PHONE_STATE":0.012382715384200934,
    "WRITE_SMS":0.012286501589451899,
    "WRITE_MEDIA_STORAGE":0.011789396983248547,
    "MANAGE_DOCUMENTS":0.011697673165587799,
    "MEDIA_CONTENT_CONTROL":0.011268559641007099,
    "GET_PACKAGE_SIZE":0.010422519672513907,
    "ACTIVITY_RECOGNITION":0.01012169120759859,
    "BLUETOOTH_CONNECT":0.010088978517383917,
    "READ_SYNC_STATS":0.010031891665832822,
    "SCHEDULE_EXACT_ALARM":0.009956203480630248,
    "SET_DEBUG_APP":0.009917076537432307,
    "CAPTURE_AUDIO_OUTPUT":0.009825994145069886,
    "HARDWARE_TEST":0.007691330752237939,
    "GET_TOP_ACTIVITY_INFO":0.006706101494007811,
    "REAL_GET_TASKS":0.006606039147468813,
    "USE_FULL_SCREEN_INTENT":0.006536123789951181,
    "CLEAR_APP_CACHE":0.006462359880643586,
    "BODY_SENSORS":0.0060646761956809035,
    "SET_TIME_ZONE":0.005929976883032253,
    "WRITE_SECURE_SETTINGS":0.005622734165133665,
    "SET_WALLPAPER":0.0052725159522471745,
    "CAPTURE_VIDEO_OUTPUT":0.00500568302814318,
    "ACCESS_MEDIA_LOCATION":0.0049550104295753555,
    "ACCESS_MOCK_LOCATION":0.00493961622241551,
    "DELETE_PACKAGES":0.004784391300220398,
    "BLUETOOTH_SCAN":0.004652899114063382,
    "REQUEST_COMPANION_RUN_IN_BACKGROUND":0.004652899114063382,
    "REQUEST_COMPANION_USE_DATA_IN_BACKGROUND":0.004652899114063382,
    "READ_HISTORY_BOOKMARKS":0.0035425919226595064,
    "START_FOREGROUND_SERVICES_FROM_BACKGROUND":0.0034656208868602775,
    "BROADCAST_CLOSE_SYSTEM_DIALOGS":0.0034656208868602775,
    "READ_CALL_LOG":0.0030910285126373636,
    "WRITE_HISTORY_BOOKMARKS":0.0029146365555974647,
    "WRITE_CALL_LOG":0.0026721777928298937,
    "ADD_VOICEMAIL":0.0026721777928298937,
    "USE_SIP":0.0026721777928298937,
    "USE_BIOMETRIC":0.0026721777928298937,
    "STOP_APP_SWITCHES":0.0026721777928298937,
    "REQUEST_DELETE_PACKAGES":0.0026721777928298937,
    "WRITE_APN_SETTINGS":0.0019582714357920467,
    "START_VIEW_PERMISSION_USAGE":0.0014611668295886936,
    "READ_PROFILE":0.0011917682042913928,
    "BLUETOOTH_PRIVILEGED":0.0011917682042913928,
    "SET_ACTIVITY_WATCHER":0.0011917682042913928,
    "LOCAL_MAC_ADDRESS":0.0011917682042913928,
    "MOUNT_FORMAT_FILESYSTEMS":0.0004188507198074701
}