{
    "INTERNET":0.978180412467716,
    "ACCESS_NETWORK_STATE":0.9709864374587666,
    "ACCESS_WIFI_STATE":0.9488069046381663,
    "WRITE_EXTERNAL_STORAGE":0.9222005378470144,
    "READ_PHONE_STATE":0.9195448319252737,
    "READ_EXTERNAL_STORAGE":0.9049280947652124,
    "CAMERA":0.8830710334768842,
    "VIBRATE":0.8818827209497038,
    "REQUEST_INSTALL_PACKAGES":0.8414258566944404,
    "ACCESS_COARSE_LOCATION":0.8342427293517142,
    "WAKE_LOCK":0.7882535553226045,
    "CHANGE_WIFI_STATE":0.7869232369830471,
    "ACCESS_FINE_LOCATION":0.7374046268254895,
    "CHANGE_NETWORK_STATE":0.717342361221368,
    "GET_TASKS":0.6721815544311236,
    "MOUNT_UNMOUNT_FILESYSTEMS":0.6534150918649403,
    "RECORD_AUDIO":0.6134118572881024,
    "SYSTEM_ALERT_WINDOW":0.6095392404464105,
    "FLASHLIGHT":0.6063618603944796,
    "WRITE_SETTINGS":0.5827050726645706,
    "MODIFY_AUDIO_SETTINGS":0.5242884177495426,
    "RECEIVE_BOOT_COMPLETED":0.5102387176875138,
    "BLUETOOTH":0.5088068257460476,
    "ACCESS_LOCATION_EXTRA_COMMANDS":0.49649472458268473,
    "BLUETOOTH_ADMIN":0.43323212132029854,
    "FOREGROUND_SERVICE":0.43235937726506624,
    "CALL_PHONE":0.41681763002160604,
    "READ_LOGS":0.3598959807424337,
    "READ_CONTACTS":0.3262593400871556,
    "ACCESS_BACKGROUND_LOCATION":0.26025918033061696,
    "C2D_MESSAGE":0.23973638198774586,
    "GET_ACCOUNTS":0.23742681523367334,
    "REORDER_TASKS":0.21704010579433,
    "BROADCAST_STICKY":0.19542958237471175,
    "QUERY_ALL_PACKAGES":0.1920845565720584,
    "DISABLE_KEYGUARD":0.1807507176717357,
    "RESTART_PACKAGES":0.1797192032290543,
    "KILL_BACKGROUND_PROCESSES":0.17524404783623562,
    "MANAGE_ACCOUNTS":0.16337571483655022,
    "USE_CREDENTIALS":0.1626469488966443,
    "WRITE_CONTACTS":0.14569894965006408,
    "NFC":0.09927093821465162,
    "CHANGE_CONFIGURATION":0.09611229504074281,
    "INSTALL_SHORTCUT":0.09305128086284306,
    "EXPAND_STATUS_BAR":0.09039656109257689,
    "USE_FINGERPRINT":0.08516798597298139,
    "INSTALL_PACKAGES":0.08442048315505354,
    "SEND_SMS":0.08041473586425817,
    "UNINSTALL_SHORTCUT":0.07911794667484508,
    "AUTHENTICATE_ACCOUNTS":0.07333022366901597,
    "REQUEST_IGNORE_BATTERY_OPTIMIZATIONS":0.059852491462393555,
    "READ_CALENDAR":0.05379061834655924,
    "INTERACT_ACROSS_USERS_FULL":0.05250862142926874,
    "SET_DEBUG_APP":0.05243268776570615,
    "WRITE_CALENDAR":0.052235457470738385,
    "BLUETOOTH_PRIVILEGED":0.04810939970001269,
    "CHANGE_WIFI_MULTICAST_STATE":0.04651676506814797,
    "PROCESS_OUTGOING_CALLS":0.044715066323617415,
    "BLUETOOTH_CONNECT":0.043577047521653395,
    "MANAGE_DOCUMENTS":0.0429932458485488,
    "RECEIVE_SMS":0.0425465192304468,
    "READ_PRIVILEGED_PHONE_STATE":0.03858317645306952,
    "ACCESS_MOCK_LOCATION":0.03704675245527061,
    "READ_SMS":0.03643731084382021,
    "ACCESS_NOTIFICATION_POLICY":0.03557442830333623,
    "READ_PROFILE":0.03395911218755022,
    "WRITE_MEDIA_STORAGE":0.033365448999697234,
    "READ_HISTORY_BOOKMARKS":0.03151148422700022,
    "SET_ALARM":0.0312748078730389,
    "WRITE_SYNC_SETTINGS":0.029701896270670953,
    "READ_MEDIA_AUDIO":0.02776608092556231,
    "READ_MEDIA_VIDEO":0.02776608092556231,
    "DEVICE_POWER":0.02485003101446387,
    "USE_FULL_SCREEN_INTENT":0.024763249684678055,
    "READ_PHONE_NUMBERS":0.0247060528991374,
    "GET_PACKAGE_SIZE":0.02463011923557481,
    "USE_BIOMETRIC":0.024262284735459924,
    "BATTERY_STATS":0.023694261485952755,
    "INTERACT_ACROSS_USERS":0.023297828593067536,
    "MANAGE_EXTERNAL_STORAGE":0.020603662763807835,
    "CAPTURE_VIDEO_OUTPUT":0.019493256203139304,
    "WRITE_APN_SETTINGS":0.019348291936337993,
    "REAL_GET_TASKS":0.019125421703024417,
    "SET_WALLPAPER":0.016437172782613745,
    "READ_CALL_LOG":0.01604172604120337,
    "MODIFY_PHONE_STATE":0.014156204421311514,
    "CLEAR_APP_CACHE":0.014069423091525696,
    "WRITE_SMS":0.013153288371400415,
    "CAPTURE_AUDIO_OUTPUT":0.013136523796328157,
    "PACKAGE_USAGE_STATS":0.009556793942663176,
    "LOCATION_HARDWARE":0.009318145285752175,
    "READ_SYNC_SETTINGS":0.009181070230749579,
    "SCHEDULE_EXACT_ALARM":0.009066676659668272,
    "GET_TOP_ACTIVITY_INFO":0.00861995004156628,
    "WRITE_SECURE_SETTINGS":0.008218586391306872,
    "LOCAL_MAC_ADDRESS":0.008218586391306872,
    "HARDWARE_TEST":0.008192946452961062,
    "ACCESS_MEDIA_LOCATION":0.007737344471585519,
    "CALL_PRIVILEGED":0.0060529977525607855,
    "ACTIVITY_RECOGNITION":0.004695067171707706,
    "BODY_SENSORS":0.004109293195653436,
    "READ_USER_DICTIONARY":0.004109293195653436,
    "WRITE_USER_DICTIONARY":0.004109293195653436,
    "MANAGE_USERS":0.004109293195653436,
    "SET_WALLPAPER_HINTS":0.004109293195653436,
    "SET_TIME":0.004109293195653436,
    "MOUNT_FORMAT_FILESYSTEMS":0.004109293195653436,
    "INJECT_EVENTS":0.004109293195653436,
    "READ_FRAME_BUFFER":0.004109293195653436,
    "MEDIA_CONTENT_CONTROL":0.004109293195653436,
    "RECOVERY":0.003019595815956521,
    "REBOOT":0.003019595815956521,
    "WRITE_PROFILE":0.0029061883963500544,
    "REQUEST_DELETE_PACKAGES":0.0026685258909138945,
    "DELETE_PACKAGES":0.0007997688460942973,
    "MANAGE_FINGERPRINT":0.0007218628795820292
}