{
    "INTERNET":0.9954779493520555,
    "ACCESS_NETWORK_STATE":0.9954779493520555,
    "ACCESS_WIFI_STATE":0.9835576234613912,
    "WRITE_EXTERNAL_STORAGE":0.971834014715909,
    "READ_EXTERNAL_STORAGE":0.9246487804758853,
    "READ_PHONE_STATE":0.8484789243848622,
    "REQUEST_INSTALL_PACKAGES":0.8300351647170087,
    "CHANGE_WIFI_STATE":0.7917303044594924,
    "VIBRATE":0.7803109352739501,
    "WAKE_LOCK":0.7625856208319793,
    "ACCESS_COARSE_LOCATION":0.7245434573832465,
    "ACCESS_FINE_LOCATION":0.718164201389483,
    "CHANGE_NETWORK_STATE":0.7075585813883589,
    "CAMERA":0.7057881270817196,
    "GET_TASKS":0.5715671636320094,
    "FOREGROUND_SERVICE":0.5333441670311841,
    "MOUNT_UNMOUNT_FILESYSTEMS":0.47189877253388796,
    "WRITE_SETTINGS":0.4305307453013926,
    "RECEIVE_BOOT_COMPLETED":0.4302338368151861,
    "SYSTEM_ALERT_WINDOW":0.42230528057241035,
    "RECORD_AUDIO":0.41515626183662957,
    "REORDER_TASKS":0.4144818030531479,
    "QUERY_ALL_PACKAGES":0.3888694751195577,
    "BLUETOOTH":0.3504460958366833,
    "FLASHLIGHT":0.3288792987583606,
    "MODIFY_AUDIO_SETTINGS":0.3073589318136833,
    "READ_LOGS":0.24654889703995686,
    "BLUETOOTH_ADMIN":0.237238433398417,
    "ACCESS_LOCATION_EXTRA_COMMANDS":0.23517962352492688,
    "CHANGE_WIFI_MULTICAST_STATE":0.18282720414841022,
    "C2D_MESSAGE":0.1612420793857538,
    "BROADCAST_STICKY":0.15652819897511588,
    "DISABLE_KEYGUARD":0.15517561587128587,
    "READ_CONTACTS":0.15385480075363436,
    "KILL_BACKGROUND_PROCESSES":0.149594225068851,
    "PACKAGE_USAGE_STATS":0.13599508329321613,
    "REQUEST_IGNORE_BATTERY_OPTIMIZATIONS":0.13344875701644848,
    "RESTART_PACKAGES":0.13282195021223459,
    "CALL_PHONE":0.1303269414516015,
    "INSTALL_SHORTCUT":0.12765354323012,
    "GET_ACCOUNTS":0.11992659151501527,
    "CHANGE_CONFIGURATION":0.11776148107238948,
    "EXPAND_STATUS_BAR":0.11462378151445321,
    "ACCESS_BACKGROUND_LOCATION":0.10186526952692582,
    "UNINSTALL_SHORTCUT":0.08394690347663955,
    "AUTHENTICATE_ACCOUNTS":0.07360153659305456,
    "MANAGE_EXTERNAL_STORAGE":0.06937028520320516,
    "WRITE_SYNC_SETTINGS":0.06565587451156724,
    "WRITE_CONTACTS":0.06286029172786078,
    "USE_CREDENTIALS":0.06254749924856494,
    "OVERRIDE_WIFI_CONFIG":0.05811586517666667,
    "MANAGE_ACCOUNTS":0.046672059078679544,
    "GET_PACKAGE_SIZE":0.04613566885051208,
    "REQUEST_DELETE_PACKAGES":0.04511176221906715,
    "NFC":0.04384837384566136,
    "BATTERY_STATS":0.04127883250207103,
    "INTERACT_ACROSS_USERS_FULL":0.04104301629697692,
    "INSTALL_PACKAGES":0.03899520303408705,
    "READ_CALENDAR":0.03825354274138172,
    "WRITE_CALENDAR":0.03825354274138172,
    "INTERACT_ACROSS_USERS":0.037700046674502774,
    "CLEAR_APP_CACHE":0.03738481050396245,
    "READ_MEDIA_AUDIO":0.03542252643463004,
    "READ_MEDIA_VIDEO":0.03542252643463004,
    "ACCESS_NOTIFICATION_POLICY":0.03362274783305679,
    "READ_PRIVILEGED_PHONE_STATE":0.0317252215817036,
    "LOCAL_MAC_ADDRESS":0.03137943927060704,
    "USE_FINGERPRINT":0.030993336053976257,
    "SET_WALLPAPER":0.030640222669146205,
    "READ_CALL_LOG":0.028762245947749,
    "READ_SMS":0.02709931405586767,
    "READ_PROFILE":0.02699423533235423,
    "ACCESS_MOCK_LOCATION":0.025630655617923992,
    "READ_SYNC_SETTINGS":0.02483767780908418,
    "READ_SYNC_STATS":0.02401781939655489,
    "PROCESS_OUTGOING_CALLS":0.023986051410376404,
    "USE_FULL_SCREEN_INTENT":0.0234484393365867,
    "BLUETOOTH_CONNECT":0.023063557965578168,
    "WRITE_CALL_LOG":0.02304034289875543,
    "BODY_SENSORS":0.019583741633412106,
    "DELETE_PACKAGES":0.019064457243956143,
    "ACTIVITY_RECOGNITION":0.018831084730106525,
    "LOCATION_HARDWARE":0.01637395318376314,
    "STATUS_BAR":0.01637395318376314,
    "READ_PHONE_NUMBERS":0.016245659393426964,
    "USE_BIOMETRIC":0.015271848432494252,
    "REAL_GET_TASKS":0.014861308303418481,
    "BLUETOOTH_PRIVILEGED":0.014427553107519975,
    "WRITE_SECURE_SETTINGS":0.014299259317183793,
    "SEND_SMS":0.01418318398307011,
    "BIND_NOTIFICATION_LISTENER_SERVICE":0.01292101745528656,
    "ACCESS_MEDIA_LOCATION":0.012087718740912527,
    "CLEAR_APP_USER_DATA":0.011893445286974884,
    "READ_NETWORK_USAGE_HISTORY":0.011893445286974884,
    "MANAGE_APP_TOKENS":0.011541553747767079,
    "WRITE_GSERVICES":0.011082139793801335,
    "BIND_ACCESSIBILITY_SERVICE":0.010163311885869846,
    "ACCESS_CHECKIN_PROPERTIES":0.010141318664669358,
    "DEVICE_POWER":0.009069760053956703,
    "WRITE_SMS":0.008628673784324699,
    "CAPTURE_AUDIO_OUTPUT":0.008336652680607112,
    "BLUETOOTH_SCAN":0.006899762228841911,
    "READ_HISTORY_BOOKMARKS":0.006365815691918958,
    "SET_DEBUG_APP":0.006259515122783267,
    "ANSWER_PHONE_CALLS":0.0057219030489935666,
    "RECEIVE_SMS":0.00524782694756083,
    "SET_WALLPAPER_HINTS":0.005081655942934923,
    "STATUS_BAR_SERVICE":0.005081655942934923,
    "FORCE_BACK":0.005081655942934923,
    "HIDE_NON_SYSTEM_OVERLAY_WINDOWS":0.005081655942934923,
    "SCHEDULE_EXACT_ALARM":0.005081655942934923,
    "SET_VOLUME_KEY_LONG_PRESS_LISTENER":0.005081655942934923,
    "MANAGE_DOCUMENTS":0.003957557970465549,
    "CALL_PRIVILEGED":0.0038170457239068765,
    "ADD_VOICEMAIL":0.0035934479750352505,
    "READ_SOCIAL_STREAM":0.0035934479750352505,
    "BIND_VPN_SERVICE":0.003319754555651403,
    "SET_ALARM":0.003278211804494926,
    "MODIFY_PHONE_STATE":0.002779698790617204,
    "STOP_APP_SWITCHES":0.002779698790617204,
    "POWER_SAVER":0.002779698790617204,
    "WRITE_PROFILE":0.0020038268204888854,
    "READ_USER_DICTIONARY":0.0020038268204888854,
    "WRITE_USER_DICTIONARY":0.0020038268204888854,
    "WRITE_HISTORY_BOOKMARKS":0.0020038268204888854,
    "GET_TOP_ACTIVITY_INFO":0.00149187350476642
}