{
    "INTERNET":0.9902713329235735,
    "ACCESS_NETWORK_STATE":0.9902713329235735,
    "ACCESS_WIFI_STATE":0.9573013095109623,
    "WRITE_EXTERNAL_STORAGE":0.9315403996565521,
    "READ_EXTERNAL_STORAGE":0.9120854114566956,
    "CAMERA":0.8327992380344661,
    "RECORD_AUDIO":0.7558684014207082,
    "READ_PHONE_STATE":0.7460552800364082,
    "REQUEST_INSTALL_PACKAGES":0.7216855203089141,
    "WAKE_LOCK":0.7100097122454045,
    "VIBRATE":0.6668676366400313,
    "FOREGROUND_SERVICE":0.6491228481746133,
    "GET_TASKS":0.6111207555845404,
    "ACCESS_COARSE_LOCATION":0.608777148541051,
    "ACCESS_FINE_LOCATION":0.5747115650790814,
    "CHANGE_WIFI_STATE":0.5625337230743238,
    "CHANGE_NETWORK_STATE":0.558362618646572,
    "MODIFY_AUDIO_SETTINGS":0.46501480296340725,
    "RECEIVE_BOOT_COMPLETED":0.45938216981884494,
    "WRITE_SETTINGS":0.4365278957270806,
    "SYSTEM_ALERT_WINDOW":0.4279135563239848,
    "MOUNT_UNMOUNT_FILESYSTEMS":0.4116185668103947,
    "C2D_MESSAGE":0.40950251720756464,
    "QUERY_ALL_PACKAGES":0.3702992966832912,
    "BLUETOOTH":0.3435835839593113,
    "REORDER_TASKS":0.3125255122388364,
    "ACCESS_LOCATION_EXTRA_COMMANDS":0.3071180905819367,
    "FLASHLIGHT":0.2910271989790409,
    "READ_LOGS":0.22857793021258996,
    "INSTALL_SHORTCUT":0.1852950974274277,
    "RESTART_PACKAGES":0.1847484903792465,
    "BLUETOOTH_ADMIN":0.17518873191856704,
    "CALL_PHONE":0.1739430308774331,
    "UNINSTALL_SHORTCUT":0.1658377632745748,
    "READ_CALENDAR":0.16051714187854507,
    "ACCESS_BACKGROUND_LOCATION":0.15965852308183134,
    "CHANGE_CONFIGURATION":0.1541736849760476,
    "WRITE_CALENDAR":0.15078847480211863,
    "KILL_BACKGROUND_PROCESSES":0.14679097089610696,
    "REQUEST_IGNORE_BATTERY_OPTIMIZATIONS":0.09970534830364126,
    "READ_CONTACTS":0.09691366423782322,
    "GET_ACCOUNTS":0.09670722037413244,
    "BLUETOOTH_CONNECT":0.09425569949280482,
    "READ_PRIVILEGED_PHONE_STATE":0.08990161073132728,
    "DISABLE_KEYGUARD":0.08957552326481574,
    "WRITE_SYNC_SETTINGS":0.08596510160322417,
    "AUTHENTICATE_ACCOUNTS":0.08469594103212538,
    "USE_CREDENTIALS":0.07751028700388948,
    "SET_WALLPAPER":0.0763208888346712,
    "BROADCAST_STICKY":0.07231165516367705,
    "EXPAND_STATUS_BAR":0.05815852073587846,
    "ACTIVITY_RECOGNITION":0.0522889463386711,
    "READ_PHONE_NUMBERS":0.0467853406089155,
    "PACKAGE_USAGE_STATS":0.04166647117058357,
    "MANAGE_ACCOUNTS":0.04048176490735827,
    "INTERACT_ACROSS_USERS_FULL":0.03891466830570578,
    "INTERACT_ACROSS_USERS":0.03341106257595018,
    "USE_FINGERPRINT":0.029186001229279335,
    "USE_BIOMETRIC":0.029186001229279335,
    "ACCESS_NOTIFICATION_POLICY":0.028963135694613184,
    "BLUETOOTH_PRIVILEGED":0.02567645554653664,
    "OBSERVE_GRANT_REVOKE_PERMISSIONS":0.022631408557098123,
    "READ_SMS":0.02050832109527851,
    "READ_SYNC_SETTINGS":0.02050832109527851,
    "READ_SYNC_STATS":0.02050832109527851,
    "MANAGE_EXTERNAL_STORAGE":0.01956055608469826,
    "READ_CALL_LOG":0.01945733415285289,
    "READ_HISTORY_BOOKMARKS":0.01945733415285289,
    "NFC":0.01945733415285289,
    "DEVICE_POWER":0.01945733415285289,
    "READ_MEDIA_AUDIO":0.01945733415285289,
    "READ_MEDIA_VIDEO":0.01945733415285289,
    "RECEIVE_SMS":0.019443258434873975,
    "PROCESS_OUTGOING_CALLS":0.019443258434873975,
    "BODY_SENSORS":0.019443258434873975,
    "SCHEDULE_EXACT_ALARM":0.018188173581754095,
    "READ_CLIPBOARD_IN_BACKGROUND":0.01594778847011019,
    "WRITE_APN_SETTINGS":0.01540118142192901,
    "SET_WALLPAPER_HINTS":0.013749630512403035,
    "WRITE_CONTACTS":0.012700989522973901,
    "SEND_SMS":0.009728667076426445,
    "ANSWER_PHONE_CALLS":0.009728667076426445,
    "SET_ALARM":0.009728667076426445,
    "CHANGE_WIFI_MULTICAST_STATE":0.009728667076426445,
    "GET_PACKAGE_SIZE":0.009728667076426445,
    "BIND_JOB_SERVICE":0.009728667076426445,
    "CAPTURE_VIDEO_OUTPUT":0.009728667076426445,
    "BROADCAST_CLOSE_SYSTEM_DIALOGS":0.009728667076426445,
    "BIND_NOTIFICATION_LISTENER_SERVICE":0.009728667076426445,
    "WRITE_MEDIA_STORAGE":0.008550998672190594,
    "CLEAR_APP_CACHE":0.008459506505327648,
    "INSTALL_PACKAGES":0.0081545326157845,
    "ACCESS_MEDIA_LOCATION":0.005320621396029702,
    "BLUETOOTH_SCAN":0.005320621396029702,
    "REQUEST_DELETE_PACKAGES":0.003842671008243674,
    "ACCESS_CACHE_FILESYSTEM":0.0015530208836735727
}