{
    "INTERNET":0.9925745754496718,
    "ACCESS_NETWORK_STATE":0.9922034061917314,
    "WRITE_EXTERNAL_STORAGE":0.9845560278635301,
    "ACCESS_WIFI_STATE":0.9797423840622952,
    "READ_EXTERNAL_STORAGE":0.9631808253689499,
    "CAMERA":0.9227471691546261,
    "VIBRATE":0.8894993089861943,
    "READ_PHONE_STATE":0.8864878074977797,
    "WAKE_LOCK":0.8564717031026883,
    "REQUEST_INSTALL_PACKAGES":0.8551501773930982,
    "CHANGE_WIFI_STATE":0.8367130582919505,
    "ACCESS_COARSE_LOCATION":0.7729817331701114,
    "ACCESS_FINE_LOCATION":0.7516262447936213,
    "GET_TASKS":0.7455267646345225,
    "RECORD_AUDIO":0.7113360257833624,
    "CHANGE_NETWORK_STATE":0.709488676958362,
    "WRITE_SETTINGS":0.6809637076681951,
    "MOUNT_UNMOUNT_FILESYSTEMS":0.6547034826689246,
    "SYSTEM_ALERT_WINDOW":0.6410674311212633,
    "RECEIVE_BOOT_COMPLETED":0.5673886339271887,
    "BLUETOOTH":0.5480157740136733,
    "FOREGROUND_SERVICE":0.5388616252454996,
    "MODIFY_AUDIO_SETTINGS":0.5379146677797302,
    "FLASHLIGHT":0.48155744252145566,
    "ACCESS_LOCATION_EXTRA_COMMANDS":0.46693330577889364,
    "CALL_PHONE":0.45371227040700673,
    "READ_LOGS":0.4051992247593051,
    "BLUETOOTH_ADMIN":0.38206572686973594,
    "READ_CONTACTS":0.2938950134837795,
    "C2D_MESSAGE":0.2883618043720491,
    "REORDER_TASKS":0.264417648350438,
    "ACCESS_BACKGROUND_LOCATION":0.21847049714247066,
    "RESTART_PACKAGES":0.21707487354072902,
    "QUERY_ALL_PACKAGES":0.21700655392456844,
    "GET_ACCOUNTS":0.2100940363433153,
    "BROADCAST_STICKY":0.19338190257554605,
    "DISABLE_KEYGUARD":0.18059015912012386,
    "KILL_BACKGROUND_PROCESSES":0.17893281360573135,
    "CHANGE_CONFIGURATION":0.17016003105313385,
    "INSTALL_SHORTCUT":0.1529934528734003,
    "WRITE_CONTACTS":0.14852616573319155,
    "MANAGE_ACCOUNTS":0.13747640254053758,
    "USE_FINGERPRINT":0.12682737978296724,
    "NFC":0.11379464822875401,
    "READ_CALENDAR":0.10739163863069773,
    "WRITE_CALENDAR":0.10412351370844956,
    "USE_CREDENTIALS":0.09852096528479722,
    "REQUEST_IGNORE_BATTERY_OPTIMIZATIONS":0.08966592727393824,
    "CHANGE_WIFI_MULTICAST_STATE":0.08563337042759885,
    "AUTHENTICATE_ACCOUNTS":0.08204336154264993,
    "UNINSTALL_SHORTCUT":0.08007976740059791,
    "EXPAND_STATUS_BAR":0.07435825447119576,
    "SEND_SMS":0.06871287882547342,
    "READ_PRIVILEGED_PHONE_STATE":0.06810072146874256,
    "INTERACT_ACROSS_USERS_FULL":0.0656558309262846,
    "INSTALL_PACKAGES":0.061373448617870384,
    "READ_SMS":0.05634057022746697,
    "MANAGE_EXTERNAL_STORAGE":0.05508260555380697,
    "WRITE_SYNC_SETTINGS":0.05466656968226961,
    "PROCESS_OUTGOING_CALLS":0.051207761652233535,
    "ACCESS_NOTIFICATION_POLICY":0.050159174508693616,
    "RECEIVE_SMS":0.0466538003721211,
    "USE_BIOMETRIC":0.039644411693327206,
    "BLUETOOTH_CONNECT":0.03737932750384595,
    "READ_PHONE_NUMBERS":0.037173348959604405,
    "READ_MEDIA_VIDEO":0.03696091234219359,
    "READ_MEDIA_AUDIO":0.036895651813324985,
    "READ_SYNC_SETTINGS":0.03670734799565204,
    "BATTERY_STATS":0.03662985111762059,
    "SCHEDULE_EXACT_ALARM":0.03530016784192269,
    "DEVICE_POWER":0.03353745376529458,
    "WRITE_MEDIA_STORAGE":0.03335152923773663,
    "PACKAGE_USAGE_STATS":0.03231925722641396,
    "SET_DEBUG_APP":0.03228866635350678,
    "READ_PROFILE":0.03153511118422704,
    "ACCESS_MOCK_LOCATION":0.03134272858349983,
    "USE_FULL_SCREEN_INTENT":0.03098889415354042,
    "CAPTURE_VIDEO_OUTPUT":0.02844611281777969,
    "ACTIVITY_RECOGNITION":0.027041651852753187,
    "WRITE_SMS":0.026786048114684467,
    "READ_HISTORY_BOOKMARKS":0.026553217582002204,
    "ACCESS_MEDIA_LOCATION":0.026444110135300014,
    "SET_WALLPAPER":0.026360834981274957,
    "GET_PACKAGE_SIZE":0.024495131632526083,
    "INTERACT_ACROSS_USERS":0.023577065546723456,
    "READ_CALL_LOG":0.02170456422621743,
    "BLUETOOTH_PRIVILEGED":0.020422126854231754,
    "WRITE_APN_SETTINGS":0.020105341370348716,
    "READ_SYNC_STATS":0.01639126950083172,
    "OVERRIDE_WIFI_CONFIG":0.01574206319802422,
    "SET_ALARM":0.015616640619104862,
    "CLEAR_APP_CACHE":0.015461986761629775,
    "GET_TOP_ACTIVITY_INFO":0.014909651556361623,
    "WRITE_SECURE_SETTINGS":0.013596623311468775,
    "BODY_SENSORS":0.012395761600568838,
    "RECEIVE_MMS":0.011400198636734735,
    "REAL_GET_TASKS":0.009648021416330217,
    "DELETE_PACKAGES":0.008287747267725196,
    "WRITE_HISTORY_BOOKMARKS":0.008233363493668025,
    "UPDATE_DEVICE_STATS":0.008036222312710773,
    "BIND_NOTIFICATION_LISTENER_SERVICE":0.00792235628577857,
    "ACCOUNT_MANAGER":0.007778919081702778,
    "WRITE_CALL_LOG":0.0076956439276777335,
    "MODIFY_PHONE_STATE":0.007251396473348208,
    "READ_USER_DICTIONARY":0.007244598501591059,
    "RECEIVE_WAP_PUSH":0.007064112351438819,
    "CAPTURE_AUDIO_OUTPUT":0.006892803463158729,
    "CHANGE_COMPONENT_ENABLED_STATE":0.006842498472155841,
    "SIGNAL_PERSISTENT_PROCESSES":0.006669829989524321,
    "MANAGE_DOCUMENTS":0.006523333698157817,
    "MANAGE_FINGERPRINT":0.006196351256639066,
    "ADD_VOICEMAIL":0.0060444165878668415,
    "SET_WALLPAPER_HINTS":0.005939048025631072,
    "UPDATE_APP_OPS_STATS":0.005584533798495879,
    "SET_TIME_ZONE":0.005563460086048724,
    "CLEAR_APP_USER_DATA":0.005419682983385076,
    "WRITE_PROFILE":0.005359860831922185,
    "READ_SOCIAL_STREAM":0.005344905294056463,
    "SUBSCRIBED_FEEDS_READ":0.0053095558409193,
    "SUBSCRIBED_FEEDS_WRITE":0.0053095558409193,
    "MEDIA_CONTENT_CONTROL":0.005242595819111407,
    "MOUNT_FORMAT_FILESYSTEMS":0.0051188727331313395,
    "USE_SIP":0.004894879563733363,
    "REQUEST_DELETE_PACKAGES":0.0047687771876382965,
    "READ_FRAME_BUFFER":0.004361578679385216,
    "CAPTURE_SECURE_VIDEO_OUTPUT":0.004351381721749497,
    "WRITE_USER_DICTIONARY":0.0041331668283450945,
    "TRANSMIT_IR":0.0038598883637078027,
    "PERSISTENT_ACTIVITY":0.0038027854009477727,
    "BLUETOOTH_SCAN":0.0037120324779898674,
    "WRITE_SOCIAL_STREAM":0.003702175418942003,
    "ACCESS_CACHE_FILESYSTEM":0.0036749835319134167,
    "READ_CELL_BROADCASTS":0.0036613875883991236,
    "READ_INSTALL_SESSIONS":0.0036613875883991236,
    "BIND_APPWIDGET":0.003651870427939118,
    "CONTROL_LOCATION_UPDATES":0.00362229925079553,
    "BACKUP":0.0034017050672761244,
    "LOCATION_HARDWARE":0.003368395005666108,
    "HARDWARE_TEST":0.0033235283920689403,
    "READ_PRECISE_PHONE_STATE":0.0030254373305180645,
    "READ_DREAM_STATE":0.002984649499975185,
    "WRITE_DREAM_STATE":0.002984649499975185,
    "SET_ALWAYS_FINISH":0.0028718031688065525,
    "INSTANT_APP_FOREGROUND_SERVICE":0.0028391729043722494,
    "ACCESS_CHECKIN_PROPERTIES":0.0027188488042707557,
    "INJECT_EVENTS":0.0024581465873841856,
    "SET_PROCESS_LIMIT":0.002389826971224864,
    "STATUS_BAR":0.0023045124256726775,
    "INSTALL_LOCATION_PROVIDER":0.002267123581008369,
    "GET_ACCOUNTS_PRIVILEGED":0.0021875873114497544,
    "BIND_REMOTEVIEWS":0.0021318439430411526,
    "INTENT_FILTER_VERIFICATION_AGENT":0.00201389913305466,
    "STATUS_BAR_SERVICE":0.001956456271706773,
    "ANSWER_PHONE_CALLS":0.0019251856016238985,
    "READ_VOICEMAIL":0.0016576854129801818,
    "SET_ANIMATION_SCALE":0.0016250551485458785,
    "SET_TIME":0.0016033016389230097,
    "ACCESS_CONTENT_PROVIDERS_EXTERNALLY":0.0015754299547187088,
    "BIND_JOB_SERVICE":0.001359254452841449,
    "MANAGE_USERS":0.0013558554669628757,
    "CALL_PRIVILEGED":0.0013296832756978616,
    "SET_PREFERRED_APPLICATIONS":0.0013024913886692756,
    "BIND_PRINT_SERVICE":0.0013024913886692756,
    "FORCE_STOP_PACKAGES":0.0011182663540506047,
    "STOP_APP_SWITCHES":0.0010516462308305685,
    "GET_INTENT_SENDER_INTENT":0.0009887649920769632,
    "BROADCAST_CLOSE_SYSTEM_DIALOGS":0.0008205151910875865,
    "START_FOREGROUND_SERVICES_FROM_BACKGROUND":0.0007878849266532832,
    "LOCAL_MAC_ADDRESS":0.000740978921528972,
    "ACCEPT_HANDOVER":0.0006424083310503473,
    "BIND_CALL_REDIRECTION_SERVICE":0.0006424083310503473,