{
    "INTERNET":1.0,
    "ACCESS_NETWORK_STATE":0.9864356084592577,
    "WRITE_EXTERNAL_STORAGE":0.9749682343251397,
    "ACCESS_WIFI_STATE":0.9749682343251397,
    "READ_EXTERNAL_STORAGE":0.9444248998743169,
    "READ_PHONE_STATE":0.8953505537091684,
    "VIBRATE":0.8824359616411368,
    "WAKE_LOCK":0.8798409026004396,
    "ACCESS_COARSE_LOCATION":0.8509130993227461,
    "CHANGE_WIFI_STATE":0.8404707804077871,
    "REQUEST_INSTALL_PACKAGES":0.8305416789107651,
    "ACCESS_FINE_LOCATION":0.8291386087117276,
    "CAMERA":0.8252577468927582,
    "GET_TASKS":0.7673331595016271,
    "CHANGE_NETWORK_STATE":0.7648650251986991,
    "SYSTEM_ALERT_WINDOW":0.6868573572889982,
    "WRITE_SETTINGS":0.6550020073423202,
    "RECORD_AUDIO":0.6151103900314415,
    "BLUETOOTH":0.594195400633796,
    "ACCESS_LOCATION_EXTRA_COMMANDS":0.5646205571168219,
    "MOUNT_UNMOUNT_FILESYSTEMS":0.5596594554100982,
    "MODIFY_AUDIO_SETTINGS":0.5482610621117244,
    "READ_LOGS":0.4986045176928949,
    "FOREGROUND_SERVICE":0.4775791589580587,
    "RECEIVE_BOOT_COMPLETED":0.4693055975188977,
    "FLASHLIGHT":0.4298623556403566,
    "CALL_PHONE":0.3926899628745146,
    "BLUETOOTH_ADMIN":0.391171004871427,
    "READ_CONTACTS":0.38367830649289036,
    "REORDER_TASKS":0.3812060333398179,
    "C2D_MESSAGE":0.3162398822359176,
    "ACCESS_BACKGROUND_LOCATION":0.29147576220374477,
    "QUERY_ALL_PACKAGES":0.2647415495027174,
    "DISABLE_KEYGUARD":0.24809923307106838,
    "GET_ACCOUNTS":0.22600605099891163,
    "CHANGE_CONFIGURATION":0.22007507874162413,
    "BROADCAST_STICKY":0.1939285827611374,
    "RESTART_PACKAGES":0.17848653287143776,
    "KILL_BACKGROUND_PROCESSES":0.17816508217686974,
    "CHANGE_WIFI_MULTICAST_STATE":0.16128271243683093,
    "NFC":0.14318765960440877,
    "INSTALL_SHORTCUT":0.10976506506962243,
    "SEND_SMS":0.10856065967752845,
    "READ_PRIVILEGED_PHONE_STATE":0.10286974072863085,
    "WRITE_CONTACTS":0.09943311549185412,
    "REQUEST_IGNORE_BATTERY_OPTIMIZATIONS":0.09860120661277892,
    "MANAGE_ACCOUNTS":0.08872728978435217,
    "INSTALL_PACKAGES":0.07464002350866887,
    "PROCESS_OUTGOING_CALLS":0.0744344606181511,
    "READ_SMS":0.07278719826057928,
    "UNINSTALL_SHORTCUT":0.06356170128814816,
    "OVERRIDE_WIFI_CONFIG":0.06067002465375072,
    "TRANSMIT_IR":0.05875925550363601,
    "USE_FINGERPRINT":0.05756726666197601,
    "AUTHENTICATE_ACCOUNTS":0.053627081324266516,
    "READ_CALENDAR":0.05287381059793971,
    "WRITE_CALENDAR":0.05287381059793971,
    "RECEIVE_SMS":0.05070091427199698,
    "SET_WALLPAPER":0.043852496899311456,
    "BLUETOOTH_CONNECT":0.04324960439490703,
    "WRITE_SYNC_SETTINGS":0.04088494134559539,
    "EXPAND_STATUS_BAR":0.04054003716687432,
    "BATTERY_STATS":0.040417251279249625,
    "SCHEDULE_EXACT_ALARM":0.04001716243193318,
    "USE_FULL_SCREEN_INTENT":0.038452677077254416,
    "READ_PROFILE":0.03715721698197808,
    "READ_MEDIA_AUDIO":0.03689508980615007,
    "READ_MEDIA_VIDEO":0.03689508980615007,
    "WRITE_APN_SETTINGS":0.036779202002099796,
    "USE_CREDENTIALS":0.03151044576795676,
    "READ_PHONE_NUMBERS":0.02956794543339971,
    "DEVICE_POWER":0.028501501712794166,
    "ACCESS_MOCK_LOCATION":0.025920238839245695,
    "CAPTURE_AUDIO_OUTPUT":0.02576710138389354,
    "BLUETOOTH_PRIVILEGED":0.025296652084118004,
    "MANAGE_EXTERNAL_STORAGE":0.02488828553651226,
    "ACCESS_NOTIFICATION_POLICY":0.02275125924515652,
    "GET_PACKAGE_SIZE":0.02081013852731435,
    "MOUNT_FORMAT_FILESYSTEMS":0.020572844452354255,
    "PACKAGE_USAGE_STATS":0.020147922504169902,
    "WRITE_MEDIA_STORAGE":0.018482725129304586,
    "USE_BIOMETRIC":0.018233014503910534,
    "WRITE_SMS":0.017086553013841703,
    "SET_DEBUG_APP":0.015522067659162938,
    "INTERACT_ACROSS_USERS_FULL":0.013549215756878431,
    "UPDATE_DEVICE_STATS":0.01303185948879683,
    "REQUEST_COMPANION_RUN_IN_BACKGROUND":0.012511743987285459,
    "REQUEST_COMPANION_USE_DATA_IN_BACKGROUND":0.012511743987285459,
    "LOCATION_HARDWARE":0.012135108624122053,
    "CONTROL_LOCATION_UPDATES":0.012135108624122053,
    "ACCESS_CHECKIN_PROPERTIES":0.012090960889245755,
    "ANSWER_PHONE_CALLS":0.011482549917981793,
    "INSTANT_APP_FOREGROUND_SERVICE":0.011482549917981793,
    "ACCESS_MEDIA_LOCATION":0.011467374134118066,
    "READ_HISTORY_BOOKMARKS":0.010791361943824773,
    "READ_USER_DICTIONARY":0.010256070658449676,
    "REAL_GET_TASKS":0.009290338958030685,
    "SET_ALARM":0.008095590882940906,
    "INJECT_EVENTS":0.008095590882940906,
    "LOCAL_MAC_ADDRESS":0.007819667539964052,
    "GET_TOP_ACTIVITY_INFO":0.007332662839609903,
    "CAPTURE_VIDEO_OUTPUT":0.007063637580207471,
    "CAPTURE_SECURE_VIDEO_OUTPUT":0.007063637580207471,
    "READ_CALL_LOG":0.0065642163294193645,
    "WRITE_SECURE_SETTINGS":0.0058523341045390795,
    "BLUETOOTH_SCAN":0.005733687067059033,
    "BLUETOOTH_ADVERTISE":0.005733687067059033,
    "HARDWARE_TEST":0.005733687067059033,
    "MANAGE_DOCUMENTS":0.005733687067059033,
    "INTERACT_ACROSS_USERS":0.005733687067059033,
    "BIND_ACCESSIBILITY_SERVICE":0.005733687067059033,
    "ACCESS_SURFACE_FLINGER":0.005733687067059033,
    "CALL_PRIVILEGED":0.005733687067059033,
    "BIND_NOTIFICATION_LISTENER_SERVICE":0.005733687067059033,
    "MEDIA_CONTENT_CONTROL":0.005652289680880861,
    "WRITE_PROFILE":0.004522383591390642,
    "WRITE_USER_DICTIONARY":0.004522383591390642,
    "WRITE_HISTORY_BOOKMARKS":0.004522383591390642,
    "MANAGE_FINGERPRINT":0.004497550490522725,
    "RESET_FINGERPRINT_LOCKOUT":0.004497550490522725,
    "ACTIVITY_RECOGNITION":0.004400977320480826,
    "GLOBAL_SEARCH":0.004400977320480826,
    "BODY_SENSORS":0.0032848673981394506,
    "STATUS_BAR":0.0013299505131484377,
    "STATUS_BAR_SERVICE":0.0013299505131484377,
    "CHANGE_COMPONENT_ENABLED_STATE":0.0013299505131484377,
    "READ_SYNC_SETTINGS":0.0011547391903581352
}