{
    "INTERNET":1.0,
    "ACCESS_NETWORK_STATE":0.9909564328847286,
    "WRITE_EXTERNAL_STORAGE":0.9820082771978996,
    "ACCESS_WIFI_STATE":0.9819333843562191,
    "READ_EXTERNAL_STORAGE":0.9699341148179078,
    "READ_PHONE_STATE":0.912768306170144,
    "REQUEST_INSTALL_PACKAGES":0.9084953104769953,
    "WAKE_LOCK":0.8702240424488523,
    "CAMERA":0.7753707195663191,
    "CHANGE_NETWORK_STATE":0.7658644583195685,
    "VIBRATE":0.7402931695676525,
    "ACCESS_COARSE_LOCATION":0.722128064707415,
    "ACCESS_FINE_LOCATION":0.6785127307571562,
    "CHANGE_WIFI_STATE":0.6406723530510108,
    "GET_TASKS":0.6062585793340896,
    "RECORD_AUDIO":0.5781358043183413,
    "WRITE_SETTINGS":0.5385328800093561,
    "MOUNT_UNMOUNT_FILESYSTEMS":0.5337900086793618,
    "QUERY_ALL_PACKAGES":0.48557543350644167,
    "FOREGROUND_SERVICE":0.4813270601174072,
    "SYSTEM_ALERT_WINDOW":0.4543276777268686,
    "MODIFY_AUDIO_SETTINGS":0.37005579003740524,
    "ACCESS_LOCATION_EXTRA_COMMANDS":0.3700044935705008,
    "REORDER_TASKS":0.34460145723003177,
    "BLUETOOTH":0.32545966763993156,
    "RECEIVE_BOOT_COMPLETED":0.31730250347277084,
    "READ_LOGS":0.31609293278316164,
    "ACCESS_BACKGROUND_LOCATION":0.2775303008230005,
    "FLASHLIGHT":0.26497292572476777,
    "BLUETOOTH_ADMIN":0.19148868502533026,
    "DISABLE_KEYGUARD":0.13396174925055868,
    "READ_MEDIA_VIDEO":0.12388301943315355,
    "READ_MEDIA_AUDIO":0.11962336082140008,
    "CALL_PHONE":0.10984317644137949,
    "MANAGE_EXTERNAL_STORAGE":0.10591386707649127,
    "KILL_BACKGROUND_PROCESSES":0.10502028262301412,
    "READ_CONTACTS":0.09260961542012836,
    "C2D_MESSAGE":0.09006941437901525,
    "REQUEST_IGNORE_BATTERY_OPTIMIZATIONS":0.08898090335130081,
    "EXPAND_STATUS_BAR":0.08602007128157041,
    "GET_ACCOUNTS":0.08281199024136016,
    "BROADCAST_STICKY":0.07180479437298276,
    "RESTART_PACKAGES":0.06582773004926513,
    "READ_PRIVILEGED_PHONE_STATE":0.0651557463328156,
    "CHANGE_CONFIGURATION":0.06304951340171495,
    "INSTALL_SHORTCUT":0.06051957165398277,
    "PACKAGE_USAGE_STATS":0.054320906593237496,
    "READ_CALENDAR":0.0526158120333304,
    "WRITE_CALENDAR":0.0526158120333304,
    "WRITE_CONTACTS":0.0493318122221014,
    "CHANGE_WIFI_MULTICAST_STATE":0.04644279520603739,
    "SET_WALLPAPER":0.0445684223053453,
    "READ_PROFILE":0.03849594655318521,
    "READ_PHONE_NUMBERS":0.03711196787610057,
    "NFC":0.036410232208846385,
    "MANAGE_ACCOUNTS":0.035123716818880386,
    "SEND_SMS":0.03324318834215975,
    "LOCAL_MAC_ADDRESS":0.032311644503173205,
    "BATTERY_STATS":0.03199771012571739,
    "ACCESS_NOTIFICATION_POLICY":0.029994070128425837,
    "RECEIVE_SMS":0.028872729361892478,
    "BLUETOOTH_CONNECT":0.028770136428083383,
    "REQUEST_DELETE_PACKAGES":0.028671647211626655,
    "WRITE_APN_SETTINGS":0.025951908536347653,
    "USE_CREDENTIALS":0.02585752303724329,
    "DEVICE_POWER":0.025721074435277203,
    "READ_CALL_LOG":0.025655414957639382,
    "UNINSTALL_SHORTCUT":0.02531070270004084,
    "READ_SMS":0.023323477572158743,
    "STATUS_BAR":0.02029801195412865,
    "ACTIVITY_RECOGNITION":0.020214911677743287,
    "USE_FULL_SCREEN_INTENT":0.019724517454135834,
    "INSTALL_PACKAGES":0.018779636533754102,
    "WRITE_SMS":0.01774652569029656,
    "WRITE_USER_DICTIONARY":0.01760392151230192,
    "INTERACT_ACROSS_USERS_FULL":0.017220223939855922,
    "WRITE_HISTORY_BOOKMARKS":0.017180212695670376,
    "GET_PACKAGE_SIZE":0.016840630084762283,
    "SET_ALARM":0.016389221176002285,
    "USE_FINGERPRINT":0.01584650455615219,
    "ACCESS_CACHE_FILESYSTEM":0.015702874448819466,
    "SET_DEBUG_APP":0.014486122253843648,
    "ANSWER_PHONE_CALLS":0.014068569013240648,
    "BODY_SENSORS":0.013559708061547554,
    "AUTHENTICATE_ACCOUNTS":0.013510463453319192,
    "PROCESS_OUTGOING_CALLS":0.012904139214507464,
    "WRITE_SYNC_SETTINGS":0.0128436093835601,
    "READ_SYNC_STATS":0.0128436093835601,
    "REAL_GET_TASKS":0.012758457248498554,
    "READ_SYNC_SETTINGS":0.012300892763710007,
    "WRITE_MEDIA_STORAGE":0.011586845944398735,
    "ACCESS_MEDIA_LOCATION":0.010146441153719097,
    "INJECT_EVENTS":0.009333905117951099,
    "MODIFY_PHONE_STATE":0.00904356711527137,
    "BIND_ACCESSIBILITY_SERVICE":0.007437987701159096,
    "RECEIVE_WAP_PUSH":0.007327187332645277,
    "RECEIVE_MMS":0.007327187332645277,
    "READ_CELL_BROADCASTS":0.007327187332645277,
    "WRITE_CALL_LOG":0.007327187332645277,
    "ADD_VOICEMAIL":0.007327187332645277,
    "USE_SIP":0.007327187332645277,
    "WRITE_PROFILE":0.007327187332645277,
    "READ_SOCIAL_STREAM":0.007327187332645277,
    "WRITE_SOCIAL_STREAM":0.007327187332645277,
    "READ_USER_DICTIONARY":0.007327187332645277,
    "READ_HISTORY_BOOKMARKS":0.007327187332645277,
    "SUBSCRIBED_FEEDS_READ":0.007327187332645277,
    "SUBSCRIBED_FEEDS_WRITE":0.007327187332645277,
    "ACCOUNT_MANAGER":0.007327187332645277,
    "TRANSMIT_IR":0.007327187332645277,
    "SET_WALLPAPER_HINTS":0.007327187332645277,
    "PERSISTENT_ACTIVITY":0.007327187332645277,
    "CLEAR_APP_USER_DATA":0.007327187332645277,
    "DELETE_PACKAGES":0.007327187332645277,
    "BIND_APPWIDGET":0.007327187332645277,
    "READ_INSTALL_SESSIONS":0.007327187332645277,
    "INTERACT_ACROSS_USERS":0.007271787148388369,
    "WRITE_SECURE_SETTINGS":0.004926512681512549,
    "GET_TOP_ACTIVITY_INFO":0.004259658611753457,
    "CAPTURE_AUDIO_OUTPUT":0.0020190289373629104,
    "MANAGE_DOCUMENTS":0.0019000211341443649,
    "SCHEDULE_EXACT_ALARM":0.0017687021788687285,
    "READ_FRAME_BUFFER":0.0013172932701087281,
    "INTERACT_ACROSS_PROFILES":0.001092614745066819
}