{
    "INTERNET":1.0,
    "ACCESS_NETWORK_STATE":0.9987277651503624,
    "ACCESS_WIFI_STATE":0.9987277651503624,
    "WRITE_EXTERNAL_STORAGE":0.982586651248476,
    "REQUEST_INSTALL_PACKAGES":0.9260008754661159,
    "READ_EXTERNAL_STORAGE":0.9166399423222327,
    "WAKE_LOCK":0.895660356600289,
    "VIBRATE":0.8560537077394484,
    "READ_PHONE_STATE":0.8351443465722228,
    "CHANGE_NETWORK_STATE":0.8036685307384585,
    "CHANGE_WIFI_STATE":0.778583149384014,
    "FOREGROUND_SERVICE":0.7737833010690521,
    "CAMERA":0.7479465169791273,
    "GET_TASKS":0.6891205779012695,
    "SYSTEM_ALERT_WINDOW":0.6569436869295721,
    "WRITE_SETTINGS":0.6258365500080764,
    "RECORD_AUDIO":0.6039019103419707,
    "QUERY_ALL_PACKAGES":0.5912252078061621,
    "ACCESS_COARSE_LOCATION":0.5899436096825617,
    "REORDER_TASKS":0.548099138344714,
    "MOUNT_UNMOUNT_FILESYSTEMS":0.5400209737336759,
    "ACCESS_FINE_LOCATION":0.5089419266340669,
    "BLUETOOTH":0.5087967958876506,
    "MODIFY_AUDIO_SETTINGS":0.505474004040253,
    "RECEIVE_BOOT_COMPLETED":0.4489654752680822,
    "C2D_MESSAGE":0.36138375144252965,
    "READ_LOGS":0.34832900672049005,
    "CHANGE_WIFI_MULTICAST_STATE":0.31489977785632534,
    "INSTALL_SHORTCUT":0.3147452838359462,
    "FLASHLIGHT":0.30149391036069684,
    "DISABLE_KEYGUARD":0.24011413830960143,
    "READ_CALENDAR":0.2271190844590721,
    "WRITE_CALENDAR":0.2252312143464085,
    "BLUETOOTH_ADMIN":0.21993043087445963,
    "UNINSTALL_SHORTCUT":0.2190011259336941,
    "ACCESS_LOCATION_EXTRA_COMMANDS":0.1982766894272253,
    "BROADCAST_STICKY":0.1979723830234481,
    "KILL_BACKGROUND_PROCESSES":0.19722215069721286,
    "EXPAND_STATUS_BAR":0.17585047787809496,
    "CHANGE_CONFIGURATION":0.1609464865484867,
    "RESTART_PACKAGES":0.14279695038167053,
    "GET_ACCOUNTS":0.13943085339219718,
    "READ_CONTACTS":0.13273026046287356,
    "CALL_PHONE":0.1311806386221007,
    "READ_PRIVILEGED_PHONE_STATE":0.12452101001636239,
    "MANAGE_ACCOUNTS":0.11226214358112462,
    "AUTHENTICATE_ACCOUNTS":0.11148031020526646,
    "REQUEST_IGNORE_BATTERY_OPTIMIZATIONS":0.0943045545305372,
    "ACCESS_BACKGROUND_LOCATION":0.09177061851446984,
    "PACKAGE_USAGE_STATS":0.08712760503837777,
    "USE_FINGERPRINT":0.07905295165507577,
    "USE_FULL_SCREEN_INTENT":0.07823132436487748,
    "NFC":0.07415947060049023,
    "INSTALL_PACKAGES":0.07311780637217616,
    "WRITE_SYNC_SETTINGS":0.07200591758914428,
    "SET_WALLPAPER":0.06649094922530616,
    "USE_CREDENTIALS":0.06169578254732555,
    "WRITE_APN_SETTINGS":0.060957254313543305,
    "BATTERY_STATS":0.05884700644427333,
    "INTERACT_ACROSS_USERS_FULL":0.04955980908284395,
    "READ_MEDIA_AUDIO":0.04828406300547052,
    "READ_MEDIA_VIDEO":0.04828406300547052,
    "ACCESS_NOTIFICATION_POLICY":0.04721313854602402,
    "MANAGE_EXTERNAL_STORAGE":0.04535803989222875,
    "BLUETOOTH_CONNECT":0.045201205053358985,
    "WRITE_CONTACTS":0.04361178929824605,
    "WRITE_MEDIA_STORAGE":0.04229624930653255,
    "SCHEDULE_EXACT_ALARM":0.03893366354479509,
    "READ_SYNC_SETTINGS":0.03435619298643966,
    "MOUNT_FORMAT_FILESYSTEMS":0.03425319697285355,
    "READ_PHONE_NUMBERS":0.0340214559422848,
    "OVERRIDE_WIFI_CONFIG":0.03220029915660312,
    "INTERACT_ACROSS_USERS":0.030486820021488732,
    "RECEIVE_SMS":0.029504846664684795,
    "SEND_SMS":0.028630550958448152,
    "CAPTURE_VIDEO_OUTPUT":0.02725297927673392,
    "REQUEST_DELETE_PACKAGES":0.02489928628444223,
    "LOCAL_MAC_ADDRESS":0.02484661786840388,
    "READ_SMS":0.02464530747821285,
    "READ_SYNC_STATS":0.023584916701974025,
    "GET_PACKAGE_SIZE":0.02137401363760854,
    "READ_PROFILE":0.02098894899590592,
    "REAL_GET_TASKS":0.02071507323250649,
    "HARDWARE_TEST":0.01778670930077412,
    "WRITE_SMS":0.017721166383037504,
    "MANAGE_DOCUMENTS":0.015918736145280568,
    "DEVICE_POWER":0.015835637088864502,
    "CAPTURE_AUDIO_OUTPUT":0.01581105849471327,
    "SET_DEBUG_APP":0.014796313679041023,
    "UPDATE_DEVICE_STATS":0.01439486330790425,
    "USE_BIOMETRIC":0.012835878193169031,
    "READ_HISTORY_BOOKMARKS":0.011828155832968562,
    "LOCATION_HARDWARE":0.011479373877870144,
    "RECEIVE_MMS":0.011467669785417176,
    "READ_PRECISE_PHONE_STATE":0.01142670546183179,
    "HIGH_SAMPLING_RATE_SENSORS":0.011282745124660295,
    "SET_WALLPAPER_HINTS":0.011244121619565504,
    "WRITE_SECURE_SETTINGS":0.011191453203527152,
    "HIDE_NON_SYSTEM_OVERLAY_WINDOWS":0.011191453203527152,
    "SET_ALARM":0.010909384575410646,
    "FORCE_STOP_PACKAGES":0.009535324121432306,
    "GET_TOP_ACTIVITY_INFO":0.009411260741430855,
    "BIND_JOB_SERVICE":0.008199887172548758,
    "STOP_APP_SWITCHES":0.007959953277262934,
    "PERSISTENT_ACTIVITY":0.007303353690651477,
    "READ_CALL_LOG":0.004859539186471945,
    "PROCESS_OUTGOING_CALLS":0.004859539186471945,
    "BIND_VPN_SERVICE":0.004859539186471945,
    "ACCESS_SURFACE_FLINGER":0.004859539186471945,
    "CAPTURE_SECURE_VIDEO_OUTPUT":0.004859539186471945,
    "BLUETOOTH_PRIVILEGED":0.004328173389107238,
    "GRANT_RUNTIME_PERMISSIONS":0.004103454814010269,
    "MEDIA_CONTENT_CONTROL":0.0026193758909740395,
    "READ_CLIPBOARD_IN_BACKGROUND":0.0019323456639848702,
    "ACCESS_MEDIA_LOCATION":0.0017474210032279896,
    "ACCESS_MOCK_LOCATION":0.0016256984417171317
}