{
    "WRITE_EXTERNAL_STORAGE":1.0,
    "INTERNET":1.0,
    "ACCESS_NETWORK_STATE":1.0,
    "READ_EXTERNAL_STORAGE":0.9892128727425998,
    "ACCESS_WIFI_STATE":0.9784257454851996,
    "READ_PHONE_STATE":0.9094984480170265,
    "REQUEST_INSTALL_PACKAGES":0.9093267281909316,
    "WAKE_LOCK":0.8988934478479084,
    "CAMERA":0.8950817880717165,
    "GET_TASKS":0.814594624128717,
    "CHANGE_WIFI_STATE":0.7962648336008865,
    "ACCESS_COARSE_LOCATION":0.7130405597025603,
    "FOREGROUND_SERVICE":0.6993341954015512,
    "CHANGE_NETWORK_STATE":0.6283306491269607,
    "VIBRATE":0.626335056602497,
    "RECEIVE_BOOT_COMPLETED":0.5850598547666561,
    "RECORD_AUDIO":0.5421351018740876,
    "WRITE_SETTINGS":0.5368508144983569,
    "ACCESS_FINE_LOCATION":0.5314780653940319,
    "MODIFY_AUDIO_SETTINGS":0.5027930489895849,
    "SYSTEM_ALERT_WINDOW":0.47538292220311323,
    "BLUETOOTH":0.4752294150858468,
    "MOUNT_UNMOUNT_FILESYSTEMS":0.4660319971275955,
    "READ_LOGS":0.4370920027995535,
    "CALL_PHONE":0.4300618971918604,
    "FLASHLIGHT":0.2958160204190484,
    "ACCESS_LOCATION_EXTRA_COMMANDS":0.288770303918074,
    "REORDER_TASKS":0.26230983980621675,
    "C2D_MESSAGE":0.2597886805412817,
    "QUERY_ALL_PACKAGES":0.23878682544679677,
    "BLUETOOTH_ADMIN":0.16549368149094437,
    "ACCESS_BACKGROUND_LOCATION":0.16124751851842214,
    "RESTART_PACKAGES":0.15889027363294103,
    "READ_MEDIA_AUDIO":0.15844796498996996,
    "READ_MEDIA_VIDEO":0.15844796498996996,
    "CHANGE_CONFIGURATION":0.12940389804005234,
    "GET_ACCOUNTS":0.12939349077786477,
    "BROADCAST_STICKY":0.12064618690922525,
    "CHANGE_WIFI_MULTICAST_STATE":0.12053691065625591,
    "NFC":0.09887419441286129,
    "KILL_BACKGROUND_PROCESSES":0.0902517776904724,
    "DISABLE_KEYGUARD":0.08652857964287479,
    "MANAGE_ACCOUNTS":0.08256081093386965,
    "READ_CONTACTS":0.07762256502587504,
    "INSTALL_SHORTCUT":0.07650118252516605,
    "PACKAGE_USAGE_STATS":0.06927073712036258,
    "REQUEST_IGNORE_BATTERY_OPTIMIZATIONS":0.06534199564456077,
    "USE_FINGERPRINT":0.06074198575766169,
    "READ_CALENDAR":0.05291572459262072,
    "WRITE_CALENDAR":0.05291572459262072,
    "USE_CREDENTIALS":0.04594025711141234,
    "EXPAND_STATUS_BAR":0.04474602377539046,
    "MANAGE_EXTERNAL_STORAGE":0.04314850902960085,
    "CAPTURE_AUDIO_OUTPUT":0.0431381017674133,
    "USE_FULL_SCREEN_INTENT":0.04197769203350098,
    "READ_PRIVILEGED_PHONE_STATE":0.040523277142790234,
    "SCHEDULE_EXACT_ALARM":0.03912350037856416,
    "ACCESS_NOTIFICATION_POLICY":0.03558763305034253,
    "REAL_GET_TASKS":0.03552779129276408,
    "WRITE_MEDIA_STORAGE":0.03546274590409187,
    "CAPTURE_VIDEO_OUTPUT":0.034154032684006894,
    "ACCESS_MEDIA_LOCATION":0.03415143086846001,
    "ACCESS_MOCK_LOCATION":0.03236138177220064,
    "UNINSTALL_SHORTCUT":0.03218966194610599,
    "BLUETOOTH_CONNECT":0.03184622229391669,
    "USE_BIOMETRIC":0.03119056477610076,
    "WRITE_APN_SETTINGS":0.031102103047506546,
    "PROCESS_OUTGOING_CALLS":0.029343275737809836,
    "UPDATE_DEVICE_STATS":0.02833637312116394,
    "INSTALL_PACKAGES":0.02833637312116394,
    "INTERACT_ACROSS_USERS_FULL":0.026130033537402394,
    "SET_DEBUG_APP":0.024366002596611914,
    "AUTHENTICATE_ACCOUNTS":0.023364303611059793,
    "READ_CALL_LOG":0.021574254514800426,
    "BLUETOOTH_PRIVILEGED":0.021574254514800426,
    "GET_PACKAGE_SIZE":0.021574254514800426,
    "MEDIA_CONTENT_CONTROL":0.019479792999555087,
    "BODY_SENSORS":0.018556148480409627,
    "READ_PHONE_NUMBERS":0.018363614129939868,
    "WRITE_SECURE_SETTINGS":0.017549245863763732,
    "SET_ORIENTATION":0.017549245863763732,
    "BATTERY_STATS":0.013552857183742814,
    "READ_PRECISE_PHONE_STATE":0.012577176353659581,
    "UPDATE_APP_OPS_STATS":0.012577176353659581,
    "READ_DREAM_STATE":0.012577176353659581,
    "WRITE_DREAM_STATE":0.012577176353659581,
    "WRITE_CONTACTS":0.010787127257400213,
    "RECEIVE_SMS":0.010787127257400213,
    "READ_SMS":0.010787127257400213,
    "ANSWER_PHONE_CALLS":0.010787127257400213,
    "ACTIVITY_RECOGNITION":0.010787127257400213,
    "READ_PROFILE":0.010787127257400213,
    "SET_ALARM":0.010787127257400213,
    "TETHER_PRIVILEGED":0.010787127257400213,
    "READ_SYNC_SETTINGS":0.010787127257400213,
    "CLEAR_APP_CACHE":0.010787127257400213,
    "INJECT_EVENTS":0.010787127257400213,
    "CALL_PRIVILEGED":0.010787127257400213,
    "BIND_NOTIFICATION_LISTENER_SERVICE":0.010787127257400213,
    "LOCAL_MAC_ADDRESS":0.010787127257400213,
    "MANAGE_OWN_CALLS":0.009616310261300333,
    "READ_HISTORY_BOOKMARKS":0.00702230016105238,
    "HARDWARE_TEST":0.00702230016105238,
    "SET_WALLPAPER":0.004810756946197056,
    "SEND_SMS":0.003824668853926269
}