{
    "INTERNET":1.0,
    "ACCESS_NETWORK_STATE":1.0,
    "ACCESS_WIFI_STATE":0.9941852270426664,
    "WRITE_EXTERNAL_STORAGE":0.9893699082296078,
    "READ_EXTERNAL_STORAGE":0.9581177459490071,
    "REQUEST_INSTALL_PACKAGES":0.8918744378070437,
    "READ_PHONE_STATE":0.8799758080843026,
    "ACCESS_COARSE_LOCATION":0.8352617672911972,
    "VIBRATE":0.8339189109537611,
    "CAMERA":0.7981538288063186,
    "WAKE_LOCK":0.773608260104097,
    "ACCESS_FINE_LOCATION":0.7642262046625816,
    "GET_TASKS":0.7598824231893861,
    "CHANGE_NETWORK_STATE":0.7185844654073544,
    "CHANGE_WIFI_STATE":0.7087462488435803,
    "SYSTEM_ALERT_WINDOW":0.6406987978360535,
    "MOUNT_UNMOUNT_FILESYSTEMS":0.6167452135115948,
    "WRITE_SETTINGS":0.5941011703864298,
    "RECORD_AUDIO":0.5732715209385644,
    "FLASHLIGHT":0.5031739075838068,
    "BLUETOOTH":0.4280636472900698,
    "FOREGROUND_SERVICE":0.4222898775796808,
    "REORDER_TASKS":0.3488248725695966,
    "ACCESS_LOCATION_EXTRA_COMMANDS":0.34760502597299425,
    "RECEIVE_BOOT_COMPLETED":0.3250865552915972,
    "MODIFY_AUDIO_SETTINGS":0.3151150781752529,
    "QUERY_ALL_PACKAGES":0.2976374441651098,
    "BLUETOOTH_ADMIN":0.26639040729037733,
    "CALL_PHONE":0.2649706698649199,
    "READ_LOGS":0.2369372624694718,
    "READ_CONTACTS":0.21749147260598692,
    "KILL_BACKGROUND_PROCESSES":0.2127248451486752,
    "ACCESS_BACKGROUND_LOCATION":0.16509444841663398,
    "MANAGE_EXTERNAL_STORAGE":0.15112515472318966,
    "C2D_MESSAGE":0.14980023730629166,
    "BROADCAST_STICKY":0.1312539561726544,
    "RESTART_PACKAGES":0.13042364042202592,
    "GET_ACCOUNTS":0.12324807220671787,
    "CHANGE_WIFI_MULTICAST_STATE":0.12320706895977325,
    "NFC":0.1229379851516992,
    "USE_FINGERPRINT":0.11710527327382737,
    "MANAGE_ACCOUNTS":0.09835397590546703,
    "REQUEST_IGNORE_BATTERY_OPTIMIZATIONS":0.08814160471332325,
    "DISABLE_KEYGUARD":0.08206031065084966,
    "OVERRIDE_WIFI_CONFIG":0.08195523983055408,
    "INSTALL_SHORTCUT":0.07935665905543896,
    "READ_CALENDAR":0.07537165599300895,
    "CHANGE_CONFIGURATION":0.07173774323254223,
    "READ_SMS":0.06891108189629767,
    "SEND_SMS":0.06679685197571583,
    "WRITE_CALENDAR":0.06323982030327027,
    "UNINSTALL_SHORTCUT":0.05891141504767909,
    "EXPAND_STATUS_BAR":0.056366651034178775,
    "INTERACT_ACROSS_USERS_FULL":0.055123740111170064,
    "READ_PHONE_NUMBERS":0.05498535415273197,
    "RECEIVE_SMS":0.05096447324922543,
    "WRITE_CONTACTS":0.05053906456217502,
    "PACKAGE_USAGE_STATS":0.048355641662374146,
    "ACCESS_NOTIFICATION_POLICY":0.04808399515136605,
    "PROCESS_OUTGOING_CALLS":0.04807886974549798,
    "REQUEST_DELETE_PACKAGES":0.04550079059385516,
    "USE_FULL_SCREEN_INTENT":0.044796047286994545,
    "READ_PRIVILEGED_PHONE_STATE":0.04335068283219678,
    "GET_PACKAGE_SIZE":0.03740521202522725,
    "USE_CREDENTIALS":0.02877659124631932,
    "WRITE_MEDIA_STORAGE":0.02657779212891421,
    "READ_HISTORY_BOOKMARKS":0.024368742199772947,
    "CALL_PRIVILEGED":0.024199603806126402,
    "WRITE_APN_SETTINGS":0.023097641544489806,
    "ACTIVITY_RECOGNITION":0.023095078841555768,
    "BODY_SENSORS":0.023095078841555768,
    "REQUEST_COMPANION_USE_DATA_IN_BACKGROUND":0.023095078841555768,
    "AUTHENTICATE_ACCOUNTS":0.022405711752299388,
    "READ_PROFILE":0.021260183540784138,
    "BATTERY_STATS":0.021260183540784138,
    "ACCESS_MEDIA_LOCATION":0.021242244620245865,
    "INTERACT_ACROSS_USERS":0.02100391324738028,
    "USE_BIOMETRIC":0.019125451996729992,
    "INSTALL_PACKAGES":0.01794660864707224,
    "SET_WALLPAPER":0.014453644547977646,
    "MODIFY_PHONE_STATE":0.012131835689738682,
    "SCHEDULE_EXACT_ALARM":0.011447594006350379,
    "WRITE_HISTORY_BOOKMARKS":0.010630091770392069,
    "MANAGE_DOCUMENTS":0.010630091770392069,
    "READ_SYNC_SETTINGS":0.010630091770392069,
    "WRITE_SYNC_SETTINGS":0.010630091770392069,
    "READ_SYNC_STATS":0.010630091770392069,
    "SET_DEBUG_APP":0.010630091770392069,
    "CAPTURE_AUDIO_OUTPUT":0.010630091770392069,
    "CAPTURE_VIDEO_OUTPUT":0.010630091770392069,
    "REBOOT":0.010630091770392069,
    "BLUETOOTH_CONNECT":0.0075164077055351825,
    "READ_MEDIA_AUDIO":0.0075164077055351825,
    "READ_MEDIA_VIDEO":0.0075164077055351825,
    "LOCATION_HARDWARE":0.005814772957333559,
    "ACCESS_MOCK_LOCATION":0.005814772957333559,
    "BLUETOOTH_PRIVILEGED":0.005814772957333559,
    "GET_TOP_ACTIVITY_INFO":0.005814772957333559,
    "READ_CLIPBOARD_IN_BACKGROUND":0.005814772957333559,
    "WRITE_SMS":0.005335547508668343,
    "DEVICE_POWER":0.005335547508668343,
    "SET_ALARM":0.004000379280034238,
    "TRANSMIT_IR":0.0013659206638425682
}