{
    "INTERNET":1.0,
    "ACCESS_NETWORK_STATE":1.0,
    "WRITE_EXTERNAL_STORAGE":0.9764377692506883,
    "ACCESS_WIFI_STATE":0.9657124696909059,
    "REQUEST_INSTALL_PACKAGES":0.939803196873749,
    "READ_EXTERNAL_STORAGE":0.935167965347583,
    "WAKE_LOCK":0.8530426799124265,
    "READ_PHONE_STATE":0.830101932719696,
    "CHANGE_NETWORK_STATE":0.8261493914640168,
    "CAMERA":0.7516278631794525,
    "VIBRATE":0.6873466889521873,
    "ACCESS_COARSE_LOCATION":0.6541349843452051,
    "RECORD_AUDIO":0.6266908354716441,
    "GET_TASKS":0.6011605734598265,
    "CHANGE_WIFI_STATE":0.5615339344146513,
    "ACCESS_FINE_LOCATION":0.5544151227665427,
    "SYSTEM_ALERT_WINDOW":0.5493726311824659,
    "MODIFY_AUDIO_SETTINGS":0.5131688599072476,
    "WRITE_SETTINGS":0.47218390263424226,
    "QUERY_ALL_PACKAGES":0.43579886532168777,
    "FOREGROUND_SERVICE":0.42041008498316756,
    "MOUNT_UNMOUNT_FILESYSTEMS":0.40821347018526755,
    "BLUETOOTH":0.33410626427175727,
    "RECEIVE_BOOT_COMPLETED":0.31362320205277855,
    "ACCESS_LOCATION_EXTRA_COMMANDS":0.30060500482591357,
    "C2D_MESSAGE":0.2361731679182652,
    "REORDER_TASKS":0.23149085430447952,
    "READ_LOGS":0.22687680971774252,
    "ACCESS_BACKGROUND_LOCATION":0.19302478871913156,
    "FLASHLIGHT":0.18348124955860518,
    "BLUETOOTH_ADMIN":0.17155771086889968,
    "CALL_PHONE":0.1680124296711314,
    "READ_CONTACTS":0.1667365050966358,
    "GET_ACCOUNTS":0.15305445043433205,
    "BROADCAST_STICKY":0.11587137173662264,
    "DISABLE_KEYGUARD":0.11482144118270188,
    "CHANGE_CONFIGURATION":0.10817345041079109,
    "KILL_BACKGROUND_PROCESSES":0.09193013018197214,
    "WRITE_CONTACTS":0.08669224793427328,
    "NFC":0.08629675839826728,
    "INSTALL_SHORTCUT":0.08611784646531216,
    "READ_PRIVILEGED_PHONE_STATE":0.08258433578944879,
    "EXPAND_STATUS_BAR":0.08168506791591128,
    "MANAGE_ACCOUNTS":0.0755879375691517,
    "RESTART_PACKAGES":0.06810659384637106,
    "UNINSTALL_SHORTCUT":0.06547941335718818,
    "READ_CALENDAR":0.05714823795287075,
    "WRITE_CALENDAR":0.05714823795287075,
    "ACCESS_NOTIFICATION_POLICY":0.05705642788201222,
    "INSTALL_PACKAGES":0.05266366910708815,
    "CHANGE_WIFI_MULTICAST_STATE":0.05137832811506856,
    "READ_PHONE_NUMBERS":0.049721038630852823,
    "PROCESS_OUTGOING_CALLS":0.049031286047223274,
    "WRITE_APN_SETTINGS":0.0463005249652769,
    "REQUEST_IGNORE_BATTERY_OPTIMIZATIONS":0.04125567927681908,
    "USE_FINGERPRINT":0.04117093151910351,
    "AUTHENTICATE_ACCOUNTS":0.035372772428729445,
    "READ_CALL_LOG":0.03315285199745752,
    "USE_CREDENTIALS":0.03315285199745752,
    "READ_PROFILE":0.03293392029002562,
    "RECEIVE_SMS":0.03108594835094984,
    "READ_SMS":0.03108594835094984,
    "BLUETOOTH_CONNECT":0.030452694272464,
    "BATTERY_STATS":0.029506344311306727,
    "CAPTURE_VIDEO_OUTPUT":0.029287412603874817,
    "INTERACT_ACROSS_USERS":0.02927328797758889,
    "READ_MEDIA_AUDIO":0.028230419736811087,
    "READ_MEDIA_VIDEO":0.028230419736811087,
    "WRITE_SYNC_SETTINGS":0.0276277690152781,
    "BODY_SENSORS":0.026622566444596117,
    "READ_SYNC_SETTINGS":0.025610301560771168,
    "WRITE_MEDIA_STORAGE":0.023171449422067347,
    "MANAGE_EXTERNAL_STORAGE":0.020777325266602295,
    "INTERACT_ACROSS_USERS_FULL":0.019524941735916547,
    "SET_ALARM":0.015645377716047907,
    "ACCESS_MEDIA_LOCATION":0.015005061324419105,
    "ACTIVITY_RECOGNITION":0.014880293792226728,
    "ACCESS_MOCK_LOCATION":0.01395042256173637,
    "SEND_SMS":0.013627910261540978,
    "PACKAGE_USAGE_STATS":0.013627910261540978,
    "GET_PACKAGE_SIZE":0.012074201370088734,
    "WRITE_HISTORY_BOOKMARKS":0.011561006615033296,
    "SCHEDULE_EXACT_ALARM":0.011014854398644022,
    "USE_BIOMETRIC":0.010084983168153663,
    "BLUETOOTH_SCAN":0.009762470867958273,
    "BLUETOOTH_ADVERTISE":0.009762470867958273,
    "MANAGE_DOCUMENTS":0.009762470867958273,
    "INJECT_EVENTS":0.009762470867958273,
    "CAPTURE_AUDIO_OUTPUT":0.009762470867958273,
    "LOCAL_MAC_ADDRESS":0.009762470867958273,
    "USE_FULL_SCREEN_INTENT":0.009762470867958273,
    "RECEIVE_WAP_PUSH":0.003865439393582707,
    "RECEIVE_MMS":0.003865439393582707,
    "READ_CELL_BROADCASTS":0.003865439393582707,
    "WRITE_CALL_LOG":0.003865439393582707,
    "ADD_VOICEMAIL":0.003865439393582707,
    "USE_SIP":0.003865439393582707,
    "WRITE_PROFILE":0.003865439393582707,
    "READ_SOCIAL_STREAM":0.003865439393582707,
    "WRITE_SOCIAL_STREAM":0.003865439393582707,
    "READ_USER_DICTIONARY":0.003865439393582707,
    "WRITE_USER_DICTIONARY":0.003865439393582707,
    "WRITE_SMS":0.003865439393582707,
    "READ_HISTORY_BOOKMARKS":0.003865439393582707,
    "SUBSCRIBED_FEEDS_READ":0.003865439393582707,
    "SUBSCRIBED_FEEDS_WRITE":0.003865439393582707,
    "BIND_DIRECTORY_SEARCH":0.003865439393582707,
    "ACCOUNT_MANAGER":0.003865439393582707,
    "TRANSMIT_IR":0.003865439393582707,
    "GET_INTENT_SENDER_INTENT":0.003865439393582707,
    "SET_WALLPAPER":0.003865439393582707,
    "SET_WALLPAPER_HINTS":0.003865439393582707,
    "SET_TIME_ZONE":0.003865439393582707,
    "READ_SYNC_STATS":0.003865439393582707,
    "PERSISTENT_ACTIVITY":0.003865439393582707,
    "CLEAR_APP_CACHE":0.003865439393582707,
    "SET_DEBUG_APP":0.003865439393582707,
    "UPDATE_APP_OPS_STATS":0.003865439393582707,
    "CLEAR_APP_USER_DATA":0.003865439393582707,
    "DELETE_PACKAGES":0.003865439393582707,
    "DEVICE_POWER":0.003865439393582707,
    "BIND_APPWIDGET":0.003865439393582707,
    "ACCESS_CACHE_FILESYSTEM":0.003865439393582707,
    "READ_INSTALL_SESSIONS":0.003865439393582707,
    "MOUNT_FORMAT_FILESYSTEMS":0.0036747569387226577
}