{
    "INTERNET":0.9864842274571461,
    "ACCESS_NETWORK_STATE":0.9864842274571461,
    "ACCESS_WIFI_STATE":0.9855693205743356,
    "WRITE_EXTERNAL_STORAGE":0.9804390649425753,
    "READ_EXTERNAL_STORAGE":0.9710347257990185,
    "CAMERA":0.9192758455546817,
    "VIBRATE":0.9192295354532062,
    "REQUEST_INSTALL_PACKAGES":0.8931332285143714,
    "READ_PHONE_STATE":0.8777989373525977,
    "WAKE_LOCK":0.8269617410790923,
    "CHANGE_WIFI_STATE":0.8249850904063534,
    "RECORD_AUDIO":0.7669483676253978,
    "ACCESS_COARSE_LOCATION":0.7429574760316974,
    "CHANGE_NETWORK_STATE":0.7377571904903889,
    "ACCESS_FINE_LOCATION":0.7374409263827507,
    "GET_TASKS":0.7272888485275635,
    "SYSTEM_ALERT_WINDOW":0.7096910099668362,
    "WRITE_SETTINGS":0.6562683546133886,
    "MODIFY_AUDIO_SETTINGS":0.6533993873512418,
    "BLUETOOTH":0.6304679805181299,
    "MOUNT_UNMOUNT_FILESYSTEMS":0.6268546630883632,
    "FOREGROUND_SERVICE":0.5811657946813403,
    "CALL_PHONE":0.5300857527537558,
    "RECEIVE_BOOT_COMPLETED":0.4715294532245377,
    "FLASHLIGHT":0.46150726955641636,
    "ACCESS_LOCATION_EXTRA_COMMANDS":0.44944179385001776,
    "BLUETOOTH_ADMIN":0.37385693115382124,
    "READ_CONTACTS":0.3359718796027718,
    "READ_LOGS":0.33256978141632054,
    "REORDER_TASKS":0.31759580543432053,
    "QUERY_ALL_PACKAGES":0.2651298490064785,
    "C2D_MESSAGE":0.26333392068096145,
    "ACCESS_BACKGROUND_LOCATION":0.25117356574227145,
    "DISABLE_KEYGUARD":0.2376284258179942,
    "READ_CALENDAR":0.2349672892551525,
    "WRITE_CALENDAR":0.21393685561188036,
    "BROADCAST_STICKY":0.20851744422456533,
    "RESTART_PACKAGES":0.18744521853849813,
    "WRITE_CONTACTS":0.18183378965725988,
    "GET_ACCOUNTS":0.16997840367950678,
    "INSTALL_SHORTCUT":0.16444491131050787,
    "KILL_BACKGROUND_PROCESSES":0.15749500754515786,
    "CHANGE_CONFIGURATION":0.14719609278285284,
    "CHANGE_WIFI_MULTICAST_STATE":0.12566302511137004,
    "MANAGE_ACCOUNTS":0.11293113574959096,
    "UNINSTALL_SHORTCUT":0.11057496814768616,
    "USE_FULL_SCREEN_INTENT":0.1070858973316344,
    "INTERACT_ACROSS_USERS_FULL":0.10430503221375825,
    "REQUEST_IGNORE_BATTERY_OPTIMIZATIONS":0.10019811687314181,
    "USE_FINGERPRINT":0.09432012252975129,
    "ACCESS_NOTIFICATION_POLICY":0.08984724443601062,
    "AUTHENTICATE_ACCOUNTS":0.0890430299908734,
    "READ_PRIVILEGED_PHONE_STATE":0.07981037707717738,
    "PROCESS_OUTGOING_CALLS":0.0789790542799569,
    "SEND_SMS":0.07889208165035638,
    "READ_SMS":0.07747905879801557,
    "NFC":0.0758627233050502,
    "USE_CREDENTIALS":0.06532322191800619,
    "READ_SYNC_SETTINGS":0.06090117198442166,
    "RECEIVE_SMS":0.05928031843277573,
    "BATTERY_STATS":0.05757926933955011,
    "READ_CALL_LOG":0.055913235201098734,
    "INSTALL_PACKAGES":0.05016739407411418,
    "MANAGE_EXTERNAL_STORAGE":0.04751981168731413,
    "WRITE_SYNC_SETTINGS":0.044788645214924004,
    "PACKAGE_USAGE_STATS":0.041697163562760306,
    "BLUETOOTH_CONNECT":0.041574046463715424,
    "EXPAND_STATUS_BAR":0.03998594883750346,
    "ACTIVITY_RECOGNITION":0.0366391968698889,
    "ACCESS_MOCK_LOCATION":0.03632745082093122,
    "READ_PHONE_NUMBERS":0.03387301544272453,
    "INTERACT_ACROSS_USERS":0.032331227917988155,
    "DEVICE_POWER":0.03032408034915554,
    "READ_MEDIA_VIDEO":0.030282288306360483,
    "SCHEDULE_EXACT_ALARM":0.02884328661660654,
    "WRITE_SMS":0.028363242881798513,
    "READ_HISTORY_BOOKMARKS":0.02579585603657817,
    "READ_MEDIA_AUDIO":0.025580118734582092,
    "REAL_GET_TASKS":0.024494655136580886,
    "WRITE_MEDIA_STORAGE":0.02288848527564673,
    "WRITE_APN_SETTINGS":0.021651666711847227,
    "SET_ALARM":0.0214652967912747,
    "GET_TOP_ACTIVITY_INFO":0.02087907867747384,
    "USE_BIOMETRIC":0.020638492052734755,
    "MANAGE_FINGERPRINT":0.01983879566627809,
    "BLUETOOTH_SCAN":0.019758600124698395,
    "LOCAL_MAC_ADDRESS":0.01898375306098473,
    "SET_DEBUG_APP":0.018952126650220908,
    "WRITE_CALL_LOG":0.01863247399857227,
    "GET_PACKAGE_SIZE":0.01853307670760026,
    "READ_PROFILE":0.017571859723314067,
    "BIND_ACCESSIBILITY_SERVICE":0.017565082635293244,
    "CLEAR_APP_CACHE":0.017500700299095465,
    "SET_WALLPAPER":0.016783458483558767,
    "INJECT_EVENTS":0.01550823642097462,
    "CAPTURE_VIDEO_OUTPUT":0.01524280047349253,
    "RECEIVE_MMS":0.012809825874018438,
    "READ_SYNC_STATS":0.012106138234523377,
    "REQUEST_DELETE_PACKAGES":0.012106138234523377,
    "CAPTURE_AUDIO_OUTPUT":0.011917509284610573,
    "CAPTURE_SECURE_VIDEO_OUTPUT":0.010922406860220286,
    "UPDATE_APP_OPS_STATS":0.01072925985162694,
    "STOP_APP_SWITCHES":0.010441233610742123,
    "INSTALL_LOCATION_PROVIDER":0.008404718660485953,
    "MANAGE_DOCUMENTS":0.007715714711702667,
    "USE_SIP":0.0071306261125719415,
    "WRITE_HISTORY_BOOKMARKS":0.0067352959780241535,
    "ACCOUNT_MANAGER":0.0067352959780241535,
    "MANAGE_OWN_CALLS":0.0062688064192577666,
    "RECOVERY":0.006145689320212884,
    "REBOOT":0.006145689320212884,
    "ACCESS_MEDIA_LOCATION":0.005130255631760139,
    "LOCATION_HARDWARE":0.004702169571778393,
    "BLUETOOTH_ADVERTISE":0.004702169571778393,
    "BLUETOOTH_PRIVILEGED":0.004702169571778393,
    "MANAGE_CA_CERTIFICATES":0.004702169571778393,
    "DELETE_CACHE_FILES":0.003325291188881957,
    "MEDIA_CONTENT_CONTROL":0.00273455501640055,
    "RECEIVE_WAP_PUSH":0.00270179909096659,
    "READ_CELL_BROADCASTS":0.00270179909096659,
    "ADD_VOICEMAIL":0.00270179909096659,
    "BODY_SENSORS":0.00270179909096659,
    "WRITE_PROFILE":0.00270179909096659,
    "READ_SOCIAL_STREAM":0.00270179909096659,
    "WRITE_SOCIAL_STREAM":0.00270179909096659,
    "READ_USER_DICTIONARY":0.00270179909096659,
    "WRITE_USER_DICTIONARY":0.00270179909096659,
    "SUBSCRIBED_FEEDS_READ":0.00270179909096659,
    "SUBSCRIBED_FEEDS_WRITE":0.00270179909096659,
    "BIND_DIRECTORY_SEARCH":0.00270179909096659,
    "TRANSMIT_IR":0.00270179909096659,
    "GET_INTENT_SENDER_INTENT":0.00270179909096659,
    "SET_WALLPAPER_HINTS":0.00270179909096659,
    "SET_TIME_ZONE":0.00270179909096659,
    "PERSISTENT_ACTIVITY":0.00270179909096659,
    "CLEAR_APP_USER_DATA":0.00270179909096659,
    "DELETE_PACKAGES":0.00270179909096659,
    "BIND_APPWIDGET":0.00270179909096659,
    "ACCESS_CACHE_FILESYSTEM":0.00270179909096659,
    "READ_INSTALL_SESSIONS":0.00270179909096659,
    "WRITE_SECURE_SETTINGS":0.002571904903900889,
    "SIGNAL_PERSISTENT_PROCESSES":0.0020975087424435442,
    "MANAGE_APP_TOKENS":0.0012063216677058188,
    "STATUS_BAR":0.0010899816566817557,
    "STATUS_BAR_SERVICE":0.0010899816566817557
}