{
    "INTERNET":1.0,
    "ACCESS_NETWORK_STATE":0.9783207002346147,
    "WRITE_EXTERNAL_STORAGE":0.9668296561992421,
    "ACCESS_WIFI_STATE":0.9451503564338568,
    "READ_EXTERNAL_STORAGE":0.9434358644648981,
    "READ_PHONE_STATE":0.8703246255188594,
    "VIBRATE":0.8384570700234615,
    "CAMERA":0.8140593981230826,
    "REQUEST_INSTALL_PACKAGES":0.8059324805991698,
    "WAKE_LOCK":0.8030336356253385,
    "ACCESS_COARSE_LOCATION":0.7154056127052878,
    "CHANGE_WIFI_STATE":0.6598199783432593,
    "GET_TASKS":0.6524064925103771,
    "ACCESS_FINE_LOCATION":0.6197437285688503,
    "CHANGE_NETWORK_STATE":0.5903717740480057,
    "WRITE_SETTINGS":0.5464238179029057,
    "RECORD_AUDIO":0.5430963499368346,
    "RECEIVE_BOOT_COMPLETED":0.5389341950911388,
    "FOREGROUND_SERVICE":0.5069707634001084,
    "MOUNT_UNMOUNT_FILESYSTEMS":0.4945153176321963,
    "BLUETOOTH":0.4798688188052698,
    "SYSTEM_ALERT_WINDOW":0.4779794937736871,
    "READ_LOGS":0.43038260241833604,
    "MODIFY_AUDIO_SETTINGS":0.4103388377549179,
    "ACCESS_LOCATION_EXTRA_COMMANDS":0.36646137881248875,
    "CALL_PHONE":0.32877075437646636,
    "BLUETOOTH_ADMIN":0.3109913598628407,
    "FLASHLIGHT":0.28934307886663063,
    "QUERY_ALL_PACKAGES":0.2640712416531313,
    "REORDER_TASKS":0.2518752255910486,
    "C2D_MESSAGE":0.24840394333152865,
    "READ_CONTACTS":0.2362643250315828,
    "CHANGE_CONFIGURATION":0.2219815917704386,
    "RESTART_PACKAGES":0.21663790380797696,
    "DISABLE_KEYGUARD":0.18331528604944958,
    "ACCESS_BACKGROUND_LOCATION":0.16752391265114605,
    "KILL_BACKGROUND_PROCESSES":0.16550487276664866,
    "GET_ACCOUNTS":0.16423874300667754,
    "REQUEST_IGNORE_BATTERY_OPTIMIZATIONS":0.13861159989171634,
    "MANAGE_ACCOUNTS":0.1352249142754016,
    "WRITE_CALENDAR":0.13029856975275225,
    "READ_CALENDAR":0.11860167388558025,
    "WRITE_CONTACTS":0.10849237502255915,
    "READ_PRIVILEGED_PHONE_STATE":0.10749695452084465,
    "INSTALL_SHORTCUT":0.10415538711423934,
    "USE_FINGERPRINT":0.10408207002346151,
    "BROADCAST_STICKY":0.10126782169283527,
    "READ_CALL_LOG":0.09982121909402639,
    "NFC":0.08750112795524276,
    "EXPAND_STATUS_BAR":0.08593327016783978,
    "USE_FULL_SCREEN_INTENT":0.08532417433676234,
    "CHANGE_WIFI_MULTICAST_STATE":0.07974925554953982,
    "AUTHENTICATE_ACCOUNTS":0.07689270889731098,
    "WRITE_SYNC_SETTINGS":0.06980351019671542,
    "SEND_SMS":0.0660445993502978,
    "MANAGE_EXTERNAL_STORAGE":0.06383098718642848,
    "USE_CREDENTIALS":0.06284966612524817,
    "UNINSTALL_SHORTCUT":0.06117465258978526,
    "READ_SMS":0.05843372134993686,
    "INTERACT_ACROSS_USERS_FULL":0.05647671900378995,
    "SET_DEBUG_APP":0.051310683992059215,
    "INSTALL_PACKAGES":0.05054931420321244,
    "SET_ALARM":0.046217966071106314,
    "BLUETOOTH_CONNECT":0.04519434668832342,
    "READ_SYNC_SETTINGS":0.044232764843891006,
    "ACCESS_NOTIFICATION_POLICY":0.04279462190940264,
    "SCHEDULE_EXACT_ALARM":0.04191199693196175,
    "READ_MEDIA_AUDIO":0.040022671900379,
    "READ_MEDIA_VIDEO":0.040022671900379,
    "READ_PHONE_NUMBERS":0.03925848222342539,
    "SET_WALLPAPER":0.038136166756903095,
    "CAPTURE_VIDEO_OUTPUT":0.035090687601515985,
    "INJECT_EVENTS":0.034639505504421596,
    "GET_TOP_ACTIVITY_INFO":0.03198317090777839,
    "WRITE_APN_SETTINGS":0.029814676953618488,
    "PROCESS_OUTGOING_CALLS":0.029515768814293457,
    "ACCESS_MOCK_LOCATION":0.02620522017686339,
    "WRITE_CALL_LOG":0.02339379173434399,
    "READ_HISTORY_BOOKMARKS":0.02339379173434399,
    "REQUEST_DELETE_PACKAGES":0.02339379173434399,
    "CAPTURE_AUDIO_OUTPUT":0.02339379173434399,
    "ANSWER_PHONE_CALLS":0.023374052517596108,
    "INSTALL_LOCATION_PROVIDER":0.022942609637249603,
    "HARDWARE_TEST":0.022942609637249603,
    "INTERNAL_SYSTEM_WINDOW":0.022942609637249603,
    "BATTERY_STATS":0.022079723876556587,
    "SET_PREFERRED_APPLICATIONS":0.020286275040606396,
    "BLUETOOTH_PRIVILEGED":0.019172419238404625,
    "PERSISTENT_ACTIVITY":0.019172419238404625,
    "BLUETOOTH_SCAN":0.01901732539252843,
    "BLUETOOTH_ADVERTISE":0.01901732539252843,
    "WRITE_MEDIA_STORAGE":0.016640159718462378,
    "USE_BIOMETRIC":0.01652736419418878,
    "RECEIVE_SMS":0.016251015159718468,
    "WRITE_SMS":0.016251015159718468,
    "WRITE_HISTORY_BOOKMARKS":0.015052562714311503,
    "ACCESS_MEDIA_LOCATION":0.011696895867171994,
    "USE_SIP":0.011696895867171994,
    "READ_PROFILE":0.011696895867171994,
    "MODIFY_PHONE_STATE":0.011696895867171994,
    "MANAGE_DOCUMENTS":0.011696895867171994,
    "INTERACT_ACROSS_USERS":0.011696895867171994,
    "START_ACTIVITIES_FROM_BACKGROUND":0.011696895867171994,
    "READ_SYNC_STATS":0.011696895867171994,
    "WRITE_GSERVICES":0.011696895867171994,
    "SET_ACTIVITY_WATCHER":0.011696895867171994,
    "BIND_VPN_SERVICE":0.011696895867171994,
    "DEVICE_POWER":0.011696895867171994,
    "CALL_PRIVILEGED":0.011696895867171994,
    "PACKAGE_USAGE_STATS":0.011696895867171994,
    "LOCAL_MAC_ADDRESS":0.011696895867171994,
    "WRITE_SECURE_SETTINGS":0.007320429525356436,
    "HIGH_SAMPLING_RATE_SENSORS":0.003065218372134995,
    "SET_WALLPAPER_HINTS":0.003065218372134995,
    "FORCE_STOP_PACKAGES":0.003065218372134995,
    "UPDATE_DEVICE_STATS":0.003065218372134995
}