{
    "INTERNET":0.9975270552216134,
    "ACCESS_NETWORK_STATE":0.9975270552216134,
    "ACCESS_WIFI_STATE":0.9958508431299538,
    "WRITE_EXTERNAL_STORAGE":0.9900975820226845,
    "READ_EXTERNAL_STORAGE":0.9607709629944858,
    "VIBRATE":0.9231673079537329,
    "CAMERA":0.919388738171652,
    "WAKE_LOCK":0.9147561040480879,
    "CHANGE_WIFI_STATE":0.9007429473198932,
    "ACCESS_COARSE_LOCATION":0.8703565792506696,
    "REQUEST_INSTALL_PACKAGES":0.8684315359564048,
    "ACCESS_FINE_LOCATION":0.8563741570178084,
    "READ_PHONE_STATE":0.8445691555697404,
    "RECORD_AUDIO":0.8159778002376011,
    "SYSTEM_ALERT_WINDOW":0.7879195701899038,
    "CHANGE_NETWORK_STATE":0.7798174843815572,
    "GET_TASKS":0.7696171782186992,
    "WRITE_SETTINGS":0.74854749957149,
    "MOUNT_UNMOUNT_FILESYSTEMS":0.7369659142625787,
    "MODIFY_AUDIO_SETTINGS":0.6421174885188924,
    "BLUETOOTH":0.6317729666471615,
    "FLASHLIGHT":0.6084253890573375,
    "RECEIVE_BOOT_COMPLETED":0.6017648692897368,
    "FOREGROUND_SERVICE":0.588855199153619,
    "CALL_PHONE":0.5205980223534344,
    "ACCESS_LOCATION_EXTRA_COMMANDS":0.4715977800237597,
    "C2D_MESSAGE":0.45335744809121026,
    "BROADCAST_STICKY":0.43457512515441094,
    "READ_LOGS":0.3952048276799589,
    "QUERY_ALL_PACKAGES":0.3099420181924567,
    "REORDER_TASKS":0.28932390020745763,
    "BLUETOOTH_ADMIN":0.27976665425465874,
    "CHANGE_CONFIGURATION":0.2623981181032086,
    "RESTART_PACKAGES":0.21685373335461083,
    "ACCESS_BACKGROUND_LOCATION":0.2118298254635292,
    "GET_ACCOUNTS":0.19009226259079956,
    "MANAGE_ACCOUNTS":0.17408490995383893,
    "KILL_BACKGROUND_PROCESSES":0.15946711113475276,
    "INSTALL_SHORTCUT":0.15612000638331805,
    "READ_CONTACTS":0.13865985779385412,
    "EXPAND_STATUS_BAR":0.13474416487874638,
    "DISABLE_KEYGUARD":0.13346099969856542,
    "CHANGE_WIFI_MULTICAST_STATE":0.1155469262549425,
    "USE_CREDENTIALS":0.11019144044304947,
    "UNINSTALL_SHORTCUT":0.09943614022022443,
    "USE_FULL_SCREEN_INTENT":0.098596261030433,
    "RECEIVE_SMS":0.07910113422108735,
    "NFC":0.0734826320548965,
    "AUTHENTICATE_ACCOUNTS":0.0733797897051261,
    "READ_CALENDAR":0.06627421080317507,
    "WRITE_CALENDAR":0.06627421080317507,
    "INTERACT_ACROSS_USERS_FULL":0.06463287054275932,
    "PROCESS_OUTGOING_CALLS":0.06356898416582438,
    "ACCESS_MOCK_LOCATION":0.05611823323935668,
    "GET_PACKAGE_SIZE":0.05323805639779892,
    "USE_FINGERPRINT":0.04613306854383504,
    "SET_DEBUG_APP":0.043713909132282416,
    "STATUS_BAR":0.043284217245598146,
    "STATUS_BAR_SERVICE":0.043284217245598146,
    "READ_SMS":0.0423775496332547,
    "INSTALL_PACKAGES":0.04148506717260372,
    "WRITE_CONTACTS":0.04126578836935768,
    "READ_PRIVILEGED_PHONE_STATE":0.04004704741977998,
    "READ_PHONE_NUMBERS":0.03897193113108851,
    "MANAGE_EXTERNAL_STORAGE":0.03766216879148416,
    "BATTERY_STATS":0.03205666968101138,
    "WRITE_MEDIA_STORAGE":0.030545951025763754,
    "SEND_SMS":0.030158814594156882,
    "CAPTURE_VIDEO_OUTPUT":0.029812460473665835,
    "REQUEST_IGNORE_BATTERY_OPTIMIZATIONS":0.029600865294253216,
    "WRITE_APN_SETTINGS":0.029003906827195284,
    "WRITE_SYNC_SETTINGS":0.02485829624507212,
    "CAPTURE_AUDIO_OUTPUT":0.022008262850860848,
    "ACCESS_NOTIFICATION_POLICY":0.021958614819937217,
    "PACKAGE_USAGE_STATS":0.0186050085406434,
    "SCHEDULE_EXACT_ALARM":0.017565355131183086,
    "MOUNT_FORMAT_FILESYSTEMS":0.016607857391941643,
    "BLUETOOTH_CONNECT":0.01615866092168022,
    "READ_PROFILE":0.014798659503165052,
    "READ_CALL_LOG":0.014712366497035886,
    "ACTIVITY_RECOGNITION":0.014169784444799065,
    "SET_WALLPAPER":0.013442795420560183,
    "READ_SYNC_STATS":0.012540265144127044,
    "READ_HISTORY_BOOKMARKS":0.012214006655200327,
    "MANAGE_DOCUMENTS":0.011845192711196216,
    "BODY_SENSORS":0.011448008463807169,
    "INTERACT_ACROSS_USERS":0.011375900609370467,
    "MEDIA_CONTENT_CONTROL":0.011163123333983479,
    "DEVICE_POWER":0.010102783244971655,
    "GET_TOP_ACTIVITY_INFO":0.009006980276728662,
    "READ_MEDIA_AUDIO":0.00853709712691573,
    "READ_MEDIA_VIDEO":0.00853709712691573,
    "USE_BIOMETRIC":0.007892854820882901,
    "READ_SYNC_SETTINGS":0.007844388885933643,
    "WRITE_SMS":0.007600286067225793,
    "SET_ALARM":0.006177633562068899,
    "CHANGE_COMPONENT_ENABLED_STATE":0.006016277461567101,
    "HARDWARE_TEST":0.0058501929771678125,
    "READ_CLIPBOARD_IN_BACKGROUND":0.005538119639933563,
    "INJECT_EVENTS":0.005369079915598343,
    "WRITE_HISTORY_BOOKMARKS":0.005210679055032474,
    "WRITE_SECURE_SETTINGS":0.005210679055032474,
    "LOCAL_MAC_ADDRESS":0.005210679055032474,
    "BIND_JOB_SERVICE":0.005028636274979162,
    "RECEIVE_MMS":0.004506740902293854,
    "BLUETOOTH_PRIVILEGED":0.004377301393100103,
    "CLEAR_APP_CACHE":0.004113693990815111,
    "REAL_GET_TASKS":0.0038311730529401664,
    "CAPTURE_SECURE_VIDEO_OUTPUT":0.0038311730529401655,
    "ACCESS_MEDIA_LOCATION":0.0037850713099396513,
    "CALL_PRIVILEGED":0.003519099715705916,
    "RECEIVE_WAP_PUSH":0.00340384535820463,
    "ANSWER_PHONE_CALLS":0.00340384535820463,
    "REQUEST_DELETE_PACKAGES":0.00340384535820463,
    "INSTANT_APP_FOREGROUND_SERVICE":0.0033589257111784885,
    "STOP_APP_SWITCHES":0.0031827934109970365,
    "UPDATE_APP_OPS_STATS":0.0024729447783865557,
    "BIND_ACCESSIBILITY_SERVICE":0.0024729447783865557,
    "CLEAR_APP_USER_DATA":0.0024729447783865557,
    "BIND_NOTIFICATION_LISTENER_SERVICE":0.0024729447783865557,
    "UPDATE_DEVICE_STATS":0.0022719884627432885,
    "FORCE_STOP_PACKAGES":0.0021945611764219125,
    "LOCATION_HARDWARE":0.0017489109940836084,
    "WRITE_CALL_LOG":0.0009309005798180748,
    "ADD_VOICEMAIL":0.0009309005798180748,
    "USE_SIP":0.0009309005798180748,
    "MODIFY_PHONE_STATE":0.0009309005798180748,
    "READ_FRAME_BUFFER":0.000805598406534626,
    "OBSERVE_GRANT_REVOKE_PERMISSIONS":0.00017376810823270728
}