{
    "INTERNET":0.9732780245524787,
    "WRITE_EXTERNAL_STORAGE":0.957748795351652,
    "ACCESS_NETWORK_STATE":0.9561317165893701,
    "ACCESS_WIFI_STATE":0.9444719258554323,
    "READ_EXTERNAL_STORAGE":0.8648182418537145,
    "VIBRATE":0.8173102757320169,
    "REQUEST_INSTALL_PACKAGES":0.8157233288721375,
    "READ_PHONE_STATE":0.8112173539669904,
    "WAKE_LOCK":0.7984778367302864,
    "CAMERA":0.7792587049810541,
    "CHANGE_NETWORK_STATE":0.7038146988441899,
    "CHANGE_WIFI_STATE":0.6851329193544738,
    "ACCESS_FINE_LOCATION":0.675208224000562,
    "ACCESS_COARSE_LOCATION":0.6724536659225757,
    "MOUNT_UNMOUNT_FILESYSTEMS":0.6714655906229516,
    "GET_TASKS":0.6423682168693451,
    "RECORD_AUDIO":0.5407772524224791,
    "SYSTEM_ALERT_WINDOW":0.5317904125308535,
    "WRITE_SETTINGS":0.4987520370421519,
    "RECEIVE_BOOT_COMPLETED":0.4692541600857753,
    "FOREGROUND_SERVICE":0.4345936838510579,
    "FLASHLIGHT":0.4035766568152085,
    "MODIFY_AUDIO_SETTINGS":0.40312467827916704,
    "BLUETOOTH":0.388072537533051,
    "READ_LOGS":0.34824444003625876,
    "REORDER_TASKS":0.3336844536960544,
    "ACCESS_LOCATION_EXTRA_COMMANDS":0.3308194119759245,
    "CALL_PHONE":0.31701523418765637,
    "QUERY_ALL_PACKAGES":0.29215641470537274,
    "C2D_MESSAGE":0.291354152803899,
    "BROADCAST_STICKY":0.2669397788820561,
    "BLUETOOTH_ADMIN":0.21839728411119666,
    "READ_CONTACTS":0.20042611531981244,
    "ACCESS_BACKGROUND_LOCATION":0.1997443810279498,
    "RESTART_PACKAGES":0.19808210441206375,
    "KILL_BACKGROUND_PROCESSES":0.18814610959475095,
    "GET_ACCOUNTS":0.16339777375461076,
    "CHANGE_CONFIGURATION":0.15888301037792932,
    "DISABLE_KEYGUARD":0.15094702058260026,
    "MANAGE_ACCOUNTS":0.11513023259317663,
    "BATTERY_STATS":0.103098815062938,
    "USE_CREDENTIALS":0.08999269301366733,
    "USE_FINGERPRINT":0.0751364096331692,
    "INSTALL_SHORTCUT":0.0731376601071189,
    "EXPAND_STATUS_BAR":0.0731301271315182,
    "REQUEST_IGNORE_BATTERY_OPTIMIZATIONS":0.07274845636774982,
    "CHANGE_WIFI_MULTICAST_STATE":0.06982691733061476,
    "NFC":0.061467825405713515,
    "INSTALL_PACKAGES":0.06081998950405399,
    "UNINSTALL_SHORTCUT":0.0604358077484187,
    "WRITE_CONTACTS":0.05390095141481836,
    "READ_PRIVILEGED_PHONE_STATE":0.05089780514200914,
    "AUTHENTICATE_ACCOUNTS":0.049175264721317564,
    "READ_CALENDAR":0.04534349113243222,
    "WRITE_CALENDAR":0.04534349113243222,
    "CLEAR_APP_CACHE":0.04449854236922127,
    "ACCESS_NOTIFICATION_POLICY":0.04098817573929878,
    "SET_DEBUG_APP":0.04042194707331342,
    "BLUETOOTH_CONNECT":0.03871321710788978,
    "READ_PHONE_NUMBERS":0.03669312415097087,
    "RECEIVE_SMS":0.03626751102953177,
    "SET_WALLPAPER":0.03216078383122117,
    "READ_SMS":0.0303817460935244,
    "USE_FULL_SCREEN_INTENT":0.029732654695931435,
    "MANAGE_EXTERNAL_STORAGE":0.02828632338059857,
    "PROCESS_OUTGOING_CALLS":0.027859454763226023,
    "PACKAGE_USAGE_STATS":0.0276422539667394,
    "INTERACT_ACROSS_USERS_FULL":0.027404965235317602,
    "WRITE_SYNC_SETTINGS":0.027387388292249317,
    "READ_MEDIA_AUDIO":0.026114315415732364,
    "READ_MEDIA_VIDEO":0.026114315415732364,
    "GET_PACKAGE_SIZE":0.02609046099299684,
    "READ_HISTORY_BOOKMARKS":0.02577156502590088,
    "SEND_SMS":0.02544513608320422,
    "USE_BIOMETRIC":0.022374193029988772,
    "READ_CALL_LOG":0.020113044853847715,
    "WRITE_MEDIA_STORAGE":0.02000632769950458,
    "WRITE_SMS":0.0191350135216912,
    "SCHEDULE_EXACT_ALARM":0.018526097993968593,
    "READ_PROFILE":0.01614944419195026,
    "LOCAL_MAC_ADDRESS":0.015098594095653721,
    "WRITE_USER_DICTIONARY":0.015019497851846454,
    "READ_USER_DICTIONARY":0.013489048308972525,
    "WRITE_APN_SETTINGS":0.012470841106945652,
    "ACCESS_MEDIA_LOCATION":0.011898334961293059,
    "READ_SYNC_SETTINGS":0.011534241140592942,
    "MODIFY_PHONE_STATE":0.011047108718414859,
    "CAPTURE_VIDEO_OUTPUT":0.0110094438404114,
    "BLUETOOTH_SCAN":0.01045074815002674,
    "BLUETOOTH_ADVERTISE":0.01045074815002674,
    "CAPTURE_AUDIO_OUTPUT":0.010145662638198714,
    "CAPTURE_SECURE_VIDEO_OUTPUT":0.009904607418976568,
    "UPDATE_APP_OPS_STATS":0.009871964524706903,
    "DEVICE_POWER":0.008793493517874494,
    "MANAGE_USERS":0.007838061112520054,
    "ACTIVITY_RECOGNITION":0.006674216382213136,
    "MANAGE_DOCUMENTS":0.0063703863663185575,
    "SET_ALARM":0.005880742952273576,
    "REQUEST_PASSWORD_COMPLEXITY":0.0057012070337904164,
    "REQUEST_DELETE_PACKAGES":0.0057012070337904164,
    "RECEIVE_WAP_PUSH":0.005224118579079922,
    "RECEIVE_MMS":0.005224118579079922,
    "BLUETOOTH_PRIVILEGED":0.005224118579079922,
    "START_ACTIVITIES_FROM_BACKGROUND":0.005224118579079922,
    "SET_WALLPAPER_HINTS":0.005224118579079922,
    "GRANT_RUNTIME_PERMISSIONS":0.005224118579079922,
    "READ_SYNC_STATS":0.005028261213461929,
    "STOP_APP_SWITCHES":0.0043025845639285965,
    "ACCESS_SURFACE_FLINGER":0.0036936690362059914,
    "READ_FRAME_BUFFER":0.0036936690362059914,
    "MOUNT_FORMAT_FILESYSTEMS":0.002812310890925024,
    "INTERACT_ACROSS_USERS":0.0023289449565472853,
    "GET_TOP_ACTIVITY_INFO":0.0023289449565472853,
    "DELETE_PACKAGES":0.001367235071525603,
    "RECOVERY":0.0012818613480510934,
    "REBOOT":0.0012818613480510934,
    "MEDIA_CONTENT_CONTROL":0.0009403664541530548,
    "CHANGE_COMPONENT_ENABLED_STATE":0.0008298828120095719,
    "LOCATION_HARDWARE":0.0006177039992567463
}