{
    "INTERNET":1.0,
    "ACCESS_NETWORK_STATE":1.0,
    "ACCESS_WIFI_STATE":1.0,
    "WRITE_EXTERNAL_STORAGE":0.9876014521791658,
    "READ_EXTERNAL_STORAGE":0.9752029043583318,
    "READ_PHONE_STATE":0.8770282959622479,
    "REQUEST_INSTALL_PACKAGES":0.8768398954526694,
    "VIBRATE":0.860314479326782,
    "CAMERA":0.8272696280435652,
    "WAKE_LOCK":0.8001100498214679,
    "CHANGE_WIFI_STATE":0.7583957846133601,
    "ACCESS_COARSE_LOCATION":0.7096807957080568,
    "ACCESS_FINE_LOCATION":0.7001561032793648,
    "GET_TASKS":0.6739504895422761,
    "CHANGE_NETWORK_STATE":0.652864584890877,
    "RECORD_AUDIO":0.6411359055485443,
    "WRITE_SETTINGS":0.6109140714247264,
    "MOUNT_UNMOUNT_FILESYSTEMS":0.5404732142323125,
    "SYSTEM_ALERT_WINDOW":0.5399678223891576,
    "CALL_PHONE":0.506444493621297,
    "RECEIVE_BOOT_COMPLETED":0.4873173561726584,
    "FOREGROUND_SERVICE":0.47972152610393726,
    "BLUETOOTH":0.45915895620136726,
    "READ_LOGS":0.42524985496151246,
    "FLASHLIGHT":0.39468411514560664,
    "ACCESS_LOCATION_EXTRA_COMMANDS":0.37219567336734516,
    "MODIFY_AUDIO_SETTINGS":0.35898371382261646,
    "BLUETOOTH_ADMIN":0.2932588503382238,
    "C2D_MESSAGE":0.29195499919256923,
    "ACCESS_BACKGROUND_LOCATION":0.2696669198610023,
    "REORDER_TASKS":0.2423159506450474,
    "QUERY_ALL_PACKAGES":0.23262977206528823,
    "GET_ACCOUNTS":0.21876588694773227,
    "BROADCAST_STICKY":0.18451288001578975,
    "MANAGE_ACCOUNTS":0.1647906361956255,
    "READ_CONTACTS":0.12329766682416546,
    "CHANGE_CONFIGURATION":0.10602163914424301,
    "RESTART_PACKAGES":0.10235231493388038,
    "INSTALL_SHORTCUT":0.10015430898879762,
    "READ_SMS":0.09693056693600963,
    "KILL_BACKGROUND_PROCESSES":0.08717859770211187,
    "READ_PRIVILEGED_PHONE_STATE":0.0871696262492748,
    "UNINSTALL_SHORTCUT":0.08693337799123188,
    "DISABLE_KEYGUARD":0.07273754911870427,
    "READ_CALENDAR":0.06525834793686489,
    "WRITE_CALENDAR":0.06525834793686489,
    "RECEIVE_SMS":0.0644658696029235,
    "READ_PHONE_NUMBERS":0.06211534895961051,
    "NFC":0.06112848914753255,
    "WRITE_CONTACTS":0.057058440043780675,
    "BATTERY_STATS":0.05462717632493406,
    "USE_CREDENTIALS":0.05405001285908239,
    "EXPAND_STATUS_BAR":0.05398123172066484,
    "BLUETOOTH_PRIVILEGED":0.04830230207479799,
    "USE_FULL_SCREEN_INTENT":0.04377769936063445,
    "SEND_SMS":0.04063470038338008,
    "WRITE_SMS":0.04063470038338008,
    "ACCESS_NOTIFICATION_POLICY":0.04063470038338008,
    "BLUETOOTH_CONNECT":0.03956111652721041,
    "MANAGE_EXTERNAL_STORAGE":0.03718069104110719,
    "SET_WALLPAPER":0.03717171958827012,
    "SET_DEBUG_APP":0.037126862324084756,
    "USE_FINGERPRINT":0.031214674904454023,
    "AUTHENTICATE_ACCOUNTS":0.028968821210906888,
    "READ_CALL_LOG":0.028236152562545976,
    "WRITE_CALL_LOG":0.028236152562545976,
    "INTERACT_ACROSS_USERS_FULL":0.028236152562545976,
    "CAPTURE_VIDEO_OUTPUT":0.028236152562545976,
    "INSTALL_PACKAGES":0.027670951033810412,
    "CHANGE_COMPONENT_ENABLED_STATE":0.022975890715742502,
    "READ_FRAME_BUFFER":0.022975890715742502,
    "GET_PACKAGE_SIZE":0.021549429714647985,
    "PACKAGE_USAGE_STATS":0.017524237875081488,
    "LOCAL_MAC_ADDRESS":0.017524237875081488,
    "REQUEST_IGNORE_BATTERY_OPTIMIZATIONS":0.015272403212976307,
    "READ_PROFILE":0.013992475941553973,
    "MANAGE_FINGERPRINT":0.013992475941553973,
    "PROCESS_OUTGOING_CALLS":0.012398547820834105,
    "BLUETOOTH_SCAN":0.012398547820834105,
    "CHANGE_WIFI_MULTICAST_STATE":0.012398547820834105,
    "SET_ACTIVITY_WATCHER":0.012398547820834105,
    "GET_TOP_ACTIVITY_INFO":0.012398547820834105,
    "READ_USER_DICTIONARY":0.009150881893813882,
    "WRITE_USER_DICTIONARY":0.009150881893813882,
    "MANAGE_USERS":0.009150881893813882,
    "WRITE_SECURE_SETTINGS":0.009150881893813882,
    "UPDATE_DEVICE_STATS":0.009150881893813882,
    "DEVICE_POWER":0.009150881893813882,
    "READ_HISTORY_BOOKMARKS":0.0008223831767316397,
    "CAPTURE_AUDIO_OUTPUT":0.0008223831767316397
}