{
    "INTERNET":0.9877175232955532,
    "ACCESS_NETWORK_STATE":0.9824575843027414,
    "ACCESS_WIFI_STATE":0.9815319667284167,
    "WRITE_EXTERNAL_STORAGE":0.9758579689848468,
    "READ_EXTERNAL_STORAGE":0.9534696730455345,
    "VIBRATE":0.909402172605518,
    "READ_PHONE_STATE":0.895824337790901,
    "CAMERA":0.8804547808590889,
    "REQUEST_INSTALL_PACKAGES":0.8655106787904414,
    "CHANGE_WIFI_STATE":0.8373483525653274,
    "WAKE_LOCK":0.8292431841751042,
    "CHANGE_NETWORK_STATE":0.743253184896858,
    "GET_TASKS":0.7242406706992014,
    "SYSTEM_ALERT_WINDOW":0.7083696848215171,
    "WRITE_SETTINGS":0.6822637237683642,
    "ACCESS_COARSE_LOCATION":0.67790281142093,
    "ACCESS_FINE_LOCATION":0.6648947822266223,
    "FOREGROUND_SERVICE":0.6587332841190101,
    "RECORD_AUDIO":0.6483957439318859,
    "MOUNT_UNMOUNT_FILESYSTEMS":0.6258681621742764,
    "MODIFY_AUDIO_SETTINGS":0.5676872096365524,
    "RECEIVE_BOOT_COMPLETED":0.5230866243828685,
    "BLUETOOTH":0.4790887668520009,
    "FLASHLIGHT":0.4315568482405033,
    "ACCESS_LOCATION_EXTRA_COMMANDS":0.42790376109696443,
    "READ_LOGS":0.4270363903193821,
    "C2D_MESSAGE":0.3502430537529296,
    "REORDER_TASKS":0.3426152558490546,
    "QUERY_ALL_PACKAGES":0.32156157129597845,
    "CALL_PHONE":0.2460142096859357,
    "BLUETOOTH_ADMIN":0.2388384575741728,
    "BROADCAST_STICKY":0.2375241059433258,
    "ACCESS_BACKGROUND_LOCATION":0.2350397534387769,
    "READ_CONTACTS":0.2116675931283974,
    "RESTART_PACKAGES":0.2079676553005218,
    "DISABLE_KEYGUARD":0.1809601351325684,
    "INSTALL_SHORTCUT":0.175548247974341,
    "CHANGE_CONFIGURATION":0.16022934043100096,
    "MANAGE_ACCOUNTS":0.16018375598137619,
    "GET_ACCOUNTS":0.1430832561985354,
    "USE_CREDENTIALS":0.13653049156497746,
    "READ_CALENDAR":0.1256472042170681,
    "KILL_BACKGROUND_PROCESSES":0.12068862908566455,
    "WRITE_CALENDAR":0.12038726522425651,
    "EXPAND_STATUS_BAR":0.09220847794788936,
    "READ_PRIVILEGED_PHONE_STATE":0.08770448107802158,
    "NFC":0.08534675204465249,
    "SCHEDULE_EXACT_ALARM":0.0779316815723596,
    "UNINSTALL_SHORTCUT":0.07536502381154374,
    "REQUEST_IGNORE_BATTERY_OPTIMIZATIONS":0.07229567087014382,
    "WRITE_CONTACTS":0.07209940448981503,
    "SET_DEBUG_APP":0.07147641701161009,
    "SEND_SMS":0.07136372212226001,
    "CHANGE_WIFI_MULTICAST_STATE":0.06724845930891442,
    "INSTALL_PACKAGES":0.06620254943696872,
    "BLUETOOTH_CONNECT":0.06447287282065177,
    "READ_SMS":0.05835442669324071,
    "PROCESS_OUTGOING_CALLS":0.05214354543186834,
    "USE_FULL_SCREEN_INTENT":0.05112422648887042,
    "MANAGE_EXTERNAL_STORAGE":0.044401786403931394,
    "AUTHENTICATE_ACCOUNTS":0.04427896163688693,
    "INTERACT_ACROSS_USERS":0.044128279706182896,
    "SET_WALLPAPER":0.04384970806958719,
    "LOCAL_MAC_ADDRESS":0.04377626645630287,
    "READ_PHONE_NUMBERS":0.04266324614463185,
    "PACKAGE_USAGE_STATS":0.04259866817433012,
    "REAL_GET_TASKS":0.0422441224550265,
    "WRITE_SYNC_SETTINGS":0.03851632746349128,
    "READ_MEDIA_AUDIO":0.037246294047557235,
    "READ_MEDIA_VIDEO":0.037246294047557235,
    "ACCESS_MEDIA_LOCATION":0.035496357675851506,
    "INTERACT_ACROSS_USERS_FULL":0.03424531778059445,
    "READ_PROFILE":0.032034471973794,
    "USE_FINGERPRINT":0.031577361242834695,
    "BATTERY_STATS":0.031217750584683877,
    "ACCESS_NOTIFICATION_POLICY":0.03027313948968208,
    "WRITE_MEDIA_STORAGE":0.022333847846704558,
    "WRITE_APN_SETTINGS":0.022290795866503406,
    "MANAGE_DOCUMENTS":0.02142849002776852,
    "RECEIVE_SMS":0.01937212485580752,
    "READ_USER_DICTIONARY":0.019150533781242755,
    "DEVICE_POWER":0.017777935353653018,
    "BODY_SENSORS":0.016959947729831094,
    "SET_ALARM":0.01576335592718137,
    "LOCATION_HARDWARE":0.014695920065135112,
    "WRITE_USER_DICTIONARY":0.013872867502465991,
    "STATUS_BAR":0.013680399826272595,
    "INSTANT_APP_FOREGROUND_SERVICE":0.012043158343916942,
    "BIND_ACCESSIBILITY_SERVICE":0.011986177781886004,
    "ACTIVITY_RECOGNITION":0.01192413228100787,
    "STATUS_BAR_SERVICE":0.01170000873701951,
    "SET_WALLPAPER_HINTS":0.011482216366590142,
    "GET_TOP_ACTIVITY_INFO":0.011482216366590142,
    "UPDATE_DEVICE_STATS":0.011135268055557312,
    "READ_NETWORK_USAGE_HISTORY":0.011135268055557312,
    "ACCESS_MOCK_LOCATION":0.010537605271588351,
    "READ_HISTORY_BOOKMARKS":0.010519877985623169,
    "OVERRIDE_WIFI_CONFIG":0.010519877985623169,
    "GET_PACKAGE_SIZE":0.010519877985623169,
    "CALL_PRIVILEGED":0.010519877985623169,
    "READ_SYNC_SETTINGS":0.008612928509654406,
    "READ_SYNC_STATS":0.008612928509654406,
    "MOUNT_FORMAT_FILESYSTEMS":0.00742773281941087,
    "CLEAR_APP_CACHE":0.00724033008206467,
    "INJECT_EVENTS":0.005700588672517515,
    "READ_CALL_LOG":0.005259938992811584,
    "MANAGE_OWN_CALLS":0.005259938992811584,
    "BLUETOOTH_SCAN":0.005259938992811584,
    "TRANSMIT_IR":0.005259938992811584,
    "MODIFY_PHONE_STATE":0.005259938992811584,
    "REBOOT":0.005259938992811584,
    "BLUETOOTH_PRIVILEGED":0.004857276354459615,
    "WRITE_HISTORY_BOOKMARKS":0.003723996287399824,
    "INSTALL_LOCATION_PROVIDER":0.001980391089253086,
    "FORCE_STOP_PACKAGES":0.001980391089253086,
    "WRITE_SECURE_SETTINGS":0.001980391089253086,
    "UPDATE_APP_OPS_STATS":0.001980391089253086,
    "SET_ACTIVITY_WATCHER":0.001980391089253086,
    "STOP_APP_SWITCHES":0.001980391089253086,
    "GRANT_RUNTIME_PERMISSIONS":0.001980391089253086,
    "READ_FRAME_BUFFER":0.001980391089253086,
    "CAPTURE_VIDEO_OUTPUT":0.001980391089253086,
    "READ_DREAM_STATE":0.001980391089253086
}