{
    "INTERNET":0.989526355461871,
    "ACCESS_NETWORK_STATE":0.9816534033299537,
    "ACCESS_WIFI_STATE":0.9707570107796575,
    "WRITE_EXTERNAL_STORAGE":0.967381697262394,
    "READ_EXTERNAL_STORAGE":0.9595245877581514,
    "VIBRATE":0.9023802297347776,
    "READ_PHONE_STATE":0.8869836971022999,
    "WAKE_LOCK":0.873534973851326,
    "CAMERA":0.8705073643204013,
    "REQUEST_INSTALL_PACKAGES":0.8576323109557608,
    "ACCESS_COARSE_LOCATION":0.8318013234430867,
    "ACCESS_FINE_LOCATION":0.8217220769518119,
    "CHANGE_WIFI_STATE":0.8191514021559316,
    "CHANGE_NETWORK_STATE":0.7403301603607448,
    "MOUNT_UNMOUNT_FILESYSTEMS":0.7070989980788729,
    "GET_TASKS":0.7020143484177384,
    "WRITE_SETTINGS":0.6970722824056782,
    "RECORD_AUDIO":0.6557880623299002,
    "SYSTEM_ALERT_WINDOW":0.6102830327125247,
    "MODIFY_AUDIO_SETTINGS":0.5465439724638453,
    "ACCESS_LOCATION_EXTRA_COMMANDS":0.5394481429105072,
    "BLUETOOTH":0.5222814050909862,
    "RECEIVE_BOOT_COMPLETED":0.5197182346976891,
    "CALL_PHONE":0.5014541864560539,
    "FLASHLIGHT":0.49307260259352126,
    "FOREGROUND_SERVICE":0.48884595629435895,
    "READ_LOGS":0.408224491701798,
    "BLUETOOTH_ADMIN":0.4040853967661025,
    "READ_CONTACTS":0.3322665964032229,
    "REORDER_TASKS":0.27016683120764157,
    "QUERY_ALL_PACKAGES":0.24470105795399946,
    "ACCESS_BACKGROUND_LOCATION":0.2357474718501518,
    "GET_ACCOUNTS":0.23543312076418135,
    "C2D_MESSAGE":0.1967470916270877,
    "DISABLE_KEYGUARD":0.19580487219168563,
    "KILL_BACKGROUND_PROCESSES":0.18289896739420441,
    "RESTART_PACKAGES":0.18243786354661382,
    "CHANGE_CONFIGURATION":0.17865981375740414,
    "BROADCAST_STICKY":0.17353097150328173,
    "NFC":0.15704796814130934,
    "MANAGE_ACCOUNTS":0.14428798228293913,
    "CHANGE_WIFI_MULTICAST_STATE":0.13829613373178917,
    "WRITE_CONTACTS":0.13430962831527815,
    "INSTALL_SHORTCUT":0.10819013821441904,
    "INSTALL_PACKAGES":0.10459636319974375,
    "USE_CREDENTIALS":0.10368416137467303,
    "READ_PRIVILEGED_PHONE_STATE":0.09752804978920955,
    "USE_FINGERPRINT":0.09652079219808943,
    "REQUEST_IGNORE_BATTERY_OPTIMIZATIONS":0.088144211270612,
    "PROCESS_OUTGOING_CALLS":0.08637650755109653,
    "BLUETOOTH_PRIVILEGED":0.07719028496718067,
    "READ_CALENDAR":0.07666581060889048,
    "WRITE_CALENDAR":0.07516743155984838,
    "RECEIVE_SMS":0.07215232936656164,
    "READ_SMS":0.06005856769304653,
    "INTERACT_ACROSS_USERS_FULL":0.05941569053844916,
    "AUTHENTICATE_ACCOUNTS":0.055797734671006925,
    "SEND_SMS":0.053449690485084536,
    "UNINSTALL_SHORTCUT":0.0533079406585196,
    "ACCESS_NOTIFICATION_POLICY":0.05103910961097172,
    "WRITE_MEDIA_STORAGE":0.05101242729067715,
    "TRANSMIT_IR":0.04749786541437639,
    "READ_CALL_LOG":0.04612539356422429,
    "READ_PROFILE":0.04607036127861674,
    "EXPAND_STATUS_BAR":0.04497638614653926,
    "MANAGE_EXTERNAL_STORAGE":0.042058841186829565,
    "OVERRIDE_WIFI_CONFIG":0.04182120177170603,
    "SET_DEBUG_APP":0.03730938817439561,
    "BATTERY_STATS":0.037176810395431956,
    "READ_PHONE_NUMBERS":0.03168442152729598,
    "WRITE_SYNC_SETTINGS":0.030903129836170523,
    "USE_FULL_SCREEN_INTENT":0.029339712631410397,
    "ACCESS_MOCK_LOCATION":0.028165690538449195,
    "BLUETOOTH_CONNECT":0.028139008218154623,
    "CAPTURE_VIDEO_OUTPUT":0.026615614493836356,
    "READ_SYNC_SETTINGS":0.026005256417098003,
    "USE_BIOMETRIC":0.0235187976946475,
    "PACKAGE_USAGE_STATS":0.02193286728213883,
    "READ_MEDIA_AUDIO":0.02191118789689949,
    "READ_MEDIA_VIDEO":0.02191118789689949,
    "WRITE_CALL_LOG":0.01897029590693205,
    "ACCESS_MEDIA_LOCATION":0.018788522599925268,
    "SET_WALLPAPER":0.018660947756016847,
    "MANAGE_DOCUMENTS":0.01813397193019903,
    "GET_TOP_ACTIVITY_INFO":0.01671897513207747,
    "GET_PACKAGE_SIZE":0.016604741448316328,
    "ACTIVITY_RECOGNITION":0.01538652676236724,
    "READ_HISTORY_BOOKMARKS":0.015022146325844482,
    "SCHEDULE_EXACT_ALARM":0.014432633811836263,
    "CLEAR_APP_CACHE":0.013498752601526217,
    "WRITE_APN_SETTINGS":0.01343288062329899,
    "LOCATION_HARDWARE":0.013341993969795601,
    "BLUETOOTH_SCAN":0.013089345749506362,
    "READ_SYNC_STATS":0.012224671807460365,
    "INTERACT_ACROSS_USERS":0.012010379422594575,
    "DEVICE_POWER":0.011498412401942461,
    "WRITE_SECURE_SETTINGS":0.0109330807407012,
    "LOCAL_MAC_ADDRESS":0.010843861732216223,
    "RECEIVE_MMS":0.008705106996104373,
    "DELETE_PACKAGES":0.008453292598324343,
    "USE_SIP":0.008297367789102932,
    "BIND_NOTIFICATION_LISTENER_SERVICE":0.008128101819734238,
    "SET_TIME_ZONE":0.007576111318640261,
    "MEDIA_CONTENT_CONTROL":0.007576111318640261,
    "MODIFY_PHONE_STATE":0.007352646886173215,
    "REQUEST_DELETE_PACKAGES":0.007289276375473604,
    "CAPTURE_AUDIO_OUTPUT":0.006629722770692133,
    "STATUS_BAR":0.006527996424569073,
    "MOUNT_FORMAT_FILESYSTEMS":0.006402923048188265,
    "WRITE_SMS":0.006193633598377709,
    "REAL_GET_TASKS":0.006105248412401936,
    "UPDATE_APP_OPS_STATS":0.006105248412401936,
    "HARDWARE_TEST":0.005400668392123374,
    "INJECT_EVENTS":0.004636053151182023,
    "BODY_SENSORS":0.004628548748599174,
    "ADD_VOICEMAIL":0.003913962858210146,
    "READ_SOCIAL_STREAM":0.003913962858210146,
    "WRITE_HISTORY_BOOKMARKS":0.0037980615294305954,
    "REQUEST_PASSWORD_COMPLEXITY":0.0037980615294305954,
    "ACCESS_SURFACE_FLINGER":0.0037980615294305954,
    "ANSWER_PHONE_CALLS":0.0035787662095095756,
    "RECEIVE_WAP_PUSH":0.0034912148460430085,
    "MANAGE_CA_CERTIFICATES":0.0034912148460430085,
    "BIND_ACCESSIBILITY_SERVICE":0.0034912148460430085,
    "BIND_PRINT_SERVICE":0.0034912148460430085,
    "CAPTURE_SECURE_VIDEO_OUTPUT":0.0034912148460430085,
    "BIND_DREAM_SERVICE":0.0034912148460430085,
    "ACCESS_CHECKIN_PROPERTIES":0.0030968167991888545,
    "INSTALL_LOCATION_PROVIDER":0.002614033566358928,
    "FORCE_STOP_PACKAGES":0.002614033566358928,
    "SET_ACTIVITY_WATCHER":0.002614033566358928,
    "STOP_APP_SWITCHES":0.002614033566358928,
    "GRANT_RUNTIME_PERMISSIONS":0.002614033566358928,
    "READ_FRAME_BUFFER":0.002614033566358928,
    "READ_DREAM_STATE":0.002614033566358928,
    "INSTALL_GRANT_RUNTIME_PERMISSIONS":0.002468948449757188,
    "BLUETOOTH_ADVERTISE":0.002022019584823094,
    "START_ACTIVITIES_FROM_BACKGROUND":0.0019094535460803654,
    "PERSISTENT_ACTIVITY":0.0019094535460803654,
    "DELETE_CACHE_FILES":0.0019094535460803654,
    "READ_USER_DICTIONARY":0.0017560302043865717,
    "WRITE_USER_DICTIONARY":0.0017560302043865717,
    "UPDATE_DEVICE_STATS":0.0017560302043865717,
    "MANAGE_USERS":0.0002868349431666575
}