{
    "INTERNET":0.994235643779806,
    "ACCESS_NETWORK_STATE":0.9897564449079005,
    "ACCESS_WIFI_STATE":0.9859106680986887,
    "WRITE_EXTERNAL_STORAGE":0.9718256451910013,
    "READ_EXTERNAL_STORAGE":0.9458294866588167,
    "REQUEST_INSTALL_PACKAGES":0.8485830413092437,
    "VIBRATE":0.8361634444371417,
    "CAMERA":0.8290751499260457,
    "READ_PHONE_STATE":0.8143804044205957,
    "WAKE_LOCK":0.794202464528902,
    "ACCESS_COARSE_LOCATION":0.6525281404214825,
    "CHANGE_NETWORK_STATE":0.644731016459277,
    "CHANGE_WIFI_STATE":0.6378107726995077,
    "GET_TASKS":0.6140671405841474,
    "ACCESS_FINE_LOCATION":0.5829734425950469,
    "SYSTEM_ALERT_WINDOW":0.5321639442804024,
    "FOREGROUND_SERVICE":0.521294507864451,
    "MOUNT_UNMOUNT_FILESYSTEMS":0.5191206205812605,
    "WRITE_SETTINGS":0.4555845095988213,
    "RECORD_AUDIO":0.42978871927014217,
    "RECEIVE_BOOT_COMPLETED":0.4042083786226512,
    "REORDER_TASKS":0.39554299244525637,
    "QUERY_ALL_PACKAGES":0.3842501974057699,
    "FLASHLIGHT":0.3535949395178879,
    "MODIFY_AUDIO_SETTINGS":0.3310610573624001,
    "INSTALL_SHORTCUT":0.32408156494030393,
    "BLUETOOTH":0.27331192481667904,
    "UNINSTALL_SHORTCUT":0.2465616924003354,
    "ACCESS_LOCATION_EXTRA_COMMANDS":0.24082211289347827,
    "READ_LOGS":0.23690631493788036,
    "C2D_MESSAGE":0.2109123109025078,
    "RESTART_PACKAGES":0.20792186932761367,
    "USE_FINGERPRINT":0.19329822221695545,
    "SET_WALLPAPER":0.1905404662977448,
    "KILL_BACKGROUND_PROCESSES":0.18203559013283532,
    "DISABLE_KEYGUARD":0.16440318822438205,
    "BLUETOOTH_ADMIN":0.16290365844331126,
    "ACCESS_BACKGROUND_LOCATION":0.15559560525740299,
    "CALL_PHONE":0.15275597845934075,
    "READ_CONTACTS":0.14999068180128844,
    "PACKAGE_USAGE_STATS":0.1415569040311711,
    "GET_ACCOUNTS":0.13400754720233188,
    "MANAGE_ACCOUNTS":0.13355510287183636,
    "USE_CREDENTIALS":0.1268933987294931,
    "REQUEST_IGNORE_BATTERY_OPTIMIZATIONS":0.11929341122557463,
    "WRITE_SYNC_SETTINGS":0.11789406554625638,
    "BROADCAST_STICKY":0.11566092960073933,
    "MANAGE_EXTERNAL_STORAGE":0.105066191528303,
    "NFC":0.09942033263276269,
    "WRITE_CONTACTS":0.0991779517414258,
    "AUTHENTICATE_ACCOUNTS":0.09757716061019647,
    "EXPAND_STATUS_BAR":0.09027126192110006,
    "CHANGE_CONFIGURATION":0.09020662701674358,
    "CHANGE_WIFI_MULTICAST_STATE":0.08995455088975324,
    "READ_SYNC_STATS":0.08980589060973328,
    "READ_HISTORY_BOOKMARKS":0.0892769616424159,
    "READ_SYNC_SETTINGS":0.0839488910266284,
    "USE_BIOMETRIC":0.07997168991189176,
    "GET_PACKAGE_SIZE":0.0735017359858061,
    "BATTERY_STATS":0.06908609476985118,
    "RECEIVE_SMS":0.06661919592024475,
    "READ_CALENDAR":0.06639189650659107,
    "READ_SMS":0.06201611348165599,
    "WRITE_CALENDAR":0.05745181198568114,
    "WRITE_HISTORY_BOOKMARKS":0.05472421902183685,
    "DEVICE_POWER":0.054364418054252316,
    "INTERACT_ACROSS_USERS_FULL":0.05123393418658583,
    "WRITE_MEDIA_STORAGE":0.05122531619933829,
    "REQUEST_DELETE_PACKAGES":0.04962452506810897,
    "ACTIVITY_RECOGNITION":0.04709514581095793,
    "SET_ALARM":0.04412948094940052,
    "SEND_SMS":0.042257223219873886,
    "OVERRIDE_WIFI_CONFIG":0.041454673157447344,
    "CLEAR_APP_CACHE":0.04007256345262418,
    "READ_CALL_LOG":0.03966213180996041,
    "READ_PRIVILEGED_PHONE_STATE":0.03959857415400985,
    "INSTALL_PACKAGES":0.03717368799223515,
    "PROCESS_OUTGOING_CALLS":0.03651118022258102,
    "SET_DEBUG_APP":0.036441159076194815,
    "UPDATE_APP_OPS_STATS":0.0351947826705203,
    "WRITE_APN_SETTINGS":0.031060303288516174,
    "USE_FULL_SCREEN_INTENT":0.03015649187593111,
    "WRITE_CALL_LOG":0.028860562043583282,
    "WRITE_SMS":0.02815927333131525,
    "ACCESS_NOTIFICATION_POLICY":0.02787272525533477,
    "READ_PHONE_NUMBERS":0.023780258561162365,
    "ACCOUNT_MANAGER":0.022895837619884254,
    "CLEAR_APP_USER_DATA":0.022895837619884254,
    "DELETE_PACKAGES":0.022895837619884254,
    "ACCESS_MEDIA_LOCATION":0.022333513951982704,
    "RECEIVE_MMS":0.02231843247429952,
    "ADD_VOICEMAIL":0.02178196276814057,
    "USE_SIP":0.02178196276814057,
    "READ_PROFILE":0.020413857292594647,
    "READ_CELL_BROADCASTS":0.018416638747978793,
    "WRITE_PROFILE":0.018416638747978793,
    "READ_SOCIAL_STREAM":0.018416638747978793,
    "WRITE_SOCIAL_STREAM":0.018416638747978793,
    "READ_USER_DICTIONARY":0.018416638747978793,
    "WRITE_USER_DICTIONARY":0.018416638747978793,
    "SUBSCRIBED_FEEDS_READ":0.018416638747978793,
    "SUBSCRIBED_FEEDS_WRITE":0.018416638747978793,
    "BIND_DIRECTORY_SEARCH":0.018416638747978793,
    "TRANSMIT_IR":0.018416638747978793,
    "GET_INTENT_SENDER_INTENT":0.018416638747978793,
    "SET_TIME_ZONE":0.018416638747978793,
    "PERSISTENT_ACTIVITY":0.018416638747978793,
    "BIND_APPWIDGET":0.018416638747978793,
    "ACCESS_CACHE_FILESYSTEM":0.018416638747978793,
    "READ_INSTALL_SESSIONS":0.018416638747978793,
    "ACCESS_MOCK_LOCATION":0.01651314081467986,
    "REAL_GET_TASKS":0.01569443202616419,
    "INTERACT_ACROSS_USERS":0.014725985709222629,
    "BODY_SENSORS":0.014652732817618596,
    "SCHEDULE_EXACT_ALARM":0.014505149786004588,
    "SET_WALLPAPER_HINTS":0.013955753098974337,
    "RECEIVE_WAP_PUSH":0.012841878247230648,
    "GET_TOP_ACTIVITY_INFO":0.010801569766377124,
    "CAPTURE_VIDEO_OUTPUT":0.010801569766377124,
    "HIDE_OVERLAY_WINDOWS":0.009362365896039055,
    "BIND_AUTOFILL_SERVICE":0.009362365896039055,
    "CHANGE_COMPONENT_ENABLED_STATE":0.009312812469365737,
    "STOP_APP_SWITCHES":0.00928157226559343,
    "SET_TIME":0.008940084520909919,
    "MOUNT_FORMAT_FILESYSTEMS":0.008940084520909919,
    "GRANT_RUNTIME_PERMISSIONS":0.008940084520909919,
    "ANSWER_PHONE_CALLS":0.008599674024632352,
    "MODIFY_PHONE_STATE":0.008599674024632352,
    "CAPTURE_AUDIO_OUTPUT":0.00784452289206724,
    "DELETE_CACHE_FILES":0.006322370894471661,
    "REQUEST_COMPANION_USE_DATA_IN_BACKGROUND":0.005176178590549725,
    "READ_NETWORK_USAGE_HISTORY":0.005044754285024841,
    "BLUETOOTH_SCAN":0.004479198871905464,
    "BLUETOOTH_CONNECT":0.004479198871905464,
    "WRITE_SECURE_SETTINGS":0.004479198871905464,
    "STATUS_BAR":0.004479198871905464,
    "STATUS_BAR_SERVICE":0.004479198871905464,
    "ACCESS_SURFACE_FLINGER":0.004479198871905464,
    "CAPTURE_SECURE_VIDEO_OUTPUT":0.004479198871905464,
    "INJECT_EVENTS":0.004142020120845721,
    "READ_MEDIA_AUDIO":0.002971051103587126,
    "READ_MEDIA_VIDEO":0.002971051103587126,
    "MANAGE_DOCUMENTS":0.0029268839189435175,
    "LOCAL_MAC_ADDRESS":0.0017386789271898553,
    "BIND_JOB_SERVICE":0.0012851573482884123,
    "INTERACT_ACROSS_PROFILES":0.0011483468007338204,
    "INSTANT_APP_FOREGROUND_SERVICE":0.0009479785972286696,
    "PEERS_MAC_ADDRESS":0.0007012887122680272,
    "CONTROL_VPN":0.00046213956614897647
}