{
    "INTERNET":0.9855544031305168,
    "ACCESS_NETWORK_STATE":0.9855544031305168,
    "ACCESS_WIFI_STATE":0.9494641223569438,
    "WRITE_EXTERNAL_STORAGE":0.9359317968346045,
    "READ_PHONE_STATE":0.8837514188595887,
    "WAKE_LOCK":0.8036481901317741,
    "READ_EXTERNAL_STORAGE":0.7786288385697284,
    "VIBRATE":0.7715628413294292,
    "REQUEST_INSTALL_PACKAGES":0.74753171973431,
    "RECORD_AUDIO":0.6536514026440503,
    "ACCESS_COARSE_LOCATION":0.6034643120481445,
    "CHANGE_NETWORK_STATE":0.5746373685547056,
    "GET_TASKS":0.5429038663350125,
    "ACCESS_FINE_LOCATION":0.5415637897854342,
    "CAMERA":0.5193638001878548,
    "WRITE_SETTINGS":0.477556777330065,
    "CHANGE_WIFI_STATE":0.44941669955667257,
    "QUERY_ALL_PACKAGES":0.41842513469604997,
    "FOREGROUND_SERVICE":0.37079734554699856,
    "MOUNT_UNMOUNT_FILESYSTEMS":0.34622162663264405,
    "MODIFY_AUDIO_SETTINGS":0.345164557116938,
    "SYSTEM_ALERT_WINDOW":0.326288752841543,
    "BLUETOOTH":0.3234862183223338,
    "REORDER_TASKS":0.3071957215455546,
    "READ_LOGS":0.2808362934339304,
    "RECEIVE_BOOT_COMPLETED":0.26229856783143146,
    "ACCESS_LOCATION_EXTRA_COMMANDS":0.2409873732969857,
    "BLUETOOTH_ADMIN":0.2324313822675438,
    "FLASHLIGHT":0.15598276869605635,
    "CALL_PHONE":0.12958815592616713,
    "ACCESS_BACKGROUND_LOCATION":0.12691565166576396,
    "READ_CONTACTS":0.0893736212968146,
    "C2D_MESSAGE":0.0883349089941164,
    "KILL_BACKGROUND_PROCESSES":0.07721502721456819,
    "GET_ACCOUNTS":0.0698277787466306,
    "CHANGE_WIFI_MULTICAST_STATE":0.06577083467188002,
    "DISABLE_KEYGUARD":0.058548801121013724,
    "INSTALL_SHORTCUT":0.05676662169149472,
    "READ_PRIVILEGED_PHONE_STATE":0.05661211514867804,
    "MANAGE_EXTERNAL_STORAGE":0.05631075090179801,
    "RESTART_PACKAGES":0.056306161598546026,
    "CHANGE_CONFIGURATION":0.05221862216878226,
    "MANAGE_ACCOUNTS":0.048813359155812905,
    "EXPAND_STATUS_BAR":0.04746257423198005,
    "READ_SMS":0.04288550912200503,
    "NFC":0.03790917462910776,
    "BLUETOOTH_CONNECT":0.036338103149179846,
    "BROADCAST_STICKY":0.035628290912873554,
    "SEND_SMS":0.03345755047468689,
    "BLUETOOTH_SCAN":0.028081946598867324,
    "WRITE_MEDIA_STORAGE":0.027728570248464847,
    "READ_CALENDAR":0.026559827686960535,
    "WRITE_CALENDAR":0.026559827686960535,
    "WRITE_CONTACTS":0.0253880255899549,
    "INSTALL_PACKAGES":0.021175045204637005,
    "SCHEDULE_EXACT_ALARM":0.02113527124311984,
    "PACKAGE_USAGE_STATS":0.02113527124311984,
    "USE_CREDENTIALS":0.020091969637169662,
    "READ_PHONE_NUMBERS":0.01927660342606783,
    "SET_WALLPAPER":0.019041019192466174,
    "WRITE_SMS":0.014603162947801245,
    "AUTHENTICATE_ACCOUNTS":0.014603162947801245,
    "WRITE_SYNC_SETTINGS":0.014603162947801245,
    "READ_MEDIA_AUDIO":0.014546561541026822,
    "READ_MEDIA_VIDEO":0.014546561541026822,
    "PROCESS_OUTGOING_CALLS":0.014309447539674508,
    "READ_CALL_LOG":0.01350631947057796,
    "UNINSTALL_SHORTCUT":0.013282973378981587,
    "OVERRIDE_WIFI_CONFIG":0.01269401279497745,
    "BLUETOOTH_PRIVILEGED":0.01269401279497745,
    "REQUEST_IGNORE_BATTERY_OPTIMIZATIONS":0.01186334890636902,
    "SET_DEBUG_APP":0.011835813086857138,
    "RECEIVE_SMS":0.00939889306005561,
    "ACTIVITY_RECOGNITION":0.008563639868195201,
    "MEDIA_CONTENT_CONTROL":0.00825615655031252,
    "CAPTURE_AUDIO_OUTPUT":0.007986917426196345,
    "USE_FULL_SCREEN_INTENT":0.007489742907231814,
    "USE_FINGERPRINT":0.007174610750595835,
    "ACCESS_MEDIA_LOCATION":0.007159313073089235,
    "ACCESS_NOTIFICATION_POLICY":0.007159313073089235,
    "START_VIEW_PERMISSION_USAGE":0.006935966981492861,
    "INTERACT_ACROSS_USERS_FULL":0.006414316178517769,
    "HARDWARE_TEST":0.006347006397488725,
    "READ_SYNC_STATS":0.006347006397488725,
    "GET_PACKAGE_SIZE":0.006347006397488725,
    "CLEAR_APP_CACHE":0.006347006397488725,
    "WRITE_SECURE_SETTINGS":0.006347006397488725,
    "BIND_NFC_SERVICE":0.006347006397488725,
    "DELETE_PACKAGES":0.006347006397488725,
    "MANAGE_FINGERPRINT":0.006347006397488725,
    "WRITE_APN_SETTINGS":0.00609918402188179,
    "SET_ALARM":0.0016276728867023387,
    "CAPTURE_VIDEO_OUTPUT":0.0011427365097430894,
    "DEVICE_POWER":0.0008276043531071103
}