{
    "INTERNET":0.9963570601314233,
    "ACCESS_NETWORK_STATE":0.9963570601314233,
    "ACCESS_WIFI_STATE":0.9734576961904585,
    "WRITE_EXTERNAL_STORAGE":0.9466044852381043,
    "READ_EXTERNAL_STORAGE":0.9216179558165032,
    "VIBRATE":0.8723534184302292,
    "READ_PHONE_STATE":0.8481546855936039,
    "REQUEST_INSTALL_PACKAGES":0.8325189052600289,
    "CAMERA":0.7989842874218863,
    "WAKE_LOCK":0.7672184958783128,
    "CHANGE_WIFI_STATE":0.7607934944848048,
    "ACCESS_COARSE_LOCATION":0.7413661334175634,
    "ACCESS_FINE_LOCATION":0.7404928683351607,
    "GET_TASKS":0.6916061264809897,
    "WRITE_SETTINGS":0.6901742194806244,
    "CHANGE_NETWORK_STATE":0.672180004087624,
    "MOUNT_UNMOUNT_FILESYSTEMS":0.5992766144565631,
    "SYSTEM_ALERT_WINDOW":0.5251890526002863,
    "RECORD_AUDIO":0.4938382168050887,
    "ACCESS_LOCATION_EXTRA_COMMANDS":0.47619454611892525,
    "BLUETOOTH":0.4498479527817521,
    "MODIFY_AUDIO_SETTINGS":0.4045632745582581,
    "FOREGROUND_SERVICE":0.3937149687544518,
    "RECEIVE_BOOT_COMPLETED":0.3787245375101419,
    "FLASHLIGHT":0.36085418950471637,
    "REORDER_TASKS":0.344127137486607,
    "CALL_PHONE":0.3371880864346632,
    "READ_LOGS":0.2920830159231529,
    "BLUETOOTH_ADMIN":0.2554727708515265,
    "READ_CONTACTS":0.2365086738138151,
    "QUERY_ALL_PACKAGES":0.23535299108774163,
    "RESTART_PACKAGES":0.17237509522305425,
    "GET_ACCOUNTS":0.16093346463276426,
    "BROADCAST_STICKY":0.15789004292004985,
    "USE_FINGERPRINT":0.15484290518570823,
    "CHANGE_CONFIGURATION":0.15307655623889074,
    "C2D_MESSAGE":0.1528015706384745,
    "MANAGE_ACCOUNTS":0.12276744517319764,
    "DISABLE_KEYGUARD":0.11750679722289321,
    "ACCESS_BACKGROUND_LOCATION":0.11494150362621784,
    "KILL_BACKGROUND_PROCESSES":0.1141747644971294,
    "NFC":0.11175935043941959,
    "READ_SMS":0.10705115103769906,
    "INSTALL_SHORTCUT":0.1054928993020073,
    "INSTALL_PACKAGES":0.07856660659098372,
    "USE_CREDENTIALS":0.07834116794559746,
    "RECEIVE_SMS":0.07737500232251354,
    "WRITE_CONTACTS":0.0709747744065204,
    "UNINSTALL_SHORTCUT":0.06962709722970589,
    "EXPAND_STATUS_BAR":0.06922576689396337,
    "READ_PRIVILEGED_PHONE_STATE":0.06676699925060234,
    "BATTERY_STATS":0.06253073459554204,
    "READ_CALENDAR":0.061978286046958146,
    "REQUEST_IGNORE_BATTERY_OPTIMIZATIONS":0.05961985098753276,
    "PACKAGE_USAGE_STATS":0.057061989434111865,
    "WRITE_CALENDAR":0.056826641397719625,
    "CLEAR_APP_CACHE":0.05318989489852167,
    "READ_CALL_LOG":0.050957804574422644,
    "SEND_SMS":0.050198497488588734,
    "READ_PHONE_NUMBERS":0.04988139697639709,
    "USE_FULL_SCREEN_INTENT":0.04811257068182806,
    "SET_DEBUG_APP":0.04661872998767522,
    "INTERACT_ACROSS_USERS_FULL":0.042046784712287046,
    "USE_BIOMETRIC":0.041901859868824456,
    "CHANGE_WIFI_MULTICAST_STATE":0.041296148343583375,
    "AUTHENTICATE_ACCOUNTS":0.03548800654019808,
    "MOUNT_FORMAT_FILESYSTEMS":0.03532450158859926,
    "SET_WALLPAPER":0.033679542681605085,
    "GET_PACKAGE_SIZE":0.029817357537020882,
    "WRITE_SMS":0.025520397862048905,
    "MANAGE_EXTERNAL_STORAGE":0.025486953667403688,
    "REQUEST_DELETE_PACKAGES":0.024505923957810778,
    "BLUETOOTH_CONNECT":0.024110786991446965,
    "READ_PROFILE":0.024084774840056243,
    "SCHEDULE_EXACT_ALARM":0.023539758334726848,
    "CAPTURE_VIDEO_OUTPUT":0.022003802728798556,
    "WRITE_MEDIA_STORAGE":0.019019837362120123,
    "CAPTURE_AUDIO_OUTPUT":0.01685215807956003,
    "ACCESS_MOCK_LOCATION":0.015831490805943163,
    "WRITE_SYNC_SETTINGS":0.015419012405318873,
    "READ_HISTORY_BOOKMARKS":0.014887621312622711,
    "SET_ALARM":0.013121272365805172,
    "READ_SYNC_SETTINGS":0.013121272365805172,
    "ACCESS_NOTIFICATION_POLICY":0.012601029337990753,
    "BODY_SENSORS":0.012033716702897882,
    "REAL_GET_TASKS":0.011700513430321502,
    "INTERACT_ACROSS_USERS":0.010272322451583339,
    "PROCESS_OUTGOING_CALLS":0.010184376606405187,
    "READ_SYNC_STATS":0.007969627716566646,
    "LOCAL_MAC_ADDRESS":0.007449384688752224,
    "USE_SIP":0.007402315081473777,
    "WRITE_APN_SETTINGS":0.007366393539077067,
    "MANAGE_FINGERPRINT":0.007366393539077067,
    "INSTALL_LOCATION_PROVIDER":0.007269776976768674,
    "STATUS_BAR":0.007269776976768674,
    "STATUS_BAR_SERVICE":0.007269776976768674,
    "ACTIVITY_RECOGNITION":0.005151644649238527,
    "WRITE_HISTORY_BOOKMARKS":0.005151644649238527,
    "MANAGE_DOCUMENTS":0.005151644649238527,
    "SET_WALLPAPER_HINTS":0.005151644649238527,
    "INTERNAL_SYSTEM_WINDOW":0.005151644649238527,
    "GET_TOP_ACTIVITY_INFO":0.005151644649238527,
    "DELETE_CACHE_FILES":0.005151644649238527,
    "DEVICE_POWER":0.005151644649238527,
    "CALL_PRIVILEGED":0.005151644649238527,
    "LOCATION_HARDWARE":0.004584332014145657,
    "MEDIA_CONTENT_CONTROL":0.0038696171878387017,
    "STOP_APP_SWITCHES":0.0033481354861485306,
    "RECEIVE_WAP_PUSH":0.0028179830673281197,
    "RECEIVE_MMS":0.0028179830673281197,
    "READ_CELL_BROADCASTS":0.0028179830673281197,
    "WRITE_CALL_LOG":0.0028179830673281197,
    "ADD_VOICEMAIL":0.0028179830673281197,
    "WRITE_PROFILE":0.0028179830673281197,
    "READ_SOCIAL_STREAM":0.0028179830673281197,
    "WRITE_SOCIAL_STREAM":0.0028179830673281197,
    "READ_USER_DICTIONARY":0.0028179830673281197,
    "WRITE_USER_DICTIONARY":0.0028179830673281197,
    "TRANSMIT_IR":0.0028179830673281197,
    "PERSISTENT_ACTIVITY":0.0028179830673281197,
    "BIND_JOB_SERVICE":0.0028179830673281197,
    "READ_INSTALL_SESSIONS":0.0028179830673281197,
    "UPDATE_APP_OPS_STATS":0.0022977400395136974,
    "READ_INPUT_STATE":0.0022977400395136974,
    "ACCESS_MEDIA_LOCATION":0.0022605798232412386,
    "CHANGE_COMPONENT_ENABLED_STATE":0.0019162284857831215,
    "READ_FRAME_BUFFER":0.0019162284857831215
}