{
    "INTERNET":0.9996312687709128,
    "ACCESS_NETWORK_STATE":0.9943061248977298,
    "WRITE_EXTERNAL_STORAGE":0.9905293499479995,
    "ACCESS_WIFI_STATE":0.978690659584609,
    "READ_EXTERNAL_STORAGE":0.9569334013974906,
    "REQUEST_INSTALL_PACKAGES":0.8217124059622029,
    "READ_PHONE_STATE":0.8194782574003913,
    "WAKE_LOCK":0.741457751712713,
    "VIBRATE":0.7409173488950022,
    "CAMERA":0.7330153177601827,
    "CHANGE_NETWORK_STATE":0.6333436396734262,
    "CHANGE_WIFI_STATE":0.5572384207060155,
    "ACCESS_COARSE_LOCATION":0.5563867120145668,
    "GET_TASKS":0.5286662840324603,
    "RECORD_AUDIO":0.48861360986966623,
    "MOUNT_UNMOUNT_FILESYSTEMS":0.4729455550205946,
    "ACCESS_FINE_LOCATION":0.47190524937263273,
    "FOREGROUND_SERVICE":0.42134524637441934,
    "WRITE_SETTINGS":0.4157181660275863,
    "QUERY_ALL_PACKAGES":0.4071539298739642,
    "SYSTEM_ALERT_WINDOW":0.39588647067695387,
    "REORDER_TASKS":0.35930833275151997,
    "RECEIVE_BOOT_COMPLETED":0.33477078064934773,
    "BLUETOOTH":0.27352996379482647,
    "MODIFY_AUDIO_SETTINGS":0.2560191595164558,
    "READ_LOGS":0.25237567183887766,
    "FLASHLIGHT":0.22480938560008065,
    "ACCESS_LOCATION_EXTRA_COMMANDS":0.2207333943251081,
    "C2D_MESSAGE":0.1467390105248587,
    "BLUETOOTH_ADMIN":0.13389718987512497,
    "EXPAND_STATUS_BAR":0.11362634167542204,
    "GET_ACCOUNTS":0.10673016097535926,
    "ACCESS_BACKGROUND_LOCATION":0.10529271365934478,
    "CALL_PHONE":0.10393324393112109,
    "RESTART_PACKAGES":0.0970125818953549,
    "READ_CONTACTS":0.0963721380638504,
    "BROADCAST_STICKY":0.09470408261030042,
    "KILL_BACKGROUND_PROCESSES":0.08985436023166982,
    "SET_WALLPAPER":0.07744806556645539,
    "INSTALL_SHORTCUT":0.07718360669313483,
    "DISABLE_KEYGUARD":0.07648966660954164,
    "READ_PRIVILEGED_PHONE_STATE":0.07016713498554975,
    "MANAGE_EXTERNAL_STORAGE":0.06653513237904317,
    "CHANGE_CONFIGURATION":0.06539841258183329,
    "MANAGE_ACCOUNTS":0.06520377085106936,
    "UNINSTALL_SHORTCUT":0.05619615050641469,
    "USE_CREDENTIALS":0.05422283395337472,
    "AUTHENTICATE_ACCOUNTS":0.05290809555458105,
    "READ_CALENDAR":0.04900105571982107,
    "INSTALL_PACKAGES":0.0444717063762988,
    "WRITE_CALENDAR":0.0437913670347621,
    "REQUEST_IGNORE_BATTERY_OPTIMIZATIONS":0.043282699281849524,
    "CHANGE_WIFI_MULTICAST_STATE":0.042246927214570004,
    "WRITE_SYNC_SETTINGS":0.04116189023717477,
    "USE_FINGERPRINT":0.03882256260345912,
    "NFC":0.038335051560412184,
    "PACKAGE_USAGE_STATS":0.03815642848140366,
    "READ_SYNC_SETTINGS":0.03391541486947888,
    "ACCESS_MEDIA_LOCATION":0.03342004561991042,
    "ACCESS_NOTIFICATION_POLICY":0.03291016891214837,
    "WRITE_CONTACTS":0.03216273257646635,
    "WRITE_APN_SETTINGS":0.029518143843260698,
    "GET_PACKAGE_SIZE":0.028286823329080134,
    "WRITE_MEDIA_STORAGE":0.0277588122985761,
    "SET_WALLPAPER_HINTS":0.02450279465025329,
    "READ_SMS":0.02353109718999544,
    "READ_PROFILE":0.022907880965096005,
    "USE_FULL_SCREEN_INTENT":0.022835645912840444,
    "READ_SYNC_STATS":0.021732474612703223,
    "INTERACT_ACROSS_USERS_FULL":0.020977180070499684,
    "DEVICE_POWER":0.02077407565578949,
    "READ_MEDIA_VIDEO":0.019887307273706585,
    "READ_MEDIA_AUDIO":0.019850434150797888,
    "READ_PHONE_NUMBERS":0.0195089044058239,
    "SET_ALARM":0.019116900795884732,
    "SEND_SMS":0.018703438237367552,
    "RECEIVE_SMS":0.018328964472745624,
    "BATTERY_STATS":0.01670533810991353,
    "PROCESS_OUTGOING_CALLS":0.014940264029693982,
    "READ_HISTORY_BOOKMARKS":0.014345760482469348,
    "INTERACT_ACROSS_USERS":0.014208846345767386,
    "REQUEST_DELETE_PACKAGES":0.013471988365018197,
    "CLEAR_APP_CACHE":0.013262536937348308,
    "READ_USER_DICTIONARY":0.013194230988353511,
    "ACCESS_CACHE_FILESYSTEM":0.012733619190707176,
    "BODY_SENSORS":0.011827205292320458,
    "MODIFY_PHONE_STATE":0.011662485194080792,
    "DELETE_PACKAGES":0.011501391960389521,
    "GET_TOP_ACTIVITY_INFO":0.011349668126781606,
    "ACTIVITY_RECOGNITION":0.011232701745095825,
    "WRITE_USER_DICTIONARY":0.011166209228375227,
    "ADD_VOICEMAIL":0.011110899544012181,
    "WRITE_HISTORY_BOOKMARKS":0.01067235117236859,
    "CLEAR_APP_USER_DATA":0.010617041488005546,
    "WRITE_PROFILE":0.01058016836509685,
    "SET_DEBUG_APP":0.010568683294026927,
    "READ_SOCIAL_STREAM":0.010561731803642503,
    "SUBSCRIBED_FEEDS_READ":0.010561731803642503,
    "SUBSCRIBED_FEEDS_WRITE":0.010561731803642503,
    "UPDATE_APP_OPS_STATS":0.010207810271461493,
    "USE_SIP":0.010194209529405007,
    "PERSISTENT_ACTIVITY":0.010120463283587615,
    "ACCOUNT_MANAGER":0.010102026722133266,
    "WRITE_SOCIAL_STREAM":0.010083590160678918,
    "BIND_APPWIDGET":0.010065153599224571,
    "READ_CALL_LOG":0.009916149914027955,
    "INJECT_EVENTS":0.009278728469647298,
    "USE_BIOMETRIC":0.008974978563719102,
    "BLUETOOTH_CONNECT":0.008887631575845226,
    "TRANSMIT_IR":0.008628612999347255,
    "ACCESS_MOCK_LOCATION":0.008439713804118279,
    "READ_CELL_BROADCASTS":0.007284557445454045,
    "READ_INSTALL_SESSIONS":0.007284557445454045,
    "BIND_NOTIFICATION_LISTENER_SERVICE":0.007230154477228099,
    "GET_INTENT_SENDER_INTENT":0.007224109702980773,
    "BIND_DIRECTORY_SEARCH":0.007205673141526424,
    "SCHEDULE_EXACT_ALARM":0.007055460501480341,
    "WRITE_SECURE_SETTINGS":0.006568856174570501,
    "SET_TIME_ZONE":0.006210401061703997,
    "WRITE_SMS":0.005925692194654883,
    "WRITE_CALL_LOG":0.005680576598925765,
    "BLUETOOTH_PRIVILEGED":0.005259860311311788,
    "ANSWER_PHONE_CALLS":0.005022602922104195,
    "SET_TIME":0.004425076987755899,
    "MANAGE_DOCUMENTS":0.004254916592693637,
    "BIND_ACCESSIBILITY_SERVICE":0.0041479240885159445,
    "CAPTURE_VIDEO_OUTPUT":0.0039478420609294134,
    "REAL_GET_TASKS":0.003923662963940105,
    "HARDWARE_TEST":0.0035860623222268794,
    "CAPTURE_AUDIO_OUTPUT":0.003428293714371638,
    "RECEIVE_MMS":0.00332764822315364,
    "RECEIVE_WAP_PUSH":0.0032354654158819,
    "STATUS_BAR_SERVICE":0.003184084834779618,
    "MEDIA_CONTENT_CONTROL":0.003043846072241627,
    "STATUS_BAR":0.0029187192453219526,
    "DELETE_CACHE_FILES":0.0028223050960770836,
    "BIND_VPN_SERVICE":0.002817469276679222,
    "BIND_INPUT_METHOD":0.0027485588502596916,
    "BIND_WALLPAPER":0.0027485588502596916,
    "BIND_JOB_SERVICE":0.0024550850605519546,
    "START_ACTIVITIES_FROM_BACKGROUND":0.0021192978511129267,
    "CAPTURE_SECURE_VIDEO_OUTPUT":0.0019143800041285335,
    "READ_VOICEMAIL":0.0013948316575707583,
    "READ_CLIPBOARD_IN_BACKGROUND":0.0012887458695301653,
    "SET_PREFERRED_APPLICATIONS":0.0012703093080758173,
    "DIAGNOSTIC":0.0012703093080758173,
    "UPDATE_DEVICE_STATS":0.0012373652884278838,
    "WRITE_VOICEMAIL":0.0009166900146071745,
    "GET_ACCOUNTS_PRIVILEGED":0.0009166900146071745,
    "INTERNAL_SYSTEM_WINDOW":0.0009166900146071745,
    "CONTROL_INCALL_EXPERIENCE":0.0008982534531528265,
    "ALLOW_ANY_CODEC_FOR_PLAYBACK":0.0008982534531528265,
    "LOCATION_HARDWARE":0.0008725631626016855,
    "BLUETOOTH_SCAN":0.0007362535033244564,
    "START_VIEW_PERMISSION_USAGE":0.000694846799730265,
    "REQUEST_COMPANION_USE_DATA_IN_BACKGROUND":0.0006791303866872143,
    "LOCAL_MAC_ADDRESS":0.000560350572727234,
    "OVERRIDE_WIFI_CONFIG":0.00047935059781304914,
    "SET_ANIMATION_SCALE":0.0004781416429635839,
    "SET_PROCESS_LIMIT":0.0004781416429635839,
    "SET_ALWAYS_FINISH":0.0004781416429635839,
    "MOUNT_FORMAT_FILESYSTEMS":0.00035029466763261284,
    "GRANT_RUNTIME_PERMISSIONS":0.00032067527382070946,
    "SIGNAL_PERSISTENT_PROCESSES":0.00026536558945766534,
    "MANAGE_USERS":0.00024692902800331734,
    "SYSTEM_CAMERA":0.00022849246654896928,
    "CAMERA_OPEN_CLOSE_LISTENER":0.00022849246654896928,
    "ACCESS_CONTEXT_HUB":0.00022849246654896928,
    "CREATE_USERS":0.00022849246654896928,
    "SYSTEM_APPLICATION_OVERLAY":0.00022849246654896928,
    "BACKUP":0.00022849246654896928,
    "MANAGE_FINGERPRINT":0.00020008202758653134,