{
    "INTERNET":1.0,
    "ACCESS_NETWORK_STATE":0.9990923262429302,
    "ACCESS_WIFI_STATE":0.9921656929298043,
    "WRITE_EXTERNAL_STORAGE":0.9852390596166786,
    "READ_EXTERNAL_STORAGE":0.9726148998394502,
    "READ_PHONE_STATE":0.9552408583096285,
    "VIBRATE":0.9131231305251517,
    "REQUEST_INSTALL_PACKAGES":0.9099337814521449,
    "WAKE_LOCK":0.8998377845432319,
    "CAMERA":0.8794692523432973,
    "ACCESS_COARSE_LOCATION":0.8475141397251328,
    "CHANGE_WIFI_STATE":0.8319088129292712,
    "ACCESS_FINE_LOCATION":0.7932169290315704,
    "GET_TASKS":0.7790505565955407,
    "CHANGE_NETWORK_STATE":0.7771536017160864,
    "WRITE_SETTINGS":0.7291934527576627,
    "MOUNT_UNMOUNT_FILESYSTEMS":0.6955229200114583,
    "RECORD_AUDIO":0.689735458899866,
    "SYSTEM_ALERT_WINDOW":0.6530154754211938,
    "RECEIVE_BOOT_COMPLETED":0.5523436302953186,
    "BLUETOOTH":0.5338470711283134,
    "FLASHLIGHT":0.5247819917526597,
    "MODIFY_AUDIO_SETTINGS":0.5213328314757941,
    "ACCESS_LOCATION_EXTRA_COMMANDS":0.5044667541586445,
    "FOREGROUND_SERVICE":0.5017953620369197,
    "CALL_PHONE":0.44358266326469425,
    "READ_LOGS":0.3750757782677919,
    "BLUETOOTH_ADMIN":0.3728557248399495,
    "READ_CONTACTS":0.32917912983232167,
    "REORDER_TASKS":0.31857683416717175,
    "C2D_MESSAGE":0.29825493474741677,
    "QUERY_ALL_PACKAGES":0.2940346681411506,
    "ACCESS_BACKGROUND_LOCATION":0.2698322552278675,
    "GET_ACCOUNTS":0.21943387804861791,
    "DISABLE_KEYGUARD":0.1946185771672583,
    "MANAGE_ACCOUNTS":0.18770526750561248,
    "CHANGE_CONFIGURATION":0.16834766736171705,
    "NFC":0.16048338207569157,
    "BROADCAST_STICKY":0.15228767095910295,
    "RESTART_PACKAGES":0.13869421553670988,
    "USE_CREDENTIALS":0.1371386792264287,
    "USE_FINGERPRINT":0.13704374820963425,
    "READ_PRIVILEGED_PHONE_STATE":0.11420034774730353,
    "RECEIVE_SMS":0.11023656143202597,
    "WRITE_CONTACTS":0.10993677927372765,
    "CHANGE_WIFI_MULTICAST_STATE":0.10206083579265726,
    "MANAGE_EXTERNAL_STORAGE":0.09812702769320952,
    "INSTALL_SHORTCUT":0.0962433964652352,
    "READ_SMS":0.09075904842481124,
    "KILL_BACKGROUND_PROCESSES":0.08688186584415318,
    "WRITE_CALENDAR":0.0843020738263528,
    "READ_CALENDAR":0.07737544051322702,
    "USE_BIOMETRIC":0.07698072733813424,
    "READ_MEDIA_AUDIO":0.07694575275299943,
    "READ_MEDIA_VIDEO":0.07694575275299943,
    "REQUEST_IGNORE_BATTERY_OPTIMIZATIONS":0.07663264694322121,
    "READ_CALL_LOG":0.07181781238966346,
    "PROCESS_OUTGOING_CALLS":0.0635638102978502,
    "UNINSTALL_SHORTCUT":0.06035114483475337,
    "SEND_SMS":0.05933188549653914,
    "INTERACT_ACROSS_USERS_FULL":0.057941229373322016,
    "AUTHENTICATE_ACCOUNTS":0.055564623040590476,
    "INTERACT_ACROSS_USERS":0.05359771899086661,
    "SET_DEBUG_APP":0.05310474388610938,
    "READ_PHONE_NUMBERS":0.05303646017227478,
    "WRITE_MEDIA_STORAGE":0.052808292640681063,
    "ACCESS_NOTIFICATION_POLICY":0.051837331539081564,
    "INSTALL_PACKAGES":0.04791518163467877,
    "EXPAND_STATUS_BAR":0.0402074492535424,
    "SET_WALLPAPER":0.03658674696387289,
    "READ_PROFILE":0.035479218434604165,
    "WRITE_CALL_LOG":0.03460485380623411,
    "ACCESS_MEDIA_LOCATION":0.0325763278684156,
    "BATTERY_STATS":0.032274880253682296,
    "SCHEDULE_EXACT_ALARM":0.03107741707692408,
    "CALL_PRIVILEGED":0.02904556022623558,
    "LOCATION_HARDWARE":0.02767822049310832,
    "BLUETOOTH_CONNECT":0.023602848596686394,
    "WRITE_SECURE_SETTINGS":0.023601183140251402,
    "USE_FULL_SCREEN_INTENT":0.02264188023369683,
    "GET_TOP_ACTIVITY_INFO":0.021925733966650887,
    "WRITE_USER_DICTIONARY":0.02075158717998253,
    "CAPTURE_AUDIO_OUTPUT":0.020112051908946153,
    "PACKAGE_USAGE_STATS":0.019630734999233873,
    "BODY_SENSORS":0.01875137400155885,
    "ACCESS_MOCK_LOCATION":0.01771379464255973,
    "WRITE_SYNC_SETTINGS":0.01694268831315909,
    "READ_SYNC_SETTINGS":0.0167644844746151,
    "REAL_GET_TASKS":0.0163231385193426,
    "CAPTURE_VIDEO_OUTPUT":0.016144934680798608,
    "ACTIVITY_RECOGNITION":0.01524392274946871,
    "GET_PACKAGE_SIZE":0.015105689865364492,
    "USE_SIP":0.013853266626251581,
    "OVERRIDE_WIFI_CONFIG":0.013853266626251581,
    "READ_USER_DICTIONARY":0.01382495386685674,
    "DEVICE_POWER":0.01382495386685674,
    "BLUETOOTH_PRIVILEGED":0.012940596499876748,
    "MANAGE_DOCUMENTS":0.012390995876329858,
    "MANAGE_APP_TOKENS":0.012390995876329858,
    "BROADCAST_SMS":0.00977622927339466,
    "READ_HISTORY_BOOKMARKS":0.009616345455635566,
    "MEDIA_CONTENT_CONTROL":0.008993464748949092,
    "ADD_VOICEMAIL":0.006926633313125791,
    "ANSWER_PHONE_CALLS":0.006926633313125791,
    "WRITE_SMS":0.006926633313125791,
    "MODIFY_PHONE_STATE":0.006926633313125791,
    "WRITE_GSERVICES":0.006926633313125791,
    "WRITE_APN_SETTINGS":0.006926633313125791,
    "INJECT_EVENTS":0.006926633313125791,
    "REQUEST_DELETE_PACKAGES":0.006926633313125791,
    "LOCAL_MAC_ADDRESS":0.006926633313125791,
    "MANAGE_FINGERPRINT":0.0067484294745817994,
    "SET_ALARM":0.005246187770220303,
    "BLUETOOTH_SCAN":0.003788913389603552,
    "BLUETOOTH_ADVERTISE":0.003788913389603552,
    "BIND_REMOTEVIEWS":0.0034708112105203527,
    "PERSISTENT_ACTIVITY":0.003089421686907512,
    "DELETE_PACKAGES":0.0030477852760327473,
    "UPDATE_DEVICE_STATS":0.0029245414998434454,
    "MOUNT_FORMAT_FILESYSTEMS":0.00136733973312726,
    "FORCE_BACK":0.00136733973312726,
    "CHANGE_COMPONENT_ENABLED_STATE":0.00136733973312726,
    "FACTORY_TEST":0.00136733973312726,
    "HARDWARE_TEST":0.001347354255907373
}