{
    "WRITE_EXTERNAL_STORAGE":1.0,
    "INTERNET":1.0,
    "ACCESS_WIFI_STATE":0.9961466283925617,
    "ACCESS_NETWORK_STATE":0.9937646958469629,
    "READ_EXTERNAL_STORAGE":0.9717209254025826,
    "WAKE_LOCK":0.9294896044267414,
    "REQUEST_INSTALL_PACKAGES":0.9188177307016177,
    "READ_PHONE_STATE":0.8994850426874946,
    "VIBRATE":0.8748015828864311,
    "CHANGE_WIFI_STATE":0.7845848446412544,
    "CHANGE_NETWORK_STATE":0.7722857651483122,
    "GET_TASKS":0.76060048065155,
    "CAMERA":0.7327404926678385,
    "WRITE_SETTINGS":0.6768267355007161,
    "FOREGROUND_SERVICE":0.6764484449290523,
    "ACCESS_COARSE_LOCATION":0.6187786035885683,
    "SYSTEM_ALERT_WINDOW":0.594566152636537,
    "MOUNT_UNMOUNT_FILESYSTEMS":0.5750712076370191,
    "RECEIVE_BOOT_COMPLETED":0.5535522226425454,
    "ACCESS_FINE_LOCATION":0.5173346091368299,
    "REORDER_TASKS":0.46777576270054966,
    "MODIFY_AUDIO_SETTINGS":0.43325674803622705,
    "QUERY_ALL_PACKAGES":0.40909436495397455,
    "READ_LOGS":0.37611910960783895,
    "RECORD_AUDIO":0.36744995067387637,
    "BLUETOOTH":0.36122948144521844,
    "ACCESS_LOCATION_EXTRA_COMMANDS":0.31886835488106124,
    "C2D_MESSAGE":0.3154822833915605,
    "INSTALL_SHORTCUT":0.22604066994518507,
    "FLASHLIGHT":0.22010299146250117,
    "BROADCAST_STICKY":0.21765986485383906,
    "BLUETOOTH_ADMIN":0.19948615530682343,
    "RESTART_PACKAGES":0.17072216411876853,
    "CALL_PHONE":0.16573762952743357,
    "GET_ACCOUNTS":0.14074449067995878,
    "CHANGE_CONFIGURATION":0.1391311926537455,
    "KILL_BACKGROUND_PROCESSES":0.13893833863681887,
    "UNINSTALL_SHORTCUT":0.13390095462738383,
    "DISABLE_KEYGUARD":0.130713300251452,
    "INSTALL_PACKAGES":0.11353353063782765,
    "MANAGE_ACCOUNTS":0.11122948144521835,
    "REQUEST_IGNORE_BATTERY_OPTIMIZATIONS":0.11032640542364838,
    "PACKAGE_USAGE_STATS":0.10860926292678226,
    "ACCESS_BACKGROUND_LOCATION":0.10612812182439903,
    "USE_CREDENTIALS":0.10153856709465427,
    "EXPAND_STATUS_BAR":0.09936988658700315,
    "READ_CALENDAR":0.09904629979898683,
    "WRITE_CALENDAR":0.09904629979898683,
    "READ_PRIVILEGED_PHONE_STATE":0.08283543618386408,
    "READ_CONTACTS":0.0740142192750173,
    "BATTERY_STATS":0.0719085871959768,
    "MANAGE_EXTERNAL_STORAGE":0.07028045424538452,
    "INTERACT_ACROSS_USERS":0.05364494091991368,
    "WRITE_CONTACTS":0.050447087533471324,
    "CHANGE_WIFI_MULTICAST_STATE":0.04852781919194169,
    "AUTHENTICATE_ACCOUNTS":0.04785653886379316,
    "READ_SYNC_SETTINGS":0.04306207674106382,
    "READ_PHONE_NUMBERS":0.04262908238575256,
    "GET_PACKAGE_SIZE":0.04161938034520871,
    "USE_FULL_SCREEN_INTENT":0.03991336404162681,
    "INTERACT_ACROSS_USERS_FULL":0.03881836118590387,
    "WRITE_SYNC_SETTINGS":0.037950518109733954,
    "USE_FINGERPRINT":0.03690094720992161,
    "SET_DEBUG_APP":0.03635020064235224,
    "SET_WALLPAPER":0.034956644933502465,
    "READ_SMS":0.031804223502970706,
    "BLUETOOTH_CONNECT":0.03027437192638912,
    "RECEIVE_SMS":0.03024470207763117,
    "NFC":0.02892532099067626,
    "ACTIVITY_RECOGNITION":0.02881220469228659,
    "DEVICE_POWER":0.02725175608417337,
    "SEND_SMS":0.024259737273489256,
    "READ_SYNC_STATS":0.021709057463079592,
    "SCHEDULE_EXACT_ALARM":0.02106281106982058,
    "WRITE_SMS":0.020270996981092897,
    "WRITE_APN_SETTINGS":0.01946898388185467,
    "PROCESS_OUTGOING_CALLS":0.01496658433283637,
    "ACCESS_NOTIFICATION_POLICY":0.014655978103651622,
    "READ_CALL_LOG":0.014293449639140471,
    "GRANT_RUNTIME_PERMISSIONS":0.01256888968008486,
    "REAL_GET_TASKS":0.01184290556828887,
    "MANAGE_USERS":0.011748332925372917,
    "READ_MEDIA_AUDIO":0.011212421282182519,
    "READ_MEDIA_VIDEO":0.011212421282182519,
    "USE_BIOMETRIC":0.011127120467003423,
    "UPDATE_APP_OPS_STATS":0.010664456262934205,
    "HARDWARE_TEST":0.010464184783818069,
    "WRITE_SECURE_SETTINGS":0.010160996016822809,
    "READ_HISTORY_BOOKMARKS":0.009838336411580145,
    "SET_ALARM":0.009814229659464315,
    "GET_ACCOUNTS_PRIVILEGED":0.008818435360525753,
    "LOCAL_MAC_ADDRESS":0.008818435360525753,
    "MANAGE_DOCUMENTS":0.008740552007536146,
    "SET_ORIENTATION":0.00867750357892551,
    "UPDATE_DEVICE_STATS":0.008090596883182392,
    "GET_TOP_ACTIVITY_INFO":0.007284875052849422,
    "WRITE_MEDIA_STORAGE":0.006578361779300833,
    "DELETE_PACKAGES":0.006358619461937295,
    "WRITE_HISTORY_BOOKMARKS":0.0059849648041419125,
    "ACCESS_MEDIA_LOCATION":0.005878338785168045,
    "ANSWER_PHONE_CALLS":0.003853371607438233,
    "WRITE_USER_DICTIONARY":0.003853371607438233,
    "MODIFY_PHONE_STATE":0.003853371607438233,
    "SET_WALLPAPER_HINTS":0.003853371607438233,
    "CLEAR_APP_CACHE":0.003853371607438233,
    "REQUEST_DELETE_PACKAGES":0.003853371607438233,
    "CLEAR_APP_USER_DATA":0.003853371607438233,
    "WRITE_CALL_LOG":0.0036911146220432157,
    "READ_PROFILE":0.0028955918022207897,
    "BIND_JOB_SERVICE":0.002542335165446495,
    "STOP_APP_SWITCHES":0.0008938041938331223,
    "INTERNAL_SYSTEM_WINDOW":0.00039776140991121316,
    "CAPTURE_AUDIO_OUTPUT":0.00039776140991121316,
    "CAPTURE_VIDEO_OUTPUT":0.00039776140991121316,
    "CAPTURE_SECURE_VIDEO_OUTPUT":0.00039776140991121316
}