{
    "INTERNET":0.9910933334905994,
    "ACCESS_NETWORK_STATE":0.9910933334905994,
    "WRITE_EXTERNAL_STORAGE":0.9893314618669057,
    "ACCESS_WIFI_STATE":0.9849555330140832,
    "READ_EXTERNAL_STORAGE":0.9544935835436765,
    "READ_PHONE_STATE":0.8965965653086737,
    "WAKE_LOCK":0.8720881201198365,
    "VIBRATE":0.8551004340543982,
    "CAMERA":0.8510547639829208,
    "CHANGE_WIFI_STATE":0.8263089452949914,
    "REQUEST_INSTALL_PACKAGES":0.8195696020381683,
    "ACCESS_COARSE_LOCATION":0.7811283645113345,
    "CHANGE_NETWORK_STATE":0.7450431695407037,
    "ACCESS_FINE_LOCATION":0.7231355122549591,
    "GET_TASKS":0.6909279092260147,
    "RECORD_AUDIO":0.6616941095987353,
    "WRITE_SETTINGS":0.6432276308650418,
    "MOUNT_UNMOUNT_FILESYSTEMS":0.6355623835248047,
    "SYSTEM_ALERT_WINDOW":0.6163056427071779,
    "MODIFY_AUDIO_SETTINGS":0.5524153122124978,
    "BLUETOOTH":0.5483622702932224,
    "RECEIVE_BOOT_COMPLETED":0.5079011464697696,
    "FOREGROUND_SERVICE":0.49965204878394,
    "FLASHLIGHT":0.46829958009954936,
    "ACCESS_LOCATION_EXTRA_COMMANDS":0.42578760821872574,
    "READ_LOGS":0.38513481635252755,
    "CALL_PHONE":0.3716399117737255,
    "BLUETOOTH_ADMIN":0.34887122266518844,
    "READ_CONTACTS":0.2559918378901182,
    "QUERY_ALL_PACKAGES":0.2368810596588899,
    "BROADCAST_STICKY":0.23522091953480692,
    "GET_ACCOUNTS":0.23436431082069306,
    "REORDER_TASKS":0.23325263617277253,
    "DISABLE_KEYGUARD":0.20917175815621245,
    "ACCESS_BACKGROUND_LOCATION":0.20758681087966788,
    "C2D_MESSAGE":0.19606608714113852,
    "KILL_BACKGROUND_PROCESSES":0.19358619754193104,
    "RESTART_PACKAGES":0.18797622136774317,
    "MANAGE_ACCOUNTS":0.16625138590738597,
    "REQUEST_IGNORE_BATTERY_OPTIMIZATIONS":0.14855600245335096,
    "CHANGE_CONFIGURATION":0.12639327923379962,
    "INSTALL_SHORTCUT":0.11484454247363826,
    "READ_PRIVILEGED_PHONE_STATE":0.11188105965888986,
    "USE_FINGERPRINT":0.10113437993913801,
    "CHANGE_WIFI_MULTICAST_STATE":0.09097007619541883,
    "BATTERY_STATS":0.0877412068599467,
    "EXPAND_STATUS_BAR":0.08227571890259727,
    "UNINSTALL_SHORTCUT":0.07397501828218254,
    "INSTALL_PACKAGES":0.07385854308697602,
    "INTERACT_ACROSS_USERS_FULL":0.07383495317402279,
    "READ_CALENDAR":0.07328648769786039,
    "WRITE_CONTACTS":0.07083461112028497,
    "USE_CREDENTIALS":0.06949588356018967,
    "READ_SMS":0.06624194994220473,
    "WRITE_CALENDAR":0.0622758958269444,
    "NFC":0.059041129013233946,
    "RECEIVE_SMS":0.058358495907150115,
    "SEND_SMS":0.04971869028803283,
    "BLUETOOTH_CONNECT":0.04791995942534973,
    "READ_PHONE_NUMBERS":0.04654732136538417,
    "READ_MEDIA_AUDIO":0.0416067089712439,
    "READ_MEDIA_VIDEO":0.0416067089712439,
    "MANAGE_EXTERNAL_STORAGE":0.04134132245052016,
    "READ_PROFILE":0.04042426458446369,
    "READ_SYNC_SETTINGS":0.03998637682526951,
    "ACCESS_NOTIFICATION_POLICY":0.03929784624094738,
    "ACTIVITY_RECOGNITION":0.038208287136420466,
    "CAPTURE_VIDEO_OUTPUT":0.03532884338656791,
    "SET_WALLPAPER":0.03531115095185299,
    "WRITE_SMS":0.03404171876105778,
    "USE_BIOMETRIC":0.03384857634875328,
    "PROCESS_OUTGOING_CALLS":0.03252901559293247,
    "INTERACT_ACROSS_USERS":0.03202772994267651,
    "GET_PACKAGE_SIZE":0.031830164421693286,
    "SET_DEBUG_APP":0.030503231818074596,
    "WRITE_SYNC_SETTINGS":0.02998720247222288,
    "MANAGE_DOCUMENTS":0.027079745700738365,
    "SCHEDULE_EXACT_ALARM":0.026647755419782503,
    "USE_FULL_SCREEN_INTENT":0.025233835012148806,
    "AUTHENTICATE_ACCOUNTS":0.024971397230544222,
    "BODY_SENSORS":0.022410417305560145,
    "READ_CALL_LOG":0.022357340001415395,
    "BIND_JOB_SERVICE":0.020798931376943223,
    "DEVICE_POWER":0.01964450001179496,
    "SET_ALARM":0.019604692033686394,
    "WRITE_APN_SETTINGS":0.01848417116840839,
    "MOUNT_FORMAT_FILESYSTEMS":0.01815833549574202,
    "BLUETOOTH_PRIVILEGED":0.015452867353919465,
    "WRITE_MEDIA_STORAGE":0.015051838833714703,
    "PACKAGE_USAGE_STATS":0.014963376660140124,
    "ADD_VOICEMAIL":0.01392984359887712,
    "WRITE_USER_DICTIONARY":0.01381779151234932,
    "HARDWARE_TEST":0.013629072208723551,
    "GET_TOP_ACTIVITY_INFO":0.012300665235545282,
    "ACCESS_MEDIA_LOCATION":0.012275600953032484,
    "MODIFY_PHONE_STATE":0.011010591870915997,
    "CLEAR_APP_CACHE":0.011010591870915997,
    "BLUETOOTH_SCAN":0.010843988110683872,
    "BLUETOOTH_ADVERTISE":0.010843988110683872,
    "INTERACT_ACROSS_PROFILES":0.008799037531551509,
    "ANSWER_PHONE_CALLS":0.0075974263404968035,
    "CAPTURE_AUDIO_OUTPUT":0.0075974263404968035,
    "CAPTURE_SECURE_VIDEO_OUTPUT":0.0075974263404968035,
    "DELETE_PACKAGES":0.006600752518223208,
    "LOCATION_HARDWARE":0.006137800476516242,
    "ACCESS_MOCK_LOCATION":0.006137800476516242,
    "GET_INTENT_SENDER_INTENT":0.006137800476516242,
    "UPDATE_APP_OPS_STATS":0.006137800476516242,
    "ACCESS_CHECKIN_PROPERTIES":0.006137800476516242,
    "READ_SYNC_STATS":0.005459590479111133,
    "USE_SIP":0.004608879243235593,
    "CHANGE_COMPONENT_ENABLED_STATE":0.003601884834044963,
    "READ_FRAME_BUFFER":0.003601884834044963,
    "INJECT_EVENTS":0.0027379042721332363,
    "UPDATE_DEVICE_STATS":0.0025904673161756034,
    "READ_USER_DICTIONARY":0.0015746266896275154
}