{
    "INTERNET":1.0,
    "ACCESS_NETWORK_STATE":1.0,
    "ACCESS_WIFI_STATE":1.0,
    "WRITE_EXTERNAL_STORAGE":0.9971337464755264,
    "READ_EXTERNAL_STORAGE":0.9854438449804496,
    "READ_PHONE_STATE":0.9117613987147473,
    "ACCESS_FINE_LOCATION":0.8655618896481787,
    "VIBRATE":0.8399820090082256,
    "ACCESS_COARSE_LOCATION":0.8227781231237288,
    "REQUEST_INSTALL_PACKAGES":0.8153144074323165,
    "GET_TASKS":0.795643124916463,
    "CAMERA":0.7869531364366381,
    "CHANGE_WIFI_STATE":0.782077747392049,
    "WAKE_LOCK":0.7087114164299341,
    "MOUNT_UNMOUNT_FILESYSTEMS":0.6851046044633785,
    "WRITE_SETTINGS":0.6416334462720674,
    "CHANGE_NETWORK_STATE":0.5969784468767173,
    "SYSTEM_ALERT_WINDOW":0.566754429327014,
    "RECORD_AUDIO":0.5584335956312442,
    "ACCESS_LOCATION_EXTRA_COMMANDS":0.5479911827167674,
    "FLASHLIGHT":0.5160444428414737,
    "BLUETOOTH":0.5088650187653685,
    "CALL_PHONE":0.40912533653550365,
    "RECEIVE_BOOT_COMPLETED":0.38410130965085176,
    "FOREGROUND_SERVICE":0.3775498730234837,
    "MODIFY_AUDIO_SETTINGS":0.3580780189541887,
    "READ_LOGS":0.33177255822143775,
    "ACCESS_BACKGROUND_LOCATION":0.2701067366504933,
    "BLUETOOTH_ADMIN":0.23429660101793376,
    "C2D_MESSAGE":0.23322732509170532,
    "QUERY_ALL_PACKAGES":0.22800399705524813,
    "READ_CONTACTS":0.19254816515221274,
    "KILL_BACKGROUND_PROCESSES":0.18181085272633543,
    "DISABLE_KEYGUARD":0.1795450061207561,
    "BROADCAST_STICKY":0.17791139012235158,
    "USE_FINGERPRINT":0.17076166815530816,
    "INSTALL_SHORTCUT":0.14315143620305218,
    "NFC":0.14065433746263373,
    "GET_ACCOUNTS":0.13031376035065464,
    "REORDER_TASKS":0.12531956286981785,
    "CHANGE_CONFIGURATION":0.11811680142230674,
    "MANAGE_ACCOUNTS":0.11703903917920347,
    "RESTART_PACKAGES":0.11070400363214365,
    "MANAGE_EXTERNAL_STORAGE":0.09760537353584518,
    "WRITE_CONTACTS":0.08934606563741794,
    "USE_BIOMETRIC":0.08654982422716177,
    "READ_CALENDAR":0.08552510146452617,
    "WRITE_CALENDAR":0.08552510146452617,
    "UNINSTALL_SHORTCUT":0.08490772191188235,
    "EXPAND_STATUS_BAR":0.07466898060240124,
    "USE_CREDENTIALS":0.06809844976206492,
    "REQUEST_IGNORE_BATTERY_OPTIMIZATIONS":0.06248050799092815,
    "BATTERY_STATS":0.06104207728064465,
    "INSTALL_PACKAGES":0.057530863673684166,
    "CHANGE_WIFI_MULTICAST_STATE":0.05357624001001387,
    "READ_SMS":0.05306069625986801,
    "AUTHENTICATE_ACCOUNTS":0.051651967658646415,
    "WRITE_APN_SETTINGS":0.048603258321364105,
    "USE_FULL_SCREEN_INTENT":0.04786707033247269,
    "READ_HISTORY_BOOKMARKS":0.04715634129420577,
    "INTERACT_ACROSS_USERS_FULL":0.04217275170946247,
    "PACKAGE_USAGE_STATS":0.04160629005806764,
    "SEND_SMS":0.041041949985891515,
    "PROCESS_OUTGOING_CALLS":0.03720825633768754,
    "WRITE_MEDIA_STORAGE":0.035218215030540144,
    "DEVICE_POWER":0.03263837470059214,
    "CAPTURE_VIDEO_OUTPUT":0.032619280487623775,
    "RECEIVE_SMS":0.029279914797378587,
    "WRITE_SMS":0.029279914797378587,
    "READ_PRIVILEGED_PHONE_STATE":0.028853477374418436,
    "BODY_SENSORS":0.026413661272905106,
    "READ_PROFILE":0.026413661272905106,
    "READ_SYNC_SETTINGS":0.026413661272905106,
    "WRITE_SYNC_SETTINGS":0.026413661272905106,
    "SET_ALARM":0.026199381771815678,
    "MANAGE_FINGERPRINT":0.02378078146248943,
    "ACCESS_NOTIFICATION_POLICY":0.023647121971710868,
    "READ_PHONE_NUMBERS":0.023337371405779617,
    "CLEAR_APP_CACHE":0.023337371405779617,
    "LOCATION_HARDWARE":0.01959914882241746,
    "BIND_NOTIFICATION_LISTENER_SERVICE":0.01959914882241746,
    "MOUNT_FORMAT_FILESYSTEMS":0.018090705997916616,
    "ACCESS_MEDIA_LOCATION":0.017823387016359504,
    "RECEIVE_WAP_PUSH":0.017609107515270072,
    "RECEIVE_MMS":0.017609107515270072,
    "READ_CELL_BROADCASTS":0.017609107515270072,
    "ADD_VOICEMAIL":0.017609107515270072,
    "USE_SIP":0.017609107515270072,
    "ACTIVITY_RECOGNITION":0.017609107515270072,
    "WRITE_PROFILE":0.017609107515270072,
    "READ_SOCIAL_STREAM":0.017609107515270072,
    "WRITE_SOCIAL_STREAM":0.017609107515270072,
    "READ_USER_DICTIONARY":0.017609107515270072,
    "WRITE_USER_DICTIONARY":0.017609107515270072,
    "WRITE_HISTORY_BOOKMARKS":0.017609107515270072,
    "SUBSCRIBED_FEEDS_READ":0.017609107515270072,
    "SUBSCRIBED_FEEDS_WRITE":0.017609107515270072,
    "BIND_DIRECTORY_SEARCH":0.017609107515270072,
    "ACCOUNT_MANAGER":0.017609107515270072,
    "TRANSMIT_IR":0.017609107515270072,
    "GET_INTENT_SENDER_INTENT":0.017609107515270072,
    "SET_WALLPAPER":0.017609107515270072,
    "SET_WALLPAPER_HINTS":0.017609107515270072,
    "SET_TIME_ZONE":0.017609107515270072,
    "READ_SYNC_STATS":0.017609107515270072,
    "PERSISTENT_ACTIVITY":0.017609107515270072,
    "GET_PACKAGE_SIZE":0.017609107515270072,
    "UPDATE_APP_OPS_STATS":0.017609107515270072,
    "CLEAR_APP_USER_DATA":0.017609107515270072,
    "DELETE_PACKAGES":0.017609107515270072,
    "BIND_APPWIDGET":0.017609107515270072,
    "ACCESS_CACHE_FILESYSTEM":0.017609107515270072,
    "READ_INSTALL_SESSIONS":0.017609107515270072,
    "CAPTURE_AUDIO_OUTPUT":0.017590013302301706,
    "CAPTURE_SECURE_VIDEO_OUTPUT":0.017590013302301706,
    "SET_DEBUG_APP":0.014426738687209218,
    "INTERACT_ACROSS_USERS":0.014068191799247695,
    "READ_CALL_LOG":0.008804553757635036,
    "WRITE_CALL_LOG":0.008804553757635036,
    "ACCESS_MOCK_LOCATION":0.008804553757635036,
    "BLUETOOTH_PRIVILEGED":0.008804553757635036,
    "MANAGE_DOCUMENTS":0.008804553757635036,
    "SET_TIME":0.008804553757635036,
    "GRANT_RUNTIME_PERMISSIONS":0.008804553757635036,
    "START_ACTIVITIES_FROM_BACKGROUND":0.008129891566086135,
    "MANAGE_USERS":0.005129978550834101,
    "INTERNAL_SYSTEM_WINDOW":0.005129978550834101,
    "SCHEDULE_EXACT_ALARM":0.005129978550834101
}