{
    "INTERNET":1.0,
    "ACCESS_NETWORK_STATE":0.9543800328512478,
    "ACCESS_WIFI_STATE":0.901292416169224,
    "WRITE_EXTERNAL_STORAGE":0.6949320940667442,
    "READ_EXTERNAL_STORAGE":0.6364039902247505,
    "CHANGE_WIFI_STATE":0.5239389447538153,
    "CHANGE_NETWORK_STATE":0.4642570409839343,
    "READ_PHONE_STATE":0.4176964063939738,
    "REQUEST_INSTALL_PACKAGES":0.40053363246664725,
    "CAMERA":0.3868803333199786,
    "WAKE_LOCK":0.370167861864508,
    "VIBRATE":0.3427875485757776,
    "GET_TASKS":0.3139649853771879,
    "RECORD_AUDIO":0.28810544449340914,
    "ACCESS_FINE_LOCATION":0.28573694964144014,
    "ACCESS_COARSE_LOCATION":0.27291695044269015,
    "WRITE_SETTINGS":0.2551628540523212,
    "BLUETOOTH":0.2447353872040379,
    "MOUNT_UNMOUNT_FILESYSTEMS":0.24051760746764914,
    "SYSTEM_ALERT_WINDOW":0.23721325267417132,
    "MODIFY_AUDIO_SETTINGS":0.20590841713072358,
    "RECEIVE_BOOT_COMPLETED":0.18057289371419386,
    "FLASHLIGHT":0.1716822242698607,
    "FOREGROUND_SERVICE":0.16167461239533648,
    "ACCESS_LOCATION_EXTRA_COMMANDS":0.1504619205961298,
    "READ_LOGS":0.1485885982132125,
    "QUERY_ALL_PACKAGES":0.13277993670125382,
    "BLUETOOTH_ADMIN":0.1250478746845077,
    "REORDER_TASKS":0.11932054004246614,
    "READ_CONTACTS":0.10337566603902075,
    "C2D_MESSAGE":0.09640639397460027,
    "CALL_PHONE":0.09108769680701884,
    "ACCESS_BACKGROUND_LOCATION":0.06737069828933127,
    "CHANGE_CONFIGURATION":0.0623324386042225,
    "KILL_BACKGROUND_PROCESSES":0.061870918633067505,
    "BROADCAST_STICKY":0.05951684628019703,
    "RECEIVE_SMS":0.04951243940547247,
    "READ_SMS":0.04951243940547247,
    "GET_ACCOUNTS":0.04947237690797639,
    "RESTART_PACKAGES":0.046126357117102626,
    "MANAGE_ACCOUNTS":0.043499859781258705,
    "DISABLE_KEYGUARD":0.041094507431593236,
    "WRITE_CONTACTS":0.03699371018789307,
    "READ_CALL_LOG":0.03699371018789307,
    "CHANGE_WIFI_MULTICAST_STATE":0.03520692279956728,
    "EXPAND_STATUS_BAR":0.03368935539441525,
    "READ_CALENDAR":0.02942029566123149,
    "WRITE_CALENDAR":0.02942029566123149,
    "USE_CREDENTIALS":0.028857818196386328,
    "INSTALL_SHORTCUT":0.026934818316573825,
    "READ_PRIVILEGED_PHONE_STATE":0.02607908337005726,
    "WRITE_CALL_LOG":0.0236961660189896,
    "ACTIVITY_RECOGNITION":0.021643363647289745,
    "NFC":0.020742758703577557,
    "INTERACT_ACROSS_USERS":0.01994631625335521,
    "WRITE_MEDIA_STORAGE":0.01829894635631583,
    "ACCESS_NOTIFICATION_POLICY":0.017505708905893175,
    "SET_DEBUG_APP":0.016597091462681762,
    "INSTALL_PACKAGES":0.015206121549617386,
    "USE_FINGERPRINT":0.01470453908096629,
    "WRITE_SMS":0.013297544168903472,
    "CAPTURE_AUDIO_OUTPUT":0.013297544168903472,
    "CAPTURE_VIDEO_OUTPUT":0.013297544168903472,
    "CAPTURE_SECURE_VIDEO_OUTPUT":0.013297544168903472,
    "READ_HISTORY_BOOKMARKS":0.012573214214174096,
    "DEVICE_POWER":0.012573214214174096,
    "MANAGE_EXTERNAL_STORAGE":0.012521934217379096,
    "UNINSTALL_SHORTCUT":0.010856936821441435,
    "PEERS_MAC_ADDRESS":0.010398621850086123,
    "GET_PACKAGE_SIZE":0.010262409358599402,
    "REQUEST_IGNORE_BATTERY_OPTIMIZATIONS":0.009225591923400493,
    "BLUETOOTH_CONNECT":0.008557349465165648,
    "READ_MEDIA_AUDIO":0.008557349465165648,
    "READ_MEDIA_VIDEO":0.008557349465165648,
    "INTERACT_ACROSS_USERS_FULL":0.008055766996514554,
    "WRITE_SYNC_SETTINGS":0.006706462080846112,
    "SEND_SMS":0.006648772084451736,
    "PROCESS_OUTGOING_CALLS":0.006648772084451736,
    "ADD_VOICEMAIL":0.006648772084451736,
    "USE_SIP":0.006648772084451736,
    "BODY_SENSORS":0.006648772084451736,
    "USE_BIOMETRIC":0.006648772084451736,
    "WRITE_HISTORY_BOOKMARKS":0.006648772084451736,
    "LOCATION_HARDWARE":0.006648772084451736,
    "ACCESS_MOCK_LOCATION":0.006648772084451736,
    "SET_WALLPAPER":0.006648772084451736,
    "CLEAR_APP_CACHE":0.006648772084451736,
    "STATUS_BAR":0.006648772084451736,
    "STATUS_BAR_SERVICE":0.006648772084451736,
    "ACCESS_CHECKIN_PROPERTIES":0.006648772084451736,
    "PACKAGE_USAGE_STATS":0.006648772084451736,
    "BATTERY_STATS":0.006648772084451736,
    "MANAGE_FINGERPRINT":0.006648772084451736,
    "USE_FULL_SCREEN_INTENT":0.006648772084451736,
    "FORCE_STOP_PACKAGES":0.005924442129722359,
    "READ_SYNC_SETTINGS":0.005001402187412357,
    "ACCESS_MEDIA_LOCATION":0.004214574736589074,
    "MANAGE_DOCUMENTS":0.002503104843555944,
    "REAL_GET_TASKS":0.002503104843555944,
    "BIND_JOB_SERVICE":0.002503104843555944,
    "MEDIA_CONTENT_CONTROL":0.002503104843555944,
    "SET_ALARM":0.0017050598934337546,
    "AUTHENTICATE_ACCOUNTS":0.0008717599455150023,
    "SCHEDULE_EXACT_ALARM":0.0008717599455150023
}