{
    "INTERNET":1.0,
    "WRITE_EXTERNAL_STORAGE":0.9953786925519805,
    "ACCESS_NETWORK_STATE":0.9926723190924162,
    "ACCESS_WIFI_STATE":0.9926723190924162,
    "READ_EXTERNAL_STORAGE":0.9673287794355564,
    "REQUEST_INSTALL_PACKAGES":0.9279041084946175,
    "READ_PHONE_STATE":0.8811193001378154,
    "VIBRATE":0.8697570255857155,
    "CAMERA":0.8438492420156991,
    "CHANGE_WIFI_STATE":0.8241306649090219,
    "CHANGE_NETWORK_STATE":0.8240283020752195,
    "WAKE_LOCK":0.8139917510535885,
    "ACCESS_COARSE_LOCATION":0.793663990253061,
    "ACCESS_FINE_LOCATION":0.7879266782511436,
    "GET_TASKS":0.7067504543911162,
    "RECORD_AUDIO":0.6992230411248928,
    "WRITE_SETTINGS":0.6596535642239401,
    "MOUNT_UNMOUNT_FILESYSTEMS":0.6466784508758264,
    "MODIFY_AUDIO_SETTINGS":0.6327396288972776,
    "SYSTEM_ALERT_WINDOW":0.6121996524656962,
    "BLUETOOTH":0.6037509736952487,
    "FOREGROUND_SERVICE":0.5236033714822141,
    "RECEIVE_BOOT_COMPLETED":0.46961321828749486,
    "FLASHLIGHT":0.4562011904048576,
    "ACCESS_LOCATION_EXTRA_COMMANDS":0.4447964727265465,
    "READ_LOGS":0.41190804322208247,
    "BLUETOOTH_ADMIN":0.39379980825693583,
    "CALL_PHONE":0.3651631813370086,
    "QUERY_ALL_PACKAGES":0.34489783689855613,
    "REORDER_TASKS":0.33773493518684977,
    "READ_CONTACTS":0.31771426288773064,
    "ACCESS_BACKGROUND_LOCATION":0.2432290730421237,
    "DISABLE_KEYGUARD":0.22816425989174519,
    "C2D_MESSAGE":0.22603960692671832,
    "CHANGE_WIFI_MULTICAST_STATE":0.18743883196516684,
    "BROADCAST_STICKY":0.1836314338786028,
    "GET_ACCOUNTS":0.1821509177701881,
    "KILL_BACKGROUND_PROCESSES":0.17980406255617487,
    "CHANGE_CONFIGURATION":0.16819961251922438,
    "NFC":0.1552344857890428,
    "WRITE_CONTACTS":0.15318473245850572,
    "READ_CALENDAR":0.14253400443405848,
    "RESTART_PACKAGES":0.14114836119599747,
    "INTERACT_ACROSS_USERS_FULL":0.13332634270078106,
    "INSTALL_SHORTCUT":0.12272804442047665,
    "WRITE_CALENDAR":0.1218117722252183,
    "READ_PRIVILEGED_PHONE_STATE":0.11820660315177672,
    "INSTALL_PACKAGES":0.11672608704336199,
    "UNINSTALL_SHORTCUT":0.1156450356522261,
    "AUTHENTICATE_ACCOUNTS":0.11275141310643746,
    "MANAGE_ACCOUNTS":0.1120473565422335,
    "USE_CREDENTIALS":0.09737202149120186,
    "PROCESS_OUTGOING_CALLS":0.09564433658897087,
    "EXPAND_STATUS_BAR":0.08829668244552306,
    "SEND_SMS":0.08799209059859794,
    "READ_CALL_LOG":0.08530569037489771,
    "REQUEST_IGNORE_BATTERY_OPTIMIZATIONS":0.08294135857950354,
    "WRITE_SYNC_SETTINGS":0.08210997263666693,
    "READ_SMS":0.07519923302774288,
    "CAPTURE_VIDEO_OUTPUT":0.06967912996584581,
    "SET_WALLPAPER":0.06230650927756811,
    "DEVICE_POWER":0.05767271855713349,
    "RECEIVE_SMS":0.054477000818902714,
    "ACCESS_NOTIFICATION_POLICY":0.0522624682924881,
    "USE_FULL_SCREEN_INTENT":0.04378632632272758,
    "ANSWER_PHONE_CALLS":0.042635368606067904,
    "MODIFY_PHONE_STATE":0.03732498452074224,
    "READ_SYNC_SETTINGS":0.03732498452074224,
    "WRITE_SMS":0.034983122615695,
    "CAPTURE_AUDIO_OUTPUT":0.034795873529470535,
    "GET_TOP_ACTIVITY_INFO":0.03442387201150461,
    "USE_FINGERPRINT":0.03168254538917852,
    "READ_MEDIA_AUDIO":0.031083348313260255,
    "READ_MEDIA_VIDEO":0.031083348313260255,
    "READ_HISTORY_BOOKMARKS":0.029929893942117584,
    "READ_PROFILE":0.029233327341362598,
    "READ_PHONE_NUMBERS":0.027772784468811818,
    "BATTERY_STATS":0.026501987336968486,
    "BLUETOOTH_CONNECT":0.026227355343839277,
    "WRITE_MEDIA_STORAGE":0.02584786386242437,
    "CAPTURE_SECURE_VIDEO_OUTPUT":0.02443475742505045,
    "INTERACT_ACROSS_USERS":0.024232528411928033,
    "ACCESS_MOCK_LOCATION":0.023873010166377075,
    "BIND_NOTIFICATION_LISTENER_SERVICE":0.02306409411388741,
    "MOUNT_FORMAT_FILESYSTEMS":0.02194808955998963,
    "OVERRIDE_WIFI_CONFIG":0.02072223220884017,
    "LOCAL_MAC_ADDRESS":0.02072223220884017,
    "SCHEDULE_EXACT_ALARM":0.020699762318493235,
    "WRITE_CALL_LOG":0.019571274492180494,
    "MANAGE_EXTERNAL_STORAGE":0.018882197854874484,
    "USE_BIOMETRIC":0.01556164739249407,
    "SET_ALARM":0.01515968602073223,
    "READ_SYNC_STATS":0.014260890406854824,
    "PACKAGE_USAGE_STATS":0.014260890406854824,
    "SET_DEBUG_APP":0.011212475283120627,
    "WRITE_APN_SETTINGS":0.010465975592705783,
    "ACCESS_MEDIA_LOCATION":0.010361116104420086,
    "ACTIVITY_RECOGNITION":0.010361116104420086,
    "BLUETOOTH_SCAN":0.010361116104420086,
    "BLUETOOTH_ADVERTISE":0.010361116104420086,
    "BLUETOOTH_PRIVILEGED":0.010361116104420086,
    "REAL_GET_TASKS":0.010361116104420086,
    "SET_WALLPAPER_HINTS":0.010361116104420086,
    "SET_TIME_ZONE":0.010361116104420086,
    "RECEIVE_MMS":0.007799548604869482,
    "GET_PACKAGE_SIZE":0.004751133481135283,
    "RECEIVE_WAP_PUSH":0.003899774302434741,
    "ADD_VOICEMAIL":0.003899774302434741,
    "USE_SIP":0.003899774302434741,
    "BODY_SENSORS":0.003899774302434741,
    "LOCATION_HARDWARE":0.003899774302434741,
    "REQUEST_DELETE_PACKAGES":0.003899774302434741,
    "READ_CLIPBOARD_IN_BACKGROUND":0.0035327660934348,
    "READ_USER_DICTIONARY":0.0008513591787005419,
    "WRITE_USER_DICTIONARY":0.0008513591787005419,
    "MANAGE_USERS":0.0008513591787005419,
    "WRITE_SECURE_SETTINGS":0.0008513591787005419,
    "UPDATE_DEVICE_STATS":0.0008513591787005419
}