{
    "INTERNET":0.9849923924570059,
    "ACCESS_NETWORK_STATE":0.9849923924570059,
    "ACCESS_WIFI_STATE":0.9849923924570059,
    "WRITE_EXTERNAL_STORAGE":0.9690280787495965,
    "READ_EXTERNAL_STORAGE":0.9516267846988488,
    "READ_PHONE_STATE":0.9064233789785912,
    "VIBRATE":0.8898039712911306,
    "WAKE_LOCK":0.872289332534157,
    "CAMERA":0.8711193846342999,
    "ACCESS_FINE_LOCATION":0.8660303994344289,
    "REQUEST_INSTALL_PACKAGES":0.8577139717521938,
    "ACCESS_COARSE_LOCATION":0.8367240690365314,
    "CHANGE_NETWORK_STATE":0.8282405059400307,
    "CHANGE_WIFI_STATE":0.8225386908878539,
    "GET_TASKS":0.761928089507738,
    "SYSTEM_ALERT_WINDOW":0.7088808458973058,
    "WRITE_SETTINGS":0.6969008867782437,
    "MOUNT_UNMOUNT_FILESYSTEMS":0.6813649776384341,
    "RECORD_AUDIO":0.641559853689274,
    "RECEIVE_BOOT_COMPLETED":0.5425734243164737,
    "MODIFY_AUDIO_SETTINGS":0.5090233912736103,
    "CALL_PHONE":0.49409070650252807,
    "BLUETOOTH":0.4801224122827239,
    "ACCESS_LOCATION_EXTRA_COMMANDS":0.4693124010635192,
    "FLASHLIGHT":0.4646902423655615,
    "READ_LOGS":0.45304839626846166,
    "FOREGROUND_SERVICE":0.4384711143897828,
    "READ_CONTACTS":0.3437898627568505,
    "BLUETOOTH_ADMIN":0.3247248989503126,
    "ACCESS_BACKGROUND_LOCATION":0.3180529300567106,
    "REORDER_TASKS":0.29081754191833004,
    "QUERY_ALL_PACKAGES":0.2765956629320544,
    "C2D_MESSAGE":0.26742434721133584,
    "GET_ACCOUNTS":0.24921619253999705,
    "RESTART_PACKAGES":0.2463441529500359,
    "CHANGE_CONFIGURATION":0.18163008898519972,
    "MANAGE_ACCOUNTS":0.13790400663931016,
    "BROADCAST_STICKY":0.13243080209630065,
    "USE_CREDENTIALS":0.1115331120229916,
    "WRITE_CALENDAR":0.10171630780580009,
    "READ_CALENDAR":0.10031198610662846,
    "WRITE_CONTACTS":0.09703075291622475,
    "DISABLE_KEYGUARD":0.09214156177478593,
    "NFC":0.09153449521262692,
    "USE_FINGERPRINT":0.07771796763336249,
    "INSTALL_PACKAGES":0.07386616871839792,
    "KILL_BACKGROUND_PROCESSES":0.06652565816773474,
    "REQUEST_IGNORE_BATTERY_OPTIMIZATIONS":0.06316950220541898,
    "AUTHENTICATE_ACCOUNTS":0.06265272718889756,
    "INSTALL_SHORTCUT":0.06013224829790827,
    "EXPAND_STATUS_BAR":0.057452318379516455,
    "SEND_SMS":0.056084497517943,
    "CHANGE_WIFI_MULTICAST_STATE":0.05437664253769188,
    "RECEIVE_SMS":0.04809849847080697,
    "READ_PRIVILEGED_PHONE_STATE":0.04776614873899209,
    "PACKAGE_USAGE_STATS":0.0442505417492738,
    "INTERACT_ACROSS_USERS":0.04398543040250816,
    "SET_DEBUG_APP":0.04095393978514452,
    "INTERACT_ACROSS_USERS_FULL":0.039655278405336,
    "READ_PROFILE":0.03814913858023266,
    "MANAGE_DOCUMENTS":0.03548841962899778,
    "PROCESS_OUTGOING_CALLS":0.032662486360213294,
    "READ_SMS":0.03045706733059767,
    "GET_PACKAGE_SIZE":0.029244855302995355,
    "MANAGE_EXTERNAL_STORAGE":0.028731922479905313,
    "BATTERY_STATS":0.028157514561913087,
    "WRITE_SMS":0.023946470561113913,
    "WRITE_SYNC_SETTINGS":0.023946470561113913,
    "DEVICE_POWER":0.023946470561113913,
    "ACCESS_MOCK_LOCATION":0.023808151597584017,
    "READ_MEDIA_AUDIO":0.02335861496611184,
    "READ_MEDIA_VIDEO":0.02335861496611184,
    "USE_BIOMETRIC":0.02173528824135121,
    "BLUETOOTH_PRIVILEGED":0.02081892510796562,
    "INJECT_EVENTS":0.020135014677178896,
    "GET_TOP_ACTIVITY_INFO":0.02002551216438439,
    "BLUETOOTH_CONNECT":0.019435735472666624,
    "UNINSTALL_SHORTCUT":0.019009252001782766,
    "READ_HISTORY_BOOKMARKS":0.017979544162171287,
    "ACTIVITY_RECOGNITION":0.01781432984462169,
    "MODIFY_PHONE_STATE":0.01742050501790461,
    "CALL_PRIVILEGED":0.01742050501790461,
    "ACCESS_NOTIFICATION_POLICY":0.017065102125501396,
    "SET_WALLPAPER":0.016865308067069318,
    "OVERRIDE_WIFI_CONFIG":0.015964313707409274,
    "READ_SYNC_SETTINGS":0.015964313707409274,
    "WRITE_MEDIA_STORAGE":0.014729048519218642,
    "ANSWER_PHONE_CALLS":0.013981741896814046,
    "READ_CALL_LOG":0.011678346934698073,
    "BIND_NOTIFICATION_LISTENER_SERVICE":0.011541949067883866,
    "INTERNAL_SYSTEM_WINDOW":0.011271074430971147,
    "CAPTURE_VIDEO_OUTPUT":0.011082806952833226,
    "ACCESS_MEDIA_LOCATION":0.010122258594986699,
    "DELETE_CACHE_FILES":0.008717936895815077,
    "RECEIVE_MMS":0.007982156853704637,
    "SET_ALARM":0.007982156853704637,
    "TETHER_PRIVILEGED":0.007982156853704637,
    "NETWORK_STACK":0.007982156853704637,
    "BLUETOOTH_SCAN":0.007982156853704637,
    "SET_WALLPAPER_HINTS":0.007982156853704637,
    "READ_SYNC_STATS":0.007982156853704637,
    "CLEAR_APP_CACHE":0.007982156853704637,
    "BIND_JOB_SERVICE":0.007982156853704637,
    "CHANGE_COMPONENT_ENABLED_STATE":0.007982156853704637,
    "SCHEDULE_EXACT_ALARM":0.006497149092473908,
    "START_FOREGROUND_SERVICES_FROM_BACKGROUND":0.0059995850431094075,
    "WRITE_APN_SETTINGS":0.005519310864186143,
    "USE_FULL_SCREEN_INTENT":0.002047889098928795,
    "READ_PHONE_NUMBERS":0.0018500161372124106,
    "MANAGE_FINGERPRINT":0.0014043216991716221,
    "REAL_GET_TASKS":0.0006128298523060841
}