{
    "INTERNET":0.9816256308710675,
    "ACCESS_NETWORK_STATE":0.9742687922907424,
    "WRITE_EXTERNAL_STORAGE":0.9696667795306161,
    "ACCESS_WIFI_STATE":0.9623099409502909,
    "READ_EXTERNAL_STORAGE":0.9148078092398348,
    "READ_PHONE_STATE":0.8583852891592109,
    "REQUEST_INSTALL_PACKAGES":0.8512961331392783,
    "VIBRATE":0.8262279272683438,
    "WAKE_LOCK":0.8094685171627067,
    "CAMERA":0.7675894919526823,
    "GET_TASKS":0.7366819062543766,
    "CHANGE_NETWORK_STATE":0.7150350735063402,
    "ACCESS_COARSE_LOCATION":0.6860314021779789,
    "CHANGE_WIFI_STATE":0.6610500601842578,
    "WRITE_SETTINGS":0.6359942634386395,
    "ACCESS_FINE_LOCATION":0.6283059239391527,
    "RECORD_AUDIO":0.6057035885417683,
    "MOUNT_UNMOUNT_FILESYSTEMS":0.596051061777944,
    "BLUETOOTH":0.558715549165841,
    "SYSTEM_ALERT_WINDOW":0.5293626495964375,
    "RECEIVE_BOOT_COMPLETED":0.5200504874127151,
    "FOREGROUND_SERVICE":0.5198218049604593,
    "READ_LOGS":0.4218836697683571,
    "MODIFY_AUDIO_SETTINGS":0.39731714710663524,
    "FLASHLIGHT":0.3829651073123432,
    "REORDER_TASKS":0.37667722624140015,
    "CALL_PHONE":0.3699426166590736,
    "BLUETOOTH_ADMIN":0.35733494533780313,
    "QUERY_ALL_PACKAGES":0.32704781590530774,
    "ACCESS_LOCATION_EXTRA_COMMANDS":0.31599837617731574,
    "ACCESS_BACKGROUND_LOCATION":0.23351669293264862,
    "READ_CONTACTS":0.22566703480405112,
    "BROADCAST_STICKY":0.22013433764520898,
    "GET_ACCOUNTS":0.21805492278864955,
    "INSTALL_SHORTCUT":0.1682127845899937,
    "DISABLE_KEYGUARD":0.15915589584134765,
    "KILL_BACKGROUND_PROCESSES":0.15578593195190235,
    "READ_CALENDAR":0.138778339339941,
    "WRITE_CALENDAR":0.138778339339941,
    "RESTART_PACKAGES":0.1376810181155503,
    "C2D_MESSAGE":0.13226354854893016,
    "AUTHENTICATE_ACCOUNTS":0.13119990923611205,
    "UNINSTALL_SHORTCUT":0.12733889853058236,
    "WRITE_SYNC_SETTINGS":0.11434122612794524,
    "CHANGE_CONFIGURATION":0.11162008221931895,
    "MANAGE_ACCOUNTS":0.10113791679149661,
    "USE_FINGERPRINT":0.09772008913297449,
    "PACKAGE_USAGE_STATS":0.09463198966142594,
    "WRITE_CONTACTS":0.09232743781698674,
    "USE_FULL_SCREEN_INTENT":0.08962047576586468,
    "READ_SYNC_SETTINGS":0.08325104901427233,
    "READ_SYNC_STATS":0.08325104901427233,
    "EXPAND_STATUS_BAR":0.08168218102786563,
    "NFC":0.08058840526785102,
    "READ_PRIVILEGED_PHONE_STATE":0.07460543413324923,
    "READ_PROFILE":0.06622041088386658,
    "BIND_JOB_SERVICE":0.06451326978679355,
    "PROCESS_OUTGOING_CALLS":0.061588261676543785,
    "READ_CALL_LOG":0.057799932990723335,
    "USE_CREDENTIALS":0.05766697807662107,
    "SEND_SMS":0.05687988498513568,
    "BATTERY_STATS":0.055557426772865175,
    "INTERACT_ACROSS_USERS_FULL":0.05338405711034021,
    "READ_HISTORY_BOOKMARKS":0.05309332903150326,
    "CHANGE_WIFI_MULTICAST_STATE":0.05077459532955981,
    "READ_PHONE_NUMBERS":0.04997509311275821,
    "READ_SMS":0.04957268290607537,
    "INSTALL_PACKAGES":0.04685862992620119,
    "ACTIVITY_RECOGNITION":0.04624526458914276,
    "SET_WALLPAPER":0.04414103148195095,
    "WRITE_MEDIA_STORAGE":0.0432794836385683,
    "RECEIVE_SMS":0.04221584432575021,
    "READ_MEDIA_AUDIO":0.040109838486370376,
    "READ_MEDIA_VIDEO":0.040109838486370376,
    "REQUEST_IGNORE_BATTERY_OPTIMIZATIONS":0.03782833216037556,
    "INTERACT_ACROSS_USERS":0.03578791741195285,
    "DEVICE_POWER":0.03511427918050139,
    "WRITE_SMS":0.03485900574542505,
    "GET_PACKAGE_SIZE":0.0336748206438209,
    "WRITE_APN_SETTINGS":0.032520771989413264,
    "USE_BIOMETRIC":0.030783494445143708,
    "ACCESS_NOTIFICATION_POLICY":0.02609461780780394,
    "MANAGE_EXTERNAL_STORAGE":0.024320112887585746,
    "RECEIVE_MMS":0.023733338533347765,
    "WRITE_CALL_LOG":0.023733338533347765,
    "ACCESS_MOCK_LOCATION":0.023733338533347765,
    "MANAGE_FINGERPRINT":0.023426655864818548,
    "SET_WALLPAPER_HINTS":0.022070515740975474,
    "UPDATE_APP_OPS_STATS":0.020799466762157853,
    "SCHEDULE_EXACT_ALARM":0.020147101316962755,
    "WRITE_PROFILE":0.01873777922747878,
    "READ_USER_DICTIONARY":0.01873777922747878,
    "SET_ALARM":0.01873777922747878,
    "BLUETOOTH_CONNECT":0.01606981728449339,
    "WRITE_SECURE_SETTINGS":0.014713677160650317,
    "REQUEST_DELETE_PACKAGES":0.014713677160650317,
    "LOCAL_MAC_ADDRESS":0.014713677160650317,
    "CAPTURE_VIDEO_OUTPUT":0.012465852746228077,
    "ADD_VOICEMAIL":0.01138094064715362,
    "USE_SIP":0.01138094064715362,
    "BODY_SENSORS":0.01138094064715362,
    "READ_SOCIAL_STREAM":0.01138094064715362,
    "WRITE_SOCIAL_STREAM":0.01138094064715362,
    "WRITE_USER_DICTIONARY":0.01138094064715362,
    "WRITE_HISTORY_BOOKMARKS":0.01138094064715362,
    "SUBSCRIBED_FEEDS_READ":0.01138094064715362,
    "SUBSCRIBED_FEEDS_WRITE":0.01138094064715362,
    "BIND_DIRECTORY_SEARCH":0.01138094064715362,
    "ACCOUNT_MANAGER":0.01138094064715362,
    "GET_INTENT_SENDER_INTENT":0.01138094064715362,
    "PERSISTENT_ACTIVITY":0.01138094064715362,
    "CLEAR_APP_CACHE":0.01138094064715362,
    "CLEAR_APP_USER_DATA":0.01138094064715362,
    "DELETE_PACKAGES":0.01138094064715362,
    "BIND_APPWIDGET":0.01138094064715362,
    "ACCESS_CACHE_FILESYSTEM":0.01138094064715362,
    "REAL_GET_TASKS":0.011125667212077276,
    "INSTALL_GRANT_RUNTIME_PERMISSIONS":0.010393528818420822,
    "READ_CELL_BROADCASTS":0.007356838580325159,
    "LOCATION_HARDWARE":0.007356838580325159,
    "TRANSMIT_IR":0.007356838580325159,
    "MANAGE_USERS":0.007356838580325159,
    "SET_TIME":0.007356838580325159,
    "SET_TIME_ZONE":0.007356838580325159,
    "DIAGNOSTIC":0.007356838580325159,
    "BIND_ACCESSIBILITY_SERVICE":0.007356838580325159,
    "READ_FRAME_BUFFER":0.007356838580325159,
    "SET_VOLUME_KEY_LONG_PRESS_LISTENER":0.007356838580325159,
    "BROADCAST_WAP_PUSH":0.007356838580325159,
    "READ_INSTALL_SESSIONS":0.007356838580325159,
    "ACCESS_MEDIA_LOCATION":0.004024102066828461,
    "BIND_VPN_SERVICE":0.004024102066828461,
    "SERIAL_PORT":0.0037688286317521177
}