{
    "INTERNET":1.0,
    "ACCESS_NETWORK_STATE":0.9897799415936936,
    "ACCESS_WIFI_STATE":0.960727298572453,
    "REQUEST_INSTALL_PACKAGES":0.9434708898704567,
    "WRITE_EXTERNAL_STORAGE":0.9397164973775693,
    "READ_EXTERNAL_STORAGE":0.791528786114601,
    "READ_PHONE_STATE":0.7806439744718033,
    "WAKE_LOCK":0.7746591049243997,
    "VIBRATE":0.7586151392323561,
    "ACCESS_COARSE_LOCATION":0.6461986776009513,
    "CHANGE_NETWORK_STATE":0.603294918400495,
    "CAMERA":0.5384313077870195,
    "GET_TASKS":0.5355507104288911,
    "CHANGE_WIFI_STATE":0.5088058899645256,
    "ACCESS_FINE_LOCATION":0.4696523424189908,
    "RECEIVE_BOOT_COMPLETED":0.3790431316148696,
    "FOREGROUND_SERVICE":0.3786145957234209,
    "REORDER_TASKS":0.36919934862544507,
    "MOUNT_UNMOUNT_FILESYSTEMS":0.35958760214309765,
    "RECORD_AUDIO":0.35422985829049713,
    "WRITE_SETTINGS":0.34010071638658546,
    "QUERY_ALL_PACKAGES":0.33630242509506186,
    "SYSTEM_ALERT_WINDOW":0.3012732742023484,
    "BLUETOOTH":0.27880545097653925,
    "MODIFY_AUDIO_SETTINGS":0.2332196842213085,
    "BLUETOOTH_ADMIN":0.20840850131591873,
    "READ_LOGS":0.1933533038026812,
    "ACCESS_LOCATION_EXTRA_COMMANDS":0.18490383027470195,
    "FLASHLIGHT":0.1653103331500733,
    "CALL_PHONE":0.15220549654767307,
    "REQUEST_IGNORE_BATTERY_OPTIMIZATIONS":0.11908280776716079,
    "ACCESS_BACKGROUND_LOCATION":0.11224922811279066,
    "C2D_MESSAGE":0.107248945906228,
    "GET_ACCOUNTS":0.10608667295185975,
    "READ_CONTACTS":0.10462547008296874,
    "BROADCAST_STICKY":0.10073938119417278,
    "INSTALL_SHORTCUT":0.09802183651669305,
    "MANAGE_ACCOUNTS":0.08921281092369346,
    "UNINSTALL_SHORTCUT":0.0879522882771394,
    "KILL_BACKGROUND_PROCESSES":0.08501734002546132,
    "READ_CALENDAR":0.08299590486921295,
    "WRITE_CALENDAR":0.08299590486921295,
    "CHANGE_CONFIGURATION":0.0785412220171289,
    "PACKAGE_USAGE_STATS":0.0721905291477571,
    "RESTART_PACKAGES":0.06784245766378956,
    "INSTALL_PACKAGES":0.0611740211090509,
    "CHANGE_WIFI_MULTICAST_STATE":0.060760118150480914,
    "READ_PRIVILEGED_PHONE_STATE":0.055784920971710374,
    "REQUEST_DELETE_PACKAGES":0.05407913908184619,
    "USE_CREDENTIALS":0.05207651769644191,
    "READ_PHONE_NUMBERS":0.04707623548987925,
    "NFC":0.04668741755910138,
    "DISABLE_KEYGUARD":0.044803950055709675,
    "GET_PACKAGE_SIZE":0.043806820200972894,
    "MANAGE_EXTERNAL_STORAGE":0.04002316184232806,
    "EXPAND_STATUS_BAR":0.03774669557019314,
    "SET_WALLPAPER":0.037510478225150676,
    "WRITE_CONTACTS":0.03575661669868492,
    "MODIFY_PHONE_STATE":0.03512321974693389,
    "INJECT_EVENTS":0.03512321974693389,
    "STOP_APP_SWITCHES":0.03512321974693389,
    "USE_FINGERPRINT":0.034734401816156016,
    "AUTHENTICATE_ACCOUNTS":0.0347093167883639,
    "INTERACT_ACROSS_USERS":0.03140227395776936,
    "DEVICE_POWER":0.026803352195880627,
    "USE_BIOMETRIC":0.026050801362117012,
    "SET_DEBUG_APP":0.026050801362117012,
    "INTERACT_ACROSS_USERS_FULL":0.020636616196984363,
    "REAL_GET_TASKS":0.017406918868748865,
    "READ_SMS":0.017367200908078008,
    "PROCESS_OUTGOING_CALLS":0.017367200908078008,
    "ACTIVITY_RECOGNITION":0.017367200908078008,
    "CAPTURE_VIDEO_OUTPUT":0.017367200908078008,
    "MEDIA_CONTENT_CONTROL":0.017367200908078008,
    "USE_FULL_SCREEN_INTENT":0.017367200908078008,
    "READ_SYNC_SETTINGS":0.017342115880285888,
    "WRITE_SYNC_SETTINGS":0.017342115880285888,
    "READ_SYNC_STATS":0.017342115880285888,
    "GET_TOP_ACTIVITY_INFO":0.014781352626506932,
    "READ_PROFILE":0.013433032382680465,
    "WRITE_USER_DICTIONARY":0.01195301574294536,
    "SEND_SMS":0.010911987089572365,
    "RECEIVE_SMS":0.008683600454039004,
    "READ_CALL_LOG":0.008683600454039004,
    "WRITE_CALL_LOG":0.008683600454039004,
    "MANAGE_OWN_CALLS":0.008683600454039004,
    "BLUETOOTH_PRIVILEGED":0.008683600454039004,
    "TRANSMIT_IR":0.008683600454039004,
    "MOUNT_FORMAT_FILESYSTEMS":0.008683600454039004,
    "SCHEDULE_EXACT_ALARM":0.008683600454039004,
    "CAPTURE_AUDIO_OUTPUT":0.008683600454039004,
    "BROADCAST_WAP_PUSH":0.008683600454039004,
    "ACCESS_NOTIFICATION_POLICY":0.008683600454039004,
    "BLUETOOTH_CONNECT":0.007460705349173136,
    "ACCESS_MEDIA_LOCATION":0.003668685314597605,
    "WRITE_PROFILE":0.003269415288906356,
    "SET_ALARM":0.0031209955411363103,
    "WRITE_MEDIA_STORAGE":0.0022283866355333605,
    "WRITE_SMS":0.001385947785514651
}