{
    "INTERNET":1.0,
    "ACCESS_NETWORK_STATE":0.9890084956824133,
    "ACCESS_WIFI_STATE":0.9770652771757217,
    "WRITE_EXTERNAL_STORAGE":0.9584106196471592,
    "READ_EXTERNAL_STORAGE":0.9484803031359775,
    "REQUEST_INSTALL_PACKAGES":0.8805263209007198,
    "READ_PHONE_STATE":0.8351027153871343,
    "VIBRATE":0.7365164258982786,
    "WAKE_LOCK":0.7279474667893233,
    "RECORD_AUDIO":0.6014683590346174,
    "CHANGE_NETWORK_STATE":0.5469866945412374,
    "CAMERA":0.5440220783566226,
    "ACCESS_COARSE_LOCATION":0.5308287417685091,
    "WRITE_SETTINGS":0.4671071508343377,
    "FOREGROUND_SERVICE":0.4394447568758689,
    "MOUNT_UNMOUNT_FILESYSTEMS":0.43862458759787365,
    "ACCESS_FINE_LOCATION":0.42435770327882166,
    "CHANGE_WIFI_STATE":0.41839757109825765,
    "QUERY_ALL_PACKAGES":0.4169311543374937,
    "GET_TASKS":0.40229612083768373,
    "SYSTEM_ALERT_WINDOW":0.35325194028743795,
    "BLUETOOTH":0.3422074648647065,
    "MODIFY_AUDIO_SETTINGS":0.32943171715548614,
    "REORDER_TASKS":0.29434807136620356,
    "FLASHLIGHT":0.2227337857654275,
    "RECEIVE_BOOT_COMPLETED":0.21980536650266166,
    "READ_LOGS":0.18021829392430203,
    "BLUETOOTH_ADMIN":0.17781958571298617,
    "DISABLE_KEYGUARD":0.15346347156731752,
    "CALL_PHONE":0.14234483659738312,
    "ACCESS_LOCATION_EXTRA_COMMANDS":0.14125539753490104,
    "READ_CONTACTS":0.11758967345962208,
    "MANAGE_EXTERNAL_STORAGE":0.10360088744258132,
    "CHANGE_WIFI_MULTICAST_STATE":0.10347993675250025,
    "KILL_BACKGROUND_PROCESSES":0.102286321183233,
    "CHANGE_CONFIGURATION":0.08750826569953181,
    "GET_ACCOUNTS":0.08745706029789167,
    "EXPAND_STATUS_BAR":0.0836272493959085,
    "BROADCAST_STICKY":0.07267459055542838,
    "C2D_MESSAGE":0.06612471340424973,
    "REQUEST_IGNORE_BATTERY_OPTIMIZATIONS":0.06442434092909541,
    "RESTART_PACKAGES":0.06360858590986247,
    "ACCESS_BACKGROUND_LOCATION":0.0626630516830243,
    "INSTALL_PACKAGES":0.05883235792928875,
    "MANAGE_ACCOUNTS":0.05622706240790742,
    "NFC":0.0526223787027905,
    "USE_CREDENTIALS":0.04576791769702815,
    "INSTALL_SHORTCUT":0.045087238995914956,
    "READ_PRIVILEGED_PHONE_STATE":0.03751060525667583,
    "READ_SMS":0.033845887632394586,
    "BATTERY_STATS":0.03180473438080744,
    "AUTHENTICATE_ACCOUNTS":0.03063230725359822,
    "WRITE_CONTACTS":0.029946331441970533,
    "READ_MEDIA_AUDIO":0.028209762044967116,
    "READ_MEDIA_VIDEO":0.028209762044967116,
    "PROCESS_OUTGOING_CALLS":0.02324548664112866,
    "USE_FINGERPRINT":0.023096284694970257,
    "BLUETOOTH_PRIVILEGED":0.022772278101833368,
    "ACCESS_NOTIFICATION_POLICY":0.022633670376703968,
    "UNINSTALL_SHORTCUT":0.022170173206685264,
    "BLUETOOTH_CONNECT":0.021014520262771955,
    "RECEIVE_SMS":0.019187017135269623,
    "PACKAGE_USAGE_STATS":0.017398359484873623,
    "INTERACT_ACROSS_USERS":0.016879242654452672,
    "BLUETOOTH_SCAN":0.015966373942453926,
    "WRITE_APN_SETTINGS":0.015542605101293964,
    "READ_SYNC_SETTINGS":0.01501642545685368,
    "OVERRIDE_WIFI_CONFIG":0.014669464718153962,
    "SET_WALLPAPER":0.01316861673904577,
    "SEND_SMS":0.013164202480283688,
    "GET_PACKAGE_SIZE":0.013046783197212282,
    "BIND_ACCESSIBILITY_SERVICE":0.012978803612276204,
    "WRITE_MEDIA_STORAGE":0.012147157261499782,
    "WRITE_SYNC_SETTINGS":0.01186552755247889,
    "READ_HISTORY_BOOKMARKS":0.011851401924440227,
    "READ_PHONE_NUMBERS":0.011778125228989649,
    "READ_CALL_LOG":0.011002098538615472,
    "LOCAL_MAC_ADDRESS":0.011002098538615472,
    "READ_CALENDAR":0.011000332835110638,
    "WRITE_CALENDAR":0.011000332835110638,
    "INTERACT_ACROSS_USERS_FULL":0.010553609848387848,
    "USE_FULL_SCREEN_INTENT":0.01048563026345177,
    "USE_BIOMETRIC":0.009820842893882083,
    "SET_ALARM":0.009129569971739897,
    "CAPTURE_AUDIO_OUTPUT":0.007334732359076981,
    "CAPTURE_VIDEO_OUTPUT":0.007334732359076981,
    "BIND_NOTIFICATION_LISTENER_SERVICE":0.007334732359076981,
    "UPDATE_DEVICE_STATS":0.006261184628138416,
    "REQUEST_DELETE_PACKAGES":0.005828587269454288,
    "SET_DEBUG_APP":0.0053650900994355825,
    "WRITE_SMS":0.004517552417115662,
    "ACCESS_MEDIA_LOCATION":0.0036673661795384904,
    "ANSWER_PHONE_CALLS":0.0036673661795384904,
    "ACCESS_MOCK_LOCATION":0.0036673661795384904,
    "BLUETOOTH_ADVERTISE":0.0036673661795384904,
    "MODIFY_PHONE_STATE":0.0036673661795384904,
    "MANAGE_DOCUMENTS":0.0036673661795384904,
    "REAL_GET_TASKS":0.0036673661795384904,
    "GET_INTENT_SENDER_INTENT":0.0036673661795384904,
    "SET_WALLPAPER_HINTS":0.0036673661795384904,
    "SET_PREFERRED_APPLICATIONS":0.0036673661795384904,
    "MEDIA_CONTENT_CONTROL":0.0036673661795384904,
    "CALL_PRIVILEGED":0.0036673661795384904,
    "READ_PROFILE":0.0025461444539694286,
    "INSTANT_APP_FOREGROUND_SERVICE":0.0017966033161677486,
    "SCHEDULE_EXACT_ALARM":0.0009411199680760787,
    "READ_SYNC_STATS":0.0004334802104365428
}