{
    "INTERNET":1.0,
    "ACCESS_NETWORK_STATE":1.0,
    "WRITE_EXTERNAL_STORAGE":0.995134655071071,
    "ACCESS_WIFI_STATE":0.991103798315578,
    "READ_EXTERNAL_STORAGE":0.9834882892777923,
    "REQUEST_INSTALL_PACKAGES":0.8455982357761593,
    "WAKE_LOCK":0.8176225024348172,
    "READ_PHONE_STATE":0.8112619434779059,
    "CAMERA":0.7778094792707985,
    "CHANGE_WIFI_STATE":0.7633464477404456,
    "RECORD_AUDIO":0.7612226860651194,
    "VIBRATE":0.7488212050095027,
    "GET_TASKS":0.6123877516872099,
    "WRITE_SETTINGS":0.5974592087593364,
    "CHANGE_NETWORK_STATE":0.5936042595365475,
    "ACCESS_COARSE_LOCATION":0.537307413429896,
    "SYSTEM_ALERT_WINDOW":0.5108762340342456,
    "ACCESS_FINE_LOCATION":0.503001154125031,
    "MOUNT_UNMOUNT_FILESYSTEMS":0.4944868004994053,
    "BLUETOOTH":0.4326638836092788,
    "MODIFY_AUDIO_SETTINGS":0.4323678441030213,
    "FOREGROUND_SERVICE":0.39256769222188337,
    "RECEIVE_BOOT_COMPLETED":0.35140318435538437,
    "ACCESS_LOCATION_EXTRA_COMMANDS":0.29343092626042006,
    "BLUETOOTH_ADMIN":0.2727617911677254,
    "READ_LOGS":0.2704084916143589,
    "FLASHLIGHT":0.26061559055591044,
    "QUERY_ALL_PACKAGES":0.1909669336742791,
    "CALL_PHONE":0.19066445852658112,
    "REORDER_TASKS":0.18389845415892583,
    "ACCESS_BACKGROUND_LOCATION":0.17345984374262563,
    "BROADCAST_STICKY":0.1526855931730714,
    "MANAGE_ACCOUNTS":0.12811645936750501,
    "CHANGE_CONFIGURATION":0.12527190585085604,
    "INSTALL_SHORTCUT":0.12033362365226931,
    "INSTALL_PACKAGES":0.11142669589878011,
    "C2D_MESSAGE":0.10906267027634635,
    "RESTART_PACKAGES":0.1016187783436374,
    "GET_ACCOUNTS":0.09933412563230166,
    "WRITE_CALENDAR":0.09905095740892486,
    "EXPAND_STATUS_BAR":0.09302505180691352,
    "READ_CALENDAR":0.09015475572450299,
    "SCHEDULE_EXACT_ALARM":0.08170261329946749,
    "KILL_BACKGROUND_PROCESSES":0.08148165627668101,
    "READ_PRIVILEGED_PHONE_STATE":0.07787340664243998,
    "CHANGE_WIFI_MULTICAST_STATE":0.07059255095955408,
    "USE_CREDENTIALS":0.06844948235990675,
    "DISABLE_KEYGUARD":0.0660940375927268,
    "PROCESS_OUTGOING_CALLS":0.06587737099756727,
    "REQUEST_IGNORE_BATTERY_OPTIMIZATIONS":0.06504717325175793,
    "SET_WALLPAPER":0.061132158042192006,
    "USE_FULL_SCREEN_INTENT":0.0584956902654487,
    "READ_CONTACTS":0.05831978273274491,
    "CAPTURE_AUDIO_OUTPUT":0.05808166399945077,
    "CAPTURE_VIDEO_OUTPUT":0.056123083787761076,
    "AUTHENTICATE_ACCOUNTS":0.054694371387996196,
    "INTERACT_ACROSS_USERS_FULL":0.05331285369212744,
    "READ_HISTORY_BOOKMARKS":0.044202130626359484,
    "SET_DEBUG_APP":0.0404651681633108,
    "USE_FINGERPRINT":0.03920378244099586,
    "ACCESS_MEDIA_LOCATION":0.03770856841301369,
    "PACKAGE_USAGE_STATS":0.036299162937569955,
    "UNINSTALL_SHORTCUT":0.03458513710061479,
    "MANAGE_DOCUMENTS":0.03261154039223087,
    "WRITE_SYNC_SETTINGS":0.02918777914594745,
    "ACCESS_NOTIFICATION_POLICY":0.02797787855515556,
    "WRITE_CONTACTS":0.021141082131656042,
    "SET_ALARM":0.02029157746152557,
    "GET_PACKAGE_SIZE":0.02029157746152557,
    "LOCAL_MAC_ADDRESS":0.018854284206506845,
    "CHANGE_COMPONENT_ENABLED_STATE":0.01832441639458203,
    "READ_FRAME_BUFFER":0.01832441639458203,
    "NFC":0.017792403368843756,
    "SET_WALLPAPER_HINTS":0.017792403368843756,
    "CLEAR_APP_CACHE":0.017792403368843756,
    "RECEIVE_SMS":0.016340093617130805,
    "READ_SMS":0.016340093617130805,
    "STATUS_BAR":0.01458530871771988,
    "STATUS_BAR_SERVICE":0.01458530871771988,
    "UPDATE_DEVICE_STATS":0.012573098160693663,
    "MOUNT_FORMAT_FILESYSTEMS":0.011279534231176811,
    "SEND_SMS":0.008896201684421878,
    "RECEIVE_MMS":0.008896201684421878,
    "MANAGE_EXTERNAL_STORAGE":0.008896201684421878,
    "READ_PHONE_NUMBERS":0.008896201684421878,
    "USE_BIOMETRIC":0.008896201684421878,
    "READ_PROFILE":0.008896201684421878,
    "WRITE_PROFILE":0.008896201684421878,
    "WRITE_SMS":0.008896201684421878,
    "ACCESS_MOCK_LOCATION":0.008896201684421878,
    "WRITE_MEDIA_STORAGE":0.008896201684421878,
    "READ_SYNC_SETTINGS":0.008896201684421878,
    "READ_SYNC_STATS":0.008896201684421878,
    "WRITE_APN_SETTINGS":0.008896201684421878,
    "CLEAR_APP_USER_DATA":0.008896201684421878,
    "DELETE_CACHE_FILES":0.008896201684421878,
    "MEDIA_CONTENT_CONTROL":0.008896201684421878,
    "BROADCAST_WAP_PUSH":0.008896201684421878,
    "BATTERY_STATS":0.008896201684421878,
    "INJECT_EVENTS":0.008548677046641232,
    "GET_TOP_ACTIVITY_INFO":0.004865344928929062,
    "REQUEST_DELETE_PACKAGES":0.004241087709211973
}