{
    "INTERNET":0.995865932368839,
    "ACCESS_NETWORK_STATE":0.995865932368839,
    "WRITE_EXTERNAL_STORAGE":0.988308055422003,
    "ACCESS_WIFI_STATE":0.988308055422003,
    "READ_EXTERNAL_STORAGE":0.9807501784751665,
    "VIBRATE":0.9365739324271168,
    "ACCESS_COARSE_LOCATION":0.9086261783003338,
    "ACCESS_FINE_LOCATION":0.9057068345061704,
    "CHANGE_WIFI_STATE":0.8973257863834376,
    "CAMERA":0.8898662528956687,
    "REQUEST_INSTALL_PACKAGES":0.8733117706193454,
    "WAKE_LOCK":0.8594708393432116,
    "READ_PHONE_STATE":0.8510169442137624,
    "CHANGE_NETWORK_STATE":0.7608268863732393,
    "RECORD_AUDIO":0.7306736891181144,
    "GET_TASKS":0.7042611856578816,
    "ACCESS_LOCATION_EXTRA_COMMANDS":0.6768670687821441,
    "WRITE_SETTINGS":0.6480961434794646,
    "SYSTEM_ALERT_WINDOW":0.6405054853796059,
    "MOUNT_UNMOUNT_FILESYSTEMS":0.6404472077742328,
    "FOREGROUND_SERVICE":0.5817962614916153,
    "FLASHLIGHT":0.5169606043387678,
    "BLUETOOTH":0.5128338214082783,
    "QUERY_ALL_PACKAGES":0.4658402173754681,
    "READ_LOGS":0.43532278508676087,
    "MODIFY_AUDIO_SETTINGS":0.4331756195637922,
    "REORDER_TASKS":0.4258289989364338,
    "RECEIVE_BOOT_COMPLETED":0.40911789559566997,
    "ACCESS_BACKGROUND_LOCATION":0.3859871497880153,
    "CALL_PHONE":0.37766620044582366,
    "BLUETOOTH_ADMIN":0.31285057621982315,
    "READ_CONTACTS":0.30826849949735574,
    "BROADCAST_STICKY":0.30529269927298697,
    "GET_ACCOUNTS":0.23812047437970782,
    "C2D_MESSAGE":0.22084480673689122,
    "EXPAND_STATUS_BAR":0.19935676093069343,
    "MANAGE_ACCOUNTS":0.19848623920043135,
    "USE_CREDENTIALS":0.18601483165056754,
    "RESTART_PACKAGES":0.18235426956306372,
    "KILL_BACKGROUND_PROCESSES":0.14437912496175537,
    "CHANGE_CONFIGURATION":0.14122302839576326,
    "INSTALL_SHORTCUT":0.12857132450427616,
    "DISABLE_KEYGUARD":0.12794119789617847,
    "READ_PRIVILEGED_PHONE_STATE":0.11915220653583347,
    "USE_FINGERPRINT":0.09739644797995255,
    "READ_CALENDAR":0.0941492926555648,
    "WRITE_CALENDAR":0.0941492926555648,
    "REQUEST_IGNORE_BATTERY_OPTIMIZATIONS":0.07477745239448114,
    "WRITE_CONTACTS":0.07468093011058177,
    "INSTALL_PACKAGES":0.07336786281451697,
    "CHANGE_WIFI_MULTICAST_STATE":0.06911723997260953,
    "UNINSTALL_SHORTCUT":0.06758381048122734,
    "WRITE_MEDIA_STORAGE":0.0667096464006294,
    "AUTHENTICATE_ACCOUNTS":0.06625435260865133,
    "WRITE_SYNC_SETTINGS":0.0566512959482495,
    "NFC":0.056600303043547955,
    "READ_SMS":0.056551131314014326,
    "READ_SYNC_SETTINGS":0.05328030071244374,
    "READ_SYNC_STATS":0.05083992598744119,
    "PACKAGE_USAGE_STATS":0.04124779637804684,
    "USE_FULL_SCREEN_INTENT":0.03872546877048823,
    "PROCESS_OUTGOING_CALLS":0.035416393490391496,
    "SET_WALLPAPER":0.034948351472238015,
    "MANAGE_EXTERNAL_STORAGE":0.03360796654865453,
    "ACTIVITY_RECOGNITION":0.03313081865466149,
    "BLUETOOTH_CONNECT":0.03313081865466149,
    "BATTERY_STATS":0.032770225971414844,
    "RECEIVE_SMS":0.031502688054547846,
    "ACCESS_NOTIFICATION_POLICY":0.029625056456430213,
    "WRITE_APN_SETTINGS":0.029379197808762046,
    "INTERACT_ACROSS_USERS_FULL":0.029253536722176097,
    "ACCESS_MOCK_LOCATION":0.028086163439544284,
    "INTERACT_ACROSS_USERS":0.027663650800588614,
    "GET_PACKAGE_SIZE":0.02608287075484069,
    "SET_DEBUG_APP":0.023088858778792784,
    "WRITE_SECURE_SETTINGS":0.021072817867913814,
    "READ_MEDIA_VIDEO":0.017985925958302378,
    "READ_HISTORY_BOOKMARKS":0.0175761615455221,
    "SCHEDULE_EXACT_ALARM":0.01691143260923409,
    "ACCESS_MEDIA_LOCATION":0.01581690633331877,
    "READ_MEDIA_AUDIO":0.01581690633331877,
    "READ_PHONE_NUMBERS":0.015153998572198672,
    "REQUEST_DELETE_PACKAGES":0.013460305666040185,
    "GET_TOP_ACTIVITY_INFO":0.012383991141803987,
    "DELETE_PACKAGES":0.012178198347829893,
    "SEND_SMS":0.010888806328947946,
    "USE_BIOMETRIC":0.009158689919431213,
    "MANAGE_MEDIA_PROJECTION":0.008847268965718202,
    "READ_CALL_LOG":0.007557876946836257,
    "READ_PROFILE":0.007557876946836257,
    "WRITE_SMS":0.007557876946836257,
    "SET_ALARM":0.007557876946836257,
    "HARDWARE_TEST":0.007557876946836257,
    "SIGNAL_PERSISTENT_PROCESSES":0.007557876946836257,
    "STATUS_BAR_SERVICE":0.007557876946836257,
    "CAPTURE_AUDIO_OUTPUT":0.007557876946836257,
    "CALL_PRIVILEGED":0.007557876946836257,
    "CAPTURE_VIDEO_OUTPUT":0.0056838876990544475,
    "OVERRIDE_WIFI_CONFIG":0.004880749450005101,
    "BLUETOOTH_PRIVILEGED":0.0038736395821495706,
    "INJECT_EVENTS":0.003030435479406152,
    "REAL_GET_TASKS":0.00216901962498361,
    "STOP_APP_SWITCHES":0.0016008129725949567,
    "READ_USER_DICTIONARY":0.001240220289348311,
    "WRITE_USER_DICTIONARY":0.001240220289348311,
    "MANAGE_USERS":0.001240220289348311,
    "UPDATE_DEVICE_STATS":0.001240220289348311,
    "DEVICE_POWER":0.001240220289348311
}