{
    "INTERNET":1.0,
    "ACCESS_NETWORK_STATE":1.0,
    "ACCESS_WIFI_STATE":1.0,
    "WRITE_EXTERNAL_STORAGE":0.9604351563754311,
    "READ_EXTERNAL_STORAGE":0.9101905689021306,
    "READ_PHONE_STATE":0.8455776105419537,
    "WAKE_LOCK":0.8245961309045975,
    "REQUEST_INSTALL_PACKAGES":0.8118718918490485,
    "CAMERA":0.7975238439761568,
    "CHANGE_NETWORK_STATE":0.7803488648580534,
    "VIBRATE":0.760123401340912,
    "CHANGE_WIFI_STATE":0.755402365192367,
    "ACCESS_COARSE_LOCATION":0.6394290858911532,
    "RECORD_AUDIO":0.6319563136491388,
    "WRITE_SETTINGS":0.6221220071821525,
    "SYSTEM_ALERT_WINDOW":0.6152467315512753,
    "MODIFY_AUDIO_SETTINGS":0.6135070815542222,
    "GET_TASKS":0.5966023985221096,
    "MOUNT_UNMOUNT_FILESYSTEMS":0.5950334618425245,
    "READ_LOGS":0.574931968710687,
    "RECEIVE_BOOT_COMPLETED":0.4755625918346189,
    "ACCESS_FINE_LOCATION":0.45237200057717325,
    "FLASHLIGHT":0.4273807902807214,
    "FOREGROUND_SERVICE":0.39695927064767383,
    "BLUETOOTH":0.3943213434325161,
    "ACCESS_LOCATION_EXTRA_COMMANDS":0.3348887213369289,
    "CALL_PHONE":0.2744501100491205,
    "GET_ACCOUNTS":0.2740517789750289,
    "ACCESS_BACKGROUND_LOCATION":0.23363336876312088,
    "MANAGE_ACCOUNTS":0.23129418985353187,
    "DISABLE_KEYGUARD":0.21820210424486775,
    "READ_CALENDAR":0.18408382836808218,
    "WRITE_CALENDAR":0.18408382836808218,
    "USE_CREDENTIALS":0.18400050401074666,
    "BLUETOOTH_ADMIN":0.18097643952988782,
    "QUERY_ALL_PACKAGES":0.17485108311503014,
    "READ_CONTACTS":0.17147339819084512,
    "RESTART_PACKAGES":0.17077225420838796,
    "BROADCAST_STICKY":0.162811729630751,
    "REORDER_TASKS":0.1603140312120847,
    "C2D_MESSAGE":0.15783259120460585,
    "KILL_BACKGROUND_PROCESSES":0.15229253759249495,
    "SET_DEBUG_APP":0.13922687190201044,
    "CHANGE_WIFI_MULTICAST_STATE":0.13315232302211336,
    "MANAGE_DOCUMENTS":0.10749858246977449,
    "REAL_GET_TASKS":0.10286899988415871,
    "CHANGE_CONFIGURATION":0.09391264762129274,
    "READ_MEDIA_VIDEO":0.08595618764645262,
    "READ_MEDIA_AUDIO":0.07752010454158385,
    "INSTALL_PACKAGES":0.07411803200061776,
    "WRITE_CONTACTS":0.06387929755534459,
    "READ_SMS":0.06188764218488652,
    "BATTERY_STATS":0.06138566373947517,
    "EXPAND_STATUS_BAR":0.056294748736416544,
    "PROCESS_OUTGOING_CALLS":0.05626426421544017,
    "INSTALL_SHORTCUT":0.05454696953376969,
    "REQUEST_IGNORE_BATTERY_OPTIMIZATIONS":0.05132170721446668,
    "UNINSTALL_SHORTCUT":0.043255502964111556,
    "RECEIVE_SMS":0.04287139799980892,
    "AUTHENTICATE_ACCOUNTS":0.04017859864689369,
    "SCHEDULE_EXACT_ALARM":0.039227481592430044,
    "READ_PRIVILEGED_PHONE_STATE":0.035278719975287184,
    "USE_FULL_SCREEN_INTENT":0.03490680881937512,
    "SEND_SMS":0.033417131894328427,
    "INTERACT_ACROSS_USERS_FULL":0.03136247518051915,
    "NFC":0.02913710514924203,
    "DEVICE_POWER":0.028864776761852864,
    "READ_CALL_LOG":0.02881193692549377,
    "MOUNT_FORMAT_FILESYSTEMS":0.027220644930525752,
    "USE_FINGERPRINT":0.02711090065501072,
    "READ_PHONE_NUMBERS":0.02397912420003534,
    "BLUETOOTH_CONNECT":0.023588922331537438,
    "USE_BIOMETRIC":0.02326375410778918,
    "SET_WALLPAPER":0.020910349088411193,
    "FORCE_BACK":0.01831510020262043,
    "CHANGE_COMPONENT_ENABLED_STATE":0.01831510020262043,
    "FACTORY_TEST":0.01831510020262043,
    "CALL_PRIVILEGED":0.01831510020262043,
    "ACCESS_MOCK_LOCATION":0.018270389571855047,
    "SET_ALARM":0.016872166209737555,
    "WRITE_APN_SETTINGS":0.016872166209737555,
    "ACCESS_MEDIA_LOCATION":0.016311251023771813,
    "CAPTURE_AUDIO_OUTPUT":0.014606150150491905,
    "WRITE_MEDIA_STORAGE":0.013053471882093992,
    "GET_TOP_ACTIVITY_INFO":0.013053471882093992,
    "WRITE_CALL_LOG":0.011939770715756219,
    "READ_SOCIAL_STREAM":0.009665625450916865,
    "READ_PROFILE":0.009387200159332422,
    "WRITE_SMS":0.008436083104868777,
    "INTERACT_ACROSS_USERS":0.008436083104868777,
    "READ_SYNC_SETTINGS":0.008436083104868777,
    "WRITE_SYNC_SETTINGS":0.008436083104868777,
    "WRITE_SECURE_SETTINGS":0.008436083104868777,
    "OVERRIDE_WIFI_CONFIG":0.0075235797769752375,
    "LOCATION_HARDWARE":0.006970793796603206,
    "WRITE_HISTORY_BOOKMARKS":0.0062838759239350174,
    "MODIFY_PHONE_STATE":0.00558476424287627,
    "READ_HISTORY_BOOKMARKS":0.005007590645723119,
    "MANAGE_EXTERNAL_STORAGE":0.004617388777225214,
    "INTERACT_ACROSS_PROFILES":0.004322705074453358,
    "DELETE_PACKAGES":0.0037617898884876187,
    "USE_SIP":0.003503687610887442,
    "MANAGE_FINGERPRINT":0.003176487085740761,
    "REQUEST_DELETE_PACKAGES":0.0016644548453113776,
    "CLEAR_APP_CACHE":0.0006706594614807749
}