{
    "WRITE_EXTERNAL_STORAGE":0.9909516524352244,
    "INTERNET":0.9909516524352244,
    "ACCESS_NETWORK_STATE":0.9909516524352244,
    "ACCESS_WIFI_STATE":0.9849673945738697,
    "READ_EXTERNAL_STORAGE":0.9778202506249787,
    "READ_PHONE_STATE":0.8994995847863406,
    "VIBRATE":0.8659615470414761,
    "REQUEST_INSTALL_PACKAGES":0.8490665968167426,
    "CHANGE_WIFI_STATE":0.836670634103937,
    "WAKE_LOCK":0.8255397417759626,
    "CAMERA":0.8145844337334825,
    "ACCESS_COARSE_LOCATION":0.7642680222157292,
    "ACCESS_FINE_LOCATION":0.7311919726318784,
    "CHANGE_NETWORK_STATE":0.6978323976034184,
    "GET_TASKS":0.6442043513240061,
    "MOUNT_UNMOUNT_FILESYSTEMS":0.6351257802346784,
    "WRITE_SETTINGS":0.5959488963376285,
    "SYSTEM_ALERT_WINDOW":0.5815538633580061,
    "RECORD_AUDIO":0.5475811825457706,
    "BLUETOOTH":0.5461462847372639,
    "RECEIVE_BOOT_COMPLETED":0.5019882761509046,
    "MODIFY_AUDIO_SETTINGS":0.490483187804664,
    "FOREGROUND_SERVICE":0.4668742974829563,
    "FLASHLIGHT":0.4427386543047655,
    "ACCESS_LOCATION_EXTRA_COMMANDS":0.43344851854357175,
    "BLUETOOTH_ADMIN":0.41431558828651344,
    "CALL_PHONE":0.33876109455213793,
    "READ_LOGS":0.33043955079207227,
    "REORDER_TASKS":0.30946154632186906,
    "QUERY_ALL_PACKAGES":0.2625762244485287,
    "C2D_MESSAGE":0.2394566673814771,
    "ACCESS_BACKGROUND_LOCATION":0.21498856543321113,
    "RESTART_PACKAGES":0.14994610138121514,
    "READ_CONTACTS":0.14296158877872497,
    "CHANGE_WIFI_MULTICAST_STATE":0.13295616293646007,
    "BROADCAST_STICKY":0.1328295119764314,
    "CHANGE_CONFIGURATION":0.1323919904781506,
    "GET_ACCOUNTS":0.13045336726043902,
    "KILL_BACKGROUND_PROCESSES":0.12930487332745177,
    "INSTALL_SHORTCUT":0.11839274174861801,
    "MANAGE_ACCOUNTS":0.10222891297495909,
    "READ_PRIVILEGED_PHONE_STATE":0.09099727556514392,
    "REQUEST_IGNORE_BATTERY_OPTIMIZATIONS":0.09012942864585659,
    "DISABLE_KEYGUARD":0.08168555157212701,
    "UNINSTALL_SHORTCUT":0.0776773365303106,
    "INTERACT_ACROSS_USERS_FULL":0.07506228204880956,
    "USE_CREDENTIALS":0.0738792469449054,
    "NFC":0.07161392181893807,
    "READ_PHONE_NUMBERS":0.06686738924877272,
    "SET_WALLPAPER":0.05617257920362453,
    "WRITE_CONTACTS":0.05503272056336649,
    "INSTALL_PACKAGES":0.05043154875414314,
    "READ_CALENDAR":0.04811729030271019,
    "WRITE_CALENDAR":0.04811729030271019,
    "EXPAND_STATUS_BAR":0.0478164942726421,
    "RECEIVE_SMS":0.04769847860534266,
    "USE_FULL_SCREEN_INTENT":0.04723649044432899,
    "READ_SMS":0.04280082841241583,
    "PACKAGE_USAGE_STATS":0.04182935798037774,
    "USE_FINGERPRINT":0.036485550996440824,
    "AUTHENTICATE_ACCOUNTS":0.03377550829491827,
    "BATTERY_STATS":0.033427218154839435,
    "SET_DEBUG_APP":0.03340275149210662,
    "SET_ALARM":0.03269753591921972,
    "MANAGE_EXTERNAL_STORAGE":0.032632771223750516,
    "BLUETOOTH_CONNECT":0.03215063404636865,
    "SEND_SMS":0.03136338319255408,
    "PROCESS_OUTGOING_CALLS":0.03092154404790861,
    "CAPTURE_VIDEO_OUTPUT":0.02786321120630722,
    "ACCESS_NOTIFICATION_POLICY":0.02698097213247115,
    "ACCESS_MOCK_LOCATION":0.02549282335213429,
    "WRITE_SYNC_SETTINGS":0.024563090168287467,
    "READ_MEDIA_AUDIO":0.023817576562664162,
    "READ_MEDIA_VIDEO":0.023817576562664162,
    "DEVICE_POWER":0.023069184526131117,
    "WRITE_SMS":0.02295836493610603,
    "INTERACT_ACROSS_USERS":0.022031510183168953,
    "GET_TOP_ACTIVITY_INFO":0.02172783572219112,
    "READ_HISTORY_BOOKMARKS":0.02118093384934005,
    "UPDATE_APP_OPS_STATS":0.02115646718660724,
    "OVERRIDE_WIFI_CONFIG":0.019587722340797586,
    "REQUEST_DELETE_PACKAGES":0.018185926487753,
    "READ_SYNC_SETTINGS":0.018030491218626904,
    "WRITE_APN_SETTINGS":0.01791247555132746,
    "BLUETOOTH_SCAN":0.01757282070397785,
    "BLUETOOTH_ADVERTISE":0.01757282070397785,
    "WRITE_MEDIA_STORAGE":0.015480201432595063,
    "CALL_PRIVILEGED":0.014967840730660903,
    "BODY_SENSORS":0.014769228997888672,
    "USE_BIOMETRIC":0.01462818588331129,
    "READ_CALL_LOG":0.014190664385030433,
    "MOUNT_FORMAT_FILESYSTEMS":0.011944049059976427,
    "SCHEDULE_EXACT_ALARM":0.011590002058078102,
    "SET_WALLPAPER_HINTS":0.010489002235101602,
    "WRITE_SECURE_SETTINGS":0.010450143417820077,
    "ANSWER_PHONE_CALLS":0.00989460625223978,
    "HARDWARE_TEST":0.009793861170398793,
    "READ_PROFILE":0.009067057365688816,
    "STOP_APP_SWITCHES":0.008446755504639311,
    "CAPTURE_AUDIO_OUTPUT":0.00838630845553472,
    "ACTIVITY_RECOGNITION":0.00823663004822811,
    "WRITE_CALL_LOG":0.008206406523675816,
    "MANAGE_FINGERPRINT":0.0069600459397573195,
    "BIND_ACCESSIBILITY_SERVICE":0.006532598949660562,
    "OBSERVE_GRANT_REVOKE_PERMISSIONS":0.006532598949660562,
    "GET_PACKAGE_SIZE":0.006483665624194939,
    "ADD_VOICEMAIL":0.006162720577758653,
    "USE_SIP":0.006162720577758653,
    "LOCAL_MAC_ADDRESS":0.0059842578613546185,
    "REAL_GET_TASKS":0.005887830425878245,
    "INSTALL_LOCATION_PROVIDER":0.004231293437321447,
    "UPDATE_DEVICE_STATS":0.004231293437321447,
    "CAPTURE_SECURE_VIDEO_OUTPUT":0.0038901993745169634,
    "READ_CLIPBOARD_IN_BACKGROUND":0.0032727759443772013,
    "MANAGE_DOCUMENTS":0.002805030921544048,
    "ACCESS_MEDIA_LOCATION":0.0026683054533312802,
    "READ_CELL_BROADCASTS":0.002252372186873492,
    "WRITE_PROFILE":0.002252372186873492,
    "READ_SOCIAL_STREAM":0.002252372186873492,
    "WRITE_SOCIAL_STREAM":0.002252372186873492,
    "READ_USER_DICTIONARY":0.002252372186873492,
    "WRITE_USER_DICTIONARY":0.002252372186873492,
    "WRITE_HISTORY_BOOKMARKS":0.002252372186873492,
    "SUBSCRIBED_FEEDS_READ":0.002252372186873492,
    "SUBSCRIBED_FEEDS_WRITE":0.002252372186873492,
    "BIND_DIRECTORY_SEARCH":0.002252372186873492,
    "ACCOUNT_MANAGER":0.002252372186873492,
    "TRANSMIT_IR":0.002252372186873492,
    "MODIFY_PHONE_STATE":0.002252372186873492,
    "GET_INTENT_SENDER_INTENT":0.002252372186873492,
    "SET_TIME":0.002252372186873492,
    "SET_TIME_ZONE":0.002252372186873492,
    "READ_SYNC_STATS":0.002252372186873492,
    "WRITE_GSERVICES":0.002252372186873492,
    "PERSISTENT_ACTIVITY":0.002252372186873492,
    "CLEAR_APP_CACHE":0.002252372186873492,
    "CLEAR_APP_USER_DATA":0.002252372186873492,
    "DELETE_PACKAGES":0.002252372186873492,
    "BIND_APPWIDGET":0.002252372186873492,
    "ACCESS_CACHE_FILESYSTEM":0.002252372186873492,
    "READ_INSTALL_SESSIONS":0.002252372186873492
}