{
    "INTERNET":0.9965810076891768,
    "ACCESS_NETWORK_STATE":0.9965810076891768,
    "WRITE_EXTERNAL_STORAGE":0.9895417128002695,
    "ACCESS_WIFI_STATE":0.9797934819236508,
    "READ_EXTERNAL_STORAGE":0.9721929252569986,
    "READ_PHONE_STATE":0.9189124431626717,
    "CAMERA":0.879621930565463,
    "REQUEST_INSTALL_PACKAGES":0.8723080222141504,
    "VIBRATE":0.8278523695531351,
    "WAKE_LOCK":0.8002400406121583,
    "CHANGE_WIFI_STATE":0.785706314577927,
    "GET_TASKS":0.7713115363912071,
    "CHANGE_NETWORK_STATE":0.7581694769871733,
    "ACCESS_COARSE_LOCATION":0.7267672634494952,
    "ACCESS_FINE_LOCATION":0.68512448414244,
    "RECORD_AUDIO":0.6724463136151385,
    "WRITE_SETTINGS":0.6567408305361417,
    "MOUNT_UNMOUNT_FILESYSTEMS":0.640829660879726,
    "FOREGROUND_SERVICE":0.6276536850719684,
    "SYSTEM_ALERT_WINDOW":0.6161089788755509,
    "BLUETOOTH":0.6144208172321589,
    "MODIFY_AUDIO_SETTINGS":0.5927865279668101,
    "RECEIVE_BOOT_COMPLETED":0.47195660450847476,
    "FLASHLIGHT":0.39242154369964544,
    "ACCESS_LOCATION_EXTRA_COMMANDS":0.367501739583288,
    "READ_LOGS":0.35343627873594674,
    "BLUETOOTH_ADMIN":0.3523159433355363,
    "C2D_MESSAGE":0.3107147389749808,
    "REORDER_TASKS":0.30304197319072407,
    "QUERY_ALL_PACKAGES":0.29561537485284667,
    "CALL_PHONE":0.2855772134282702,
    "BROADCAST_STICKY":0.23451223835135657,
    "ACCESS_BACKGROUND_LOCATION":0.21382432615764352,
    "GET_ACCOUNTS":0.2111372717207215,
    "KILL_BACKGROUND_PROCESSES":0.20403670848960417,
    "CHANGE_WIFI_MULTICAST_STATE":0.1909679522807141,
    "DISABLE_KEYGUARD":0.17192990901651187,
    "RESTART_PACKAGES":0.14453530150588836,
    "READ_CONTACTS":0.13120068445490873,
    "MANAGE_ACCOUNTS":0.12813945549949018,
    "READ_CALENDAR":0.12303448970035408,
    "WRITE_CALENDAR":0.1150991453066262,
    "USE_FINGERPRINT":0.11162654319636944,
    "INSTALL_SHORTCUT":0.10537170190325731,
    "CHANGE_CONFIGURATION":0.09870548745530697,
    "INTERACT_ACROSS_USERS":0.09466615317960815,
    "INSTALL_PACKAGES":0.09434230622792701,
    "EXPAND_STATUS_BAR":0.08849664993457418,
    "REQUEST_IGNORE_BATTERY_OPTIMIZATIONS":0.08819140230106388,
    "READ_PRIVILEGED_PHONE_STATE":0.08335667365417525,
    "USE_CREDENTIALS":0.08058318709163559,
    "UNINSTALL_SHORTCUT":0.07691036879165702,
    "NFC":0.07679658472755282,
    "INTERACT_ACROSS_USERS_FULL":0.06910850185774368,
    "DEVICE_POWER":0.05239318520982221,
    "WRITE_CONTACTS":0.051041999448584945,
    "AUTHENTICATE_ACCOUNTS":0.04704971050708307,
    "WRITE_MEDIA_STORAGE":0.04477074699238086,
    "BATTERY_STATS":0.044503792072751784,
    "READ_MEDIA_AUDIO":0.04253664065679664,
    "READ_MEDIA_VIDEO":0.04253664065679664,
    "SET_WALLPAPER":0.04236268232802196,
    "USE_FULL_SCREEN_INTENT":0.04015045754322702,
    "SCHEDULE_EXACT_ALARM":0.03817564758449562,
    "READ_PHONE_NUMBERS":0.031429565476164434,
    "BLUETOOTH_CONNECT":0.0307315440059868,
    "ACCESS_NOTIFICATION_POLICY":0.028084970438024895,
    "READ_PROFILE":0.026349763460435972,
    "READ_SMS":0.025793972070388582,
    "MANAGE_EXTERNAL_STORAGE":0.02461565056038652,
    "USE_BIOMETRIC":0.02443293961129614,
    "ACCESS_MEDIA_LOCATION":0.02263427613641835,
    "RECEIVE_SMS":0.01952819000188182,
    "PACKAGE_USAGE_STATS":0.018797346205520284,
    "CAPTURE_VIDEO_OUTPUT":0.017331282302639358,
    "WRITE_SYNC_SETTINGS":0.01726454357273209,
    "SET_DEBUG_APP":0.016695623252211137,
    "BLUETOOTH_PRIVILEGED":0.014868513761307295,
    "PROCESS_OUTGOING_CALLS":0.01407311939011742,
    "SEND_SMS":0.013099390379995015,
    "ACTIVITY_RECOGNITION":0.012797424979103121,
    "READ_SYNC_SETTINGS":0.01271208693102498,
    "GET_PACKAGE_SIZE":0.011680371811311015,
    "WRITE_APN_SETTINGS":0.010613646210334221,
    "READ_USER_DICTIONARY":0.010505332533927348,
    "SET_ALARM":0.009924377360472294,
    "CAPTURE_SECURE_VIDEO_OUTPUT":0.008761372936022725,
    "INJECT_EVENTS":0.008091797481871138,
    "CAPTURE_AUDIO_OUTPUT":0.006388318752926659,
    "LOCATION_HARDWARE":0.006265782068506761,
    "READ_HISTORY_BOOKMARKS":0.005707802523380438,
    "WRITE_SECURE_SETTINGS":0.005418966052962107,
    "MANAGE_FINGERPRINT":0.004968206106703196,
    "ACCESS_MOCK_LOCATION":0.004552456641707113,
    "READ_SYNC_STATS":0.004552456641707113,
    "DELETE_PACKAGES":0.004552456641707113,
    "READ_FRAME_BUFFER":0.004552456641707113,
    "CALL_PRIVILEGED":0.004552456641707113,
    "BODY_SENSORS":0.004050275051093422,
    "STATUS_BAR":0.004050275051093422,
    "STATUS_BAR_SERVICE":0.004050275051093422,
    "LOCAL_MAC_ADDRESS":0.004050275051093422,
    "CLEAR_APP_CACHE":0.002820531896736586,
    "UPDATE_DEVICE_STATS":0.002338043701833237,
    "INTERNAL_SYSTEM_WINDOW":0.002338043701833237,
    "BIND_JOB_SERVICE":0.0020459249987965153,
    "RECEIVE_MMS":0.0017133254267996485,
    "PERSISTENT_ACTIVITY":0.0016936320310893078,
    "WRITE_PROFILE":0.0004507599462589114,
    "WRITE_USER_DICTIONARY":0.0004507599462589114,
    "WRITE_HISTORY_BOOKMARKS":0.0004507599462589114
}