{
    "INTERNET":0.9902243914389225,
    "ACCESS_NETWORK_STATE":0.9902243914389225,
    "ACCESS_WIFI_STATE":0.9684565845201473,
    "WRITE_EXTERNAL_STORAGE":0.9582051511568198,
    "READ_EXTERNAL_STORAGE":0.9292222384494708,
    "READ_PHONE_STATE":0.819379731747879,
    "VIBRATE":0.8012701224424418,
    "WAKE_LOCK":0.7846892769818575,
    "CAMERA":0.7804092093299352,
    "REQUEST_INSTALL_PACKAGES":0.7284618609932019,
    "ACCESS_COARSE_LOCATION":0.6955451491781421,
    "CHANGE_WIFI_STATE":0.6697987873534249,
    "GET_TASKS":0.6694525188092133,
    "ACCESS_FINE_LOCATION":0.6534040317907502,
    "RECORD_AUDIO":0.6254976138092838,
    "CHANGE_NETWORK_STATE":0.6185274871268192,
    "WRITE_SETTINGS":0.5462869176446202,
    "MOUNT_UNMOUNT_FILESYSTEMS":0.5348388555706837,
    "SYSTEM_ALERT_WINDOW":0.5046734475626935,
    "FOREGROUND_SERVICE":0.42850379010943956,
    "MODIFY_AUDIO_SETTINGS":0.4246854138497997,
    "BLUETOOTH":0.40543806504195273,
    "RECEIVE_BOOT_COMPLETED":0.3932668434913292,
    "ACCESS_LOCATION_EXTRA_COMMANDS":0.3480823318241995,
    "FLASHLIGHT":0.30992448047940546,
    "CALL_PHONE":0.26940399410165705,
    "READ_LOGS":0.2676632291072868,
    "REORDER_TASKS":0.2526299920381792,
    "BLUETOOTH_ADMIN":0.25218478962419283,
    "GET_ACCOUNTS":0.25074318180747485,
    "CHANGE_CONFIGURATION":0.22722283205268948,
    "C2D_MESSAGE":0.22612749278018326,
    "MANAGE_ACCOUNTS":0.18022688834135026,
    "READ_CONTACTS":0.17366663054795242,
    "QUERY_ALL_PACKAGES":0.15031352614445295,
    "RESTART_PACKAGES":0.13704225418466723,
    "DISABLE_KEYGUARD":0.1253586352779336,
    "BROADCAST_STICKY":0.11282465620480261,
    "ACCESS_BACKGROUND_LOCATION":0.1093549040577021,
    "INSTALL_SHORTCUT":0.09673848009309213,
    "CHANGE_WIFI_MULTICAST_STATE":0.09452189029647191,
    "KILL_BACKGROUND_PROCESSES":0.0909932489411721,
    "SET_DEBUG_APP":0.08773078680693298,
    "USE_CREDENTIALS":0.08256738103202166,
    "BLUETOOTH_CONNECT":0.06933144259715546,
    "WRITE_CONTACTS":0.06890508472979281,
    "SEND_SMS":0.06448132740986422,
    "REQUEST_IGNORE_BATTERY_OPTIMIZATIONS":0.06132486585038376,
    "EXPAND_STATUS_BAR":0.059791390868874986,
    "READ_SMS":0.059044675708908326,
    "UNINSTALL_SHORTCUT":0.05832387180054936,
    "NFC":0.055030787278046625,
    "READ_PRIVILEGED_PHONE_STATE":0.04730216759397543,
    "READ_CALENDAR":0.044911265741085386,
    "WRITE_CALENDAR":0.044911265741085386,
    "USE_FINGERPRINT":0.04287134356906294,
    "SET_ALARM":0.04261223105298619,
    "BATTERY_STATS":0.041578136557007137,
    "RECEIVE_SMS":0.03505792342518482,
    "INTERACT_ACROSS_USERS":0.03480823318241995,
    "DEVICE_POWER":0.03201924028210289,
    "SCHEDULE_EXACT_ALARM":0.02884393417599866,
    "AUTHENTICATE_ACCOUNTS":0.027588416257190388,
    "PROCESS_OUTGOING_CALLS":0.027475348977447807,
    "READ_CALL_LOG":0.02503026905301444,
    "CAPTURE_AUDIO_OUTPUT":0.02430946514465547,
    "CAPTURE_VIDEO_OUTPUT":0.02430946514465547,
    "INSTALL_PACKAGES":0.023911374097228454,
    "SET_WALLPAPER":0.022695900839995682,
    "WRITE_GSERVICES":0.022041052844819886,
    "CONTROL_LOCATION_UPDATES":0.022041052844819886,
    "ACCESS_MEDIA_LOCATION":0.019551217122155077,
    "USE_FULL_SCREEN_INTENT":0.019530017007203342,
    "ACTIVITY_RECOGNITION":0.018576011834375294,
    "READ_PROFILE":0.017869341335984144,
    "DELETE_PACKAGES":0.016689201603670926,
    "WRITE_SMS":0.013827186085186783,
    "WRITE_SYNC_SETTINGS":0.013782430286955343,
    "MANAGE_DOCUMENTS":0.013575140274093941,
    "WRITE_SECURE_SETTINGS":0.013509184360910767,
    "MANAGE_EXTERNAL_STORAGE":0.013059270810268404,
    "WRITE_MEDIA_STORAGE":0.012281933262038141,
    "PACKAGE_USAGE_STATS":0.010920414768471198,
    "REQUEST_DELETE_PACKAGES":0.010592990770883298,
    "READ_USER_DICTIONARY":0.009775608561077538,
    "WRITE_USER_DICTIONARY":0.009775608561077538,
    "BLUETOOTH_PRIVILEGED":0.009775608561077538,
    "INTERACT_ACROSS_USERS_FULL":0.009775608561077538,
    "READ_SYNC_STATS":0.009775608561077538,
    "GET_TOP_ACTIVITY_INFO":0.009775608561077538,
    "READ_MEDIA_AUDIO":0.008195022213009339,
    "READ_MEDIA_VIDEO":0.008195022213009339,
    "READ_PHONE_NUMBERS":0.007945331970244466,
    "WRITE_CALL_LOG":0.0069135930425933915,
    "FORCE_STOP_PACKAGES":0.0069135930425933915,
    "MEDIA_CONTENT_CONTROL":0.0069135930425933915,
    "INSTALL_LOCATION_PROVIDER":0.004360156975073379,
    "MODIFY_PHONE_STATE":0.004360156975073379,
    "READ_HISTORY_BOOKMARKS":0.003679397728289907,
    "MOUNT_FORMAT_FILESYSTEMS":0.0025063247009606024,
    "BIND_JOB_SERVICE":0.0025063247009606024,
    "WRITE_APN_SETTINGS":0.0022660567315076125
}