{
    "WRITE_EXTERNAL_STORAGE":0.9865583597697478,
    "INTERNET":0.9865583597697478,
    "ACCESS_NETWORK_STATE":0.97310375124212,
    "READ_EXTERNAL_STORAGE":0.9731037512421198,
    "ACCESS_WIFI_STATE":0.9643533925876456,
    "READ_PHONE_STATE":0.9452737850731656,
    "REQUEST_INSTALL_PACKAGES":0.9066833741564531,
    "VIBRATE":0.8745268597754217,
    "WAKE_LOCK":0.8721001671289326,
    "CAMERA":0.8657521855633673,
    "CHANGE_WIFI_STATE":0.8183368482822682,
    "GET_TASKS":0.8047882195986639,
    "CHANGE_NETWORK_STATE":0.801043623731336,
    "WRITE_SETTINGS":0.7930162476555752,
    "SYSTEM_ALERT_WINDOW":0.7118330850444734,
    "MOUNT_UNMOUNT_FILESYSTEMS":0.7117260965911212,
    "ACCESS_FINE_LOCATION":0.7062178122806537,
    "ACCESS_COARSE_LOCATION":0.7005684977362219,
    "FOREGROUND_SERVICE":0.6304327034523229,
    "RECORD_AUDIO":0.5879874661405862,
    "RECEIVE_BOOT_COMPLETED":0.5800297946632218,
    "MODIFY_AUDIO_SETTINGS":0.5282425201292293,
    "READ_LOGS":0.4483675345159341,
    "BLUETOOTH":0.4323614134795726,
    "ACCESS_LOCATION_EXTRA_COMMANDS":0.41577334009846184,
    "QUERY_ALL_PACKAGES":0.32624183605154267,
    "C2D_MESSAGE":0.3230256983022879,
    "REORDER_TASKS":0.30498679665223416,
    "FLASHLIGHT":0.2856186445211375,
    "CALL_PHONE":0.25695870732011766,
    "RESTART_PACKAGES":0.2355140065716848,
    "ACCESS_BACKGROUND_LOCATION":0.220773915566658,
    "BLUETOOTH_ADMIN":0.21022420565125993,
    "CHANGE_CONFIGURATION":0.19547763049754502,
    "CHANGE_WIFI_MULTICAST_STATE":0.19454229204929915,
    "INSTALL_SHORTCUT":0.19056102475485875,
    "BROADCAST_STICKY":0.1782054794298489,
    "GET_ACCOUNTS":0.17762839019661567,
    "MANAGE_ACCOUNTS":0.17250753377025696,
    "DISABLE_KEYGUARD":0.16965937145904703,
    "READ_CONTACTS":0.16458066199916035,
    "KILL_BACKGROUND_PROCESSES":0.13966694170264027,
    "UNINSTALL_SHORTCUT":0.13259759859553347,
    "USE_CREDENTIALS":0.12996665526537196,
    "SET_DEBUG_APP":0.11532220545349331,
    "INTERACT_ACROSS_USERS_FULL":0.10309796413941574,
    "READ_PHONE_NUMBERS":0.09681482406073061,
    "READ_CALENDAR":0.095569867512632,
    "WRITE_CALENDAR":0.095569867512632,
    "AUTHENTICATE_ACCOUNTS":0.08842595669561304,
    "READ_PRIVILEGED_PHONE_STATE":0.07269703301566413,
    "WRITE_SYNC_SETTINGS":0.06975160847413396,
    "READ_SMS":0.06838021102661908,
    "NFC":0.06768478607982964,
    "GET_PACKAGE_SIZE":0.05883392312069112,
    "USE_FINGERPRINT":0.057366884480028045,
    "ACCESS_NOTIFICATION_POLICY":0.05569883723003655,
    "SEND_SMS":0.05485265582625078,
    "WRITE_CONTACTS":0.05347477423004791,
    "EXPAND_STATUS_BAR":0.05002034401650868,
    "READ_MEDIA_AUDIO":0.048446316922493377,
    "READ_MEDIA_VIDEO":0.048446316922493377,
    "INSTALL_PACKAGES":0.04648810401871328,
    "BATTERY_STATS":0.045630575354723486,
    "PACKAGE_USAGE_STATS":0.043581584369311206,
    "ACCESS_MOCK_LOCATION":0.043286555604006585,
    "CLEAR_APP_CACHE":0.04302070550779803,
    "RECEIVE_SMS":0.04183410629789155,
    "WRITE_SMS":0.03935229838755435,
    "READ_SYNC_SETTINGS":0.03891786042545744,
    "USE_FULL_SCREEN_INTENT":0.03824350896190403,
    "REQUEST_IGNORE_BATTERY_OPTIMIZATIONS":0.037820418260011146,
    "SET_WALLPAPER":0.03655925134019251,
    "BLUETOOTH_CONNECT":0.03630961161570398,
    "INTERACT_ACROSS_USERS":0.030871031903632603,
    "MANAGE_EXTERNAL_STORAGE":0.02943803504358161,
    "CAPTURE_AUDIO_OUTPUT":0.028635621643439926,
    "SCHEDULE_EXACT_ALARM":0.028489728297959614,
    "READ_SYNC_STATS":0.02618137136502679,
    "PROCESS_OUTGOING_CALLS":0.025651292209781684,
    "WRITE_APN_SETTINGS":0.025563756202493494,
    "CAPTURE_VIDEO_OUTPUT":0.02302196991679218,
    "CAPTURE_SECURE_VIDEO_OUTPUT":0.01852197072731076,
    "READ_PROFILE":0.01844902405457061,
    "READ_HISTORY_BOOKMARKS":0.01844902405457061,
    "WRITE_MEDIA_STORAGE":0.01717326780020394,
    "MANAGE_DOCUMENTS":0.013778815962028833,
    "READ_CALL_LOG":0.013454608527628155,
    "WRITE_CALL_LOG":0.013454608527628155,
    "ADD_VOICEMAIL":0.013454608527628155,
    "USE_SIP":0.013454608527628155,
    "MANAGE_USERS":0.011690920084488464,
    "ACTIVITY_RECOGNITION":0.011485048363644033,
    "BLUETOOTH_PRIVILEGED":0.009637065987560168,
    "WRITE_PROFILE":0.00872117998537825,
    "READ_USER_DICTIONARY":0.00872117998537825,
    "WRITE_USER_DICTIONARY":0.00872117998537825,
    "WRITE_HISTORY_BOOKMARKS":0.00872117998537825,
    "DEVICE_POWER":0.00872117998537825,
    "LOCAL_MAC_ADDRESS":0.008612570494854022,
    "SET_ALARM":0.008035481261620814,
    "MOUNT_FORMAT_FILESYSTEMS":0.007586453964975876,
    "UPDATE_DEVICE_STATS":0.007351403575035384,
    "RECEIVE_WAP_PUSH":0.006727304263814077,
    "RECEIVE_MMS":0.006727304263814077,
    "READ_CELL_BROADCASTS":0.006727304263814077,
    "ACCESS_MEDIA_LOCATION":0.006727304263814077,
    "BODY_SENSORS":0.006727304263814077,
    "USE_BIOMETRIC":0.006727304263814077,
    "READ_SOCIAL_STREAM":0.006727304263814077,
    "WRITE_SOCIAL_STREAM":0.006727304263814077,
    "SUBSCRIBED_FEEDS_READ":0.006727304263814077,
    "SUBSCRIBED_FEEDS_WRITE":0.006727304263814077,
    "BIND_DIRECTORY_SEARCH":0.006727304263814077,
    "ACCOUNT_MANAGER":0.006727304263814077,
    "TRANSMIT_IR":0.006727304263814077,
    "GET_INTENT_SENDER_INTENT":0.006727304263814077,
    "SET_WALLPAPER_HINTS":0.006727304263814077,
    "SET_TIME":0.006727304263814077,
    "SET_TIME_ZONE":0.006727304263814077,
    "PERSISTENT_ACTIVITY":0.006727304263814077,
    "SIGNAL_PERSISTENT_PROCESSES":0.006727304263814077,
    "STATUS_BAR":0.006727304263814077,
    "STATUS_BAR_SERVICE":0.006727304263814077,
    "UPDATE_APP_OPS_STATS":0.006727304263814077,
    "BIND_ACCESSIBILITY_SERVICE":0.006727304263814077,
    "CLEAR_APP_USER_DATA":0.006727304263814077,
    "DELETE_PACKAGES":0.006727304263814077,
    "BIND_APPWIDGET":0.006727304263814077,
    "ACCESS_CACHE_FILESYSTEM":0.006727304263814077,
    "READ_INSTALL_SESSIONS":0.006727304263814077,
    "REQUEST_DELETE_PACKAGES":0.006681915222997983,
    "BIND_NOTIFICATION_LISTENER_SERVICE":0.003627881190943592,
    "WRITE_SECURE_SETTINGS":0.0019938757215641725
}