{
    "INTERNET":0.9934012166407822,
    "ACCESS_NETWORK_STATE":0.9934012166407822,
    "WRITE_EXTERNAL_STORAGE":0.98256692039089,
    "ACCESS_WIFI_STATE":0.9708281821587337,
    "READ_EXTERNAL_STORAGE":0.9687246813663568,
    "WAKE_LOCK":0.7966328147707572,
    "REQUEST_INSTALL_PACKAGES":0.7871361739569818,
    "CAMERA":0.7720679487778549,
    "READ_PHONE_STATE":0.7577196340732283,
    "VIBRATE":0.6943643443944005,
    "CHANGE_NETWORK_STATE":0.5906330856281636,
    "CHANGE_WIFI_STATE":0.5555926906515386,
    "GET_TASKS":0.5276436910419849,
    "ACCESS_COARSE_LOCATION":0.5184036519814957,
    "FOREGROUND_SERVICE":0.5049621552012934,
    "ACCESS_FINE_LOCATION":0.49666061329402955,
    "RECORD_AUDIO":0.4858041415839769,
    "SYSTEM_ALERT_WINDOW":0.40404797185617275,
    "MOUNT_UNMOUNT_FILESYSTEMS":0.39772400580680217,
    "QUERY_ALL_PACKAGES":0.3676271544845507,
    "WRITE_SETTINGS":0.35311173184799954,
    "BLUETOOTH":0.3208092142204885,
    "FLASHLIGHT":0.3078215223928585,
    "REORDER_TASKS":0.2976097229889031,
    "MODIFY_AUDIO_SETTINGS":0.26643181798382254,
    "RECEIVE_BOOT_COMPLETED":0.25490691454607195,
    "MANAGE_EXTERNAL_STORAGE":0.20141891265799003,
    "READ_LOGS":0.19259703941767214,
    "INSTALL_SHORTCUT":0.18066109798623034,
    "ACCESS_LOCATION_EXTRA_COMMANDS":0.1780269701114393,
    "GET_ACCOUNTS":0.17785590227591475,
    "READ_CONTACTS":0.16252473949774146,
    "CALL_PHONE":0.15521079754834435,
    "BLUETOOTH_ADMIN":0.15140453820792166,
    "C2D_MESSAGE":0.14715476966428712,
    "BROADCAST_STICKY":0.13510319904772225,
    "DISABLE_KEYGUARD":0.127082810296066,
    "MANAGE_ACCOUNTS":0.11815956352358548,
    "USE_CREDENTIALS":0.10803250605667244,
    "UNINSTALL_SHORTCUT":0.10045483452750817,
    "USE_FINGERPRINT":0.10011507479861902,
    "KILL_BACKGROUND_PROCESSES":0.09858655200897778,
    "READ_PRIVILEGED_PHONE_STATE":0.09759499214751105,
    "RESTART_PACKAGES":0.09727899184022255,
    "READ_CALENDAR":0.08734517766899474,
    "WRITE_CALENDAR":0.08734517766899474,
    "EXPAND_STATUS_BAR":0.08267249142086877,
    "CHANGE_CONFIGURATION":0.08036861950632666,
    "CHANGE_WIFI_MULTICAST_STATE":0.07823423146586911,
    "NFC":0.06547067018200502,
    "GET_PACKAGE_SIZE":0.061738857029264405,
    "AUTHENTICATE_ACCOUNTS":0.05908730557863292,
    "WRITE_CONTACTS":0.05843550544605535,
    "ACCESS_BACKGROUND_LOCATION":0.054623702240592584,
    "REQUEST_IGNORE_BATTERY_OPTIMIZATIONS":0.052178857757886686,
    "REQUEST_DELETE_PACKAGES":0.047346983385036415,
    "PACKAGE_USAGE_STATS":0.047104637284709885,
    "SCHEDULE_EXACT_ALARM":0.033842128147232343,
    "SEND_SMS":0.03318557613033464,
    "INSTALL_PACKAGES":0.032079179064464815,
    "WRITE_SYNC_SETTINGS":0.03031543800097727,
    "WRITE_USER_DICTIONARY":0.030200600796574176,
    "READ_CALL_LOG":0.030088139534331138,
    "SET_ALARM":0.029858465125524945,
    "READ_SYNC_SETTINGS":0.028806714729336595,
    "PROCESS_OUTGOING_CALLS":0.02834261402740408,
    "USE_BIOMETRIC":0.028167586288279364,
    "WRITE_APN_SETTINGS":0.027777931774028857,
    "READ_PROFILE":0.027676558241866128,
    "USE_FULL_SCREEN_INTENT":0.02746351542818038,
    "READ_SMS":0.027126923622171308,
    "ACCESS_MEDIA_LOCATION":0.027095244393370455,
    "ACTIVITY_RECOGNITION":0.02586213041229721,
    "READ_SYNC_STATS":0.02400731156600721,
    "READ_USER_DICTIONARY":0.023621616955356813,
    "SET_WALLPAPER":0.02333967181902921,
    "TRANSMIT_IR":0.02114826116673013,
    "READ_MEDIA_AUDIO":0.020494085091992496,
    "USE_SIP":0.020334104986548182,
    "READ_PHONE_NUMBERS":0.019469262040284867,
    "READ_HISTORY_BOOKMARKS":0.019168309366676756,
    "WRITE_MEDIA_STORAGE":0.019027336798512953,
    "READ_SOCIAL_STREAM":0.018339897533534422,
    "RECEIVE_SMS":0.017975586402324602,
    "READ_MEDIA_VIDEO":0.01759464367599433,
    "MANAGE_DOCUMENTS":0.017158262299262567,
    "WRITE_SMS":0.016763063919971913,
    "CLEAR_APP_CACHE":0.016405088634522263,
    "BODY_SENSORS":0.016344106119080618,
    "WRITE_PROFILE":0.015868917687067805,
    "WRITE_HISTORY_BOOKMARKS":0.015868917687067805,
    "ACCESS_NOTIFICATION_POLICY":0.015197318036489701,
    "WRITE_CALL_LOG":0.015017538413044854,
    "SET_TIME_ZONE":0.014672234819115546,
    "READ_CELL_BROADCASTS":0.01456927732551277,
    "ADD_VOICEMAIL":0.01456927732551277,
    "WRITE_SOCIAL_STREAM":0.01456927732551277,
    "SUBSCRIBED_FEEDS_READ":0.01456927732551277,
    "SUBSCRIBED_FEEDS_WRITE":0.01456927732551277,
    "SET_WALLPAPER_HINTS":0.01456927732551277,
    "PERSISTENT_ACTIVITY":0.01456927732551277,
    "READ_INSTALL_SESSIONS":0.01456927732551277,
    "BATTERY_STATS":0.014523342443751532,
    "INSTANT_APP_FOREGROUND_SERVICE":0.010855679729332657,
    "BLUETOOTH_CONNECT":0.01076935383085033,
    "DEVICE_POWER":0.010753514216449904,
    "UPDATE_APP_OPS_STATS":0.009549703522017448,
    "RECEIVE_WAP_PUSH":0.0075919271821246696,
    "RECEIVE_MMS":0.0075919271821246696,
    "SET_DEBUG_APP":0.007219696243714634,
    "BIND_DIRECTORY_SEARCH":0.006977350143388101,
    "ACCOUNT_MANAGER":0.006977350143388101,
    "GET_INTENT_SENDER_INTENT":0.006977350143388101,
    "SET_TIME":0.006977350143388101,
    "WRITE_GSERVICES":0.006977350143388101,
    "CLEAR_APP_USER_DATA":0.006977350143388101,
    "DELETE_PACKAGES":0.006977350143388101,
    "BIND_APPWIDGET":0.006977350143388101,
    "ACCESS_CACHE_FILESYSTEM":0.006977350143388101,
    "INTERACT_ACROSS_USERS":0.006974974201228037,
    "BLUETOOTH_SCAN":0.0068656808618650905,
    "LOCAL_MAC_ADDRESS":0.00668986114202035,
    "REAL_GET_TASKS":0.006135474638005405,
    "MODIFY_PHONE_STATE":0.005893920518398893,
    "BIND_ACCESSIBILITY_SERVICE":0.0058717450582382955,
    "WRITE_SECURE_SETTINGS":0.004599032041163984,
    "INJECT_EVENTS":0.003937728139946156,
    "DUMP":0.0038624899715441283,
    "CHANGE_COMPONENT_ENABLED_STATE":0.003807051321142634,
    "CAPTURE_VIDEO_OUTPUT":0.003807051321142634,
    "CAPTURE_SECURE_VIDEO_OUTPUT":0.003807051321142634,
    "REQUEST_COMPANION_USE_DATA_IN_BACKGROUND":0.003692214116739538,
    "INTERACT_ACROSS_USERS_FULL":0.0035884646424167413,
    "ANSWER_PHONE_CALLS":0.0032993916796089477,
    "LOCATION_HARDWARE":0.0032993916796089477,
    "ACCESS_MOCK_LOCATION":0.0032993916796089477,
    "GRANT_RUNTIME_PERMISSIONS":0.0032993916796089477,
    "STATUS_BAR":0.002927160741198913,
    "STATUS_BAR_SERVICE":0.002927160741198913,
    "CAPTURE_AUDIO_OUTPUT":0.002592944877349903,
    "BROADCAST_SMS":0.0025723533786293474,
    "REQUEST_COMPANION_RUN_IN_BACKGROUND":0.0019173853231716905,
    "MOUNT_FORMAT_FILESYSTEMS":0.0018049240609286585,
    "OVERRIDE_WIFI_CONFIG":0.0016362321675641109,
    "INSTALL_LOCATION_PROVIDER":0.0013820063564372572,
    "HARDWARE_TEST":0.0013820063564372572,
    "INTERNAL_SYSTEM_WINDOW":0.0013820063564372572,
    "GET_TOP_ACTIVITY_INFO":0.0013669587227568517,
    "HIDE_OVERLAY_WINDOWS":0.0008624670041032511,
    "BIND_AUTOFILL_SERVICE":0.0008624670041032511,
    "BLUETOOTH_PRIVILEGED":0.000846627389702824
}