{
    "INTERNET":0.9803930371151839,
    "ACCESS_NETWORK_STATE":0.9792175920210398,
    "ACCESS_WIFI_STATE":0.9687732647968785,
    "WRITE_EXTERNAL_STORAGE":0.9583775715199604,
    "READ_EXTERNAL_STORAGE":0.9390766283954911,
    "READ_PHONE_STATE":0.925027403358735,
    "CAMERA":0.9070268571620966,
    "VIBRATE":0.9042322757320342,
    "REQUEST_INSTALL_PACKAGES":0.8823829137720112,
    "ACCESS_COARSE_LOCATION":0.8547333924422846,
    "WAKE_LOCK":0.8543959476698726,
    "ACCESS_FINE_LOCATION":0.8255485348088125,
    "GET_TASKS":0.7969345648945204,
    "CHANGE_WIFI_STATE":0.7915279663902014,
    "WRITE_SETTINGS":0.7076471270430935,
    "MOUNT_UNMOUNT_FILESYSTEMS":0.6849260951055546,
    "CHANGE_NETWORK_STATE":0.6738098711948616,
    "RECORD_AUDIO":0.6632256278455538,
    "SYSTEM_ALERT_WINDOW":0.6330299323239919,
    "FLASHLIGHT":0.6211662420548966,
    "BLUETOOTH":0.6077694601257752,
    "RECEIVE_BOOT_COMPLETED":0.5646655667912448,
    "ACCESS_LOCATION_EXTRA_COMMANDS":0.5300479231433995,
    "MODIFY_AUDIO_SETTINGS":0.5030770324313613,
    "BLUETOOTH_ADMIN":0.48360998567169144,
    "CALL_PHONE":0.4784218658226812,
    "FOREGROUND_SERVICE":0.4671238257707551,
    "READ_LOGS":0.4157364488988155,
    "READ_CONTACTS":0.33334306012278236,
    "REORDER_TASKS":0.3066677141670691,
    "ACCESS_BACKGROUND_LOCATION":0.2772770975260288,
    "USE_FINGERPRINT":0.2711492201733616,
    "C2D_MESSAGE":0.25182732704084904,
    "BROADCAST_STICKY":0.23479571871621369,
    "INSTALL_SHORTCUT":0.23135243525138172,
    "GET_ACCOUNTS":0.21285058529085,
    "NFC":0.20524498415655665,
    "CHANGE_CONFIGURATION":0.19597834667025826,
    "QUERY_ALL_PACKAGES":0.1870207218025988,
    "DISABLE_KEYGUARD":0.18276637374066157,
    "RESTART_PACKAGES":0.17701858939106574,
    "KILL_BACKGROUND_PROCESSES":0.16496859369329953,
    "MANAGE_ACCOUNTS":0.14856548560996335,
    "USE_BIOMETRIC":0.13426111940382274,
    "EXPAND_STATUS_BAR":0.11819321144917946,
    "REQUEST_IGNORE_BATTERY_OPTIMIZATIONS":0.11502826380549423,
    "WRITE_CONTACTS":0.11224789845231826,
    "UNINSTALL_SHORTCUT":0.11075521037923261,
    "INTERACT_ACROSS_USERS_FULL":0.10744286446467126,
    "READ_SMS":0.10285107163032223,
    "USE_CREDENTIALS":0.09901273087095923,
    "READ_CALENDAR":0.09624134409265894,
    "WRITE_CALENDAR":0.0931182964650603,
    "CHANGE_WIFI_MULTICAST_STATE":0.08801098378993134,
    "RECEIVE_SMS":0.0728858261972369,
    "READ_PRIVILEGED_PHONE_STATE":0.07166922930157917,
    "AUTHENTICATE_ACCOUNTS":0.0697036696183732,
    "READ_CALL_LOG":0.06704077395315433,
    "BATTERY_STATS":0.06382644414765269,
    "SEND_SMS":0.06295552238470954,
    "ACCESS_NOTIFICATION_POLICY":0.057342416658249275,
    "READ_PROFILE":0.05670568605664736,
    "INSTALL_PACKAGES":0.055137428311691265,
    "BLUETOOTH_PRIVILEGED":0.05048428188235825,
    "PACKAGE_USAGE_STATS":0.04770541295832821,
    "WRITE_MEDIA_STORAGE":0.043294688050639185,
    "WRITE_SYNC_SETTINGS":0.037971889578493345,
    "READ_HISTORY_BOOKMARKS":0.03757982514225432,
    "GET_PACKAGE_SIZE":0.037358353628653654,
    "READ_PHONE_NUMBERS":0.03560827974246457,
    "MOUNT_FORMAT_FILESYSTEMS":0.03427645780256865,
    "USE_FULL_SCREEN_INTENT":0.034001114839713756,
    "DEVICE_POWER":0.03156792104839828,
    "SET_WALLPAPER":0.031097294081996855,
    "INTERACT_ACROSS_USERS":0.02847929129115649,
    "READ_MEDIA_AUDIO":0.028234625125793587,
    "READ_MEDIA_VIDEO":0.028234625125793587,
    "PROCESS_OUTGOING_CALLS":0.0280079161101821,
    "MANAGE_FINGERPRINT":0.027382408727174797,
    "ACCESS_MOCK_LOCATION":0.0263640886933555,
    "SCHEDULE_EXACT_ALARM":0.0258231295570944,
    "WRITE_CALL_LOG":0.02444641474281996,
    "ACTIVITY_RECOGNITION":0.023675753732655465,
    "MANAGE_EXTERNAL_STORAGE":0.02287815699786386,
    "READ_SYNC_SETTINGS":0.022419501464630037,
    "WRITE_USER_DICTIONARY":0.020790638339262948,
    "SET_ALARM":0.020027459474828202,
    "WRITE_APN_SETTINGS":0.019663078977789263,
    "CLEAR_APP_CACHE":0.016840813608526663,
    "WRITE_SMS":0.016718854633131698,
    "BODY_SENSORS":0.016635054600958474,
    "DELETE_PACKAGES":0.01551348095606859,
    "MANAGE_DOCUMENTS":0.014763021739374427,
    "ADD_VOICEMAIL":0.014400137671481435,
    "SET_DEBUG_APP":0.014048476822183074,
    "ACCESS_MEDIA_LOCATION":0.013902574980452904,
    "READ_USER_DICTIONARY":0.01387040175381497,
    "REQUEST_DELETE_PACKAGES":0.013724499912084798,
    "READ_SYNC_STATS":0.012817663849638809,
    "INTERNAL_SYSTEM_WINDOW":0.012480219077226976,
    "DUMP":0.012362001174696888,
    "UPDATE_APP_OPS_STATS":0.011841992046479097,
    "RECEIVE_MMS":0.011053373886563196,
    "BIND_ACCESSIBILITY_SERVICE":0.009542728663726189,
    "BIND_JOB_SERVICE":0.009345200016460728,
    "RECEIVE_WAP_PUSH":0.008987553450578563,
    "CAPTURE_VIDEO_OUTPUT":0.008957624867659553,
    "BLUETOOTH_CONNECT":0.0076654583001313165,
    "READ_CELL_BROADCASTS":0.007279379580476093,
    "USE_SIP":0.007279379580476093,
    "WRITE_PROFILE":0.007279379580476093,
    "READ_SOCIAL_STREAM":0.007279379580476093,
    "WRITE_SOCIAL_STREAM":0.007279379580476093,
    "WRITE_HISTORY_BOOKMARKS":0.007279379580476093,
    "SUBSCRIBED_FEEDS_READ":0.007279379580476093,
    "SUBSCRIBED_FEEDS_WRITE":0.007279379580476093,
    "ACCOUNT_MANAGER":0.007279379580476093,
    "TRANSMIT_IR":0.007279379580476093,
    "MODIFY_PHONE_STATE":0.007279379580476093,
    "SET_WALLPAPER_HINTS":0.007279379580476093,
    "SET_TIME_ZONE":0.007279379580476093,
    "PERSISTENT_ACTIVITY":0.007279379580476093,
    "CLEAR_APP_USER_DATA":0.007279379580476093,
    "BIND_APPWIDGET":0.007279379580476093,
    "ACCESS_CACHE_FILESYSTEM":0.007279379580476093,
    "READ_INSTALL_SESSIONS":0.007279379580476093,
    "OVERRIDE_WIFI_CONFIG":0.0072038099086055955,
    "SET_PREFERRED_APPLICATIONS":0.007051174135718646,
    "INSTANT_APP_FOREGROUND_SERVICE":0.006591022173338875,
    "BIND_NOTIFICATION_LISTENER_SERVICE":0.006222152388862082,
    "MEDIA_CONTENT_CONTROL":0.005929600490828763,
    "MANAGE_USERS":0.00542904494150833,
    "STATUS_BAR":0.005244235941983446,
    "CAPTURE_AUDIO_OUTPUT":0.005211314500772535,
    "WRITE_SECURE_SETTINGS":0.004156331952877449,
    "SIGNAL_PERSISTENT_PROCESSES":0.004156331952877449,
    "UPDATE_DEVICE_STATS":0.004156331952877449,
    "BACKUP":0.004156331952877449,
    "BLUETOOTH_SCAN":0.00401940868602298,
    "LOCATION_HARDWARE":0.003598163881437921,
    "BIND_DIRECTORY_SEARCH":0.003123047627598645,
    "GET_INTENT_SENDER_INTENT":0.003123047627598645,
    "SET_TIME":0.003123047627598645,
    "CHANGE_COMPONENT_ENABLED_STATE":0.003123047627598645,
    "CONTROL_LOCATION_UPDATES":0.003123047627598645,
    "REAL_GET_TASKS":0.0022087294194229035,
    "FORCE_STOP_PACKAGES":0.0022087294194229035,
    "STATUS_BAR_SERVICE":0.0022087294194229035,
    "CAPTURE_SECURE_VIDEO_OUTPUT":0.0022087294194229035,
    "MANAGE_MEDIA_PROJECTION":0.0020261650636169454,
    "INJECT_EVENTS":0.0013931755348798938,
    "GET_TOP_ACTIVITY_INFO":0.0013931755348798938,
    "BLUETOOTH_ADVERTISE":0.0008963610584243355,
    "LOCAL_MAC_ADDRESS":0.0008963610584243355,
    "ANSWER_PHONE_CALLS":0.0005230019865096916,
    "RECOVERY":0.0002566375985305067,
    "REBOOT":0.0002566375985305067
}