{
    "INTERNET":0.9949353642161403,
    "ACCESS_NETWORK_STATE":0.9949353642161403,
    "WRITE_EXTERNAL_STORAGE":0.986310712183961,
    "ACCESS_WIFI_STATE":0.9766206480942403,
    "READ_EXTERNAL_STORAGE":0.9525868063330732,
    "READ_PHONE_STATE":0.9180654128432437,
    "VIBRATE":0.8840476544042138,
    "ACCESS_COARSE_LOCATION":0.8769394074391846,
    "CAMERA":0.8754418592226108,
    "WAKE_LOCK":0.8669429195276042,
    "CHANGE_WIFI_STATE":0.8649205223033328,
    "ACCESS_FINE_LOCATION":0.8586207628067478,
    "REQUEST_INSTALL_PACKAGES":0.8417815952424167,
    "CHANGE_NETWORK_STATE":0.7714801134868126,
    "GET_TASKS":0.7339502666280099,
    "WRITE_SETTINGS":0.6844533909724397,
    "SYSTEM_ALERT_WINDOW":0.6606560455455794,
    "MOUNT_UNMOUNT_FILESYSTEMS":0.6421920460232866,
    "RECORD_AUDIO":0.5672855642166116,
    "RECEIVE_BOOT_COMPLETED":0.5571287930751356,
    "FOREGROUND_SERVICE":0.5227613971983428,
    "MODIFY_AUDIO_SETTINGS":0.5011058757160686,
    "BLUETOOTH":0.4894484135495892,
    "ACCESS_LOCATION_EXTRA_COMMANDS":0.4893266297229529,
    "CALL_PHONE":0.4719665416614606,
    "READ_CONTACTS":0.449989668017288,
    "READ_LOGS":0.4390236237052605,
    "FLASHLIGHT":0.39170078578067685,
    "C2D_MESSAGE":0.34290789921327586,
    "REORDER_TASKS":0.30536940963129316,
    "BLUETOOTH_ADMIN":0.2980930224152949,
    "GET_ACCOUNTS":0.25312257660006227,
    "QUERY_ALL_PACKAGES":0.2479141573305609,
    "DISABLE_KEYGUARD":0.24094105112799283,
    "NFC":0.23777702874176848,
    "MANAGE_ACCOUNTS":0.2273358334374385,
    "RESTART_PACKAGES":0.22572671552162332,
    "ACCESS_BACKGROUND_LOCATION":0.21589129654204614,
    "CHANGE_CONFIGURATION":0.21429239275362627,
    "KILL_BACKGROUND_PROCESSES":0.1972175145570955,
    "BROADCAST_STICKY":0.18642432470868103,
    "INSTALL_SHORTCUT":0.17829387930201343,
    "READ_CALENDAR":0.15904574907660332,
    "WRITE_CALENDAR":0.1509263034994384,
    "USE_CREDENTIALS":0.12780230477856147,
    "SEND_SMS":0.12610833103515454,
    "WRITE_CONTACTS":0.12383058062600016,
    "USE_FINGERPRINT":0.12206825079925535,
    "READ_SMS":0.11805959864764941,
    "UNINSTALL_SHORTCUT":0.11568206407086391,
    "RECEIVE_SMS":0.10305033129129346,
    "AUTHENTICATE_ACCOUNTS":0.09489631482140586,
    "REQUEST_IGNORE_BATTERY_OPTIMIZATIONS":0.08898940637848675,
    "EXPAND_STATUS_BAR":0.08116695619789313,
    "INSTALL_PACKAGES":0.06295202424362414,
    "CHANGE_WIFI_MULTICAST_STATE":0.056358412158897184,
    "PROCESS_OUTGOING_CALLS":0.05494336266359293,
    "ACCESS_NOTIFICATION_POLICY":0.0533523158962464,
    "SET_DEBUG_APP":0.05311660526404691,
    "READ_PRIVILEGED_PHONE_STATE":0.0509472817457043,
    "INTERACT_ACROSS_USERS_FULL":0.049995010791618374,
    "READ_CALL_LOG":0.04957466016419596,
    "USE_FULL_SCREEN_INTENT":0.047568762684178326,
    "READ_PROFILE":0.045886574472381335,
    "SET_ALARM":0.04574829090149097,
    "ACCESS_MOCK_LOCATION":0.03913817907251004,
    "USE_BIOMETRIC":0.03763748804750664,
    "BLUETOOTH_CONNECT":0.03753298966723154,
    "MANAGE_EXTERNAL_STORAGE":0.035185311770524655,
    "GET_PACKAGE_SIZE":0.03508552760289354,
    "READ_MEDIA_AUDIO":0.03312991505774514,
    "READ_MEDIA_VIDEO":0.03312991505774514,
    "ACCESS_MEDIA_LOCATION":0.03302934518800669,
    "ACTIVITY_RECOGNITION":0.029954892842018056,
    "BATTERY_STATS":0.02961704093586546,
    "READ_PHONE_NUMBERS":0.02833713220302225,
    "WRITE_MEDIA_STORAGE":0.025034826245907447,
    "WRITE_CALL_LOG":0.02469226012711086,
    "READ_SYNC_SETTINGS":0.024681260297608216,
    "WRITE_APN_SETTINGS":0.02261486375532605,
    "WRITE_SYNC_SETTINGS":0.021466167274407224,
    "MOUNT_FORMAT_FILESYSTEMS":0.019775336339429572,
    "RECEIVE_MMS":0.018996705551063937,
    "WRITE_SMS":0.017128305939829343,
    "PACKAGE_USAGE_STATS":0.015424903771134386,
    "SCHEDULE_EXACT_ALARM":0.014766485405190488,
    "MEDIA_CONTENT_CONTROL":0.01238737942419034,
    "USE_SIP":0.012344951510394433,
    "RECEIVE_WAP_PUSH":0.011572606338887449,
    "ADD_VOICEMAIL":0.011572606338887449,
    "BODY_SENSORS":0.011572606338887449,
    "WRITE_SECURE_SETTINGS":0.011162469838860342,
    "READ_HISTORY_BOOKMARKS":0.01096368720570544,
    "WRITE_PROFILE":0.010892188313938265,
    "CAPTURE_VIDEO_OUTPUT":0.010849760400142357,
    "MANAGE_FINGERPRINT":0.010320197179800842,
    "STATUS_BAR":0.008585366926812624,
    "GET_TOP_ACTIVITY_INFO":0.008497368290791481,
    "OVERRIDE_WIFI_CONFIG":0.008212158425830103,
    "BLUETOOTH_SCAN":0.008096660216052355,
    "BLUETOOTH_ADVERTISE":0.008096660216052355,
    "INTERACT_ACROSS_USERS":0.0077399514593238,
    "SET_ACTIVITY_WATCHER":0.0077399514593238,
    "READ_USER_DICTIONARY":0.007519169167163615,
    "WRITE_USER_DICTIONARY":0.007519169167163615,
    "BIND_JOB_SERVICE":0.007475955551260375,
    "READ_CELL_BROADCASTS":0.006956606458314174,
    "UPDATE_APP_OPS_STATS":0.006629754381664219,
    "CONTROL_LOCATION_UPDATES":0.006629754381664219,
    "CLEAR_APP_CACHE":0.006617183147946914,
    "PERSISTENT_ACTIVITY":0.006548041362501731,
    "INJECT_EVENTS":0.006332758985092867,
    "REAL_GET_TASKS":0.00629583098604828,
    "READ_PRECISE_PHONE_STATE":0.0061606902235872415,
    "CLEAR_APP_USER_DATA":0.0061606902235872415,
    "SET_WALLPAPER":0.005976835930471642,
    "MODIFY_PHONE_STATE":0.0056381983222117136,
    "READ_FRAME_BUFFER":0.005305060628703106,
    "RESET_FINGERPRINT_LOCKOUT":0.00512277773980217,
    "DEVICE_POWER":0.00494835187197455,
    "INTERNAL_SYSTEM_WINDOW":0.004939709148793902,
    "BIND_PRINT_SERVICE":0.004362218099905161,
    "STATUS_BAR_SERVICE":0.0043402184408998755,
    "READ_SYNC_STATS":0.004046365852757849,
    "REQUEST_DELETE_PACKAGES":0.003571016077822218,
    "READ_SOCIAL_STREAM":0.0032740206812508655,
    "WRITE_SOCIAL_STREAM":0.0032740206812508655,
    "WRITE_HISTORY_BOOKMARKS":0.0032740206812508655,
    "SUBSCRIBED_FEEDS_READ":0.0032740206812508655,
    "SUBSCRIBED_FEEDS_WRITE":0.0032740206812508655,
    "BLUETOOTH_PRIVILEGED":0.0032740206812508655,
    "TRANSMIT_IR":0.0032740206812508655,
    "MANAGE_DOCUMENTS":0.0032740206812508655,
    "SET_WALLPAPER_HINTS":0.0032740206812508655,
    "SET_TIME_ZONE":0.0032740206812508655,
    "CAPTURE_AUDIO_OUTPUT":0.0032740206812508655,
    "READ_INSTALL_SESSIONS":0.0032740206812508655,
    "FORCE_STOP_PACKAGES":0.0023154641103062877,
    "ANSWER_PHONE_CALLS":0.0016743311907236847,
    "LOCATION_HARDWARE":0.0007589882356823461,
    "SET_PREFERRED_APPLICATIONS":0.00032370926822062793
}