{
    "INTERNET":0.9946565187237452,
    "ACCESS_NETWORK_STATE":0.9946565187237452,
    "ACCESS_WIFI_STATE":0.9853233938113359,
    "WRITE_EXTERNAL_STORAGE":0.9742860684986145,
    "READ_EXTERNAL_STORAGE":0.9457180280505816,
    "VIBRATE":0.9203311017920606,
    "READ_PHONE_STATE":0.9117705716842208,
    "REQUEST_INSTALL_PACKAGES":0.8846471038475219,
    "CAMERA":0.8420915039725744,
    "ACCESS_COARSE_LOCATION":0.7990966030982847,
    "CHANGE_WIFI_STATE":0.7788779767359125,
    "WAKE_LOCK":0.7786479950266454,
    "GET_TASKS":0.7670159513876162,
    "ACCESS_FINE_LOCATION":0.7572138793961541,
    "CHANGE_NETWORK_STATE":0.7319158913767636,
    "RECORD_AUDIO":0.674663921260012,
    "MOUNT_UNMOUNT_FILESYSTEMS":0.6428114545265069,
    "WRITE_SETTINGS":0.6242548053600108,
    "MODIFY_AUDIO_SETTINGS":0.5893245365329532,
    "SYSTEM_ALERT_WINDOW":0.5179861867235863,
    "FOREGROUND_SERVICE":0.5017500170689544,
    "RECEIVE_BOOT_COMPLETED":0.5014301987545045,
    "ACCESS_LOCATION_EXTRA_COMMANDS":0.4798828890014834,
    "BLUETOOTH":0.472659127578759,
    "READ_LOGS":0.41947945077492993,
    "C2D_MESSAGE":0.41506487999626207,
    "FLASHLIGHT":0.40750872313436265,
    "CALL_PHONE":0.3606176086933081,
    "BLUETOOTH_ADMIN":0.3255247356108705,
    "REORDER_TASKS":0.3249120499635259,
    "QUERY_ALL_PACKAGES":0.2911155190938717,
    "BROADCAST_STICKY":0.19837988666213865,
    "ACCESS_BACKGROUND_LOCATION":0.1851801942626748,
    "INSTALL_PACKAGES":0.1746576326976493,
    "RESTART_PACKAGES":0.1708449671737043,
    "GET_ACCOUNTS":0.1642428750588428,
    "READ_CALENDAR":0.1388092337656269,
    "KILL_BACKGROUND_PROCESSES":0.1349938731435264,
    "WRITE_CALENDAR":0.13012203404447972,
    "INSTALL_SHORTCUT":0.12809442186551084,
    "READ_CONTACTS":0.1212057509801172,
    "DISABLE_KEYGUARD":0.11984742150975788,
    "USE_FINGERPRINT":0.09917512029121421,
    "MANAGE_ACCOUNTS":0.09792279801497024,
    "UNINSTALL_SHORTCUT":0.0909110509804766,
    "CHANGE_CONFIGURATION":0.08509323242885829,
    "USE_CREDENTIALS":0.07321862995583624,
    "EXPAND_STATUS_BAR":0.07172105374744406,
    "AUTHENTICATE_ACCOUNTS":0.0712368344455104,
    "INTERACT_ACROSS_USERS_FULL":0.06711423263368578,
    "READ_PRIVILEGED_PHONE_STATE":0.06519442438093587,
    "WRITE_CONTACTS":0.05354081995666275,
    "PACKAGE_USAGE_STATS":0.052402590169000555,
    "SET_WALLPAPER":0.04785056938440358,
    "WRITE_SYNC_SETTINGS":0.039568532752629476,
    "MANAGE_EXTERNAL_STORAGE":0.03910048403962869,
    "READ_PHONE_NUMBERS":0.03580617572758663,
    "WRITE_MEDIA_STORAGE":0.03553486917993549,
    "READ_MEDIA_AUDIO":0.034349924357578394,
    "READ_MEDIA_VIDEO":0.034349924357578394,
    "INTERACT_ACROSS_USERS":0.03416036912064333,
    "SEND_SMS":0.033919607018754246,
    "REQUEST_IGNORE_BATTERY_OPTIMIZATIONS":0.033184743588361446,
    "READ_SMS":0.03261338277940078,
    "USE_FULL_SCREEN_INTENT":0.031884807911370765,
    "NFC":0.031707829799161244,
    "READ_SYNC_SETTINGS":0.03044382876424356,
    "SCHEDULE_EXACT_ALARM":0.03018420097526615,
    "ACCESS_NOTIFICATION_POLICY":0.02773435675193954,
    "BATTERY_STATS":0.025096754023781517,
    "BLUETOOTH_CONNECT":0.024688895836252993,
    "SET_DEBUG_APP":0.021778189828340188,
    "READ_CALL_LOG":0.02027252832548159,
    "SET_ALARM":0.020155740738744345,
    "GET_TOP_ACTIVITY_INFO":0.01792869129627032,
    "RECEIVE_SMS":0.017613364812079767,
    "CAPTURE_VIDEO_OUTPUT":0.01744626872644033,
    "CHANGE_WIFI_MULTICAST_STATE":0.015430335306145165,
    "ACTIVITY_RECOGNITION":0.015224609480277252,
    "USE_BIOMETRIC":0.01438553558787276,
    "PROCESS_OUTGOING_CALLS":0.012627433224451354,
    "BODY_SENSORS":0.011685945602138818,
    "STATUS_BAR":0.011200827934153347,
    "STATUS_BAR_SERVICE":0.011200827934153347,
    "GET_PACKAGE_SIZE":0.011013069429321936,
    "SET_WALLPAPER_HINTS":0.010827107656594174,
    "REQUEST_DELETE_PACKAGES":0.010439911888257625,
    "WRITE_APN_SETTINGS":0.008970185027472023,
    "WRITE_SMS":0.00872582946137564,
    "READ_SYNC_STATS":0.008668334034058842,
    "MOUNT_FORMAT_FILESYSTEMS":0.008410502977185085,
    "ACCESS_MEDIA_LOCATION":0.008150875188207677,
    "LOCAL_MAC_ADDRESS":0.008150875188207677,
    "ACCESS_MOCK_LOCATION":0.007630721244201038,
    "READ_PROFILE":0.007479795747494448,
    "HIGH_SAMPLING_RATE_SENSORS":0.007460930060406125,
    "BLUETOOTH_PRIVILEGED":0.0070674457297068005,
    "WRITE_CALL_LOG":0.006856329707527939,
    "REQUEST_COMPANION_USE_DATA_IN_BACKGROUND":0.0067000140145104005,
    "REAL_GET_TASKS":0.006607482311172432,
    "MODIFY_PHONE_STATE":0.006116076080824189,
    "WRITE_SECURE_SETTINGS":0.006026239475641695,
    "READ_HISTORY_BOOKMARKS":0.005507882263738705,
    "INJECT_EVENTS":0.005276103822367872,
    "RECEIVE_WAP_PUSH":0.004985931587628415,
    "BLUETOOTH_SCAN":0.004985931587628415,
    "HARDWARE_TEST":0.004726303798651008,
    "UPDATE_DEVICE_STATS":0.004726303798651008,
    "MANAGE_DOCUMENTS":0.00469935281709626,
    "DELETE_PACKAGES":0.003742592971902699,
    "MANAGE_MEDIA_PROJECTION":0.003742592971902699,
    "READ_USER_DICTIONARY":0.003739897873747224,
    "GET_ACCOUNTS_PRIVILEGED":0.003739897873747224,
    "FORCE_BACK":0.003739897873747224,
    "BIND_ACCESSIBILITY_SERVICE":0.003739897873747224,
    "CAPTURE_AUDIO_OUTPUT":0.003739897873747224,
    "BROADCAST_CLOSE_SYSTEM_DIALOGS":0.003739897873747224,
    "READ_INPUT_STATE":0.003327547855959577,
    "CALL_PRIVILEGED":0.001073547431930803,
    "MANAGE_APP_TOKENS":0.0009594549433490356
}