{
    "INTERNET":0.9987944789846532,
    "ACCESS_NETWORK_STATE":0.9987944789846532,
    "ACCESS_WIFI_STATE":0.9907700886306274,
    "WRITE_EXTERNAL_STORAGE":0.9866839593463997,
    "READ_EXTERNAL_STORAGE":0.9685571222813694,
    "CAMERA":0.9381493220637436,
    "READ_PHONE_STATE":0.9359945096870612,
    "VIBRATE":0.9225091542841146,
    "WAKE_LOCK":0.9165865243519761,
    "CHANGE_WIFI_STATE":0.8677617944654393,
    "REQUEST_INSTALL_PACKAGES":0.8567348892230032,
    "ACCESS_COARSE_LOCATION":0.8533090874612272,
    "ACCESS_FINE_LOCATION":0.8498087872097383,
    "GET_TASKS":0.8125403533485944,
    "CHANGE_NETWORK_STATE":0.8109962028345548,
    "RECORD_AUDIO":0.7726114203927202,
    "SYSTEM_ALERT_WINDOW":0.7710943602385761,
    "WRITE_SETTINGS":0.7356014737155787,
    "MOUNT_UNMOUNT_FILESYSTEMS":0.6864448869203232,
    "MODIFY_AUDIO_SETTINGS":0.6004725010271762,
    "FOREGROUND_SERVICE":0.5939064750475214,
    "BLUETOOTH":0.5784209480722955,
    "RECEIVE_BOOT_COMPLETED":0.575530180918454,
    "FLASHLIGHT":0.5320038739214653,
    "ACCESS_LOCATION_EXTRA_COMMANDS":0.5298501903097784,
    "READ_LOGS":0.5151954343713457,
    "CALL_PHONE":0.472156753852475,
    "READ_CONTACTS":0.3143102568617624,
    "BLUETOOTH_ADMIN":0.3067407588009807,
    "BROADCAST_STICKY":0.3013813826016678,
    "REORDER_TASKS":0.2747572026494373,
    "C2D_MESSAGE":0.26762792293695625,
    "GET_ACCOUNTS":0.26609506007287304,
    "MANAGE_ACCOUNTS":0.22277305954009607,
    "KILL_BACKGROUND_PROCESSES":0.21942965762300154,
    "QUERY_ALL_PACKAGES":0.20256816611808692,
    "RESTART_PACKAGES":0.19507655284200465,
    "CHANGE_CONFIGURATION":0.19158076765049833,
    "ACCESS_BACKGROUND_LOCATION":0.18451921383775588,
    "DISABLE_KEYGUARD":0.16452539946993203,
    "CHANGE_WIFI_MULTICAST_STATE":0.1641472631963916,
    "USE_CREDENTIALS":0.14577435536231106,
    "INSTALL_SHORTCUT":0.13914737607289118,
    "WRITE_CONTACTS":0.09958190544561389,
    "READ_CALENDAR":0.09088025609420224,
    "WRITE_CALENDAR":0.09088025609420224,
    "INTERACT_ACROSS_USERS_FULL":0.08116497577670322,
    "SET_DEBUG_APP":0.08006668743594261,
    "BATTERY_STATS":0.07605957170141008,
    "NFC":0.073698195330525,
    "INSTALL_PACKAGES":0.07103318117581195,
    "UNINSTALL_SHORTCUT":0.06736695246996359,
    "REQUEST_IGNORE_BATTERY_OPTIMIZATIONS":0.06498977338913951,
    "AUTHENTICATE_ACCOUNTS":0.06400661907793447,
    "PROCESS_OUTGOING_CALLS":0.06270966809794071,
    "USE_FINGERPRINT":0.061745702791661604,
    "SEND_SMS":0.05924323079632115,
    "EXPAND_STATUS_BAR":0.04751649125658636,
    "MANAGE_EXTERNAL_STORAGE":0.04747021189176499,
    "READ_SMS":0.04441012998857691,
    "READ_PRIVILEGED_PHONE_STATE":0.043811884540886144,
    "RECEIVE_SMS":0.04030029663944087,
    "BLUETOOTH_CONNECT":0.03739711307064716,
    "CAPTURE_VIDEO_OUTPUT":0.036848533282764676,
    "GET_PACKAGE_SIZE":0.0364105724644552,
    "WRITE_APN_SETTINGS":0.036254802895056476,
    "READ_PROFILE":0.029420130846438304,
    "ACCESS_NOTIFICATION_POLICY":0.029139068362523203,
    "READ_PHONE_NUMBERS":0.028124308631440175,
    "ACCESS_MEDIA_LOCATION":0.0277755202477865,
    "WRITE_MEDIA_STORAGE":0.025692948830825228,
    "SCHEDULE_EXACT_ALARM":0.024981826883570153,
    "WRITE_SYNC_SETTINGS":0.0249174872788185,
    "CAPTURE_AUDIO_OUTPUT":0.024631909734920836,
    "SET_WALLPAPER":0.02431134047615824,
    "PACKAGE_USAGE_STATS":0.02347944067436937,
    "MANAGE_DOCUMENTS":0.022346160618743824,
    "READ_MEDIA_AUDIO":0.02195109287026879,
    "READ_MEDIA_VIDEO":0.02195109287026879,
    "DEVICE_POWER":0.021571827831732754,
    "USE_BIOMETRIC":0.020987127563989696,
    "WRITE_SMS":0.019864006393324942,
    "USE_FULL_SCREEN_INTENT":0.017396526112849413,
    "READ_CALL_LOG":0.01728816467326769,
    "CLEAR_APP_CACHE":0.01634903219689274,
    "MOUNT_FORMAT_FILESYSTEMS":0.014860191167639668,
    "REAL_GET_TASKS":0.014601703983637426,
    "INTERACT_ACROSS_USERS":0.01362870855739319,
    "BIND_NOTIFICATION_LISTENER_SERVICE":0.01323025451393122,
    "READ_HISTORY_BOOKMARKS":0.011751572369638936,
    "ACTIVITY_RECOGNITION":0.011526948135505984,
    "CHANGE_COMPONENT_ENABLED_STATE":0.010241284805468645,
    "STATUS_BAR":0.009934260726653757,
    "STATUS_BAR_SERVICE":0.009934260726653757,
    "REQUEST_DELETE_PACKAGES":0.009934260726653757,
    "WRITE_SECURE_SETTINGS":0.009400354883714632,
    "GET_TOP_ACTIVITY_INFO":0.009400354883714632,
    "HIGH_SAMPLING_RATE_SENSORS":0.00834947467277103,
    "UPDATE_DEVICE_STATS":0.007132666007467911,
    "LOCATION_HARDWARE":0.0066292368194111485,
    "ACCESS_MOCK_LOCATION":0.0062307827759491815,
    "SET_ALARM":0.005608833263349906,
    "RECEIVE_MMS":0.004700177441857316,
    "WRITE_CALL_LOG":0.004700177441857316,
    "WRITE_HISTORY_BOOKMARKS":0.004700177441857316,
    "READ_SYNC_SETTINGS":0.004700177441857316,
    "READ_SYNC_STATS":0.004700177441857316,
    "SIGNAL_PERSISTENT_PROCESSES":0.004700177441857316,
    "BIND_NFC_SERVICE":0.004700177441857316,
    "BROADCAST_WAP_PUSH":0.004700177441857316,
    "DELETE_PACKAGES":0.003680902650791717,
    "SET_PREFERRED_APPLICATIONS":0.0033704922769899007,
    "BIND_VOICE_INTERACTION":0.0033704922769899007,
    "STOP_APP_SWITCHES":0.0030533093132142273,
    "BLUETOOTH_SCAN":0.00257132666007468,
    "BLUETOOTH_ADVERTISE":0.00257132666007468,
    "LOCAL_MAC_ADDRESS":0.002404269440719521,
    "BLUETOOTH_PRIVILEGED":0.002096116596908991,
    "SET_WALLPAPER_HINTS":0.002061124882044059,
    "INTERNAL_SYSTEM_WINDOW":0.0004842401831308331,
    "CAPTURE_SECURE_VIDEO_OUTPUT":0.0004842401831308331
}