{
    "INTERNET":1.0,
    "ACCESS_NETWORK_STATE":1.0,
    "WRITE_EXTERNAL_STORAGE":0.986400564180171,
    "ACCESS_WIFI_STATE":0.9824984427055956,
    "READ_EXTERNAL_STORAGE":0.9708781269816921,
    "READ_PHONE_STATE":0.9240545399106964,
    "REQUEST_INSTALL_PACKAGES":0.8648679994238477,
    "CHANGE_NETWORK_STATE":0.8416685217020429,
    "CAMERA":0.8031879172660454,
    "VIBRATE":0.802074896040076,
    "WAKE_LOCK":0.7915058709531386,
    "CHANGE_WIFI_STATE":0.7303420809942737,
    "FOREGROUND_SERVICE":0.6877853870601457,
    "GET_TASKS":0.678282617601448,
    "ACCESS_COARSE_LOCATION":0.6612019506866119,
    "ACCESS_FINE_LOCATION":0.6420579855999365,
    "WRITE_SETTINGS":0.5738512966229619,
    "RECORD_AUDIO":0.5653025453579524,
    "SYSTEM_ALERT_WINDOW":0.5623993370508859,
    "MODIFY_AUDIO_SETTINGS":0.5392185655681732,
    "MOUNT_UNMOUNT_FILESYSTEMS":0.5071990961145264,
    "BLUETOOTH":0.4872638571142627,
    "RECEIVE_BOOT_COMPLETED":0.47124009270812045,
    "READ_LOGS":0.39594186849139745,
    "REORDER_TASKS":0.384669488814604,
    "QUERY_ALL_PACKAGES":0.3830289516462423,
    "FLASHLIGHT":0.3607573033833969,
    "ACCESS_LOCATION_EXTRA_COMMANDS":0.3259337686898706,
    "BLUETOOTH_ADMIN":0.2885007136430209,
    "C2D_MESSAGE":0.27177733589484065,
    "RESTART_PACKAGES":0.20122675515964816,
    "BROADCAST_STICKY":0.1957121558753489,
    "CALL_PHONE":0.19243482278644375,
    "ACCESS_BACKGROUND_LOCATION":0.18659099369412657,
    "KILL_BACKGROUND_PROCESSES":0.1748565699117625,
    "CHANGE_WIFI_MULTICAST_STATE":0.172460300684087,
    "INSTALL_SHORTCUT":0.1704306737426132,
    "EXPAND_STATUS_BAR":0.1495358046769337,
    "NFC":0.13609163064156773,
    "REQUEST_IGNORE_BATTERY_OPTIMIZATIONS":0.13596629883965186,
    "CHANGE_CONFIGURATION":0.13492997319395925,
    "PACKAGE_USAGE_STATS":0.1270359402971672,
    "READ_PRIVILEGED_PHONE_STATE":0.12321238502677785,
    "WRITE_CALENDAR":0.11222808143199992,
    "READ_CONTACTS":0.10053481137563802,
    "READ_CALENDAR":0.09405684077810463,
    "INSTALL_PACKAGES":0.09369206911581208,
    "UNINSTALL_SHORTCUT":0.08475983994941824,
    "USE_FINGERPRINT":0.07655154223588184,
    "MANAGE_EXTERNAL_STORAGE":0.07649916476642445,
    "MANAGE_ACCOUNTS":0.07393079813910325,
    "INTERACT_ACROSS_USERS":0.06811502840542398,
    "REQUEST_DELETE_PACKAGES":0.06446731178249875,
    "USE_CREDENTIALS":0.06315226317433646,
    "GET_ACCOUNTS":0.06155287973197693,
    "DISABLE_KEYGUARD":0.06057641405137848,
    "AUTHENTICATE_ACCOUNTS":0.05555940072692439,
    "BATTERY_STATS":0.052648709924220966,
    "BLUETOOTH_PRIVILEGED":0.050310430037730426,
    "WRITE_SYNC_SETTINGS":0.047798182127684996,
    "ACTIVITY_RECOGNITION":0.04125848094114826,
    "GET_PACKAGE_SIZE":0.034894618402075604,
    "STATUS_BAR":0.033452367368088244,
    "PROCESS_OUTGOING_CALLS":0.033186738772982914,
    "READ_PROFILE":0.033186738772982914,
    "SET_WALLPAPER":0.03177441772154263,
    "SEND_SMS":0.03104487439695758,
    "READ_MEDIA_AUDIO":0.030059055596813173,
    "READ_MEDIA_VIDEO":0.030059055596813173,
    "BLUETOOTH_CONNECT":0.029638165217244876,
    "READ_SYNC_SETTINGS":0.02930332353749943,
    "READ_HISTORY_BOOKMARKS":0.02625607718942496,
    "SET_DEBUG_APP":0.02600354296168398,
    "CLEAR_APP_CACHE":0.02593245925313467,
    "WRITE_APN_SETTINGS":0.023633462468737168,
    "DEVICE_POWER":0.02359979123837171,
    "ACCESS_NOTIFICATION_POLICY":0.023326680147629612,
    "WRITE_CONTACTS":0.023283655797718187,
    "SET_WALLPAPER_HINTS":0.02326869080644465,
    "CAPTURE_VIDEO_OUTPUT":0.0197706240962548,
    "INTERACT_ACROSS_USERS_FULL":0.018494858590185563,
    "BROADCAST_CLOSE_SYSTEM_DIALOGS":0.018171240653895273,
    "USE_BIOMETRIC":0.01813008692789304,
    "CONTROL_VPN":0.016779496465456106,
    "LOCAL_MAC_ADDRESS":0.015580426539663756,
    "WRITE_SECURE_SETTINGS":0.015565461548390216,
    "RECEIVE_SMS":0.01552243719847879,
    "READ_CALL_LOG":0.01552243719847879,
    "WRITE_SMS":0.01552243719847879,
    "MEDIA_CONTENT_CONTROL":0.01550747220720525,
    "USE_FULL_SCREEN_INTENT":0.014676915191523813,
    "CONNECTIVITY_INTERNAL":0.014587125243882577,
    "SCHEDULE_EXACT_ALARM":0.013565764589463509,
    "ACCESS_MOCK_LOCATION":0.010778534964766788,
    "INJECT_EVENTS":0.010778534964766788,
    "READ_PHONE_NUMBERS":0.008660988699560954,
    "READ_SMS":0.007761218599239395,
    "RECEIVE_WAP_PUSH":0.007761218599239395,
    "RECEIVE_MMS":0.007761218599239395,
    "READ_CELL_BROADCASTS":0.007761218599239395,
    "WRITE_CALL_LOG":0.007761218599239395,
    "ADD_VOICEMAIL":0.007761218599239395,
    "USE_SIP":0.007761218599239395,
    "BODY_SENSORS":0.007761218599239395,
    "WRITE_PROFILE":0.007761218599239395,
    "READ_SOCIAL_STREAM":0.007761218599239395,
    "WRITE_SOCIAL_STREAM":0.007761218599239395,
    "READ_USER_DICTIONARY":0.007761218599239395,
    "WRITE_USER_DICTIONARY":0.007761218599239395,
    "WRITE_HISTORY_BOOKMARKS":0.007761218599239395,
    "SUBSCRIBED_FEEDS_READ":0.007761218599239395,
    "SUBSCRIBED_FEEDS_WRITE":0.007761218599239395,
    "BIND_DIRECTORY_SEARCH":0.007761218599239395,
    "SET_ALARM":0.007761218599239395,
    "ACCOUNT_MANAGER":0.007761218599239395,
    "TRANSMIT_IR":0.007761218599239395,
    "WRITE_MEDIA_STORAGE":0.007761218599239395,
    "GET_INTENT_SENDER_INTENT":0.007761218599239395,
    "SET_TIME_ZONE":0.007761218599239395,
    "READ_SYNC_STATS":0.007761218599239395,
    "PERSISTENT_ACTIVITY":0.007761218599239395,
    "MOUNT_FORMAT_FILESYSTEMS":0.007761218599239395,
    "UPDATE_APP_OPS_STATS":0.007761218599239395,
    "CLEAR_APP_USER_DATA":0.007761218599239395,
    "DELETE_PACKAGES":0.007761218599239395,
    "BIND_APPWIDGET":0.007761218599239395,
    "ACCESS_CACHE_FILESYSTEM":0.007761218599239395,
    "READ_INSTALL_SESSIONS":0.007761218599239395,
    "ACCESS_MEDIA_LOCATION":0.006558407425628663,
    "ACCESS_CONTENT_PROVIDERS_EXTERNALLY":0.004246316273866818,
    "UPDATE_DEVICE_STATS":0.0015993834423595286,
    "INTERNAL_SYSTEM_WINDOW":0.0015993834423595286,
    "CAPTURE_AUDIO_OUTPUT":0.0015993834423595286,
    "CAPTURE_SECURE_VIDEO_OUTPUT":0.0015993834423595286
}