{
    "INTERNET":0.9861717491990238,
    "ACCESS_NETWORK_STATE":0.9861717491990238,
    "ACCESS_WIFI_STATE":0.9847212769136274,
    "WRITE_EXTERNAL_STORAGE":0.9737514317966764,
    "READ_EXTERNAL_STORAGE":0.9622524444296885,
    "CAMERA":0.9468284666080113,
    "VIBRATE":0.9149118511263469,
    "READ_PHONE_STATE":0.8988663905443318,
    "REQUEST_INSTALL_PACKAGES":0.8805093046033301,
    "ACCESS_COARSE_LOCATION":0.8747354288749816,
    "WAKE_LOCK":0.8715138863526952,
    "ACCESS_FINE_LOCATION":0.8339385613971017,
    "CHANGE_WIFI_STATE":0.8093085459585984,
    "GET_TASKS":0.772456382078056,
    "MOUNT_UNMOUNT_FILESYSTEMS":0.7597901691595146,
    "CHANGE_NETWORK_STATE":0.7381700393432825,
    "WRITE_SETTINGS":0.700932950414183,
    "SYSTEM_ALERT_WINDOW":0.6726279901724793,
    "RECORD_AUDIO":0.6655924733146298,
    "ACCESS_LOCATION_EXTRA_COMMANDS":0.5947164627566857,
    "BLUETOOTH":0.5924567140888789,
    "FLASHLIGHT":0.5764620926642205,
    "RECEIVE_BOOT_COMPLETED":0.5567188615348856,
    "CALL_PHONE":0.54688511595478,
    "MODIFY_AUDIO_SETTINGS":0.5352387987848403,
    "FOREGROUND_SERVICE":0.5047716180547482,
    "READ_LOGS":0.3815364630886965,
    "BLUETOOTH_ADMIN":0.36242301499028845,
    "C2D_MESSAGE":0.32472007337439185,
    "REORDER_TASKS":0.2784222015637709,
    "ACCESS_BACKGROUND_LOCATION":0.2606409468948687,
    "BROADCAST_STICKY":0.2586219060741379,
    "USE_FINGERPRINT":0.2509036919603577,
    "GET_ACCOUNTS":0.2474352163880541,
    "READ_CONTACTS":0.23891395109480554,
    "RESTART_PACKAGES":0.23806732349474577,
    "NFC":0.20593282591012452,
    "QUERY_ALL_PACKAGES":0.20446782815119768,
    "KILL_BACKGROUND_PROCESSES":0.18687021696907308,
    "MANAGE_ACCOUNTS":0.1777015305698964,
    "INSTALL_SHORTCUT":0.1633804512027091,
    "CHANGE_CONFIGURATION":0.16253278606882574,
    "USE_CREDENTIALS":0.12485059512940112,
    "DISABLE_KEYGUARD":0.10938096581948563,
    "READ_CALENDAR":0.10165237636746952,
    "WRITE_CALENDAR":0.10165237636746952,
    "USE_BIOMETRIC":0.09181551818589281,
    "CHANGE_WIFI_MULTICAST_STATE":0.0872026428061554,
    "WRITE_CONTACTS":0.0851607762413054,
    "UNINSTALL_SHORTCUT":0.07714271485250414,
    "READ_SMS":0.07113228141237399,
    "RECEIVE_SMS":0.0692979216122445,
    "BATTERY_STATS":0.06792941449891261,
    "READ_PRIVILEGED_PHONE_STATE":0.06307686880592303,
    "INTERACT_ACROSS_USERS_FULL":0.05704464715549723,
    "AUTHENTICATE_ACCOUNTS":0.05684336559371831,
    "PROCESS_OUTGOING_CALLS":0.054930153222995035,
    "READ_PROFILE":0.050581848968276326,
    "INSTALL_PACKAGES":0.04778569531366719,
    "REQUEST_IGNORE_BATTERY_OPTIMIZATIONS":0.047008582479788806,
    "SEND_SMS":0.04637879944886201,
    "PACKAGE_USAGE_STATS":0.04196928069855074,
    "READ_CALL_LOG":0.04157813044705255,
    "USE_FULL_SCREEN_INTENT":0.04122329387938044,
    "EXPAND_STATUS_BAR":0.0405405966234499,
    "READ_HISTORY_BOOKMARKS":0.03484142333040055,
    "WRITE_MEDIA_STORAGE":0.033950181775925875,
    "SET_DEBUG_APP":0.03246858347582129,
    "CAPTURE_VIDEO_OUTPUT":0.03242708212287719,
    "MANAGE_DOCUMENTS":0.027010118029847756,
    "GET_PACKAGE_SIZE":0.024942313119407675,
    "SCHEDULE_EXACT_ALARM":0.023159830010458324,
    "WRITE_SMS":0.023061264297216076,
    "LOCATION_HARDWARE":0.022838194525141506,
    "WRITE_APN_SETTINGS":0.0227572668869005,
    "MANAGE_EXTERNAL_STORAGE":0.022404505386875596,
    "MANAGE_FINGERPRINT":0.022020617872142618,
    "ACCESS_MOCK_LOCATION":0.021228979564733796,
    "SET_WALLPAPER":0.02099864705589401,
    "REQUEST_DELETE_PACKAGES":0.020559770248510092,
    "CAPTURE_AUDIO_OUTPUT":0.01896196816016201,
    "DEVICE_POWER":0.018315584588057557,
    "ACCESS_MEDIA_LOCATION":0.017280125832102117,
    "INTERACT_ACROSS_USERS":0.016351533059977743,
    "ACTIVITY_RECOGNITION":0.01611082521290193,
    "SET_ALARM":0.015741463171699385,
    "BLUETOOTH_CONNECT":0.013372773452414539,
    "MOUNT_FORMAT_FILESYSTEMS":0.01329080828034993,
    "ACCESS_NOTIFICATION_POLICY":0.012942196915619437,
    "OVERRIDE_WIFI_CONFIG":0.012197247630272738,
    "WRITE_SYNC_SETTINGS":0.012196210096449136,
    "READ_PHONE_NUMBERS":0.01150002490081176,
    "WRITE_SECURE_SETTINGS":0.011191877355201772,
    "CAPTURE_SECURE_VIDEO_OUTPUT":0.010426177393383019,
    "BODY_SENSORS":0.010129442719832661,
    "GET_TOP_ACTIVITY_INFO":0.009752817941864899,
    "WRITE_HISTORY_BOOKMARKS":0.00862501867560882,
    "BLUETOOTH_PRIVILEGED":0.00862501867560882,
    "INJECT_EVENTS":0.00862501867560882,
    "GRANT_RUNTIME_PERMISSIONS":0.00862501867560882,
    "DELETE_PACKAGES":0.0068238599578346205,
    "READ_USER_DICTIONARY":0.006098623815136369,
    "MANAGE_APP_TOKENS":0.006098623815136369,
    "READ_MEDIA_AUDIO":0.005782175998937562,
    "READ_MEDIA_VIDEO":0.005782175998937562,
    "FORCE_STOP_PACKAGES":0.005762462856289111,
    "REAL_GET_TASKS":0.005401401085675389,
    "BIND_PRINT_SERVICE":0.004327553578246648,
    "BIND_DREAM_SERVICE":0.004327553578246648,
    "CLEAR_APP_CACHE":0.0038596258238018533,
    "STATUS_BAR":0.003846137884095019,
    "STATUS_BAR_SERVICE":0.003846137884095019,
    "WRITE_CALL_LOG":0.0030607247796278136,
    "INTERNAL_SYSTEM_WINDOW":0.0030607247796278136,
    "LOCAL_MAC_ADDRESS":0.0030607247796278136,
    "READ_SYNC_SETTINGS":0.003027523697272529,
    "DELETE_CACHE_FILES":0.0019298129119009267,
    "ACCESS_SURFACE_FLINGER":0.0019298129119009267,
    "MEDIA_CONTENT_CONTROL":0.0019298129119009267,
    "READ_SYNC_STATS":0.001408970932452397,
    "READ_PRECISE_PHONE_STATE":0.0012419279868523705,
    "MANAGE_MEDIA_PROJECTION":0.0007252361426982515,
    "BIND_VPN_SERVICE":0.0005675310015106488
}