{
    "INTERNET":0.998092832041549,
    "ACCESS_NETWORK_STATE":0.9979552972456683,
    "ACCESS_WIFI_STATE":0.9959018576497947,
    "WRITE_EXTERNAL_STORAGE":0.9955588661608875,
    "READ_EXTERNAL_STORAGE":0.9847587208474836,
    "REQUEST_INSTALL_PACKAGES":0.9450943057494309,
    "VIBRATE":0.9369901806356052,
    "CAMERA":0.9353944388030723,
    "READ_PHONE_STATE":0.934129005947532,
    "WAKE_LOCK":0.9240320354614272,
    "RECORD_AUDIO":0.8689586502199778,
    "CHANGE_WIFI_STATE":0.8640350172608945,
    "CHANGE_NETWORK_STATE":0.8468919249882916,
    "ACCESS_COARSE_LOCATION":0.8438977248419096,
    "GET_TASKS":0.8299046866954487,
    "MODIFY_AUDIO_SETTINGS":0.8158451358198284,
    "ACCESS_FINE_LOCATION":0.8150672750890349,
    "SYSTEM_ALERT_WINDOW":0.7479111198291566,
    "WRITE_SETTINGS":0.7329023533950877,
    "BLUETOOTH":0.7120108742675408,
    "FOREGROUND_SERVICE":0.6929031199824728,
    "RECEIVE_BOOT_COMPLETED":0.6245243705739726,
    "MOUNT_UNMOUNT_FILESYSTEMS":0.6121628671270105,
    "FLASHLIGHT":0.48423916060935507,
    "ACCESS_LOCATION_EXTRA_COMMANDS":0.4322958193085866,
    "READ_LOGS":0.4268104919884528,
    "C2D_MESSAGE":0.3619907372569588,
    "REORDER_TASKS":0.35190109444440754,
    "BLUETOOTH_ADMIN":0.33336264402753424,
    "DISABLE_KEYGUARD":0.25661061841900457,
    "QUERY_ALL_PACKAGES":0.256292428286734,
    "BROADCAST_STICKY":0.24612443573390363,
    "ACCESS_BACKGROUND_LOCATION":0.22575491243007134,
    "CALL_PHONE":0.19112770923115197,
    "READ_CONTACTS":0.1800603856667317,
    "READ_PRIVILEGED_PHONE_STATE":0.17867150969521275,
    "RESTART_PACKAGES":0.16692693999452543,
    "KILL_BACKGROUND_PROCESSES":0.15545659438480205,
    "INSTALL_SHORTCUT":0.14075587207347343,
    "CHANGE_CONFIGURATION":0.1303125280952864,
    "MANAGE_ACCOUNTS":0.12091647776769616,
    "GET_ACCOUNTS":0.11150379925781835,
    "USE_CREDENTIALS":0.1111599622681163,
    "NFC":0.09999822444832997,
    "INTERACT_ACROSS_USERS":0.09850788838149188,
    "ACCESS_NOTIFICATION_POLICY":0.08917074127590885,
    "INTERACT_ACROSS_USERS_FULL":0.08404700646216012,
    "READ_CALENDAR":0.07846134638109933,
    "EXPAND_STATUS_BAR":0.07819247712849668,
    "BLUETOOTH_CONNECT":0.07781200177104004,
    "CHANGE_WIFI_MULTICAST_STATE":0.07634533972644446,
    "WRITE_CALENDAR":0.07449510215481299,
    "REQUEST_IGNORE_BATTERY_OPTIMIZATIONS":0.07376458946849633,
    "READ_PHONE_NUMBERS":0.06636194818038174,
    "UNINSTALL_SHORTCUT":0.06286580239575286,
    "CAPTURE_VIDEO_OUTPUT":0.05375975884062519,
    "AUTHENTICATE_ACCOUNTS":0.05320933782350467,
    "WRITE_CONTACTS":0.04337362708285469,
    "INSTALL_PACKAGES":0.042380445483093956,
    "USE_FINGERPRINT":0.040765257132291226,
    "WRITE_MEDIA_STORAGE":0.04063054067239177,
    "READ_MEDIA_VIDEO":0.03654508083410238,
    "USE_FULL_SCREEN_INTENT":0.035759892429751215,
    "SCHEDULE_EXACT_ALARM":0.035577264258172064,
    "WRITE_SYNC_SETTINGS":0.03524498244599331,
    "READ_MEDIA_AUDIO":0.033900636182980046,
    "READ_SYNC_SETTINGS":0.033481549622581555,
    "SET_DEBUG_APP":0.033464921440292714,
    "MANAGE_EXTERNAL_STORAGE":0.032782038632057656,
    "WRITE_APN_SETTINGS":0.030992113450423013,
    "PACKAGE_USAGE_STATS":0.02978924765366396,
    "GET_TOP_ACTIVITY_INFO":0.02971963475492932,
    "SET_WALLPAPER":0.02761067394022737,
    "BATTERY_STATS":0.027216388736463086,
    "CAPTURE_AUDIO_OUTPUT":0.022612918744836508,
    "ACCESS_MEDIA_LOCATION":0.02161128213713227,
    "SEND_SMS":0.021583662444516906,
    "PROCESS_OUTGOING_CALLS":0.020247207522250878,
    "READ_CALL_LOG":0.01802015842993832,
    "DEVICE_POWER":0.017544986983514758,
    "GET_PACKAGE_SIZE":0.016680039670896783,
    "ACCESS_MOCK_LOCATION":0.01582580203500722,
    "OVERRIDE_WIFI_CONFIG":0.015788318166457788,
    "SET_ALARM":0.015753652633889524,
    "READ_SMS":0.01420948634981201,
    "READ_PROFILE":0.013519557701624066,
    "RECEIVE_SMS":0.01266306539694957,
    "CLEAR_APP_CACHE":0.010503938201782966,
    "ACTIVITY_RECOGNITION":0.009216804159187238,
    "READ_HISTORY_BOOKMARKS":0.009202712479281437,
    "USE_BIOMETRIC":0.009098152214380406,
    "BODY_SENSORS":0.008899177694110517,
    "MOUNT_FORMAT_FILESYSTEMS":0.008646091123002358,
    "LOCAL_MAC_ADDRESS":0.008461208282638268,
    "CLEAR_APP_USER_DATA":0.007404050456105186,
    "READ_CLIPBOARD_IN_BACKGROUND":0.007010328919537149,
    "STATUS_BAR_SERVICE":0.007002437578789901,
    "REAL_GET_TASKS":0.006893931643515244,
    "MEDIA_CONTENT_CONTROL":0.006843201595854367,
    "BIND_NOTIFICATION_LISTENER_SERVICE":0.006825727912771174,
    "STOP_APP_SWITCHES":0.006543612481057067,
    "BIND_JOB_SERVICE":0.006537975809094748,
    "REMOVE_TASKS":0.006474845083116766,
    "STATUS_BAR":0.00624684170224093,
    "WRITE_SMS":0.006118325581500037,
    "WRITE_SECURE_SETTINGS":0.006087887552903511,
    "MANAGE_DOCUMENTS":0.005028475057585504,
    "INSTANT_APP_FOREGROUND_SERVICE":0.004993245857821005,
    "INSTALL_LOCATION_PROVIDER":0.004976054008335929,
    "READ_SYNC_STATS":0.004432396997570183,
    "WRITE_CALL_LOG":0.004318536223931323,
    "READ_FRAME_BUFFER":0.0037988350690054368,
    "MANAGE_OWN_CALLS":0.0036897654665345486,
    "SET_WALLPAPER_HINTS":0.0034341423930433447,
    "ACCESS_CONTENT_PROVIDERS_EXTERNALLY":0.0032106483497373645,
    "SUBSTITUTE_NOTIFICATION_APP_NAME":0.0031382171150215552,
    "MODIFY_PHONE_STATE":0.003132016775863003,
    "REQUEST_DELETE_PACKAGES":0.0030573308723622654,
    "READ_PRECISE_PHONE_STATE":0.002738858906491196,
    "GRANT_RUNTIME_PERMISSIONS":0.0026960201995775658,
    "CHANGE_COMPONENT_ENABLED_STATE":0.0026940473643907534,
    "ACCESS_SURFACE_FLINGER":0.002597378440236969,
    "INTERNAL_SYSTEM_WINDOW":0.0025801865907518935,
    "OBSERVE_GRANT_REVOKE_PERMISSIONS":0.002562994741266818,
    "READ_VOICEMAIL":0.002552566898136526,
    "MANAGE_USERS":0.002505500687251156,
    "BIND_WALLPAPER":0.0024883088377660807,
    "ADD_VOICEMAIL":0.002313008339737934,
    "WRITE_HISTORY_BOOKMARKS":0.00220506607165951,
    "INJECT_EVENTS":0.0021594090287647195,
    "BLUETOOTH_PRIVILEGED":0.001803171360746107,
    "HARDWARE_TEST":0.0015982783349157822,
    "MANAGE_MEDIA_PROJECTION":0.0015261289337980888,
    "WRITE_PROFILE":0.001403813152215749,
    "DELETE_CACHE_FILES":0.0013550559397416824,
    "READ_USER_DICTIONARY":0.001272478695493697,
    "BROADCAST_WAP_PUSH":0.001253032177223694,
    "DELETE_PACKAGES":0.0010650491672803282,
    "BLUETOOTH_SCAN":0.0010323564698988732,
    "WRITE_USER_DICTIONARY":0.0008781934917294264,
    "CAPTURE_SECURE_VIDEO_OUTPUT":0.0008683293157953667,
    "SET_ANIMATION_SCALE":0.0007857520715473816,
    "UPDATE_APP_OPS_STATS":0.0006693547955254775,
    "LOCATION_HARDWARE":0.0006005873975851758,
    "SET_TIME_ZONE":0.0006005873975851758,
    "ANSWER_PHONE_CALLS":0.0005943870584266237,
    "READ_SOCIAL_STREAM":0.0005490118491299496,
    "SUBSCRIBED_FEEDS_READ":0.0005490118491299496,
    "SUBSCRIBED_FEEDS_WRITE":0.0005490118491299496,
    "RECEIVE_MMS":0.0004740441120310959,
    "MANAGE_FINGERPRINT":0.00047178944324616814,
    "SET_PROCESS_LIMIT":0.00044586075221949705,
    "SET_ALWAYS_FINISH":0.00044586075221949705,
    "ACCESS_CHECKIN_PROPERTIES":0.00030212561718034187,
    "USE_SIP":0.00020630219382090508,
    "TRANSMIT_IR":0.0001891103443358297,
    "CALL_PRIVILEGED":0.00015472664536567883,
    "RECEIVE_WAP_PUSH":0.0001375347958806034,
    "BLUETOOTH_ADVERTISE":0.0001375347958806034,
    "PERSISTENT_ACTIVITY":0.0001375347958806034,
    "BIND_ACCESSIBILITY_SERVICE":0.0001375347958806034,
    "ACCOUNT_MANAGER":0.00012034294639552797,
    "READ_CELL_BROADCASTS":0.00010315109691045254,
    "WRITE_SOCIAL_STREAM":0.00010315109691045254,
    "GET_INTENT_SENDER_INTENT":0.00010315109691045254,
    "SET_TIME":0.00010315109691045254,
    "UPDATE_DEVICE_STATS":0.00010315109691045254,
    "READ_INSTALL_SESSIONS":0.00010315109691045254,
    "BIND_DIRECTORY_SEARCH":8.595924742537712e-05,
    "BIND_APPWIDGET":8.595924742537712e-05,
    "ACCESS_CACHE_FILESYSTEM":8.595924742537712e-05,