{
    "INTERNET":0.9768959221422044,
    "ACCESS_NETWORK_STATE":0.9768959221422044,
    "WRITE_EXTERNAL_STORAGE":0.9582716939207445,
    "ACCESS_WIFI_STATE":0.9565195749518666,
    "READ_EXTERNAL_STORAGE":0.9041929401551819,
    "READ_PHONE_STATE":0.8902954510611271,
    "REQUEST_INSTALL_PACKAGES":0.8509583891655336,
    "WAKE_LOCK":0.7934192004364369,
    "VIBRATE":0.7872748377796671,
    "ACCESS_COARSE_LOCATION":0.7084055916487642,
    "ACCESS_FINE_LOCATION":0.6660301961775934,
    "CHANGE_NETWORK_STATE":0.6386155074475013,
    "GET_TASKS":0.6322242552996623,
    "CAMERA":0.6137851941965041,
    "CHANGE_WIFI_STATE":0.6054686022271822,
    "RECORD_AUDIO":0.5627348187851048,
    "WRITE_SETTINGS":0.54606579604937,
    "MOUNT_UNMOUNT_FILESYSTEMS":0.5416556329629328,
    "SYSTEM_ALERT_WINDOW":0.537219586300819,
    "RECEIVE_BOOT_COMPLETED":0.46850864810084253,
    "FOREGROUND_SERVICE":0.4296613830988217,
    "BLUETOOTH":0.41089977282184753,
    "READ_LOGS":0.3977489253338485,
    "MODIFY_AUDIO_SETTINGS":0.36596588544725833,
    "QUERY_ALL_PACKAGES":0.3614521880581147,
    "ACCESS_LOCATION_EXTRA_COMMANDS":0.34658705144261126,
    "FLASHLIGHT":0.33059896585159965,
    "CALL_PHONE":0.30886472646038127,
    "REORDER_TASKS":0.2777466953642517,
    "BLUETOOTH_ADMIN":0.27572578541719356,
    "C2D_MESSAGE":0.26246543049363974,
    "READ_CONTACTS":0.24811597434738553,
    "RESTART_PACKAGES":0.23721898898753413,
    "ACCESS_BACKGROUND_LOCATION":0.18011982104493995,
    "GET_ACCOUNTS":0.16755832266465442,
    "CHANGE_CONFIGURATION":0.15462449900348244,
    "BROADCAST_STICKY":0.14888630938040698,
    "DISABLE_KEYGUARD":0.1247349422298502,
    "KILL_BACKGROUND_PROCESSES":0.12090417302971242,
    "INSTALL_SHORTCUT":0.11991661506543573,
    "READ_CALENDAR":0.09732224454404093,
    "WRITE_CALENDAR":0.09732224454404093,
    "MANAGE_ACCOUNTS":0.09612363588578579,
    "REQUEST_IGNORE_BATTERY_OPTIMIZATIONS":0.09278863671206915,
    "WRITE_CONTACTS":0.08893596602482039,
    "INSTALL_PACKAGES":0.08448199996416124,
    "UNINSTALL_SHORTCUT":0.07891703119369081,
    "EXPAND_STATUS_BAR":0.07575326182829636,
    "READ_PRIVILEGED_PHONE_STATE":0.06598121648823595,
    "INTERACT_ACROSS_USERS_FULL":0.06578012101567154,
    "READ_SMS":0.05888513466428009,
    "USE_FINGERPRINT":0.054944858028587444,
    "NFC":0.05458647005768058,
    "WRITE_SYNC_SETTINGS":0.05253171235781457,
    "MANAGE_EXTERNAL_STORAGE":0.05226690346820006,
    "PACKAGE_USAGE_STATS":0.05073379937043183,
    "SEND_SMS":0.049007563977230446,
    "ACCESS_NOTIFICATION_POLICY":0.04871089837909087,
    "USE_CREDENTIALS":0.04642119745385259,
    "READ_MEDIA_AUDIO":0.04381890257621222,
    "READ_MEDIA_VIDEO":0.04381890257621222,
    "WRITE_MEDIA_STORAGE":0.03942665888832035,
    "AUTHENTICATE_ACCOUNTS":0.03930918727563422,
    "RECEIVE_SMS":0.03652769841254041,
    "READ_SYNC_SETTINGS":0.03341171410993353,
    "GET_PACKAGE_SIZE":0.03189652941071064,
    "WRITE_SECURE_SETTINGS":0.03181887868368082,
    "CHANGE_WIFI_MULTICAST_STATE":0.028838285392305426,
    "BATTERY_STATS":0.025760130931072052,
    "USE_FULL_SCREEN_INTENT":0.025369886251640134,
    "READ_PROFILE":0.02476261774538129,
    "READ_PHONE_NUMBERS":0.021672517018451017,
    "INTERACT_ACROSS_USERS":0.020009995042299743,
    "BLUETOOTH_PRIVILEGED":0.01911999824788104,
    "UPDATE_APP_OPS_STATS":0.01911999824788104,
    "LOCAL_MAC_ADDRESS":0.01911999824788104,
    "SET_TIME_ZONE":0.01846096259026898,
    "ACCESS_MOCK_LOCATION":0.01839127604037042,
    "MOUNT_FORMAT_FILESYSTEMS":0.01839127604037042,
    "BIND_REMOTEVIEWS":0.01839127604037042,
    "SCHEDULE_EXACT_ALARM":0.01750127924595172,
    "DEVICE_POWER":0.01750127924595172,
    "ACTIVITY_RECOGNITION":0.016517703370240666,
    "BIND_NOTIFICATION_LISTENER_SERVICE":0.016517703370240666,
    "ACCESS_MEDIA_LOCATION":0.016503766060260952,
    "BLUETOOTH_CONNECT":0.016503766060260952,
    "SET_ALARM":0.01505030373380535,
    "SET_DEBUG_APP":0.013385790713371263,
    "PROCESS_OUTGOING_CALLS":0.012776531162829598,
    "CLEAR_APP_CACHE":0.012776531162829598,
    "READ_CALL_LOG":0.011671501585866778,
    "WRITE_SMS":0.008258851685120333,
    "LOCATION_HARDWARE":0.008258851685120333,
    "SET_WALLPAPER":0.008258851685120333,
    "SET_WALLPAPER_HINTS":0.008258851685120333,
    "READ_SYNC_STATS":0.008258851685120333,
    "WRITE_APN_SETTINGS":0.008258851685120333,
    "REQUEST_DELETE_PACKAGES":0.008258851685120333,
    "STATUS_BAR":0.007179705683834117,
    "STATUS_BAR_SERVICE":0.007179705683834117,
    "REAL_GET_TASKS":0.0051687509581900635,
    "MEDIA_CONTENT_CONTROL":0.00349229167205908,
    "ANSWER_PHONE_CALLS":0.0030781544612333736,
    "CAPTURE_AUDIO_OUTPUT":0.0030781544612333736,
    "CAPTURE_VIDEO_OUTPUT":0.0030781544612333736,
    "CAPTURE_SECURE_VIDEO_OUTPUT":0.0030781544612333736
}