{
    "INTERNET":1.0,
    "ACCESS_NETWORK_STATE":0.9909435514379363,
    "WRITE_EXTERNAL_STORAGE":0.983560273496114,
    "READ_EXTERNAL_STORAGE":0.9504675483607241,
    "ACCESS_WIFI_STATE":0.9441468226261414,
    "READ_PHONE_STATE":0.8414474068394336,
    "VIBRATE":0.8202991903276009,
    "REQUEST_INSTALL_PACKAGES":0.8147198391318805,
    "WAKE_LOCK":0.7842815902991646,
    "ACCESS_COARSE_LOCATION":0.7263426622962805,
    "CAMERA":0.7242911875449075,
    "CHANGE_NETWORK_STATE":0.7064461500572531,
    "ACCESS_FINE_LOCATION":0.6543633192252127,
    "GET_TASKS":0.6383158610989099,
    "CHANGE_WIFI_STATE":0.5916917811523297,
    "FOREGROUND_SERVICE":0.5657373249073916,
    "RECORD_AUDIO":0.5364403358528218,
    "SYSTEM_ALERT_WINDOW":0.5341006898337746,
    "RECEIVE_BOOT_COMPLETED":0.5064540208143439,
    "REORDER_TASKS":0.49220668100329273,
    "QUERY_ALL_PACKAGES":0.49158336782079015,
    "MOUNT_UNMOUNT_FILESYSTEMS":0.44292685527708864,
    "WRITE_SETTINGS":0.437697879719598,
    "FLASHLIGHT":0.33174479450976585,
    "BLUETOOTH":0.31687794994706264,
    "READ_LOGS":0.31366744274024216,
    "ACCESS_LOCATION_EXTRA_COMMANDS":0.28238753068960504,
    "MODIFY_AUDIO_SETTINGS":0.27294135270385883,
    "KILL_BACKGROUND_PROCESSES":0.20228861304565274,
    "DISABLE_KEYGUARD":0.18651917037142346,
    "C2D_MESSAGE":0.18447023457395065,
    "SET_WALLPAPER":0.1803393565783025,
    "BLUETOOTH_ADMIN":0.1790914607363473,
    "EXPAND_STATUS_BAR":0.16952341296339068,
    "REQUEST_IGNORE_BATTERY_OPTIMIZATIONS":0.16641700286647884,
    "READ_CALENDAR":0.1570571493133398,
    "USE_FINGERPRINT":0.15266222011206929,
    "RESTART_PACKAGES":0.15160093738177982,
    "WRITE_CALENDAR":0.14913815209857223,
    "CALL_PHONE":0.1472339366734117,
    "INSTALL_SHORTCUT":0.13630120117909006,
    "ACCESS_BACKGROUND_LOCATION":0.1329942137240613,
    "PACKAGE_USAGE_STATS":0.12229125355770908,
    "READ_CONTACTS":0.1124007586394253,
    "GET_ACCOUNTS":0.11215321063415447,
    "UNINSTALL_SHORTCUT":0.10393715581306182,
    "READ_PRIVILEGED_PHONE_STATE":0.100925956487408,
    "BROADCAST_STICKY":0.07357507559735232,
    "CHANGE_WIFI_MULTICAST_STATE":0.0688475434351538,
    "AUTHENTICATE_ACCOUNTS":0.06543391991631602,
    "MANAGE_EXTERNAL_STORAGE":0.061933971964870986,
    "WRITE_CONTACTS":0.06038901851659075,
    "CHANGE_CONFIGURATION":0.05638001030815279,
    "USE_FULL_SCREEN_INTENT":0.0528369001404041,
    "WRITE_SYNC_SETTINGS":0.051658825530704805,
    "SET_WALLPAPER_HINTS":0.04917318966239527,
    "MANAGE_ACCOUNTS":0.04843181512353277,
    "USE_CREDENTIALS":0.047533025442856994,
    "USE_BIOMETRIC":0.047468282118401546,
    "SET_ALARM":0.04616072085979131,
    "ACTIVITY_RECOGNITION":0.039551823857534196,
    "NFC":0.038077961118459944,
    "ACCESS_NOTIFICATION_POLICY":0.03807288321065952,
    "SEND_SMS":0.03503248591515321,
    "SCHEDULE_EXACT_ALARM":0.03287945300777172,
    "WRITE_SECURE_SETTINGS":0.02935157656342432,
    "READ_SYNC_SETTINGS":0.02852641654585476,
    "INSTALL_PACKAGES":0.027612393141777707,
    "REQUEST_DELETE_PACKAGES":0.027236627964546033,
    "READ_SYNC_STATS":0.026085212370798968,
    "READ_SMS":0.02451359990656648,
    "WRITE_SMS":0.023274590403262033,
    "BATTERY_STATS":0.022930562149783028,
    "WRITE_MEDIA_STORAGE":0.02256876121900253,
    "RECEIVE_SMS":0.022464664109093754,
    "WRITE_APN_SETTINGS":0.02171440323158051,
    "DEVICE_POWER":0.02169663055427901,
    "BLUETOOTH_CONNECT":0.020649312070440722,
    "READ_PHONE_NUMBERS":0.02014025181344781,
    "GET_PACKAGE_SIZE":0.020084394827643102,
    "READ_PROFILE":0.01979114565216838,
    "BIND_ACCESSIBILITY_SERVICE":0.01793517035111192,
    "INTERACT_ACROSS_USERS_FULL":0.016942439376128236,
    "READ_CALL_LOG":0.014959516380061075,
    "ACCESS_MOCK_LOCATION":0.014884617240004764,
    "REAL_GET_TASKS":0.013512312656939078,
    "HIGH_SAMPLING_RATE_SENSORS":0.012409137187296082,
    "GET_TOP_ACTIVITY_INFO":0.012343124385890518,
    "WRITE_CALL_LOG":0.012315195892988162,
    "PROCESS_OUTGOING_CALLS":0.012315195892988162,
    "INJECT_EVENTS":0.012190787151877673,
    "CHANGE_COMPONENT_ENABLED_STATE":0.011165049776191205,
    "MANAGE_FINGERPRINT":0.010549353455389304,
    "BIND_REMOTEVIEWS":0.009383973615191062,
    "RECEIVE_WAP_PUSH":0.00863625169157803,
    "RECEIVE_MMS":0.00863625169157803,
    "MANAGE_USERS":0.00863625169157803,
    "LOCAL_MAC_ADDRESS":0.00863625169157803,
    "STOP_APP_SWITCHES":0.0077158809027504435,
    "OVERRIDE_WIFI_CONFIG":0.007459446558828827,
    "BODY_SENSORS":0.006627939156508731,
    "REQUEST_COMPANION_USE_DATA_IN_BACKGROUND":0.006627939156508731,
    "READ_HISTORY_BOOKMARKS":0.005274676727694652,
    "WRITE_HISTORY_BOOKMARKS":0.005274676727694652,
    "BLUETOOTH_PRIVILEGED":0.005274676727694652,
    "INTERACT_ACROSS_USERS":0.005274676727694652,
    "MANAGE_DOCUMENTS":0.004426666125023165,
    "STATUS_BAR":0.003964576515184211,
    "MOUNT_FORMAT_FILESYSTEMS":0.0037297232794144134,
    "ACCESS_CHECKIN_PROPERTIES":0.0037297232794144134,
    "BIND_NOTIFICATION_LISTENER_SERVICE":0.003647207277657457,
    "READ_USER_DICTIONARY":0.0025541876236153164,
    "WRITE_USER_DICTIONARY":0.0025541876236153164,
    "GET_ACCOUNTS_PRIVILEGED":0.0019854619499673734,
    "READ_MEDIA_AUDIO":0.0019854619499673734,
    "READ_MEDIA_VIDEO":0.0019854619499673734
}