{
    "WRITE_EXTERNAL_STORAGE":0.9949281648424189,
    "INTERNET":0.9949281648424189,
    "ACCESS_WIFI_STATE":0.9949281648424189,
    "READ_EXTERNAL_STORAGE":0.9928700538806883,
    "ACCESS_NETWORK_STATE":0.9784062514040429,
    "REQUEST_INSTALL_PACKAGES":0.9146480129120107,
    "CAMERA":0.9111919071828242,
    "VIBRATE":0.8502331143314334,
    "READ_PHONE_STATE":0.8088272396429149,
    "CHANGE_WIFI_STATE":0.801685197153551,
    "CHANGE_NETWORK_STATE":0.797548238595715,
    "WAKE_LOCK":0.7519293710233184,
    "SYSTEM_ALERT_WINDOW":0.6908582547357287,
    "GET_TASKS":0.6619997718970213,
    "WRITE_SETTINGS":0.6322945431546637,
    "MOUNT_UNMOUNT_FILESYSTEMS":0.6102203958623497,
    "ACCESS_COARSE_LOCATION":0.600983953301099,
    "RECORD_AUDIO":0.5775688369858605,
    "MODIFY_AUDIO_SETTINGS":0.5382331696291249,
    "ACCESS_FINE_LOCATION":0.5287565277196956,
    "FLASHLIGHT":0.4627276277635882,
    "FOREGROUND_SERVICE":0.43841392395876144,
    "RECEIVE_BOOT_COMPLETED":0.38228503886390874,
    "BLUETOOTH":0.37253536460187364,
    "ACCESS_LOCATION_EXTRA_COMMANDS":0.3486519459603306,
    "READ_LOGS":0.34066834172590993,
    "QUERY_ALL_PACKAGES":0.32192588035653186,
    "ACCESS_BACKGROUND_LOCATION":0.23897934285605665,
    "CALL_PHONE":0.23718562398260884,
    "REORDER_TASKS":0.21627791237389526,
    "C2D_MESSAGE":0.185394151577885,
    "READ_CALENDAR":0.18444199444949422,
    "WRITE_CALENDAR":0.18444199444949422,
    "RESTART_PACKAGES":0.17640482057627105,
    "GET_ACCOUNTS":0.16607452055173266,
    "USE_CREDENTIALS":0.15439288318708244,
    "BLUETOOTH_ADMIN":0.15156578870060788,
    "DISABLE_KEYGUARD":0.14235353887946134,
    "MANAGE_ACCOUNTS":0.1398582305429887,
    "SET_DEBUG_APP":0.12050058235381533,
    "READ_CONTACTS":0.12035369786032488,
    "CHANGE_WIFI_MULTICAST_STATE":0.10356393622793705,
    "BROADCAST_STICKY":0.0996412562253104,
    "MANAGE_EXTERNAL_STORAGE":0.0946903847682508,
    "KILL_BACKGROUND_PROCESSES":0.08841236871118356,
    "CHANGE_CONFIGURATION":0.0867206049567468,
    "MANAGE_DOCUMENTS":0.08444475933407751,
    "EXPAND_STATUS_BAR":0.08364467085777086,
    "INSTALL_SHORTCUT":0.07929688985045426,
    "REAL_GET_TASKS":0.07727161189315102,
    "NFC":0.06703289867043609,
    "PROCESS_OUTGOING_CALLS":0.0655502293126151,
    "READ_PHONE_NUMBERS":0.058302775598511096,
    "READ_MEDIA_AUDIO":0.05419865004510216,
    "READ_MEDIA_VIDEO":0.05419865004510216,
    "INTERACT_ACROSS_USERS_FULL":0.05300283746280365,
    "UNINSTALL_SHORTCUT":0.0510743304659176,
    "READ_PRIVILEGED_PHONE_STATE":0.051012120562792244,
    "WRITE_CONTACTS":0.050008121848463566,
    "BLUETOOTH_CONNECT":0.04991135088804635,
    "RECEIVE_SMS":0.04955364394507554,
    "MODIFY_PHONE_STATE":0.04704796729141537,
    "GET_PACKAGE_SIZE":0.04417939953619059,
    "WRITE_MEDIA_STORAGE":0.042104008045814115,
    "REQUEST_IGNORE_BATTERY_OPTIMIZATIONS":0.04075094265283762,
    "READ_SMS":0.03722744286193202,
    "USE_FULL_SCREEN_INTENT":0.03586746525749714,
    "USE_FINGERPRINT":0.034141140445768506,
    "ACCESS_MEDIA_LOCATION":0.032100310012683896,
    "READ_CALL_LOG":0.028734063032456278,
    "INSTALL_PACKAGES":0.02869258976370604,
    "ACCESS_NOTIFICATION_POLICY":0.026672495964996552,
    "READ_PROFILE":0.025084415382435367,
    "REQUEST_DELETE_PACKAGES":0.023878234482949297,
    "AUTHENTICATE_ACCOUNTS":0.023359818623571324,
    "BLUETOOTH_PRIVILEGED":0.021519442322779532,
    "DEVICE_POWER":0.02133626871913265,
    "BATTERY_STATS":0.02034782248058532,
    "SET_ALARM":0.02007479012797959,
    "ACCESS_MOCK_LOCATION":0.01892563497302509,
    "CAPTURE_AUDIO_OUTPUT":0.018089257386561967,
    "LOCATION_HARDWARE":0.015727009120663014,
    "ANSWER_PHONE_CALLS":0.014387768150603258,
    "SCHEDULE_EXACT_ALARM":0.014387768150603258,
    "ACTIVITY_RECOGNITION":0.01434629488185302,
    "OVERRIDE_WIFI_CONFIG":0.01434629488185302,
    "WRITE_SYNC_SETTINGS":0.01434629488185302,
    "PACKAGE_USAGE_STATS":0.01434629488185302,
    "STATUS_BAR":0.013922921930027678,
    "STATUS_BAR_SERVICE":0.013922921930027678,
    "WRITE_APN_SETTINGS":0.01224498259850765,
    "READ_HISTORY_BOOKMARKS":0.010916109945635454,
    "USE_BIOMETRIC":0.01078132182219718,
    "SEND_SMS":0.00717314744092651,
    "BLUETOOTH_SCAN":0.00717314744092651,
    "HARDWARE_TEST":0.00717314744092651,
    "INTERACT_ACROSS_USERS":0.00717314744092651,
    "SET_WALLPAPER":0.00717314744092651,
    "READ_SYNC_SETTINGS":0.00717314744092651,
    "READ_SYNC_STATS":0.00717314744092651,
    "CLEAR_APP_CACHE":0.00717314744092651,
    "GET_TOP_ACTIVITY_INFO":0.00717314744092651,
    "CAPTURE_VIDEO_OUTPUT":0.00717314744092651,
    "CAPTURE_SECURE_VIDEO_OUTPUT":0.00717314744092651,
    "BROADCAST_WAP_PUSH":0.00717314744092651,
    "MANAGE_FINGERPRINT":0.00717314744092651,
    "LOCAL_MAC_ADDRESS":0.00717314744092651
}