{
    "INTERNET":1.0,
    "ACCESS_NETWORK_STATE":1.0,
    "ACCESS_WIFI_STATE":0.9896779171644764,
    "WRITE_EXTERNAL_STORAGE":0.9649990043807247,
    "READ_EXTERNAL_STORAGE":0.9404022301871762,
    "READ_PHONE_STATE":0.8719210473914771,
    "CAMERA":0.8526035444046193,
    "CHANGE_WIFI_STATE":0.8488774392672239,
    "VIBRATE":0.8283203902827555,
    "WAKE_LOCK":0.8228619076065308,
    "REQUEST_INSTALL_PACKAGES":0.8071012544802864,
    "ACCESS_FINE_LOCATION":0.8039849661489441,
    "ACCESS_COARSE_LOCATION":0.8036240541616883,
    "CHANGE_NETWORK_STATE":0.7556999203504576,
    "GET_TASKS":0.7299855635205094,
    "MOUNT_UNMOUNT_FILESYSTEMS":0.6866611907606529,
    "SYSTEM_ALERT_WINDOW":0.6378210872162482,
    "WRITE_SETTINGS":0.6358248705694939,
    "RECORD_AUDIO":0.5704798884906408,
    "MODIFY_AUDIO_SETTINGS":0.48509557945041787,
    "BLUETOOTH":0.46518319394663454,
    "RECEIVE_BOOT_COMPLETED":0.4606257467144561,
    "FLASHLIGHT":0.4096749303066505,
    "ACCESS_LOCATION_EXTRA_COMMANDS":0.38151135005973696,
    "CALL_PHONE":0.3810060732775784,
    "QUERY_ALL_PACKAGES":0.3559488251692551,
    "FOREGROUND_SERVICE":0.35038829151732354,
    "READ_LOGS":0.3477324771007565,
    "REORDER_TASKS":0.3075517722023097,
    "C2D_MESSAGE":0.307519414575866,
    "BROADCAST_STICKY":0.28883910792512923,
    "BLUETOOTH_ADMIN":0.2505550577459178,
    "ACCESS_BACKGROUND_LOCATION":0.23904320987654307,
    "READ_CONTACTS":0.23006023496614883,
    "CHANGE_CONFIGURATION":0.19080296694543994,
    "KILL_BACKGROUND_PROCESSES":0.15372361608920737,
    "NFC":0.1463983472720031,
    "DISABLE_KEYGUARD":0.12085324571883703,
    "INSTALL_SHORTCUT":0.1164550975706889,
    "RESTART_PACKAGES":0.11614894464356824,
    "GET_ACCOUNTS":0.10575965750696927,
    "REQUEST_IGNORE_BATTERY_OPTIMIZATIONS":0.09674432497013134,
    "USE_FINGERPRINT":0.09581590999601747,
    "UNINSTALL_SHORTCUT":0.09581093189964153,
    "INSTALL_PACKAGES":0.09345629231381913,
    "WRITE_CONTACTS":0.07980635205097565,
    "SET_WALLPAPER":0.07697879330943842,
    "USE_CREDENTIALS":0.07378534448426916,
    "EXPAND_STATUS_BAR":0.07062425328554356,
    "READ_CALENDAR":0.06533004778972516,
    "WRITE_CALENDAR":0.06533004778972516,
    "SEND_SMS":0.05944344882516923,
    "RECEIVE_SMS":0.05916218637992828,
    "MANAGE_ACCOUNTS":0.05691955396256467,
    "WRITE_MEDIA_STORAGE":0.056100657108721586,
    "AUTHENTICATE_ACCOUNTS":0.04363550378335322,
    "GET_TOP_ACTIVITY_INFO":0.038814217443249685,
    "INTERACT_ACROSS_USERS_FULL":0.036170848267622444,
    "ACCESS_NOTIFICATION_POLICY":0.03438371166865788,
    "INTERACT_ACROSS_USERS":0.03390332536837911,
    "READ_SYNC_SETTINGS":0.030966248506571068,
    "USE_FULL_SCREEN_INTENT":0.028750995619275174,
    "WRITE_SYNC_SETTINGS":0.02461917562724013,
    "MANAGE_EXTERNAL_STORAGE":0.024061628833134195,
    "USE_BIOMETRIC":0.022991338112305842,
    "SCHEDULE_EXACT_ALARM":0.022991338112305842,
    "CALL_PRIVILEGED":0.022991338112305842,
    "SET_ALARM":0.02240392273994423,
    "DEVICE_POWER":0.02237405416168856,
    "READ_PRIVILEGED_PHONE_STATE":0.021517821585025874,
    "CHANGE_WIFI_MULTICAST_STATE":0.02064416567104738,
    "REQUEST_DELETE_PACKAGES":0.02064416567104738,
    "WRITE_APN_SETTINGS":0.020629231381919542,
    "PROCESS_OUTGOING_CALLS":0.015526682596575062,
    "BODY_SENSORS":0.015526682596575062,
    "CAPTURE_VIDEO_OUTPUT":0.015526682596575062,
    "MEDIA_CONTENT_CONTROL":0.015526682596575062,
    "CLEAR_APP_CACHE":0.012051971326164868,
    "DELETE_CACHE_FILES":0.012051971326164868,
    "UPDATE_DEVICE_STATS":0.010907009159697325,
    "FORCE_STOP_PACKAGES":0.010615790521704494,
    "READ_SMS":0.01032208283552369,
    "ANSWER_PHONE_CALLS":0.01032208283552369,
    "READ_PROFILE":0.01032208283552369,
    "ACCESS_MOCK_LOCATION":0.01032208283552369,
    "READ_SYNC_STATS":0.01032208283552369,
    "GET_PACKAGE_SIZE":0.01032208283552369,
    "BIND_JOB_SERVICE":0.01032208283552369,
    "SET_DEBUG_APP":0.01032208283552369,
    "STATUS_BAR":0.01032208283552369,
    "STATUS_BAR_SERVICE":0.01032208283552369,
    "STOP_APP_SWITCHES":0.01032208283552369,
    "ACCESS_SURFACE_FLINGER":0.01032208283552369,
    "PACKAGE_USAGE_STATS":0.01032208283552369,
    "BIND_NOTIFICATION_LISTENER_SERVICE":0.01032208283552369,
    "READ_MEDIA_AUDIO":0.01032208283552369,
    "READ_MEDIA_VIDEO":0.01032208283552369,
    "BATTERY_STATS":0.009199522102747904
}