{
    "INTERNET":0.9944194019653837,
    "ACCESS_NETWORK_STATE":0.9916001163033377,
    "WRITE_EXTERNAL_STORAGE":0.9665886554299569,
    "ACCESS_WIFI_STATE":0.9566083306725082,
    "READ_EXTERNAL_STORAGE":0.9443148716649751,
    "CAMERA":0.8242053645806391,
    "REQUEST_INSTALL_PACKAGES":0.8226704102546724,
    "READ_PHONE_STATE":0.8165863364983776,
    "VIBRATE":0.8029835730454529,
    "WAKE_LOCK":0.7499469321427105,
    "CHANGE_WIFI_STATE":0.7090017356310973,
    "RECORD_AUDIO":0.6964737077753771,
    "GET_TASKS":0.6521361819326689,
    "CHANGE_NETWORK_STATE":0.6511252169538871,
    "WRITE_SETTINGS":0.5812901465029616,
    "FOREGROUND_SERVICE":0.5669769872797679,
    "MOUNT_UNMOUNT_FILESYSTEMS":0.5637496588494884,
    "MODIFY_AUDIO_SETTINGS":0.5502717609431267,
    "SYSTEM_ALERT_WINDOW":0.5343991202330345,
    "ACCESS_COARSE_LOCATION":0.5183494380158503,
    "ACCESS_FINE_LOCATION":0.48406849410367003,
    "BLUETOOTH":0.44249584822057625,
    "RECEIVE_BOOT_COMPLETED":0.426602693884977,
    "READ_LOGS":0.3852967251334721,
    "FLASHLIGHT":0.3847598032832501,
    "ACCESS_LOCATION_EXTRA_COMMANDS":0.2801215833664821,
    "BLUETOOTH_ADMIN":0.2301370131804502,
    "CALL_PHONE":0.2136155175766093,
    "C2D_MESSAGE":0.2070301978405395,
    "QUERY_ALL_PACKAGES":0.20554518973319794,
    "RESTART_PACKAGES":0.1967006955010943,
    "REORDER_TASKS":0.18749632092586016,
    "BROADCAST_STICKY":0.17613667782726813,
    "CHANGE_CONFIGURATION":0.16539734892606703,
    "ACCESS_BACKGROUND_LOCATION":0.153959664860873,
    "WRITE_CALENDAR":0.14683786922296166,
    "READ_CALENDAR":0.14365245994045694,
    "DISABLE_KEYGUARD":0.13882774441092896,
    "GET_ACCOUNTS":0.1255340231857482,
    "CHANGE_WIFI_MULTICAST_STATE":0.1219419089801517,
    "KILL_BACKGROUND_PROCESSES":0.11223316678647816,
    "MANAGE_ACCOUNTS":0.11054881975301592,
    "INSTALL_SHORTCUT":0.10754669525493084,
    "READ_CONTACTS":0.09817821167564215,
    "USE_CREDENTIALS":0.08052579097864264,
    "INTERACT_ACROSS_USERS_FULL":0.05737794838771823,
    "INSTALL_PACKAGES":0.053216358100117184,
    "ACCESS_NOTIFICATION_POLICY":0.04889645613740918,
    "EXPAND_STATUS_BAR":0.04803087033069749,
    "RECEIVE_SMS":0.04705602717074293,
    "READ_MEDIA_AUDIO":0.04704354061608661,
    "READ_MEDIA_VIDEO":0.04704354061608661,
    "READ_PRIVILEGED_PHONE_STATE":0.04580647980834923,
    "NFC":0.041024129374976584,
    "UNINSTALL_SHORTCUT":0.04064774894176449,
    "READ_SMS":0.03955383756419427,
    "REQUEST_IGNORE_BATTERY_OPTIMIZATIONS":0.037213946411275,
    "SET_DEBUG_APP":0.03579493866425974,
    "BATTERY_STATS":0.034097659127760645,
    "USE_FINGERPRINT":0.031792551948526857,
    "PROCESS_OUTGOING_CALLS":0.026572726153802243,
    "USE_FULL_SCREEN_INTENT":0.026481306735782716,
    "AUTHENTICATE_ACCOUNTS":0.02646971207788756,
    "CAPTURE_AUDIO_OUTPUT":0.025013244666903314,
    "READ_PHONE_NUMBERS":0.024587363963446508,
    "BLUETOOTH_CONNECT":0.02248114976195276,
    "WRITE_HISTORY_BOOKMARKS":0.02192371428622394,
    "PACKAGE_USAGE_STATS":0.021095142195100634,
    "ACCESS_MOCK_LOCATION":0.019701999454159184,
    "READ_HISTORY_BOOKMARKS":0.019091050172760405,
    "BLUETOOTH_PRIVILEGED":0.019046901283082684,
    "SCHEDULE_EXACT_ALARM":0.018941657465265084,
    "MANAGE_EXTERNAL_STORAGE":0.01781831349457638,
    "INTERACT_ACROSS_USERS":0.017472257551243927,
    "MANAGE_DOCUMENTS":0.017300121476338873,
    "CHANGE_COMPONENT_ENABLED_STATE":0.016801105238466434,
    "SET_ALARM":0.016576793203033163,
    "READ_PROFILE":0.016500536029953463,
    "WRITE_CONTACTS":0.01569782894490397,
    "READ_FRAME_BUFFER":0.015211745210068444,
    "WRITE_MEDIA_STORAGE":0.015156447610876148,
    "REAL_GET_TASKS":0.014342145867931496,
    "BIND_NOTIFICATION_LISTENER_SERVICE":0.013783818495441516,
    "SET_WALLPAPER":0.013508222396241191,
    "CAPTURE_VIDEO_OUTPUT":0.01188095675549364,
    "ACTIVITY_RECOGNITION":0.011816294240309097,
    "MODIFY_PHONE_STATE":0.011815848291928515,
    "GET_PACKAGE_SIZE":0.01171328016439441,
    "WRITE_APN_SETTINGS":0.01124102082935696,
    "READ_CALL_LOG":0.01082718073217589,
    "SEND_SMS":0.010126149877899334,
    "WRITE_SYNC_SETTINGS":0.009377848495280975,
    "DEVICE_POWER":0.009018414100531036,
    "UPDATE_DEVICE_STATS":0.0077849208798383175,
    "GET_TOP_ACTIVITY_INFO":0.007117336154105491,
    "READ_SYNC_SETTINGS":0.00702814647798888,
    "USE_BIOMETRIC":0.006753888223930304,
    "ACCESS_MEDIA_LOCATION":0.006747198998221559,
    "SET_WALLPAPER_HINTS":0.006558116884854345,
    "REQUEST_DELETE_PACKAGES":0.006158101187471348,
    "CAPTURE_SECURE_VIDEO_OUTPUT":0.005720625826119375,
    "ANSWER_PHONE_CALLS":0.0044929299343742365,
    "INTERNAL_SYSTEM_WINDOW":0.004342645330117748,
    "PERSISTENT_ACTIVITY":0.004051441037597016,
    "STATUS_BAR":0.003733479842241301,
    "STATUS_BAR_SERVICE":0.003733479842241301,
    "WRITE_SECURE_SETTINGS":0.0036474118047887722,
    "READ_SYNC_STATS":0.003294666635747579,
    "WRITE_SMS":0.0027550690952420883,
    "WRITE_CALL_LOG":0.0026261900132535858,
    "ADD_VOICEMAIL":0.0026261900132535858,
    "WRITE_VOICEMAIL":0.0026261900132535858,
    "READ_VOICEMAIL":0.0026261900132535858,
    "CONTROL_INCALL_EXPERIENCE":0.0026261900132535858,
    "ALLOW_ANY_CODEC_FOR_PLAYBACK":0.0026261900132535858,
    "GET_ACCOUNTS_PRIVILEGED":0.0026261900132535858,
    "DELETE_PACKAGES":0.0025963114717545217,
    "MEDIA_CONTENT_CONTROL":0.0019122266559401216,
    "RECEIVE_WAP_PUSH":0.0018667399211206505,
    "TETHER_PRIVILEGED":0.0018667399211206505,
    "MOUNT_FORMAT_FILESYSTEMS":0.0018667399211206505,
    "INJECT_EVENTS":0.0018667399211206505,
    "STOP_APP_SWITCHES":0.0018667399211206505,
    "LOCAL_MAC_ADDRESS":0.0018667399211206505,
    "SIGNAL_PERSISTENT_PROCESSES":0.0016562522854854506,
    "DUMP":0.001361480405920054,
    "CLEAR_APP_CACHE":0.0006916659382843117,
    "BODY_SENSORS":0.0006078276427346982
}