{
    "INTERNET":0.9837115884399218,
    "ACCESS_NETWORK_STATE":0.9837115884399218,
    "WRITE_EXTERNAL_STORAGE":0.9784860534708594,
    "ACCESS_WIFI_STATE":0.9748852500766927,
    "READ_EXTERNAL_STORAGE":0.9645360514450096,
    "VIBRATE":0.9337738109708449,
    "READ_PHONE_STATE":0.9214676413898486,
    "CAMERA":0.9150792686103247,
    "REQUEST_INSTALL_PACKAGES":0.8754941626583777,
    "WAKE_LOCK":0.8716791979949875,
    "GET_TASKS":0.8548218120358632,
    "CHANGE_WIFI_STATE":0.8096569367992728,
    "CHANGE_NETWORK_STATE":0.79611441999919,
    "SYSTEM_ALERT_WINDOW":0.7373682474083596,
    "RECORD_AUDIO":0.7360034034277385,
    "WRITE_SETTINGS":0.7219636851945107,
    "MOUNT_UNMOUNT_FILESYSTEMS":0.6953081317612742,
    "ACCESS_COARSE_LOCATION":0.6467531415142944,
    "ACCESS_FINE_LOCATION":0.6366256287369699,
    "FOREGROUND_SERVICE":0.5941348752944722,
    "RECEIVE_BOOT_COMPLETED":0.5867625183050009,
    "MODIFY_AUDIO_SETTINGS":0.5568360855950505,
    "FLASHLIGHT":0.49769516169175876,
    "READ_LOGS":0.47811908524197394,
    "BLUETOOTH":0.45967227537666383,
    "USE_FINGERPRINT":0.4073063721659814,
    "RESTART_PACKAGES":0.4060572910335894,
    "ACCESS_LOCATION_EXTRA_COMMANDS":0.363497658696395,
    "CALL_PHONE":0.35702825192311055,
    "C2D_MESSAGE":0.2942407983006017,
    "REORDER_TASKS":0.2940358980592362,
    "INSTALL_SHORTCUT":0.23049482829475568,
    "BROADCAST_STICKY":0.22744563487240074,
    "READ_CALENDAR":0.22270861912286524,
    "WRITE_CALENDAR":0.22178946210792605,
    "KILL_BACKGROUND_PROCESSES":0.21933355328274526,
    "DISABLE_KEYGUARD":0.21691989789716823,
    "BLUETOOTH_ADMIN":0.21183096308901614,
    "GET_ACCOUNTS":0.20859828555221804,
    "ACCESS_BACKGROUND_LOCATION":0.17714146798867864,
    "READ_CONTACTS":0.16068172741322148,
    "UNINSTALL_SHORTCUT":0.15700625698194698,
    "CHANGE_CONFIGURATION":0.14840276210155895,
    "READ_PRIVILEGED_PHONE_STATE":0.1271180260119122,
    "QUERY_ALL_PACKAGES":0.1230153906706722,
    "MANAGE_ACCOUNTS":0.11788767530836344,
    "USE_CREDENTIALS":0.11217477874825649,
    "USE_BIOMETRIC":0.1092917050131103,
    "SET_DEBUG_APP":0.08197456690224418,
    "NFC":0.0807243281413697,
    "INTERACT_ACROSS_USERS_FULL":0.07301278600658703,
    "CHANGE_WIFI_MULTICAST_STATE":0.06521442173563247,
    "WRITE_CONTACTS":0.06102149137277382,
    "REQUEST_IGNORE_BATTERY_OPTIMIZATIONS":0.0559250319794869,
    "SEND_SMS":0.05545156193022979,
    "RECEIVE_SMS":0.05448725740448126,
    "EXPAND_STATUS_BAR":0.0517581482574798,
    "READ_SMS":0.049702778887171804,
    "READ_PHONE_NUMBERS":0.04442688707912976,
    "BATTERY_STATS":0.043128606736240194,
    "MANAGE_EXTERNAL_STORAGE":0.038254412011553184,
    "CLEAR_APP_CACHE":0.038147910191182396,
    "DEVICE_POWER":0.02875838557131864,
    "PROCESS_OUTGOING_CALLS":0.028577795528081214,
    "DELETE_CACHE_FILES":0.027436373844542106,
    "READ_PROFILE":0.027332766095377048,
    "READ_SOCIAL_STREAM":0.0269576944671147,
    "BLUETOOTH_CONNECT":0.026761476439366355,
    "READ_MEDIA_AUDIO":0.026621403393009113,
    "READ_CALL_LOG":0.024802769047329674,
    "READ_MEDIA_VIDEO":0.023272963007981876,
    "AUTHENTICATE_ACCOUNTS":0.021550990640573746,
    "ACTIVITY_RECOGNITION":0.021536520284545106,
    "SCHEDULE_EXACT_ALARM":0.021294575931746253,
    "INTERACT_ACROSS_USERS":0.021245955535490024,
    "WRITE_SYNC_SETTINGS":0.02027759931005345,
    "REAL_GET_TASKS":0.01794439910399558,
    "WRITE_SMS":0.017282235612125024,
    "ACCESS_SURFACE_FLINGER":0.017178627862959966,
    "MANAGE_FINGERPRINT":0.017087754027100107,
    "PACKAGE_USAGE_STATS":0.01679545283532158,
    "WRITE_SECURE_SETTINGS":0.016772879079916904,
    "ADD_VOICEMAIL":0.01672657394062526,
    "WRITE_APN_SETTINGS":0.016006529024640143,
    "BODY_SENSORS":0.015310215492541997,
    "INSTALL_PACKAGES":0.015189243316142569,
    "WRITE_MEDIA_STORAGE":0.013664646604965086,
    "READ_SYNC_SETTINGS":0.013317358060277732,
    "READ_HISTORY_BOOKMARKS":0.013183073156331954,
    "GET_PACKAGE_SIZE":0.013037790781804413,
    "SET_WALLPAPER":0.011102814773654705,
    "ACCESS_MOCK_LOCATION":0.010887495875948547,
    "OVERRIDE_WIFI_CONFIG":0.010388558000081049,
    "GET_TOP_ACTIVITY_INFO":0.010293053650292025,
    "SET_ALARM":0.009601370632123046,
    "UPDATE_DEVICE_STATS":0.009381421220487721,
    "MANAGE_DOCUMENTS":0.009342640666330967,
    "ACCESS_MEDIA_LOCATION":0.00907175560147483,
    "LOCATION_HARDWARE":0.008985512279544137,
    "ACCESS_NOTIFICATION_POLICY":0.008389912425405327,
    "CAPTURE_VIDEO_OUTPUT":0.007639190354639496,
    "BLUETOOTH_PRIVILEGED":0.005890013717897523,
    "USE_FULL_SCREEN_INTENT":0.0056775888913970915,
    "SUBSTITUTE_NOTIFICATION_APP_NAME":0.005508575132982579,
    "INSTANT_APP_FOREGROUND_SERVICE":0.005508575132982579,
    "WRITE_CALL_LOG":0.005255054495360811,
    "READ_CELL_BROADCASTS":0.0050987746502515014,
    "WRITE_PROFILE":0.0050987746502515014,
    "WRITE_SOCIAL_STREAM":0.0050987746502515014,
    "READ_USER_DICTIONARY":0.0050987746502515014,
    "WRITE_USER_DICTIONARY":0.0050987746502515014,
    "WRITE_HISTORY_BOOKMARKS":0.0050987746502515014,
    "SUBSCRIBED_FEEDS_READ":0.0050987746502515014,
    "SUBSCRIBED_FEEDS_WRITE":0.0050987746502515014,
    "TRANSMIT_IR":0.0050987746502515014,
    "SET_WALLPAPER_HINTS":0.0050987746502515014,
    "SET_TIME_ZONE":0.0050987746502515014,
    "READ_SYNC_STATS":0.0050987746502515014,
    "PERSISTENT_ACTIVITY":0.0050987746502515014,
    "READ_INSTALL_SESSIONS":0.0050987746502515014,
    "BIND_ACCESSIBILITY_SERVICE":0.005070412752435367,
    "MOUNT_FORMAT_FILESYSTEMS":0.005006164371668207,
    "SIGNAL_PERSISTENT_PROCESSES":0.005006164371668207,
    "STATUS_BAR":0.0048330989135656754,
    "STATUS_BAR_SERVICE":0.0048330989135656754,
    "TETHER_PRIVILEGED":0.0048134192293667255,
    "READ_PRECISE_PHONE_STATE":0.0043185330531872465,
    "STOP_APP_SWITCHES":0.0043185330531872465,
    "SET_PROCESS_LIMIT":0.00394404023916605,
    "SET_PREFERRED_APPLICATIONS":0.003455521019639172,
    "BIND_VOICE_INTERACTION":0.003455521019639172,
    "HARDWARE_TEST":0.0024165494567828377,
    "SET_ACTIVITY_WATCHER":0.0024165494567828377,
    "REQUEST_DELETE_PACKAGES":0.0024165494567828377,
    "DELETE_PACKAGES":0.0024165494567828377,
    "CAPTURE_AUDIO_OUTPUT":0.0024165494567828377,
    "BROADCAST_PACKAGE_REMOVED":0.0024165494567828377,
    "INJECT_EVENTS":0.0012236133057817772,
    "MODIFY_PHONE_STATE":0.0009191570149391968
}