{
    "INTERNET":0.9661661259556059,
    "ACCESS_NETWORK_STATE":0.9661661259556059,
    "ACCESS_WIFI_STATE":0.96507108676682,
    "WRITE_EXTERNAL_STORAGE":0.9406420674339884,
    "READ_EXTERNAL_STORAGE":0.9157534720685574,
    "READ_PHONE_STATE":0.902475696371165,
    "ACCESS_COARSE_LOCATION":0.8922787822256416,
    "VIBRATE":0.8751451068769593,
    "ACCESS_FINE_LOCATION":0.8555387989973299,
    "CHANGE_WIFI_STATE":0.8374462551361878,
    "WAKE_LOCK":0.8289979994258136,
    "CAMERA":0.816670014195793,
    "CHANGE_NETWORK_STATE":0.7909348911258701,
    "REQUEST_INSTALL_PACKAGES":0.767614528049457,
    "GET_TASKS":0.7379974059486158,
    "MOUNT_UNMOUNT_FILESYSTEMS":0.6587801149961359,
    "WRITE_SETTINGS":0.6245263813664044,
    "SYSTEM_ALERT_WINDOW":0.6204469348548134,
    "BLUETOOTH":0.5568166473190826,
    "ACCESS_LOCATION_EXTRA_COMMANDS":0.5480620075869759,
    "RECORD_AUDIO":0.5140669982422632,
    "FLASHLIGHT":0.4630075336426676,
    "MODIFY_AUDIO_SETTINGS":0.44258079743817547,
    "RECEIVE_BOOT_COMPLETED":0.4410511468407832,
    "FOREGROUND_SERVICE":0.4116745929347843,
    "BLUETOOTH_ADMIN":0.39527964350516925,
    "REORDER_TASKS":0.3858747887936071,
    "CALL_PHONE":0.36978168436318065,
    "READ_LOGS":0.35136119612322064,
    "NFC":0.33737646766457063,
    "QUERY_ALL_PACKAGES":0.33321418399154823,
    "ACCESS_BACKGROUND_LOCATION":0.2689541070778112,
    "READ_CONTACTS":0.2267956656873724,
    "DISABLE_KEYGUARD":0.1798530945353572,
    "BROADCAST_STICKY":0.1787455730345748,
    "CHANGE_CONFIGURATION":0.17180881183141608,
    "KILL_BACKGROUND_PROCESSES":0.15835741852170837,
    "C2D_MESSAGE":0.15575201958134322,
    "INSTALL_SHORTCUT":0.15336335896746311,
    "READ_SMS":0.14730603338224127,
    "MANAGE_ACCOUNTS":0.14266715234207888,
    "GET_ACCOUNTS":0.13118909908345783,
    "USE_CREDENTIALS":0.12296665974465727,
    "RESTART_PACKAGES":0.1205008357475259,
    "USE_FINGERPRINT":0.11113683223886146,
    "RECEIVE_SMS":0.09613990175285698,
    "UNINSTALL_SHORTCUT":0.08397532133442721,
    "WRITE_CONTACTS":0.08148566746893889,
    "SEND_SMS":0.07869984238244213,
    "READ_PRIVILEGED_PHONE_STATE":0.07735856122063393,
    "SET_DEBUG_APP":0.06879115616847488,
    "REQUEST_IGNORE_BATTERY_OPTIMIZATIONS":0.06760533652880518,
    "AUTHENTICATE_ACCOUNTS":0.06109864771170852,
    "EXPAND_STATUS_BAR":0.05995708354184467,
    "READ_CALL_LOG":0.05100386157342946,
    "INTERACT_ACROSS_USERS_FULL":0.0506089666120849,
    "USE_FULL_SCREEN_INTENT":0.049419742705507065,
    "INSTALL_PACKAGES":0.04874002407951458,
    "SET_WALLPAPER":0.04502142986018674,
    "CHANGE_WIFI_MULTICAST_STATE":0.04247276870162394,
    "PROCESS_OUTGOING_CALLS":0.04077857853700493,
    "USE_BIOMETRIC":0.036915870351899055,
    "READ_PHONE_NUMBERS":0.03604664753468662,
    "READ_MEDIA_AUDIO":0.032274719800464556,
    "READ_MEDIA_VIDEO":0.032274719800464556,
    "WRITE_SMS":0.031215992792032184,
    "WRITE_USER_DICTIONARY":0.030805211251782975,
    "BATTERY_STATS":0.030615707060563036,
    "BLUETOOTH_PRIVILEGED":0.03050904003077456,
    "PACKAGE_USAGE_STATS":0.030260528546480148,
    "READ_CALENDAR":0.02956946236412719,
    "WRITE_CALENDAR":0.02956946236412719,
    "ACCESS_NOTIFICATION_POLICY":0.027503072350884585,
    "READ_USER_DICTIONARY":0.0260834930501891,
    "WRITE_SYNC_SETTINGS":0.025041787376297444,
    "MANAGE_EXTERNAL_STORAGE":0.02463214059168427,
    "MOUNT_FORMAT_FILESYSTEMS":0.02257028960098587,
    "ACCESS_MOCK_LOCATION":0.022282061669429785,
    "READ_PROFILE":0.02095439757525415,
    "REQUEST_DELETE_PACKAGES":0.01931581043680148,
    "BLUETOOTH_CONNECT":0.018841482580933603,
    "READ_HISTORY_BOOKMARKS":0.016543602417937304,
    "CAPTURE_VIDEO_OUTPUT":0.015777642363605203,
    "WRITE_CALL_LOG":0.015622180841466689,
    "STOP_APP_SWITCHES":0.014706433043176313,
    "WRITE_MEDIA_STORAGE":0.011069541229643898,
    "ADD_VOICEMAIL":0.010900462639872812,
    "USE_SIP":0.010900462639872812,
    "SCHEDULE_EXACT_ALARM":0.010806277922080866,
    "ACTIVITY_RECOGNITION":0.010794930365720391,
    "MANAGE_FINGERPRINT":0.010720036493741252,
    "READ_CLIPBOARD_IN_BACKGROUND":0.01048854634398755,
    "SEND_RESPOND_VIA_MESSAGE":0.01029336837458737,
    "BIND_ACCESSIBILITY_SERVICE":0.01029336837458737,
    "CAPTURE_AUDIO_OUTPUT":0.01029336837458737,
    "GET_PACKAGE_SIZE":0.010119750762272095,
    "ANSWER_PHONE_CALLS":0.009984714841582436,
    "SET_WALLPAPER_HINTS":0.009984714841582436,
    "SET_TIME_ZONE":0.009984714841582436,
    "UPDATE_APP_OPS_STATS":0.009984714841582436,
    "DELETE_PACKAGES":0.009984714841582436,
    "BIND_APPWIDGET":0.009984714841582436,
    "BIND_NOTIFICATION_LISTENER_SERVICE":0.009984714841582436,
    "BLUETOOTH_SCAN":0.009420741290466801,
    "BLUETOOTH_ADVERTISE":0.009420741290466801,
    "READ_SYNC_SETTINGS":0.00937875533193304,
    "SERIAL_PORT":0.00844258193219381,
    "HARDWARE_TEST":0.008291659432599484,
    "MANAGE_USERS":0.006174205415734746,
    "WRITE_SECURE_SETTINGS":0.006174205415734746,
    "UPDATE_DEVICE_STATS":0.006174205415734746,
    "DEVICE_POWER":0.006174205415734746,
    "ACCESS_MEDIA_LOCATION":0.004721718201593876,
    "CLEAR_APP_CACHE":0.004721718201593876,
    "OVERRIDE_WIFI_CONFIG":0.0044822847623878425,
    "BODY_SENSORS":0.0021764613099392103,
    "GET_TOP_ACTIVITY_INFO":0.0011211385684149842
}