{
    "INTERNET":0.9812356095276844,
    "ACCESS_NETWORK_STATE":0.9789959682446213,
    "ACCESS_WIFI_STATE":0.9739856022582916,
    "WRITE_EXTERNAL_STORAGE":0.9713950247944786,
    "READ_EXTERNAL_STORAGE":0.9616603893653664,
    "VIBRATE":0.908157996147733,
    "CAMERA":0.9054825255506699,
    "WAKE_LOCK":0.8771723367369837,
    "REQUEST_INSTALL_PACKAGES":0.8749911848173814,
    "CHANGE_WIFI_STATE":0.8722214627889137,
    "READ_PHONE_STATE":0.8689092936924937,
    "ACCESS_COARSE_LOCATION":0.8330486293936958,
    "ACCESS_FINE_LOCATION":0.8310359268408513,
    "CHANGE_NETWORK_STATE":0.7850061346986802,
    "GET_TASKS":0.7742898806382643,
    "RECORD_AUDIO":0.6920789024855444,
    "WRITE_SETTINGS":0.6757099021155568,
    "MOUNT_UNMOUNT_FILESYSTEMS":0.6722122381807324,
    "SYSTEM_ALERT_WINDOW":0.672007692521094,
    "BLUETOOTH":0.5684046474645593,
    "FOREGROUND_SERVICE":0.5606773669893438,
    "MODIFY_AUDIO_SETTINGS":0.5443581661345313,
    "RECEIVE_BOOT_COMPLETED":0.5438210666655137,
    "FLASHLIGHT":0.5363357650425484,
    "ACCESS_LOCATION_EXTRA_COMMANDS":0.5188424319944203,
    "READ_LOGS":0.44239883930365004,
    "CALL_PHONE":0.4093734051203943,
    "C2D_MESSAGE":0.3602119253461817,
    "REORDER_TASKS":0.3210621534714115,
    "BLUETOOTH_ADMIN":0.32007986639024105,
    "QUERY_ALL_PACKAGES":0.2872706757393144,
    "READ_CONTACTS":0.2615403691915467,
    "BROADCAST_STICKY":0.24208446733068206,
    "ACCESS_BACKGROUND_LOCATION":0.22857208747201324,
    "RESTART_PACKAGES":0.20543503218753215,
    "CHANGE_CONFIGURATION":0.19967399699932825,
    "GET_ACCOUNTS":0.19870039976644344,
    "DISABLE_KEYGUARD":0.1743083298546082,
    "INSTALL_SHORTCUT":0.16498378841957329,
    "KILL_BACKGROUND_PROCESSES":0.16454227728169443,
    "NFC":0.13933369585597785,
    "MANAGE_ACCOUNTS":0.1384409810571325,
    "USE_CREDENTIALS":0.12081228691071454,
    "READ_CALENDAR":0.11215987181805231,
    "WRITE_CALENDAR":0.10574776645832107,
    "UNINSTALL_SHORTCUT":0.10495197689035025,
    "WRITE_CONTACTS":0.09845430994750241,
    "CHANGE_WIFI_MULTICAST_STATE":0.09844562009921715,
    "USE_FINGERPRINT":0.09699140741116972,
    "EXPAND_STATUS_BAR":0.08641552782305519,
    "REQUEST_IGNORE_BATTERY_OPTIMIZATIONS":0.085426556243204,
    "READ_SMS":0.07937574803717982,
    "INTERACT_ACROSS_USERS_FULL":0.07419392465968323,
    "READ_PRIVILEGED_PHONE_STATE":0.072953281704493,
    "INSTALL_PACKAGES":0.06429485056301794,
    "AUTHENTICATE_ACCOUNTS":0.061729674194191425,
    "BATTERY_STATS":0.060962962195482966,
    "SEND_SMS":0.05784096708653062,
    "RECEIVE_SMS":0.05728114032199843,
    "SET_DEBUG_APP":0.04519991163092702,
    "READ_PHONE_NUMBERS":0.04350405431556206,
    "USE_FULL_SCREEN_INTENT":0.04209763579308357,
    "SCHEDULE_EXACT_ALARM":0.03888640262674029,
    "READ_CALL_LOG":0.03788940964847188,
    "WRITE_APN_SETTINGS":0.03633192145580327,
    "ACCESS_NOTIFICATION_POLICY":0.034882053691898424,
    "WRITE_SYNC_SETTINGS":0.0345120666899061,
    "MANAGE_EXTERNAL_STORAGE":0.03359060854673287,
    "GET_PACKAGE_SIZE":0.033371356989996666,
    "READ_PROFILE":0.03306955187455035,
    "WRITE_SMS":0.032291142003150114,
    "PACKAGE_USAGE_STATS":0.03170457724389396,
    "SET_WALLPAPER":0.031300833523562686,
    "READ_MEDIA_VIDEO":0.031215940390314265,
    "READ_MEDIA_AUDIO":0.03116380130060261,
    "PROCESS_OUTGOING_CALLS":0.03033926838830357,
    "SET_ALARM":0.028996352603294463,
    "CAPTURE_VIDEO_OUTPUT":0.028858317705532207,
    "READ_SYNC_SETTINGS":0.028530777270164107,
    "ACTIVITY_RECOGNITION":0.027671819189658015,
    "INTERACT_ACROSS_USERS":0.027671484964724005,
    "USE_BIOMETRIC":0.026991337223934108,
    "READ_HISTORY_BOOKMARKS":0.026832580380260842,
    "ACCESS_MEDIA_LOCATION":0.02484327357280083,
    "DEVICE_POWER":0.021564526969779542,
    "GET_TOP_ACTIVITY_INFO":0.0189605805086033,
    "BLUETOOTH_CONNECT":0.018819537586434572,
    "CLEAR_APP_CACHE":0.017960245280994443,
    "WRITE_MEDIA_STORAGE":0.017473613777019014,
    "STATUS_BAR_SERVICE":0.0169298298093212,
    "STATUS_BAR":0.01687769071960955,
    "CAPTURE_AUDIO_OUTPUT":0.016432837332390236,
    "BLUETOOTH_PRIVILEGED":0.01596091172551295,
    "ACCESS_MOCK_LOCATION":0.01483825017204217,
    "READ_SYNC_STATS":0.013096604040712511,
    "MANAGE_DOCUMENTS":0.012270400003743223,
    "READ_USER_DICTIONARY":0.011657765699631294,
    "BODY_SENSORS":0.011141053951591446,
    "RECEIVE_MMS":0.010599275333497915,
    "WRITE_CALL_LOG":0.010566187065027056,
    "CLEAR_APP_USER_DATA":0.010136373799839962,
    "WRITE_SECURE_SETTINGS":0.00928543711775105,
    "REQUEST_DELETE_PACKAGES":0.009150076019461183,
    "LOCAL_MAC_ADDRESS":0.008014045468628418,
    "CAPTURE_SECURE_VIDEO_OUTPUT":0.007754352694872296,
    "PERSISTENT_ACTIVITY":0.007370662470583973,
    "DELETE_PACKAGES":0.007046798509490432,
    "HARDWARE_TEST":0.006987974921097796,
    "MEDIA_CONTENT_CONTROL":0.006851276923071729,
    "MANAGE_FINGERPRINT":0.006803482757502713,
    "LOCATION_HARDWARE":0.006604284696809472,
    "SET_WALLPAPER_HINTS":0.0063512764217343335,
    "MODIFY_PHONE_STATE":0.006166450033205202,
    "WRITE_HISTORY_BOOKMARKS":0.006072198601803366,
    "MANAGE_USERS":0.006059832279243549,
    "WRITE_USER_DICTIONARY":0.005925139630821779,
    "SUBSCRIBED_FEEDS_READ":0.005879016589923007,
    "SUBSCRIBED_FEEDS_WRITE":0.005879016589923007,
    "SET_ANIMATION_SCALE":0.00566745220666995,
    "MOUNT_FORMAT_FILESYSTEMS":0.005547799680280387,
    "WRITE_PROFILE":0.005476275544393887,
    "BLUETOOTH_SCAN":0.00471992451864086,
    "READ_SOCIAL_STREAM":0.0044712611677083566,
    "REAL_GET_TASKS":0.0044241354520074385,
    "UPDATE_APP_OPS_STATS":0.004371327912427686,
    "READ_INPUT_STATE":0.004200538971128616,
    "OVERRIDE_WIFI_CONFIG":0.0037032122692636127,
    "CALL_PRIVILEGED":0.003387369706587248,
    "ACCOUNT_MANAGER":0.003355284112918537,
    "BLUETOOTH_ADVERTISE":0.0033445889150289674,
    "TRANSMIT_IR":0.003235965811463021,
    "ACCESS_CACHE_FILESYSTEM":0.003140043255390941,
    "BIND_DREAM_SERVICE":0.0031240004585565855,
    "INTENT_FILTER_VERIFICATION_AGENT":0.003116313285073457,
    "ACCESS_SURFACE_FLINGER":0.0030250698780780634,
    "SET_TIME_ZONE":0.003002676807496776,
    "INSTALL_LOCATION_PROVIDER":0.0030013399077605794,
    "CONTROL_LOCATION_UPDATES":0.002999000333222236,
    "DIAGNOSTIC":0.002980617961849538,
    "REBOOT":0.002980617961849538,
    "BIND_WALLPAPER":0.0029729307883664094,
    "READ_VOICEMAIL":0.0027573557059047643,
    "SET_PROCESS_LIMIT":0.002712903789676239,
    "SET_ALWAYS_FINISH":0.002712903789676239,
    "USE_SIP":0.0026677834235796162,
    "ANSWER_PHONE_CALLS":0.002365309858265215,
    "BIND_ACCESSIBILITY_SERVICE":0.0023392403134093877,
    "INSTANT_APP_FOREGROUND_SERVICE":0.002048130395852654,
    "ADD_VOICEMAIL":0.001959226563395604,
    "RECEIVE_WAP_PUSH":0.001773731724998374,
    "WRITE_SOCIAL_STREAM":0.0017399750066594188,
    "READ_CELL_BROADCASTS":0.00172159263528672,
    "READ_INSTALL_SESSIONS":0.00172159263528672,
    "START_ACTIVITIES_FROM_BACKGROUND":0.0014622340864646475,
    "SET_ACTIVITY_WATCHER":0.0014361645416088207,
    "FORCE_STOP_PACKAGES":0.001426806243455447,
    "BIND_NOTIFICATION_LISTENER_SERVICE":0.0012767392480674176,
    "INTERACT_ACROSS_PROFILES":0.0012687178496502407,
    "GET_ACCOUNTS_PRIVILEGED":0.0010962577836809244,
    "READ_FRAME_BUFFER":0.0010695197889569992,
    "SIGNAL_PERSISTENT_PROCESSES":0.000681150415591989,
    "READ_PRECISE_PHONE_STATE":0.0006764712665153021,
    "READ_NETWORK_USAGE_HISTORY":0.0005491315666426095,
    "GRANT_RUNTIME_PERMISSIONS":0.000428810590384947,
    "BIND_REMOTEVIEWS":0.0003549468799601042,
    "INJECT_EVENTS":0.0003449201319386324,
    "UPDATE_DEVICE_STATS":0.0002299467546257549,
    "GET_INTENT_SENDER_INTENT":0.00019318201188035805,
    "BIND_APPWIDGET":0.0001854948383972296,
    "STOP_APP_SWITCHES":0.00018549483839722957,
    "BIND_DIRECTORY_SEARCH":0.00016711246702453118,
    "SET_TIME":0.00015641726913496117,