{
    "INTERNET":0.9913795073707395,
    "ACCESS_NETWORK_STATE":0.9913795073707395,
    "WRITE_EXTERNAL_STORAGE":0.988134096552011,
    "READ_EXTERNAL_STORAGE":0.9658193000135054,
    "ACCESS_WIFI_STATE":0.9332072845136558,
    "READ_PHONE_STATE":0.8907094401562448,
    "REQUEST_INSTALL_PACKAGES":0.8485502654297258,
    "WAKE_LOCK":0.8313404460881578,
    "VIBRATE":0.8051299099304994,
    "CHANGE_WIFI_STATE":0.772943828629011,
    "CAMERA":0.7499641591955034,
    "ACCESS_COARSE_LOCATION":0.715864490593087,
    "GET_TASKS":0.7106369274561335,
    "CHANGE_NETWORK_STATE":0.6650370354979791,
    "ACCESS_FINE_LOCATION":0.6626414153481749,
    "SYSTEM_ALERT_WINDOW":0.6007833033794241,
    "MOUNT_UNMOUNT_FILESYSTEMS":0.5517697046509934,
    "RECORD_AUDIO":0.5141171215159099,
    "READ_LOGS":0.4931840139623306,
    "MODIFY_AUDIO_SETTINGS":0.46741811155320506,
    "FOREGROUND_SERVICE":0.4663917140215459,
    "WRITE_SETTINGS":0.4540707881860397,
    "RECEIVE_BOOT_COMPLETED":0.3630579997714497,
    "ACCESS_LOCATION_EXTRA_COMMANDS":0.3476038604182463,
    "FLASHLIGHT":0.3156878837303523,
    "C2D_MESSAGE":0.2825959131094234,
    "QUERY_ALL_PACKAGES":0.2805825948742453,
    "BLUETOOTH":0.2591466771938207,
    "ACCESS_BACKGROUND_LOCATION":0.20950560467073198,
    "CALL_PHONE":0.20421363197207523,
    "REORDER_TASKS":0.17865550234263802,
    "RESTART_PACKAGES":0.13601845022283626,
    "BLUETOOTH_ADMIN":0.1283121578242034,
    "NFC":0.12713200843557482,
    "DISABLE_KEYGUARD":0.10701337017837291,
    "READ_CONTACTS":0.08530319242875987,
    "KILL_BACKGROUND_PROCESSES":0.08517645103315012,
    "READ_PRIVILEGED_PHONE_STATE":0.07387361181811568,
    "OVERRIDE_WIFI_CONFIG":0.0624190984739089,
    "GET_ACCOUNTS":0.06237131073458063,
    "CHANGE_WIFI_MULTICAST_STATE":0.06037253659398079,
    "BROADCAST_STICKY":0.05908642308771124,
    "INSTALL_SHORTCUT":0.057052327574564424,
    "CHANGE_CONFIGURATION":0.05365524262666346,
    "INSTALL_PACKAGES":0.04697950321528374,
    "UNINSTALL_SHORTCUT":0.046834062269502055,
    "SEND_SMS":0.04616295619110938,
    "REQUEST_IGNORE_BATTERY_OPTIMIZATIONS":0.04500981726384025,
    "READ_PHONE_NUMBERS":0.04374863649113327,
    "WRITE_USER_DICTIONARY":0.037372089882504476,
    "MANAGE_ACCOUNTS":0.03699809887906584,
    "INTERACT_ACROSS_USERS_FULL":0.03683811383870597,
    "EXPAND_STATUS_BAR":0.03592599133587507,
    "READ_SMS":0.034529758256370814,
    "SET_WALLPAPER":0.033272732939257615,
    "PACKAGE_USAGE_STATS":0.02942062560383963,
    "USE_CREDENTIALS":0.028653944046790423,
    "SET_ALARM":0.02634558846445526,
    "RECEIVE_SMS":0.025909265627110177,
    "WRITE_SMS":0.025909265627110177,
    "AUTHENTICATE_ACCOUNTS":0.025861477887781908,
    "READ_SYNC_SETTINGS":0.025861477887781908,
    "WRITE_SYNC_SETTINGS":0.025861477887781908,
    "USE_FULL_SCREEN_INTENT":0.025861477887781908,
    "ACCESS_NOTIFICATION_POLICY":0.02539606686128049,
    "READ_CALENDAR":0.02144215086381532,
    "MANAGE_EXTERNAL_STORAGE":0.020681702490156755,
    "WRITE_CONTACTS":0.020047995512107952,
    "WRITE_HISTORY_BOOKMARKS":0.01919197165979284,
    "BATTERY_STATS":0.01790793588132018,
    "USE_FINGERPRINT":0.017240985258521274,
    "USE_BIOMETRIC":0.017240985258521274,
    "SET_WALLPAPER_HINTS":0.017240985258521274,
    "READ_SYNC_STATS":0.017240985258521274,
    "STATUS_BAR":0.017240985258521274,
    "STATUS_BAR_SERVICE":0.017240985258521274,
    "WRITE_MEDIA_STORAGE":0.017224363436146223,
    "DELETE_PACKAGES":0.017224363436146223,
    "READ_MEDIA_AUDIO":0.014980417415514388,
    "READ_MEDIA_VIDEO":0.014980417415514388,
    "WRITE_CALENDAR":0.012821658234554688,
    "CAPTURE_VIDEO_OUTPUT":0.011776561152723379,
    "WRITE_APN_SETTINGS":0.011427502882847313,
    "SET_DEBUG_APP":0.011412958788269143,
    "BLUETOOTH_CONNECT":0.010806262271579796,
    "GET_TOP_ACTIVITY_INFO":0.009304065074434594,
    "READ_HISTORY_BOOKMARKS":0.008620492629260637,
    "BLUETOOTH_PRIVILEGED":0.008620492629260637,
    "MANAGE_USB":0.008620492629260637,
    "HARDWARE_TEST":0.008620492629260637,
    "MODIFY_PHONE_STATE":0.008620492629260637,
    "INTERACT_ACROSS_USERS":0.008620492629260637,
    "BIND_JOB_SERVICE":0.008620492629260637,
    "REQUEST_DELETE_PACKAGES":0.008620492629260637,
    "MEDIA_CONTENT_CONTROL":0.008620492629260637,
    "BIND_NOTIFICATION_LISTENER_SERVICE":0.008620492629260637,
    "ACCESS_MEDIA_LOCATION":0.007681359665070275,
    "SCHEDULE_EXACT_ALARM":0.005505978661735524,
    "ACTIVITY_RECOGNITION":0.004649954809420416,
    "REAL_GET_TASKS":0.004649954809420416,
    "ADD_VOICEMAIL":0.00384379642423046,
    "READ_VOICEMAIL":0.00384379642423046,
    "WRITE_SECURE_SETTINGS":0.0028070102535866764,
    "UPDATE_DEVICE_STATS":0.0028070102535866764,
    "SET_ORIENTATION":0.0028070102535866764,
    "STOP_APP_SWITCHES":0.0022107023758817347
}