{
    "INTERNET":1.0,
    "ACCESS_NETWORK_STATE":0.9762407585631104,
    "ACCESS_WIFI_STATE":0.9703289578851589,
    "REQUEST_INSTALL_PACKAGES":0.838797369762014,
    "WRITE_EXTERNAL_STORAGE":0.8378096476124268,
    "READ_PHONE_STATE":0.7845246862564114,
    "VIBRATE":0.7070899886601814,
    "WAKE_LOCK":0.6780138299852191,
    "CHANGE_NETWORK_STATE":0.6475913314841475,
    "READ_EXTERNAL_STORAGE":0.6143861473257667,
    "GET_TASKS":0.4933655729843226,
    "ACCESS_COARSE_LOCATION":0.4634076367282629,
    "CHANGE_WIFI_STATE":0.4440943169177067,
    "CAMERA":0.40350113984167374,
    "REORDER_TASKS":0.3848230186607762,
    "RECORD_AUDIO":0.33668433815818644,
    "ACCESS_FINE_LOCATION":0.3268614952903889,
    "QUERY_ALL_PACKAGES":0.3260725364020381,
    "FOREGROUND_SERVICE":0.3106013479336824,
    "RECEIVE_BOOT_COMPLETED":0.30590322198059144,
    "WRITE_SETTINGS":0.2977558033950077,
    "MOUNT_UNMOUNT_FILESYSTEMS":0.27941942376467926,
    "SYSTEM_ALERT_WINDOW":0.24443380831814868,
    "MODIFY_AUDIO_SETTINGS":0.2398627220909895,
    "BLUETOOTH":0.2301242598529621,
    "READ_LOGS":0.17566734530569458,
    "FLASHLIGHT":0.15853526477469665,
    "KILL_BACKGROUND_PROCESSES":0.13697226361821324,
    "BLUETOOTH_ADMIN":0.13354547248699247,
    "CHANGE_WIFI_MULTICAST_STATE":0.11501783009585169,
    "ACCESS_LOCATION_EXTRA_COMMANDS":0.11484250589844039,
    "C2D_MESSAGE":0.11453498538105585,
    "GET_ACCOUNTS":0.10727309462678214,
    "DISABLE_KEYGUARD":0.10377364239770372,
    "CALL_PHONE":0.08355604350477756,
    "BROADCAST_STICKY":0.08077148272236287,
    "RESTART_PACKAGES":0.07241217499980075,
    "REQUEST_IGNORE_BATTERY_OPTIMIZATIONS":0.06909648503111068,
    "MANAGE_ACCOUNTS":0.06861364031631485,
    "READ_CONTACTS":0.06427225691464102,
    "INSTALL_SHORTCUT":0.061957414971280135,
    "USE_CREDENTIALS":0.05942740242200535,
    "ACCESS_BACKGROUND_LOCATION":0.05459473624255868,
    "CHANGE_CONFIGURATION":0.0445365651739577,
    "READ_PRIVILEGED_PHONE_STATE":0.03863132743387723,
    "EXPAND_STATUS_BAR":0.03669291685554646,
    "INTERACT_ACROSS_USERS":0.03601224644206731,
    "AUTHENTICATE_ACCOUNTS":0.032097454002009196,
    "READ_CALENDAR":0.028655661869940386,
    "WRITE_CALENDAR":0.027204783819170436,
    "ACCESS_MOCK_LOCATION":0.026057207254296496,
    "INTERACT_ACROSS_USERS_FULL":0.023496255140772675,
    "READ_CALL_LOG":0.020557934099665717,
    "WRITE_CONTACTS":0.019530834322852478,
    "NFC":0.018992204636153073,
    "USE_FULL_SCREEN_INTENT":0.01866546408643202,
    "UNINSTALL_SHORTCUT":0.0184174787911631,
    "INSTALL_PACKAGES":0.01695628755231013,
    "READ_PHONE_NUMBERS":0.01586121449040428,
    "ACCESS_NOTIFICATION_POLICY":0.013561373547891399,
    "MANAGE_EXTERNAL_STORAGE":0.01310384302202663,
    "GET_PACKAGE_SIZE":0.012987116484177929,
    "PROCESS_OUTGOING_CALLS":0.012729286782102493,
    "SET_DEBUG_APP":0.012461612673220542,
    "WRITE_MEDIA_STORAGE":0.010937135962039967,
    "RECEIVE_SMS":0.010874788052265362,
    "READ_MEDIA_AUDIO":0.010502575718723735,
    "READ_MEDIA_VIDEO":0.010502575718723735,
    "CAPTURE_AUDIO_OUTPUT":0.00964142451379178,
    "SCHEDULE_EXACT_ALARM":0.009119670953046399,
    "USE_FINGERPRINT":0.008880592502030995,
    "SET_WALLPAPER":0.00881215043566188,
    "READ_SMS":0.008142730772818749,
    "SEND_SMS":0.007778487720977634,
    "BIND_JOB_SERVICE":0.00760410108611934,
    "WRITE_APN_SETTINGS":0.007528627300602712,
    "REQUEST_DELETE_PACKAGES":0.007448465702321077,
    "SET_ORIENTATION":0.0049742381249499,
    "ACCESS_MEDIA_LOCATION":0.004414513280807954,
    "WRITE_HISTORY_BOOKMARKS":0.004130431827248474,
    "CAPTURE_VIDEO_OUTPUT":0.004110274232358941,
    "PACKAGE_USAGE_STATS":0.004062927323432361,
    "BATTERY_STATS":0.003917136346440614,
    "DEVICE_POWER":0.003844475248582992,
    "ACTIVITY_RECOGNITION":0.0036977467090382435,
    "BLUETOOTH_PRIVILEGED":0.002987074293863044,
    "HARDWARE_TEST":0.0023021848488953872,
    "WRITE_SYNC_SETTINGS":0.0023021848488953872,
    "BODY_SENSORS":0.001958568173220307,
    "REAL_GET_TASKS":0.001958568173220307,
    "SET_WALLPAPER_HINTS":0.001958568173220307,
    "UPDATE_APP_OPS_STATS":0.001958568173220307,
    "STOP_APP_SWITCHES":0.001958568173220307,
    "GET_TOP_ACTIVITY_INFO":0.001958568173220307,
    "CLEAR_APP_CACHE":0.0017391785358179368,
    "SET_ALARM":0.0016810496575318387,
    "MODIFY_PHONE_STATE":0.0011363258142379187,
    "WRITE_SMS":0.0011189809070073894,
    "READ_HISTORY_BOOKMARKS":0.0006562937871011082,
    "WRITE_SECURE_SETTINGS":0.0006380113173175773,
    "UPDATE_DEVICE_STATS":0.0006380113173175773,
    "PERSISTENT_ACTIVITY":0.00048518862117831924
}