{
    "INTERNET":0.9971705000978728,
    "ACCESS_NETWORK_STATE":0.9971705000978728,
    "ACCESS_WIFI_STATE":0.9937333534954528,
    "WRITE_EXTERNAL_STORAGE":0.9809328814792069,
    "READ_EXTERNAL_STORAGE":0.9436567714571181,
    "READ_PHONE_STATE":0.8901671631433978,
    "REQUEST_INSTALL_PACKAGES":0.8539644076743454,
    "VIBRATE":0.8439767368722798,
    "WAKE_LOCK":0.8335845867399426,
    "CHANGE_NETWORK_STATE":0.7940458045010383,
    "CAMERA":0.7933982664906502,
    "CHANGE_WIFI_STATE":0.7136082246604366,
    "ACCESS_COARSE_LOCATION":0.6900296772793011,
    "ACCESS_FINE_LOCATION":0.6731259665525277,
    "GET_TASKS":0.6653740645255855,
    "WRITE_SETTINGS":0.6437084446192648,
    "SYSTEM_ALERT_WINDOW":0.6225827489565634,
    "MOUNT_UNMOUNT_FILESYSTEMS":0.6186539187645935,
    "FOREGROUND_SERVICE":0.5925483032741482,
    "RECORD_AUDIO":0.5836321316153471,
    "MODIFY_AUDIO_SETTINGS":0.5708242379600136,
    "BLUETOOTH":0.49616904267349665,
    "RECEIVE_BOOT_COMPLETED":0.4848844404408821,
    "REORDER_TASKS":0.34927439562345886,
    "QUERY_ALL_PACKAGES":0.3475071178157366,
    "FLASHLIGHT":0.34336120468045606,
    "ACCESS_LOCATION_EXTRA_COMMANDS":0.3257542936501377,
    "READ_LOGS":0.3216677536275575,
    "C2D_MESSAGE":0.3205192549787595,
    "BROADCAST_STICKY":0.280180791128172,
    "BLUETOOTH_ADMIN":0.2684861433359705,
    "CALL_PHONE":0.235777124467381,
    "INSTALL_SHORTCUT":0.199259877041994,
    "GET_ACCOUNTS":0.1981457034739761,
    "DISABLE_KEYGUARD":0.18904584624775808,
    "ACCESS_BACKGROUND_LOCATION":0.17757106451352525,
    "RESTART_PACKAGES":0.16271015994559904,
    "KILL_BACKGROUND_PROCESSES":0.1590800507269029,
    "CHANGE_CONFIGURATION":0.15098211477750367,
    "EXPAND_STATUS_BAR":0.13741164770592473,
    "READ_CONTACTS":0.13499033795361273,
    "READ_CALENDAR":0.13298556769508918,
    "WRITE_CALENDAR":0.12332352130798949,
    "MANAGE_ACCOUNTS":0.12180301299992835,
    "USE_CREDENTIALS":0.10414229508622534,
    "UNINSTALL_SHORTCUT":0.10277021955991521,
    "CHANGE_WIFI_MULTICAST_STATE":0.09533559260396542,
    "REQUEST_IGNORE_BATTERY_OPTIMIZATIONS":0.07197320046125474,
    "USE_FULL_SCREEN_INTENT":0.07042949953104506,
    "READ_PRIVILEGED_PHONE_STATE":0.06910009842948828,
    "USE_FINGERPRINT":0.06586426378731797,
    "INTERACT_ACROSS_USERS":0.05762809980991317,
    "INTERACT_ACROSS_USERS_FULL":0.05312223717888645,
    "READ_MEDIA_AUDIO":0.0514013446154616,
    "READ_MEDIA_VIDEO":0.0514013446154616,
    "NFC":0.04935297222729875,
    "AUTHENTICATE_ACCOUNTS":0.04874532552700586,
    "DEVICE_POWER":0.04672107346587754,
    "SET_DEBUG_APP":0.04540651564249586,
    "BLUETOOTH_CONNECT":0.04260391918206108,
    "WRITE_CONTACTS":0.041986067728022824,
    "ACTIVITY_RECOGNITION":0.040745726295516614,
    "INSTALL_PACKAGES":0.03991914124214111,
    "USE_BIOMETRIC":0.037893961476126836,
    "READ_PHONE_NUMBERS":0.03748762673608367,
    "BATTERY_STATS":0.036403139724415924,
    "SET_ALARM":0.03406717882161063,
    "RECEIVE_SMS":0.03113655908691569,
    "PACKAGE_USAGE_STATS":0.03008639715602785,
    "CAPTURE_VIDEO_OUTPUT":0.028609490977606084,
    "ACCESS_MEDIA_LOCATION":0.02829870984081507,
    "PROCESS_OUTGOING_CALLS":0.02807606066818867,
    "MANAGE_EXTERNAL_STORAGE":0.02800555509685698,
    "ACCESS_NOTIFICATION_POLICY":0.026834791530796508,
    "SCHEDULE_EXACT_ALARM":0.025048959625355614,
    "WRITE_APN_SETTINGS":0.02345887345084876,
    "SET_WALLPAPER":0.023431042304270462,
    "SEND_SMS":0.02171757137993315,
    "READ_SMS":0.021076527303746314,
    "READ_CALL_LOG":0.0210440576327383,
    "CLEAR_APP_CACHE":0.020845528787146426,
    "READ_SYNC_SETTINGS":0.017706175453114228,
    "MOUNT_FORMAT_FILESYSTEMS":0.017215419568450213,
    "READ_HISTORY_BOOKMARKS":0.017213564158678325,
    "READ_PROFILE":0.015049228659772557,
    "STATUS_BAR":0.014786688177050597,
    "DELETE_CACHE_FILES":0.014747724571840978,
    "MANAGE_DOCUMENTS":0.014208728033107907,
    "WRITE_MEDIA_STORAGE":0.01254720858238342,
    "ACCESS_MOCK_LOCATION":0.012124175154393265,
    "ADD_VOICEMAIL":0.011571263042371046,
    "BODY_SENSORS":0.011490552717293977,
    "SIGNAL_PERSISTENT_PROCESSES":0.01146643239025945,
    "WRITE_SYNC_SETTINGS":0.011447878292540584,
    "OVERRIDE_WIFI_CONFIG":0.010898677000062139,
    "STATUS_BAR_SERVICE":0.010439463081520193,
    "READ_FRAME_BUFFER":0.009470939180595368,
    "GET_PACKAGE_SIZE":0.009255711647056516,
    "INTENT_FILTER_VERIFICATION_AGENT":0.008686100847087316,
    "STOP_APP_SWITCHES":0.008562716097256855,
    "BLUETOOTH_PRIVILEGED":0.008212043650370279,
    "UPDATE_APP_OPS_STATS":0.008212043650370279,
    "INJECT_EVENTS":0.008071032507706894,
    "REQUEST_DELETE_PACKAGES":0.007802925795669275,
    "HARDWARE_TEST":0.007729637109679752,
    "SET_WALLPAPER_HINTS":0.007729637109679752,
    "READ_SYNC_STATS":0.006765751733184642,
    "PERSISTENT_ACTIVITY":0.006765751733184642,
    "RECEIVE_MMS":0.005588494232922567,
    "WRITE_HISTORY_BOOKMARKS":0.005453977024460786,
    "ACCESS_CHECKIN_PROPERTIES":0.005449338500031069,
    "WRITE_CALL_LOG":0.0053667727651821135,
    "WRITE_SMS":0.005319459815999004,
    "MEDIA_CONTENT_CONTROL":0.004682126559355943,
    "INSTALL_LOCATION_PROVIDER":0.004347225095530404,
    "REAL_GET_TASKS":0.004347225095530404,
    "FORCE_STOP_PACKAGES":0.004347225095530404,
    "WRITE_SECURE_SETTINGS":0.004347225095530404,
    "SET_ACTIVITY_WATCHER":0.004347225095530404,
    "GRANT_RUNTIME_PERMISSIONS":0.004347225095530404,
    "READ_DREAM_STATE":0.004347225095530404,
    "CAPTURE_AUDIO_OUTPUT":0.004092106251895989,
    "RECEIVE_WAP_PUSH":0.003864818554839876,
    "READ_CELL_BROADCASTS":0.003864818554839876,
    "USE_SIP":0.003864818554839876,
    "ANSWER_PHONE_CALLS":0.003864818554839876,
    "WRITE_PROFILE":0.003864818554839876,
    "READ_SOCIAL_STREAM":0.003864818554839876,
    "WRITE_SOCIAL_STREAM":0.003864818554839876,
    "READ_USER_DICTIONARY":0.003864818554839876,
    "WRITE_USER_DICTIONARY":0.003864818554839876,
    "SUBSCRIBED_FEEDS_READ":0.003864818554839876,
    "SUBSCRIBED_FEEDS_WRITE":0.003864818554839876,
    "BLUETOOTH_SCAN":0.003864818554839876,
    "TRANSMIT_IR":0.003864818554839876,
    "MODIFY_PHONE_STATE":0.003864818554839876,
    "SET_TIME_ZONE":0.003864818554839876,
    "READ_INSTALL_SESSIONS":0.003864818554839876,
    "MANAGE_FINGERPRINT":0.002733018593989024,
    "CHANGE_COMPONENT_ENABLED_STATE":0.0021550584500463353,
    "BIND_JOB_SERVICE":0.0021142394350648287,
    "LOCATION_HARDWARE":0.0016299774846024152,
    "UPDATE_DEVICE_STATS":0.0011911730735512244,
    "INTERNAL_SYSTEM_WINDOW":0.0011911730735512244,
    "CAPTURE_SECURE_VIDEO_OUTPUT":0.0011911730735512244,
    "ACCOUNT_MANAGER":0.0011086073387022689,
    "LOCAL_MAC_ADDRESS":0.0011086073387022689,
    "PEERS_MAC_ADDRESS":0.0006057912905209887,
    "DELETE_PACKAGES":0.0005065268677250534
}