{
    "INTERNET":1.0,
    "ACCESS_NETWORK_STATE":1.0,
    "ACCESS_WIFI_STATE":1.0,
    "WRITE_EXTERNAL_STORAGE":0.9874566011706991,
    "READ_EXTERNAL_STORAGE":0.9697779853710132,
    "CAMERA":0.9229201488696954,
    "VIBRATE":0.8494832874621681,
    "REQUEST_INSTALL_PACKAGES":0.8449305686621412,
    "READ_PHONE_STATE":0.84346006628802,
    "WAKE_LOCK":0.7987421298251282,
    "CHANGE_NETWORK_STATE":0.6839492561267535,
    "GET_TASKS":0.6713814168147803,
    "ACCESS_COARSE_LOCATION":0.6537204524748023,
    "CHANGE_WIFI_STATE":0.6242506615902874,
    "RECORD_AUDIO":0.5716045041093953,
    "ACCESS_FINE_LOCATION":0.5662085886571716,
    "RECEIVE_BOOT_COMPLETED":0.5108305283353448,
    "SYSTEM_ALERT_WINDOW":0.5078868079779163,
    "MOUNT_UNMOUNT_FILESYSTEMS":0.49582271416991275,
    "FOREGROUND_SERVICE":0.4859840620896882,
    "WRITE_SETTINGS":0.47887188163202665,
    "MODIFY_AUDIO_SETTINGS":0.4632557710089708,
    "FLASHLIGHT":0.44565590787567383,
    "BLUETOOTH":0.4423347178414164,
    "READ_LOGS":0.3365807493180426,
    "REORDER_TASKS":0.33645990470927356,
    "ACCESS_LOCATION_EXTRA_COMMANDS":0.3317075886340891,
    "QUERY_ALL_PACKAGES":0.2876196735023075,
    "C2D_MESSAGE":0.2754863316600654,
    "CALL_PHONE":0.23161023404477757,
    "BLUETOOTH_ADMIN":0.2245835952764693,
    "ACCESS_BACKGROUND_LOCATION":0.2053339995627869,
    "NFC":0.17318118680268244,
    "RESTART_PACKAGES":0.16862575239347,
    "BROADCAST_STICKY":0.16273831167861305,
    "READ_CONTACTS":0.15094713659378423,
    "INSTALL_SHORTCUT":0.15077741101967046,
    "CHANGE_CONFIGURATION":0.14226669183131174,
    "GET_ACCOUNTS":0.1342502135147722,
    "MANAGE_ACCOUNTS":0.1289561334070168,
    "DISABLE_KEYGUARD":0.1249696191222336,
    "READ_MEDIA_AUDIO":0.1215248688700214,
    "READ_MEDIA_VIDEO":0.1215248688700214,
    "READ_CALENDAR":0.11530205042071572,
    "WRITE_CALENDAR":0.11530205042071572,
    "UNINSTALL_SHORTCUT":0.1045102195162685,
    "USE_CREDENTIALS":0.09217863820346155,
    "INTERACT_ACROSS_USERS_FULL":0.08408204941594033,
    "CHANGE_WIFI_MULTICAST_STATE":0.07443077436953735,
    "READ_PHONE_NUMBERS":0.06812784544924999,
    "READ_PRIVILEGED_PHONE_STATE":0.06325604256988958,
    "EXPAND_STATUS_BAR":0.062482093951931,
    "WRITE_CONTACTS":0.05140783969215853,
    "SET_DEBUG_APP":0.04885380925289517,
    "USE_FINGERPRINT":0.04751229831510027,
    "BATTERY_STATS":0.03738714946577177,
    "READ_SMS":0.033791682903746574,
    "KILL_BACKGROUND_PROCESSES":0.02892395343816489,
    "PROCESS_OUTGOING_CALLS":0.028003361924172035,
    "CLEAR_APP_CACHE":0.027581084695777084,
    "AUTHENTICATE_ACCOUNTS":0.026315610815185134,
    "GET_PACKAGE_SIZE":0.026215133275309808,
    "PACKAGE_USAGE_STATS":0.02600060014963006,
    "BLUETOOTH_CONNECT":0.025365147600148265,
    "REQUEST_IGNORE_BATTERY_OPTIMIZATIONS":0.02298627395337027,
    "INTERACT_ACROSS_USERS":0.022057535611819952,
    "WRITE_MEDIA_STORAGE":0.020889823661917512,
    "WRITE_APN_SETTINGS":0.020671217122459035,
    "SET_WALLPAPER":0.018599207313678652,
    "INSTALL_PACKAGES":0.01833579322265415,
    "READ_PROFILE":0.01304035531030587,
    "WRITE_SYNC_SETTINGS":0.012704977575857144,
    "RECEIVE_SMS":0.012463288358319198,
    "USE_FULL_SCREEN_INTENT":0.011989414555393672,
    "SCHEDULE_EXACT_ALARM":0.011541339039733433,
    "MANAGE_DOCUMENTS":0.011062034018436268,
    "MOUNT_FORMAT_FILESYSTEMS":0.011062034018436268,
    "STATUS_BAR":0.009620045540766042,
    "STATUS_BAR_SERVICE":0.009620045540766042,
    "READ_CALL_LOG":0.009587458230536207,
    "WRITE_CALL_LOG":0.009587458230536207,
    "ADD_VOICEMAIL":0.009587458230536207,
    "USE_SIP":0.009587458230536207,
    "ANSWER_PHONE_CALLS":0.009587458230536207,
    "WRITE_SECURE_SETTINGS":0.009587458230536207,
    "ACCESS_NOTIFICATION_POLICY":0.009584742621350388,
    "READ_HISTORY_BOOKMARKS":0.009233071231786747,
    "USE_BIOMETRIC":0.007537173295242387,
    "BIND_REMOTEVIEWS":0.007537173295242387,
    "SET_ALARM":0.0066966922522312105,
    "MANAGE_EXTERNAL_STORAGE":0.006593499103170065,
    "SEND_SMS":0.005833128531140567,
    "FORCE_STOP_PACKAGES":0.005792394393353273,
    "ACCESS_MEDIA_LOCATION":0.005772027324459626,
    "MEDIA_CONTENT_CONTROL":0.005634889060575734,
    "DEVICE_POWER":0.005634889060575734,
    "LOCAL_MAC_ADDRESS":0.005634889060575734,
    "BODY_SENSORS":0.005497750796691843,
    "REAL_GET_TASKS":0.004377562007541246,
    "SET_WALLPAPER_HINTS":0.0009911973528241654
}