{
    "WRITE_EXTERNAL_STORAGE":0.9913433104024814,
    "INTERNET":0.9913433104024814,
    "ACCESS_NETWORK_STATE":0.990111997874892,
    "READ_EXTERNAL_STORAGE":0.9833780621672195,
    "ACCESS_WIFI_STATE":0.9759979998984323,
    "READ_PHONE_STATE":0.9240461429681976,
    "REQUEST_INSTALL_PACKAGES":0.8790985479731395,
    "CAMERA":0.8752936672565408,
    "VIBRATE":0.8659697562766863,
    "CHANGE_WIFI_STATE":0.821646411731846,
    "WAKE_LOCK":0.8169508607858995,
    "ACCESS_COARSE_LOCATION":0.7646927383031173,
    "CHANGE_NETWORK_STATE":0.7552414771062599,
    "ACCESS_FINE_LOCATION":0.7403079062608648,
    "GET_TASKS":0.7373530687105206,
    "RECORD_AUDIO":0.7088016188322065,
    "SYSTEM_ALERT_WINDOW":0.7061788293936802,
    "WRITE_SETTINGS":0.7031450815861746,
    "MOUNT_UNMOUNT_FILESYSTEMS":0.663856367706173,
    "MODIFY_AUDIO_SETTINGS":0.5695140768867175,
    "BLUETOOTH":0.5296018938461727,
    "FOREGROUND_SERVICE":0.5294721997601445,
    "RECEIVE_BOOT_COMPLETED":0.5108579732564549,
    "FLASHLIGHT":0.5081226781047481,
    "ACCESS_LOCATION_EXTRA_COMMANDS":0.4980354471125494,
    "CALL_PHONE":0.4451265103306032,
    "READ_LOGS":0.3804310375136241,
    "BLUETOOTH_ADMIN":0.3475457738088265,
    "C2D_MESSAGE":0.3047279744674537,
    "READ_CONTACTS":0.291641372413443,
    "REORDER_TASKS":0.2642415435158818,
    "QUERY_ALL_PACKAGES":0.22835925261829707,
    "ACCESS_BACKGROUND_LOCATION":0.2265279096204105,
    "GET_ACCOUNTS":0.20705270189501807,
    "RESTART_PACKAGES":0.19853820701832517,
    "NFC":0.17766527206459712,
    "CHANGE_CONFIGURATION":0.15338825799747646,
    "KILL_BACKGROUND_PROCESSES":0.1527554133608347,
    "BROADCAST_STICKY":0.1502193470762187,
    "READ_CALENDAR":0.12626266177579332,
    "WRITE_CALENDAR":0.12414380417755591,
    "INSTALL_SHORTCUT":0.12341407962123076,
    "USE_CREDENTIALS":0.12266169766433459,
    "DISABLE_KEYGUARD":0.12239918433357944,
    "MANAGE_ACCOUNTS":0.12211870134030249,
    "USE_FINGERPRINT":0.12085691851539335,
    "WRITE_CONTACTS":0.11758800251575278,
    "REQUEST_IGNORE_BATTERY_OPTIMIZATIONS":0.09943629949958396,
    "UNINSTALL_SHORTCUT":0.08644032704785791,
    "INSTALL_PACKAGES":0.08485977803560339,
    "CHANGE_WIFI_MULTICAST_STATE":0.07492646110935322,
    "RECEIVE_SMS":0.06945587080593937,
    "READ_SMS":0.06904413114728483,
    "SEND_SMS":0.06779875540554794,
    "READ_MEDIA_AUDIO":0.06149843546742611,
    "READ_MEDIA_VIDEO":0.06149843546742611,
    "AUTHENTICATE_ACCOUNTS":0.05705602237613631,
    "BATTERY_STATS":0.053513654990292495,
    "READ_PRIVILEGED_PHONE_STATE":0.05341208733255988,
    "MANAGE_EXTERNAL_STORAGE":0.053201920410020836,
    "EXPAND_STATUS_BAR":0.0529433135276401,
    "INTERACT_ACROSS_USERS_FULL":0.05116900467601873,
    "READ_PHONE_NUMBERS":0.04975877681288505,
    "SET_DEBUG_APP":0.04382956947032469,
    "GET_PACKAGE_SIZE":0.03395563055936435,
    "PROCESS_OUTGOING_CALLS":0.03362748889592051,
    "WRITE_SMS":0.03202271990374512,
    "ACCESS_NOTIFICATION_POLICY":0.031220335407657427,
    "USE_BIOMETRIC":0.027609214530425377,
    "BLUETOOTH_CONNECT":0.026574787000902395,
    "CLEAR_APP_CACHE":0.025806779250508824,
    "INTERACT_ACROSS_USERS":0.025501294987636095,
    "READ_PROFILE":0.025363006715184763,
    "ACTIVITY_RECOGNITION":0.02497158058807674,
    "DEVICE_POWER":0.02324805556532168,
    "WRITE_SYNC_SETTINGS":0.023056639594979438,
    "ACCESS_MEDIA_LOCATION":0.022869130073011525,
    "BODY_SENSORS":0.022386293053944146,
    "CAPTURE_VIDEO_OUTPUT":0.02195814631211742,
    "SET_WALLPAPER":0.021210452093270365,
    "WRITE_MEDIA_STORAGE":0.020941688445116357,
    "READ_HISTORY_BOOKMARKS":0.02057135713922973,
    "READ_SYNC_SETTINGS":0.01953692960970675,
    "MANAGE_FINGERPRINT":0.019168160883169857,
    "PACKAGE_USAGE_STATS":0.01916503572447039,
    "UPDATE_APP_OPS_STATS":0.018905647552414775,
    "USE_FULL_SCREEN_INTENT":0.01851187755628216,
    "MANAGE_DOCUMENTS":0.017691523397672545,
    "WRITE_APN_SETTINGS":0.015471098141702513,
    "READ_CALL_LOG":0.01530937117900519,
    "MOUNT_FORMAT_FILESYSTEMS":0.014971854039462947,
    "DELETE_PACKAGES":0.014399168707785945,
    "READ_SYNC_STATS":0.013224890326461895,
    "CAPTURE_AUDIO_OUTPUT":0.012994409872376335,
    "SET_ALARM":0.012201400852387039,
    "GET_INTENT_SENDER_INTENT":0.011232601655552824,
    "BLUETOOTH_PRIVILEGED":0.010919304495931438,
    "ACCESS_MOCK_LOCATION":0.010209893471152835,
    "MODIFY_PHONE_STATE":0.009679397781918616,
    "ACCOUNT_MANAGER":0.009351256118474769,
    "USE_SIP":0.008481680710348573,
    "REQUEST_DELETE_PACKAGES":0.007903526350947512,
    "ADD_VOICEMAIL":0.007892588295499383,
    "WRITE_PROFILE":0.007892588295499383,
    "READ_SOCIAL_STREAM":0.007892588295499383,
    "WRITE_SOCIAL_STREAM":0.007892588295499383,
    "READ_USER_DICTIONARY":0.007892588295499383,
    "WRITE_USER_DICTIONARY":0.007892588295499383,
    "WRITE_HISTORY_BOOKMARKS":0.007892588295499383,
    "SUBSCRIBED_FEEDS_READ":0.007892588295499383,
    "SUBSCRIBED_FEEDS_WRITE":0.007892588295499383,
    "BIND_DIRECTORY_SEARCH":0.007892588295499383,
    "PERSISTENT_ACTIVITY":0.007892588295499383,
    "CLEAR_APP_USER_DATA":0.007892588295499383,
    "BIND_APPWIDGET":0.007892588295499383,
    "ACCESS_CACHE_FILESYSTEM":0.007892588295499383,
    "RECEIVE_MMS":0.007230054651212759,
    "BLUETOOTH_SCAN":0.006888631063296185,
    "STATUS_BAR":0.006506580412286563,
    "STATUS_BAR_SERVICE":0.006506580412286563,
    "BROADCAST_WAP_PUSH":0.006506580412286563,
    "READ_CELL_BROADCASTS":0.006103434940055551,
    "TRANSMIT_IR":0.006103434940055551,
    "SET_WALLPAPER_HINTS":0.006103434940055551,
    "SET_TIME":0.006103434940055551,
    "SET_TIME_ZONE":0.006103434940055551,
    "WRITE_GSERVICES":0.006103434940055551,
    "READ_INSTALL_SESSIONS":0.006103434940055551,
    "BIND_ACCESSIBILITY_SERVICE":0.003983014762468408,
    "READ_PRECISE_PHONE_STATE":0.0037830046057026343,
    "READ_DREAM_STATE":0.0037830046057026343,
    "WRITE_DREAM_STATE":0.0037830046057026343,
    "HARDWARE_TEST":0.0032712598686652065,
    "BROADCAST_PACKAGE_REMOVED":0.0032712598686652065,
    "SCHEDULE_EXACT_ALARM":0.0030204658830331236,
    "LOCATION_HARDWARE":0.002918116935625638,
    "LOCAL_MAC_ADDRESS":0.002918116935625638,
    "GET_TOP_ACTIVITY_INFO":0.002836862809439542,
    "REAL_GET_TASKS":0.002449343130705857,
    "BIND_VPN_SERVICE":0.0017891533554438316,
    "ANSWER_PHONE_CALLS":0.0017579017684491796,
    "INJECT_EVENTS":0.0017360256575529231,
    "SET_PREFERRED_APPLICATIONS":0.0014586678229753858,
    "WRITE_SECURE_SETTINGS":0.0014586678229753858,
    "SET_ALWAYS_FINISH":0.0014586678229753858,
    "SIGNAL_PERSISTENT_PROCESSES":0.0014586678229753858,
    "INSTANT_APP_FOREGROUND_SERVICE":0.0014586678229753858,
    "WRITE_CALL_LOG":0.0014281975256556,
    "MEDIA_CONTENT_CONTROL":0.001231312527589292,
    "WRITE_VOICEMAIL":0.0009383288995144286,
    "READ_FRAME_BUFFER":0.0007586322742951793,
    "DUMP":0.00048127443971764203,
    "UPDATE_DEVICE_STATS":0.00033751713954224247,
    "INTERNAL_SYSTEM_WINDOW":0.00033751713954224247,
    "CAPTURE_SECURE_VIDEO_OUTPUT":0.00033751713954224247
}