{
    "INTERNET":1.0,
    "ACCESS_NETWORK_STATE":0.9918602325399378,
    "ACCESS_WIFI_STATE":0.9774417128296997,
    "WRITE_EXTERNAL_STORAGE":0.967242653772904,
    "READ_EXTERNAL_STORAGE":0.9498291170613352,
    "REQUEST_INSTALL_PACKAGES":0.9040794496960635,
    "WAKE_LOCK":0.8570027219521527,
    "VIBRATE":0.8534180935899329,
    "CAMERA":0.8509431172874399,
    "READ_PHONE_STATE":0.8407562330965035,
    "CHANGE_WIFI_STATE":0.8251115304676018,
    "GET_TASKS":0.7774417128296996,
    "MOUNT_UNMOUNT_FILESYSTEMS":0.6969884599664317,
    "CHANGE_NETWORK_STATE":0.696642345922724,
    "RECORD_AUDIO":0.693922133036498,
    "WRITE_SETTINGS":0.6906279621883448,
    "RECEIVE_BOOT_COMPLETED":0.6270108095416159,
    "SYSTEM_ALERT_WINDOW":0.6247167169604573,
    "ACCESS_COARSE_LOCATION":0.6222243479924511,
    "MODIFY_AUDIO_SETTINGS":0.5694810898244203,
    "READ_LOGS":0.5646928890087045,
    "FLASHLIGHT":0.5281161134349638,
    "DISABLE_KEYGUARD":0.47818351001382653,
    "ACCESS_FINE_LOCATION":0.43708985920637194,
    "RESTART_PACKAGES":0.4319851118783203,
    "GET_ACCOUNTS":0.42991364541572746,
    "ACCESS_BACKGROUND_LOCATION":0.3926255098225072,
    "MANAGE_DOCUMENTS":0.38808428485707525,
    "MANAGE_ACCOUNTS":0.3756902714125448,
    "USE_CREDENTIALS":0.36982372533502567,
    "READ_CALENDAR":0.3681383760468205,
    "WRITE_CALENDAR":0.3681383760468205,
    "FOREGROUND_SERVICE":0.3459401170526383,
    "REAL_GET_TASKS":0.33075805932638164,
    "SET_DEBUG_APP":0.33075805932638164,
    "BLUETOOTH":0.31214268942786766,
    "REORDER_TASKS":0.31059995999686885,
    "ACCESS_LOCATION_EXTRA_COMMANDS":0.28222034767938314,
    "BLUETOOTH_ADMIN":0.2129853640719705,
    "CALL_PHONE":0.18060369941995433,
    "C2D_MESSAGE":0.16388065152924985,
    "KILL_BACKGROUND_PROCESSES":0.15224147976798164,
    "BROADCAST_STICKY":0.1323060065570347,
    "QUERY_ALL_PACKAGES":0.12764651146611453,
    "USE_FULL_SCREEN_INTENT":0.10834934907949301,
    "USE_FINGERPRINT":0.10116269968954077,
    "READ_CONTACTS":0.0993712551417066,
    "REQUEST_IGNORE_BATTERY_OPTIMIZATIONS":0.09713455835674081,
    "INSTALL_SHORTCUT":0.09482133384351804,
    "CHANGE_WIFI_MULTICAST_STATE":0.07468584497917218,
    "UNINSTALL_SHORTCUT":0.061340452731083205,
    "CHANGE_CONFIGURATION":0.053432007722343404,
    "MANAGE_EXTERNAL_STORAGE":0.049609099842596295,
    "SUBSTITUTE_NOTIFICATION_APP_NAME":0.045045264411997396,
    "USE_BIOMETRIC":0.04488351262272693,
    "AUTHENTICATE_ACCOUNTS":0.0424433216512596,
    "ACCESS_NOTIFICATION_POLICY":0.034790548825560215,
    "READ_PRIVILEGED_PHONE_STATE":0.03337652511935712,
    "WRITE_MEDIA_STORAGE":0.031536381108086674,
    "INTERACT_ACROSS_USERS_FULL":0.030391943717334356,
    "BATTERY_STATS":0.02972232609508566,
    "GET_PACKAGE_SIZE":0.027906531815533347,
    "PACKAGE_USAGE_STATS":0.02629075318938,
    "NFC":0.0216486507639728,
    "ACCESS_MEDIA_LOCATION":0.02163473663156244,
    "READ_MEDIA_AUDIO":0.019916341278882664,
    "READ_MEDIA_VIDEO":0.019916341278882664,
    "WRITE_CONTACTS":0.019860684749241214,
    "SET_WALLPAPER":0.019497178040020494,
    "EXPAND_STATUS_BAR":0.0170430729361428,
    "BLUETOOTH_CONNECT":0.015731665956466134,
    "SEND_SMS":0.014432433842648534,
    "RECEIVE_SMS":0.014432433842648534,
    "READ_SMS":0.014432433842648534,
    "PROCESS_OUTGOING_CALLS":0.014432433842648534,
    "READ_PROFILE":0.014432433842648534,
    "WRITE_SECURE_SETTINGS":0.014258507187519002,
    "INSTALL_PACKAGES":0.014258507187519002,
    "MANAGE_OWN_CALLS":0.013562800567000877,
    "READ_SYNC_SETTINGS":0.01314189806158741,
    "DEVICE_POWER":0.012644467827916948,
    "CLEAR_APP_CACHE":0.012280961118696226,
    "BIND_VPN_SERVICE":0.010392117643989516,
    "WRITE_SYNC_SETTINGS":0.010374724978476562,
    "BIND_JOB_SERVICE":0.010374724978476562,
    "BIND_NOTIFICATION_LISTENER_SERVICE":0.010374724978476562,
    "MEDIA_CONTENT_CONTROL":0.009983390004435114,
    "SCHEDULE_EXACT_ALARM":0.008515449035141868,
    "READ_HISTORY_BOOKMARKS":0.008271951717960524,
    "WRITE_HISTORY_BOOKMARKS":0.008271951717960524,
    "ACCOUNT_MANAGER":0.008271951717960524,
    "LOCAL_MAC_ADDRESS":0.008271951717960524,
    "READ_PHONE_NUMBERS":0.00822151298797296,
    "READ_CALL_LOG":0.007216216921324267,
    "WRITE_SMS":0.007216216921324267,
    "ACCESS_MOCK_LOCATION":0.007216216921324267,
    "INTERACT_ACROSS_USERS":0.007216216921324267,
    "GET_TOP_ACTIVITY_INFO":0.007216216921324267,
    "MANAGE_FINGERPRINT":0.007216216921324267,
    "RESET_FINGERPRINT_LOCKOUT":0.007216216921324267,
    "READ_USER_DICTIONARY":0.007042290266194735,
    "WRITE_USER_DICTIONARY":0.007042290266194735,
    "READ_NETWORK_USAGE_HISTORY":0.005428250906592682,
    "REQUEST_DELETE_PACKAGES":0.005054308598064189,
    "INSTANT_APP_FOREGROUND_SERVICE":0.005054308598064189,
    "ACTIVITY_RECOGNITION":0.004515135967162641,
    "CAPTURE_AUDIO_OUTPUT":0.004205546521032074,
    "CAPTURE_VIDEO_OUTPUT":0.004205546521032074,
    "BLUETOOTH_SCAN":0.0012992321138176012,
    "START_ACTIVITIES_FROM_BACKGROUND":0.0008905044742632019
}