{
    "WRITE_EXTERNAL_STORAGE":0.990269654172862,
    "INTERNET":0.990269654172862,
    "ACCESS_NETWORK_STATE":0.990269654172862,
    "ACCESS_WIFI_STATE":0.9750514777273814,
    "READ_EXTERNAL_STORAGE":0.9258650368904169,
    "VIBRATE":0.9172346024137071,
    "READ_PHONE_STATE":0.9120094371924821,
    "REQUEST_INSTALL_PACKAGES":0.8771452961786869,
    "CAMERA":0.8676002232655872,
    "CHANGE_NETWORK_STATE":0.8333270793953063,
    "ACCESS_COARSE_LOCATION":0.8175835721555912,
    "ACCESS_FINE_LOCATION":0.7981627493562348,
    "CHANGE_WIFI_STATE":0.7844009587286991,
    "WAKE_LOCK":0.7425386610631375,
    "GET_TASKS":0.7150314963953859,
    "RECORD_AUDIO":0.6789290756523244,
    "WRITE_SETTINGS":0.6459270446859503,
    "MOUNT_UNMOUNT_FILESYSTEMS":0.6118180666888676,
    "SYSTEM_ALERT_WINDOW":0.5972940773643398,
    "RECEIVE_BOOT_COMPLETED":0.5759947279302431,
    "BLUETOOTH":0.548792442741288,
    "ACCESS_LOCATION_EXTRA_COMMANDS":0.5206309598075034,
    "FOREGROUND_SERVICE":0.5145122631907275,
    "MODIFY_AUDIO_SETTINGS":0.5133982804797392,
    "FLASHLIGHT":0.42738943428440057,
    "READ_LOGS":0.39665054714140285,
    "QUERY_ALL_PACKAGES":0.3832452309813834,
    "ACCESS_BACKGROUND_LOCATION":0.36957021374396654,
    "CALL_PHONE":0.36117899239677453,
    "BLUETOOTH_ADMIN":0.3385850777911713,
    "REORDER_TASKS":0.2614013198936203,
    "CHANGE_CONFIGURATION":0.24989798263594093,
    "READ_CONTACTS":0.23935384312309144,
    "C2D_MESSAGE":0.22767226863165385,
    "GET_ACCOUNTS":0.17980384523379553,
    "DISABLE_KEYGUARD":0.16667995628497306,
    "NFC":0.1519566226858474,
    "INSTALL_SHORTCUT":0.13977551489453505,
    "KILL_BACKGROUND_PROCESSES":0.131194330179785,
    "INSTALL_PACKAGES":0.13011083541667634,
    "RESTART_PACKAGES":0.11915862644759113,
    "BROADCAST_STICKY":0.10932040018949425,
    "WRITE_CONTACTS":0.09712522103762204,
    "USE_FINGERPRINT":0.09148964113340112,
    "USE_CREDENTIALS":0.09066412131388978,
    "REQUEST_IGNORE_BATTERY_OPTIMIZATIONS":0.08403885571695921,
    "MANAGE_ACCOUNTS":0.08245817288073579,
    "UNINSTALL_SHORTCUT":0.07270906523951795,
    "EXPAND_STATUS_BAR":0.07226581738188262,
    "READ_CALL_LOG":0.06968606794590965,
    "SET_DEBUG_APP":0.06669590382694099,
    "READ_MEDIA_AUDIO":0.06661851134386179,
    "READ_MEDIA_VIDEO":0.06661851134386179,
    "READ_CALENDAR":0.0614754290592357,
    "WRITE_CALENDAR":0.0614754290592357,
    "READ_PRIVILEGED_PHONE_STATE":0.05829530157270903,
    "MANAGE_EXTERNAL_STORAGE":0.052739459378327254,
    "READ_PHONE_NUMBERS":0.05159498871945925,
    "USE_FULL_SCREEN_INTENT":0.04996036566775637,
    "READ_SMS":0.04422863146637645,
    "CHANGE_WIFI_MULTICAST_STATE":0.04377834792846117,
    "PROCESS_OUTGOING_CALLS":0.04345939708910451,
    "SEND_SMS":0.04181539313036174,
    "PACKAGE_USAGE_STATS":0.03631349115145941,
    "CAPTURE_VIDEO_OUTPUT":0.036135253917701275,
    "WRITE_CALL_LOG":0.032910567122735074,
    "INTERACT_ACROSS_USERS_FULL":0.03175202510330721,
    "SCHEDULE_EXACT_ALARM":0.031742644196267315,
    "GET_PACKAGE_SIZE":0.030989826406315202,
    "CLEAR_APP_CACHE":0.030989826406315202,
    "DEVICE_POWER":0.029692916008048797,
    "MOUNT_FORMAT_FILESYSTEMS":0.029172275667334255,
    "RECEIVE_SMS":0.028588314204100376,
    "WRITE_SMS":0.027162416334035315,
    "BLUETOOTH_CONNECT":0.02706391681011635,
    "USE_BIOMETRIC":0.024481822147383415,
    "CAPTURE_AUDIO_OUTPUT":0.024139419040427,
    "BATTERY_STATS":0.023478065094113935,
    "READ_HISTORY_BOOKMARKS":0.0220310601832091,
    "WRITE_MEDIA_STORAGE":0.021956012926889885,
    "ACCESS_NOTIFICATION_POLICY":0.01946069165427604,
    "WRITE_APN_SETTINGS":0.019441929840196236,
    "MANAGE_DOCUMENTS":0.01733357098297833,
    "BLUETOOTH_PRIVILEGED":0.014069015333092547,
    "USE_SIP":0.01346863728253884,
    "ACTIVITY_RECOGNITION":0.00973034582713802,
    "BODY_SENSORS":0.00973034582713802,
    "READ_SYNC_SETTINGS":0.00973034582713802,
    "REQUEST_DELETE_PACKAGES":0.00973034582713802,
    "SET_WALLPAPER":0.0053213195183842285,
    "BIND_JOB_SERVICE":0.0053213195183842285,
    "SET_ALARM":0.004507525832672758,
    "INTERACT_ACROSS_USERS":0.002059109095258419
}