{
    "INTERNET":0.9845502531188186,
    "ACCESS_NETWORK_STATE":0.9845502531188186,
    "WRITE_EXTERNAL_STORAGE":0.9787596246614837,
    "ACCESS_WIFI_STATE":0.9768132731857955,
    "READ_EXTERNAL_STORAGE":0.9450272116699137,
    "CAMERA":0.8938875250976902,
    "READ_PHONE_STATE":0.8857184365116911,
    "VIBRATE":0.8842749701062765,
    "CHANGE_WIFI_STATE":0.8635896308823587,
    "WAKE_LOCK":0.8604605682228786,
    "GET_TASKS":0.8189259864928798,
    "ACCESS_FINE_LOCATION":0.8134482643014929,
    "REQUEST_INSTALL_PACKAGES":0.8098144540344422,
    "ACCESS_COARSE_LOCATION":0.8020122852960132,
    "CHANGE_NETWORK_STATE":0.784938405891578,
    "SYSTEM_ALERT_WINDOW":0.7078349493948619,
    "WRITE_SETTINGS":0.7033518221202382,
    "RECORD_AUDIO":0.6812882052963113,
    "MODIFY_AUDIO_SETTINGS":0.6449612778495892,
    "BLUETOOTH":0.638837255216036,
    "RECEIVE_BOOT_COMPLETED":0.6262316027878458,
    "FOREGROUND_SERVICE":0.5561126611560401,
    "ACCESS_LOCATION_EXTRA_COMMANDS":0.5334846955310282,
    "MOUNT_UNMOUNT_FILESYSTEMS":0.5292548733288386,
    "FLASHLIGHT":0.5274631124488269,
    "READ_LOGS":0.3413006470454573,
    "BLUETOOTH_ADMIN":0.33696838529191586,
    "CALL_PHONE":0.28494771857806467,
    "BROADCAST_STICKY":0.2552868121184128,
    "C2D_MESSAGE":0.2474473926340377,
    "USE_CREDENTIALS":0.2404591526945329,
    "QUERY_ALL_PACKAGES":0.2404088641875055,
    "ACCESS_BACKGROUND_LOCATION":0.23692591944153701,
    "MANAGE_ACCOUNTS":0.23506710721882224,
    "REORDER_TASKS":0.2333051469355675,
    "DISABLE_KEYGUARD":0.19990240304562112,
    "NFC":0.19639710785208486,
    "AUTHENTICATE_ACCOUNTS":0.17161791164868087,
    "GET_ACCOUNTS":0.16454772006809446,
    "READ_CONTACTS":0.1243932784754015,
    "READ_CALENDAR":0.11450134288939143,
    "WRITE_CALENDAR":0.11450134288939143,
    "RESTART_PACKAGES":0.11358311200181792,
    "CHANGE_CONFIGURATION":0.10103706076714192,
    "READ_PRIVILEGED_PHONE_STATE":0.09926765033469802,
    "SET_DEBUG_APP":0.0885617859497637,
    "MANAGE_EXTERNAL_STORAGE":0.07450521696696981,
    "CHANGE_WIFI_MULTICAST_STATE":0.0694018647723421,
    "USE_FINGERPRINT":0.06241921244472925,
    "KILL_BACKGROUND_PROCESSES":0.05956394276795396,
    "INSTALL_PACKAGES":0.05915232202524859,
    "INSTALL_SHORTCUT":0.05651869428685313,
    "INTERACT_ACROSS_USERS_FULL":0.05393721759278232,
    "EXPAND_STATUS_BAR":0.05137995388357654,
    "REQUEST_IGNORE_BATTERY_OPTIMIZATIONS":0.04992717479167524,
    "USE_FULL_SCREEN_INTENT":0.04941683957221246,
    "BLUETOOTH_CONNECT":0.049031294351669426,
    "WRITE_CONTACTS":0.04171338531054086,
    "UNINSTALL_SHORTCUT":0.037401611467269655,
    "BLUETOOTH_SCAN":0.034240885673735635,
    "PROCESS_OUTGOING_CALLS":0.033188552100755844,
    "ACCESS_MEDIA_LOCATION":0.028493095574238892,
    "INTERACT_ACROSS_USERS":0.027518988567746087,
    "SET_ALARM":0.026505768278009784,
    "WRITE_MEDIA_STORAGE":0.024492365459618342,
    "READ_PHONE_NUMBERS":0.024250235610968125,
    "SEND_SMS":0.022112042793656958,
    "RECEIVE_SMS":0.02119567444338074,
    "READ_PROFILE":0.021119310414191055,
    "READ_MEDIA_AUDIO":0.018893578343906352,
    "READ_MEDIA_VIDEO":0.018893578343906352,
    "ANSWER_PHONE_CALLS":0.017392373282274987,
    "USE_BIOMETRIC":0.016662258661729712,
    "ACCESS_MOCK_LOCATION":0.016410816126592946,
    "CAPTURE_AUDIO_OUTPUT":0.015500035388208658,
    "CAPTURE_VIDEO_OUTPUT":0.015500035388208658,
    "SET_WALLPAPER":0.013741800179548604,
    "GET_TOP_ACTIVITY_INFO":0.012674566308190329,
    "BLUETOOTH_ADVERTISE":0.012668978696298402,
    "WRITE_SYNC_SETTINGS":0.011318639155749101,
    "READ_CALL_LOG":0.010940544084395296,
    "SCHEDULE_EXACT_ALARM":0.01051029796871683,
    "MANAGE_DOCUMENTS":0.008772550670327178,
    "UPDATE_DEVICE_STATS":0.007956759334105671,
    "INTERNAL_SYSTEM_WINDOW":0.007956759334105671,
    "CAPTURE_SECURE_VIDEO_OUTPUT":0.007956759334105671,
    "REAL_GET_TASKS":0.007757467843293566,
    "PACKAGE_USAGE_STATS":0.007742567544915092,
    "SET_WALLPAPER_HINTS":0.007736979933023163,
    "READ_SYNC_SETTINGS":0.007736979933023163,
    "CLEAR_APP_CACHE":0.007736979933023163,
    "BIND_JOB_SERVICE":0.007736979933023163,
    "DEVICE_POWER":0.007736979933023163,
    "ACTIVITY_RECOGNITION":0.007543276054102988,
    "WRITE_APN_SETTINGS":0.006531918301663994,
    "HARDWARE_TEST":0.006004820246525441,
    "GET_PACKAGE_SIZE":0.006004820246525441,
    "ACCESS_NOTIFICATION_POLICY":0.005857679800038,
    "WRITE_SMS":0.005721714577334415,
    "SET_PREFERRED_APPLICATIONS":0.0049375863751671654,
    "READ_SMS":0.0034494190746169715,
    "INJECT_EVENTS":0.002520012963259591,
    "BIND_ACCESSIBILITY_SERVICE":0.002520012963259591,
    "OVERRIDE_WIFI_CONFIG":0.0024250235610968124,
    "BODY_SENSORS":0.0022722955027174433,
    "MOUNT_FORMAT_FILESYSTEMS":0.001015082827033612
}