{
    "INTERNET":0.9921905781105639,
    "ACCESS_NETWORK_STATE":0.9921905781105639,
    "WRITE_EXTERNAL_STORAGE":0.9850383933133868,
    "ACCESS_WIFI_STATE":0.9850383933133868,
    "READ_EXTERNAL_STORAGE":0.9811259400469012,
    "VIBRATE":0.9314838933899497,
    "READ_PHONE_STATE":0.9082947794384579,
    "ACCESS_COARSE_LOCATION":0.8789376158122297,
    "WAKE_LOCK":0.8787552411217076,
    "REQUEST_INSTALL_PACKAGES":0.8765306140005265,
    "CAMERA":0.8642891430282114,
    "ACCESS_FINE_LOCATION":0.8467003084885095,
    "CHANGE_WIFI_STATE":0.8410725008215465,
    "CHANGE_NETWORK_STATE":0.7504236770522743,
    "WRITE_SETTINGS":0.731375844988395,
    "GET_TASKS":0.7313259500258936,
    "RECORD_AUDIO":0.7267614212149938,
    "MOUNT_UNMOUNT_FILESYSTEMS":0.6926952054382066,
    "SYSTEM_ALERT_WINDOW":0.6466197883421279,
    "ACCESS_LOCATION_EXTRA_COMMANDS":0.624757192186793,
    "FLASHLIGHT":0.5714848568788807,
    "BLUETOOTH":0.5664575092778822,
    "CALL_PHONE":0.5214918249684715,
    "RECEIVE_BOOT_COMPLETED":0.49480318157809144,
    "FOREGROUND_SERVICE":0.47961446678629954,
    "MODIFY_AUDIO_SETTINGS":0.4760547192892204,
    "BLUETOOTH_ADMIN":0.3971346527396633,
    "READ_LOGS":0.32626315979635945,
    "ACCESS_BACKGROUND_LOCATION":0.3248987906493398,
    "READ_CONTACTS":0.30178537939957406,
    "C2D_MESSAGE":0.29110097536049084,
    "REORDER_TASKS":0.2788663864519689,
    "QUERY_ALL_PACKAGES":0.2771716782428712,
    "GET_ACCOUNTS":0.23972464862763024,
    "RESTART_PACKAGES":0.234480516017143,
    "KILL_BACKGROUND_PROCESSES":0.2100457485190657,
    "BROADCAST_STICKY":0.20155500231409376,
    "CHANGE_CONFIGURATION":0.16956200825503537,
    "MANAGE_ACCOUNTS":0.1427649723599112,
    "DISABLE_KEYGUARD":0.14247248464869638,
    "NFC":0.12822489208063706,
    "USE_CREDENTIALS":0.1278326144444195,
    "USE_FINGERPRINT":0.12547378707926926,
    "WRITE_CONTACTS":0.10319998761228512,
    "INSTALL_SHORTCUT":0.10317417987306027,
    "AUTHENTICATE_ACCOUNTS":0.09744142073324942,
    "INSTALL_PACKAGES":0.0844102329406542,
    "READ_PRIVILEGED_PHONE_STATE":0.08347599278071503,
    "READ_SMS":0.08304586379363438,
    "RECEIVE_SMS":0.08048401554658206,
    "SEND_SMS":0.07722707885640741,
    "REQUEST_IGNORE_BATTERY_OPTIMIZATIONS":0.07316666121836611,
    "READ_CALENDAR":0.0695535777268887,
    "PROCESS_OUTGOING_CALLS":0.061198752281834225,
    "WRITE_CALENDAR":0.05985158829429766,
    "EXPAND_STATUS_BAR":0.05890702503866856,
    "GET_PACKAGE_SIZE":0.055894401613155724,
    "USE_BIOMETRIC":0.053582028178610165,
    "CHANGE_WIFI_MULTICAST_STATE":0.05117846739880353,
    "READ_PHONE_NUMBERS":0.048809316937963323,
    "UNINSTALL_SHORTCUT":0.04711804976076224,
    "MANAGE_EXTERNAL_STORAGE":0.044943317602082485,
    "READ_CALL_LOG":0.038355462035955315,
    "WRITE_SYNC_SETTINGS":0.037890922729908225,
    "SET_WALLPAPER":0.03641816107814409,
    "SET_DEBUG_APP":0.03573167521476338,
    "ACCESS_NOTIFICATION_POLICY":0.035096804829832344,
    "INTERACT_ACROSS_USERS_FULL":0.03442752412593487,
    "SCHEDULE_EXACT_ALARM":0.033964705335836086,
    "BLUETOOTH_CONNECT":0.03338145042935473,
    "BLUETOOTH_SCAN":0.03202568386207654,
    "INTERACT_ACROSS_USERS":0.028655193119312604,
    "ACTIVITY_RECOGNITION":0.028032366346019827,
    "WRITE_MEDIA_STORAGE":0.026759184544261114,
    "BLUETOOTH_PRIVILEGED":0.025325994759308405,
    "MOUNT_FORMAT_FILESYSTEMS":0.02278307218768763,
    "READ_SYNC_SETTINGS":0.0225525230506124,
    "BATTERY_STATS":0.021456554391530918,
    "WRITE_SMS":0.02141526200877118,
    "USE_FULL_SCREEN_INTENT":0.02128450279669866,
    "ACCESS_MEDIA_LOCATION":0.02127073866911208,
    "RECEIVE_MMS":0.02067199911909582,
    "READ_MEDIA_AUDIO":0.02054640145486827,
    "READ_MEDIA_VIDEO":0.02054640145486827,
    "DELETE_PACKAGES":0.018763946932406076,
    "BODY_SENSORS":0.016463617109498785,
    "READ_PROFILE":0.016356945120702786,
    "RECEIVE_WAP_PUSH":0.015849392915947624,
    "BLUETOOTH_ADVERTISE":0.015603359135337495,
    "READ_HISTORY_BOOKMARKS":0.015474320439213301,
    "REQUEST_DELETE_PACKAGES":0.014801598703419173,
    "ACCESS_MOCK_LOCATION":0.014216623280989495,
    "WRITE_CALL_LOG":0.013519814321918849,
    "MODIFY_PHONE_STATE":0.012275881291281621,
    "PACKAGE_USAGE_STATS":0.011277982041254525,
    "DEVICE_POWER":0.011277982041254523,
    "UPDATE_APP_OPS_STATS":0.010280082791227425,
    "SET_ALARM":0.010109751712343492,
    "WRITE_SECURE_SETTINGS":0.00938885552999633,
    "STATUS_BAR":0.007979752968320134,
    "STATUS_BAR_SERVICE":0.007979752968320134,
    "WRITE_USER_DICTIONARY":0.007152184797176973,
    "SET_WALLPAPER_HINTS":0.007152184797176973,
    "READ_SYNC_STATS":0.007152184797176973,
    "MEDIA_CONTENT_CONTROL":0.007152184797176973,
    "ADD_VOICEMAIL":0.0063676295247418755,
    "USE_SIP":0.0063676295247418755,
    "ANSWER_PHONE_CALLS":0.0063676295247418755,
    "ACCEPT_HANDOVER":0.0063676295247418755,
    "BIND_CALL_REDIRECTION_SERVICE":0.0063676295247418755,
    "LOCAL_MAC_ADDRESS":0.0063676295247418755,
    "BIND_NOTIFICATION_LISTENER_SERVICE":0.006278162695429101,
    "CAPTURE_AUDIO_OUTPUT":0.005058316888068391,
    "CAPTURE_VIDEO_OUTPUT":0.005058316888068391,
    "CAPTURE_SECURE_VIDEO_OUTPUT":0.005058316888068391,
    "WRITE_APN_SETTINGS":0.0034633986039733573,
    "CLEAR_APP_CACHE":0.003072841483704131,
    "DELETE_CACHE_FILES":0.003072841483704131,
    "READ_CELL_BROADCASTS":0.0023295785940287755,
    "MANAGE_DOCUMENTS":0.0023295785940287755
}