{
    "INTERNET":1.0,
    "ACCESS_NETWORK_STATE":0.9931660541153632,
    "ACCESS_WIFI_STATE":0.9931660541153632,
    "WRITE_EXTERNAL_STORAGE":0.9811517782164395,
    "READ_EXTERNAL_STORAGE":0.971037865485915,
    "REQUEST_INSTALL_PACKAGES":0.8887169685799351,
    "READ_PHONE_STATE":0.8762528219166128,
    "VIBRATE":0.8567952297340035,
    "CAMERA":0.8512059262975362,
    "CHANGE_WIFI_STATE":0.8261862955732717,
    "CHANGE_NETWORK_STATE":0.8251843106889293,
    "WAKE_LOCK":0.8123370922534979,
    "ACCESS_COARSE_LOCATION":0.7373654477441023,
    "ACCESS_FINE_LOCATION":0.7161697185172258,
    "GET_TASKS":0.698727002061226,
    "RECORD_AUDIO":0.6880855136160882,
    "MOUNT_UNMOUNT_FILESYSTEMS":0.6393481508948337,
    "WRITE_SETTINGS":0.6218154602859541,
    "SYSTEM_ALERT_WINDOW":0.6139372689300163,
    "CALL_PHONE":0.557800213756775,
    "MODIFY_AUDIO_SETTINGS":0.5378736653833988,
    "READ_CONTACTS":0.511837054082645,
    "BLUETOOTH":0.5046268526496025,
    "FOREGROUND_SERVICE":0.5039684054398916,
    "RECEIVE_BOOT_COMPLETED":0.5025778958044778,
    "FLASHLIGHT":0.46915113476492176,
    "ACCESS_LOCATION_EXTRA_COMMANDS":0.4342234412659635,
    "READ_LOGS":0.36096812188498567,
    "BLUETOOTH_ADMIN":0.35601545374237936,
    "C2D_MESSAGE":0.3336377913254009,
    "WRITE_CONTACTS":0.3181785959669766,
    "REORDER_TASKS":0.31776962254479607,
    "QUERY_ALL_PACKAGES":0.2523761355828688,
    "READ_CALL_LOG":0.23101954347660114,
    "GET_ACCOUNTS":0.2090058674053634,
    "BROADCAST_STICKY":0.19430599936745427,
    "RESTART_PACKAGES":0.1868463241468813,
    "DISABLE_KEYGUARD":0.17671196274524764,
    "INSTALL_SHORTCUT":0.17540324779426997,
    "WRITE_CALL_LOG":0.17442034833629605,
    "ACCESS_BACKGROUND_LOCATION":0.17173611944205108,
    "PROCESS_OUTGOING_CALLS":0.15722437917834506,
    "CHANGE_CONFIGURATION":0.1567308845822472,
    "KILL_BACKGROUND_PROCESSES":0.12661953475183488,
    "REQUEST_IGNORE_BATTERY_OPTIMIZATIONS":0.122148092002661,
    "READ_CALENDAR":0.11938343166872056,
    "UNINSTALL_SHORTCUT":0.11699093714896439,
    "MANAGE_ACCOUNTS":0.11041464452030136,
    "SEND_SMS":0.11037102068860212,
    "WRITE_CALENDAR":0.10186982648620935,
    "READ_SMS":0.10049158605346097,
    "CHANGE_WIFI_MULTICAST_STATE":0.0938989344879107,
    "USE_FINGERPRINT":0.09280152247172625,
    "EXPAND_STATUS_BAR":0.07452586347921866,
    "NFC":0.07329621672319585,
    "RECEIVE_SMS":0.07329621672319583,
    "USE_FULL_SCREEN_INTENT":0.06575202032870553,
    "READ_PROFILE":0.06300508217639293,
    "INSTALL_PACKAGES":0.062350724700904074,
    "USE_CREDENTIALS":0.06199355457886639,
    "READ_PRIVILEGED_PHONE_STATE":0.04959075392887132,
    "DEVICE_POWER":0.04833656876751768,
    "ACCESS_MOCK_LOCATION":0.04563870742586673,
    "AUTHENTICATE_ACCOUNTS":0.044619000359896584,
    "PACKAGE_USAGE_STATS":0.041914322794542644,
    "WRITE_SMS":0.039735857699060975,
    "ACCESS_NOTIFICATION_POLICY":0.039021517454985645,
    "MANAGE_EXTERNAL_STORAGE":0.0386098175433239,
    "WRITE_SYNC_SETTINGS":0.03494541568058629,
    "WRITE_MEDIA_STORAGE":0.034799548493341895,
    "RECEIVE_MMS":0.03323999651009345,
    "ANSWER_PHONE_CALLS":0.03246703674217223,
    "INTERACT_ACROSS_USERS":0.031437786963017876,
    "INTERACT_ACROSS_USERS_FULL":0.03029129813617178,
    "READ_PHONE_NUMBERS":0.030054093551307063,
    "USE_SIP":0.028086931390618682,
    "USE_BIOMETRIC":0.026046154013937797,
    "BATTERY_STATS":0.023705462794324526,
    "READ_SYNC_SETTINGS":0.02337283107761769,
    "WRITE_APN_SETTINGS":0.02126934444286913,
    "ACCESS_MEDIA_LOCATION":0.020985789536823958,
    "BIND_ACCESSIBILITY_SERVICE":0.02083855910483896,
    "SET_DEBUG_APP":0.01939760941402287,
    "READ_HISTORY_BOOKMARKS":0.018052086855048905,
    "MODIFY_PHONE_STATE":0.01722596054224422,
    "READ_MEDIA_AUDIO":0.017164614528917137,
    "READ_MEDIA_VIDEO":0.017164614528917137,
    "BLUETOOTH_CONNECT":0.017041922502262975,
    "BODY_SENSORS":0.016979213244195296,
    "REQUEST_DELETE_PACKAGES":0.01624987730797334,
    "SCHEDULE_EXACT_ALARM":0.013682887461420167,
    "GET_TOP_ACTIVITY_INFO":0.013474311016108092,
    "READ_SYNC_STATS":0.01310623493614561,
    "BIND_DEVICE_ADMIN":0.011991100738333345,
    "WRITE_GSERVICES":0.011312204857513653,
    "SET_ALARM":0.010946855267032372,
    "MANAGE_DOCUMENTS":0.010946855267032372,
    "SET_ACTIVITY_WATCHER":0.010079831612009635,
    "MOUNT_FORMAT_FILESYSTEMS":0.009275517215054579,
    "GET_PACKAGE_SIZE":0.008847458366505617,
    "UPDATE_APP_OPS_STATS":0.008847458366505617,
    "BROADCAST_SMS":0.008847458366505617,
    "LOCAL_MAC_ADDRESS":0.008847458366505617,
    "READ_PRECISE_PHONE_STATE":0.008364869728332584,
    "BLUETOOTH_SCAN":0.00832397238611453,
    "BLUETOOTH_ADVERTISE":0.00832397238611453,
    "WRITE_SECURE_SETTINGS":0.00832397238611453,
    "LOCATION_HARDWARE":0.008015879074738524,
    "ACCESS_CHECKIN_PROPERTIES":0.007859105929569319,
    "REAL_GET_TASKS":0.007109321322238334,
    "WRITE_HISTORY_BOOKMARKS":0.005667008386681641,
    "HARDWARE_TEST":0.005667008386681641,
    "SET_WALLPAPER":0.005667008386681641,
    "SET_WALLPAPER_HINTS":0.005667008386681641,
    "MANAGE_FINGERPRINT":0.005279846880350733,
    "RECEIVE_WAP_PUSH":0.004258776569639992,
    "ADD_VOICEMAIL":0.004258776569639992,
    "PEERS_MAC_ADDRESS":0.0026569639994328885,
    "REQUEST_COMPANION_RUN_IN_BACKGROUND":0.0023515971775380875,
    "REQUEST_COMPANION_USE_DATA_IN_BACKGROUND":0.0023515971775380875
}