{
    "INTERNET":1.0,
    "ACCESS_WIFI_STATE":0.9872324701718221,
    "WRITE_EXTERNAL_STORAGE":0.9859114038170623,
    "ACCESS_NETWORK_STATE":0.9809438609310255,
    "READ_EXTERNAL_STORAGE":0.9792907915701801,
    "CAMERA":0.9357094932022735,
    "READ_PHONE_STATE":0.7236901509016178,
    "WAKE_LOCK":0.7078498568497502,
    "REQUEST_INSTALL_PACKAGES":0.7060898241773207,
    "VIBRATE":0.68667667769176,
    "CHANGE_NETWORK_STATE":0.5667388553258704,
    "GET_TASKS":0.5278806122746657,
    "CHANGE_WIFI_STATE":0.4981823182700286,
    "MOUNT_UNMOUNT_FILESYSTEMS":0.44933620235791616,
    "RECORD_AUDIO":0.4439491410290429,
    "ACCESS_COARSE_LOCATION":0.40651476024243194,
    "MODIFY_AUDIO_SETTINGS":0.378682073087892,
    "ACCESS_FINE_LOCATION":0.3440551319468852,
    "SYSTEM_ALERT_WINDOW":0.3357244958485735,
    "FLASHLIGHT":0.3337574822225588,
    "WRITE_SETTINGS":0.3141498569886634,
    "RECEIVE_BOOT_COMPLETED":0.293329517845509,
    "QUERY_ALL_PACKAGES":0.25177774412986725,
    "READ_LOGS":0.23368844226689986,
    "REORDER_TASKS":0.2306226237127937,
    "BLUETOOTH":0.21342514582433283,
    "READ_MEDIA_AUDIO":0.20927580281521885,
    "READ_MEDIA_VIDEO":0.20927580281521885,
    "FOREGROUND_SERVICE":0.1963110159708726,
    "ACCESS_LOCATION_EXTRA_COMMANDS":0.18437974476053412,
    "CHANGE_CONFIGURATION":0.11139881618007622,
    "BLUETOOTH_ADMIN":0.11057089236573674,
    "RESTART_PACKAGES":0.09938558606865379,
    "MANAGE_ACCOUNTS":0.09592247521437812,
    "CALL_PHONE":0.0944805542088674,
    "DISABLE_KEYGUARD":0.09302196359635659,
    "USE_CREDENTIALS":0.08640829701905754,
    "C2D_MESSAGE":0.08552758611588433,
    "ACCESS_BACKGROUND_LOCATION":0.08463159473962768,
    "GET_ACCOUNTS":0.0794501252304226,
    "EXPAND_STATUS_BAR":0.07684133173490325,
    "BROADCAST_STICKY":0.0767788207086528,
    "MANAGE_EXTERNAL_STORAGE":0.0712167285062782,
    "READ_CONTACTS":0.0699192774281019,
    "KILL_BACKGROUND_PROCESSES":0.06791892458808708,
    "SET_WALLPAPER":0.05002410147345435,
    "READ_CALENDAR":0.03939583787695885,
    "WRITE_CALENDAR":0.03939583787695885,
    "READ_PRIVILEGED_PHONE_STATE":0.03828314160970061,
    "INTERACT_ACROSS_USERS_FULL":0.035243716600011396,
    "INSTALL_PACKAGES":0.03472556964909088,
    "USE_FINGERPRINT":0.03468945216725728,
    "BATTERY_STATS":0.033662882202833005,
    "REQUEST_IGNORE_BATTERY_OPTIMIZATIONS":0.030412308837808898,
    "READ_SMS":0.028625882620962308,
    "WRITE_CONTACTS":0.027910478653873673,
    "INSTALL_SHORTCUT":0.027153400669284723,
    "MODIFY_PHONE_STATE":0.02634353559586205,
    "UNINSTALL_SHORTCUT":0.026304639846195098,
    "NFC":0.02450571142409842,
    "AUTHENTICATE_ACCOUNTS":0.02336523247850663,
    "PACKAGE_USAGE_STATS":0.02306795782033776,
    "RECEIVE_SMS":0.022854031197169503,
    "SET_DEBUG_APP":0.022670665520168144,
    "USE_FULL_SCREEN_INTENT":0.02165104122532725,
    "WRITE_APN_SETTINGS":0.020991202614905686,
    "REQUEST_DELETE_PACKAGES":0.019559005546811732,
    "ACCESS_MEDIA_LOCATION":0.019472879243977764,
    "READ_CALL_LOG":0.01534715151144716,
    "ACCESS_MOCK_LOCATION":0.014441436197773777,
    "INTERACT_ACROSS_USERS":0.014048311299354192,
    "CAPTURE_AUDIO_OUTPUT":0.01333429646618223,
    "CHANGE_WIFI_MULTICAST_STATE":0.013023130468846589,
    "CAPTURE_VIDEO_OUTPUT":0.012075741137672897,
    "READ_PHONE_NUMBERS":0.011543702847585617,
    "READ_SYNC_SETTINGS":0.011543702847585617,
    "WRITE_SYNC_SETTINGS":0.011543702847585617,
    "SEND_SMS":0.011231147716333299,
    "RECEIVE_MMS":0.009575300087654351,
    "REQUEST_COMPANION_RUN_IN_BACKGROUND":0.009575300087654351,
    "REQUEST_COMPANION_USE_DATA_IN_BACKGROUND":0.009575300087654351,
    "READ_PROFILE":0.008444545079479298,
    "MANAGE_DOCUMENTS":0.008259790268561261,
    "CHANGE_COMPONENT_ENABLED_STATE":0.006792864852550381,
    "READ_FRAME_BUFFER":0.006792864852550381,
    "WRITE_MEDIA_STORAGE":0.006738688629799979,
    "BODY_SENSORS":0.006303889713880088,
    "UPDATE_DEVICE_STATS":0.006303889713880088,
    "SCHEDULE_EXACT_ALARM":0.006303889713880088,
    "OBSERVE_GRANT_REVOKE_PERMISSIONS":0.006303889713880088,
    "MEDIA_CONTENT_CONTROL":0.006088573956795158,
    "ACTIVITY_RECOGNITION":0.005771851423792809,
    "REAL_GET_TASKS":0.005771851423792809,
    "READ_SYNC_STATS":0.005771851423792809,
    "GET_PACKAGE_SIZE":0.005771851423792809,
    "CAPTURE_SECURE_VIDEO_OUTPUT":0.005771851423792809,
    "READ_HISTORY_BOOKMARKS":0.003753439842861172,
    "SET_ALARM":0.0026726936556864893,
    "BIND_JOB_SERVICE":0.0016558476286789477,
    "LOCAL_MAC_ADDRESS":0.0008487608230896284
}