{
    "INTERNET":1.0,
    "ACCESS_NETWORK_STATE":1.0,
    "ACCESS_WIFI_STATE":1.0,
    "WRITE_EXTERNAL_STORAGE":0.992721264624453,
    "READ_EXTERNAL_STORAGE":0.921640717255614,
    "READ_PHONE_STATE":0.8939547299375824,
    "REQUEST_INSTALL_PACKAGES":0.879141734393141,
    "WAKE_LOCK":0.8580274478282874,
    "VIBRATE":0.8049229456302781,
    "ACCESS_COARSE_LOCATION":0.7117308207555595,
    "CHANGE_WIFI_STATE":0.704980500729362,
    "CAMERA":0.6956774135929265,
    "GET_TASKS":0.6917874827582786,
    "CHANGE_NETWORK_STATE":0.6816384348982367,
    "ACCESS_FINE_LOCATION":0.6334186736526648,
    "WRITE_SETTINGS":0.501148621158445,
    "RECORD_AUDIO":0.4984767745328608,
    "MOUNT_UNMOUNT_FILESYSTEMS":0.48086789120101603,
    "RECEIVE_BOOT_COMPLETED":0.436592638901293,
    "SYSTEM_ALERT_WINDOW":0.4316756472467825,
    "FLASHLIGHT":0.4295074077381838,
    "FOREGROUND_SERVICE":0.42683556111259957,
    "BLUETOOTH":0.387204409911385,
    "MODIFY_AUDIO_SETTINGS":0.35358677423516216,
    "READ_LOGS":0.3419095392615086,
    "CALL_PHONE":0.3183293143996904,
    "BLUETOOTH_ADMIN":0.301454754745815,
    "REORDER_TASKS":0.28103013704067564,
    "QUERY_ALL_PACKAGES":0.2791248647951336,
    "ACCESS_LOCATION_EXTRA_COMMANDS":0.26551754934357424,
    "GET_ACCOUNTS":0.21675448780923473,
    "C2D_MESSAGE":0.20863227253331756,
    "CHANGE_CONFIGURATION":0.19708900201442855,
    "BROADCAST_STICKY":0.18079743582110294,
    "DISABLE_KEYGUARD":0.1791005527274171,
    "RESTART_PACKAGES":0.16547835233643937,
    "CHANGE_WIFI_MULTICAST_STATE":0.12616474650948176,
    "READ_CONTACTS":0.12020580909569036,
    "MANAGE_ACCOUNTS":0.11643991942286133,
    "ACCESS_BACKGROUND_LOCATION":0.11523175850674294,
    "KILL_BACKGROUND_PROCESSES":0.11347037400891115,
    "REQUEST_IGNORE_BATTERY_OPTIMIZATIONS":0.1028127573854108,
    "USE_CREDENTIALS":0.09678187609776433,
    "NFC":0.09664791164299966,
    "INSTALL_SHORTCUT":0.08444970378970562,
    "USE_FINGERPRINT":0.08393865420301076,
    "EXPAND_STATUS_BAR":0.0798750657418158,
    "INTERACT_ACROSS_USERS_FULL":0.07729500957597772,
    "AUTHENTICATE_ACCOUNTS":0.07487620692050453,
    "UNINSTALL_SHORTCUT":0.07027924146348727,
    "SEND_SMS":0.06524565111686664,
    "READ_PRIVILEGED_PHONE_STATE":0.0631096623103411,
    "INSTALL_PACKAGES":0.059973901739553276,
    "INTERACT_ACROSS_USERS":0.04135780417373703,
    "WRITE_SYNC_SETTINGS":0.040137239141436715,
    "MANAGE_EXTERNAL_STORAGE":0.03918212219542935,
    "READ_CALENDAR":0.03547825310350988,
    "WRITE_CALENDAR":0.03547825310350988,
    "BATTERY_STATS":0.03306441209450946,
    "ACCESS_NOTIFICATION_POLICY":0.033012314806545415,
    "WRITE_CONTACTS":0.032461572048068446,
    "SET_DEBUG_APP":0.032201085608248255,
    "INJECT_EVENTS":0.030863921883837946,
    "READ_SYNC_SETTINGS":0.02984182271044825,
    "BLUETOOTH_PRIVILEGED":0.029767398013356764,
    "READ_HISTORY_BOOKMARKS":0.02786956823752395,
    "SET_WALLPAPER":0.027440385817629736,
    "CAPTURE_VIDEO_OUTPUT":0.025840254830162848,
    "RECEIVE_SMS":0.025182836672521417,
    "READ_PHONE_NUMBERS":0.025182836672521417,
    "WRITE_APN_SETTINGS":0.024443551348079354,
    "WRITE_MEDIA_STORAGE":0.023426413821162426,
    "PROCESS_OUTGOING_CALLS":0.02216615561707998,
    "ACCESS_MOCK_LOCATION":0.02056850545284948,
    "ACTIVITY_RECOGNITION":0.019238784198148322,
    "BODY_SENSORS":0.018888988121818353,
    "READ_CALL_LOG":0.018239012433886072,
    "USE_FULL_SCREEN_INTENT":0.0169390610580215,
    "READ_SMS":0.014887420241532955,
    "ACCESS_MEDIA_LOCATION":0.014887420241532955,
    "WRITE_CALL_LOG":0.014887420241532955,
    "ADD_VOICEMAIL":0.014887420241532955,
    "USE_SIP":0.014887420241532955,
    "READ_MEDIA_AUDIO":0.01268196838438868,
    "READ_MEDIA_VIDEO":0.01268196838438868,
    "READ_PROFILE":0.010295416430988464,
    "WRITE_SMS":0.010295416430988464,
    "SET_ALARM":0.010295416430988464,
    "NFC_TRANSACTION_EVENT":0.010295416430988464,
    "START_ACTIVITIES_FROM_BACKGROUND":0.010295416430988464,
    "SIGNAL_PERSISTENT_PROCESSES":0.010295416430988464,
    "BIND_ACCESSIBILITY_SERVICE":0.010295416430988464,
    "CAPTURE_AUDIO_OUTPUT":0.010295416430988464,
    "DEVICE_POWER":0.010295416430988464,
    "PACKAGE_USAGE_STATS":0.010295416430988464,
    "BIND_JOB_SERVICE":0.00925098984847132,
    "BIND_NOTIFICATION_LISTENER_SERVICE":0.00925098984847132,
    "USE_BIOMETRIC":0.007278735375547025,
    "REQUEST_DELETE_PACKAGES":0.007278735375547025,
    "BLUETOOTH_CONNECT":0.007149732567255121,
    "WRITE_SECURE_SETTINGS":0.007149732567255121,
    "RECEIVE_WAP_PUSH":0.0045920038105444925,
    "RECEIVE_MMS":0.0045920038105444925,
    "ANSWER_PHONE_CALLS":0.0045920038105444925,
    "ACCEPT_HANDOVER":0.0045920038105444925,
    "BIND_CALL_REDIRECTION_SERVICE":0.0045920038105444925
}