{
    "INTERNET":0.989230249831195,
    "ACCESS_NETWORK_STATE":0.989230249831195,
    "ACCESS_WIFI_STATE":0.9527320417597255,
    "READ_EXTERNAL_STORAGE":0.9394354126629612,
    "WRITE_EXTERNAL_STORAGE":0.9394354126629612,
    "CAMERA":0.8507505323845628,
    "RECORD_AUDIO":0.7763517373915748,
    "WAKE_LOCK":0.7399626032306648,
    "READ_PHONE_STATE":0.731431465226198,
    "REQUEST_INSTALL_PACKAGES":0.6830935438632936,
    "VIBRATE":0.6746662857736452,
    "FOREGROUND_SERVICE":0.6632914351010227,
    "ACCESS_COARSE_LOCATION":0.6378486469641091,
    "GET_TASKS":0.6281878148859913,
    "CHANGE_NETWORK_STATE":0.6054952474938965,
    "ACCESS_FINE_LOCATION":0.5968472445852591,
    "CHANGE_WIFI_STATE":0.5851581571703107,
    "MODIFY_AUDIO_SETTINGS":0.5181660001038796,
    "RECEIVE_BOOT_COMPLETED":0.5039214667843969,
    "WRITE_SETTINGS":0.46889056250973826,
    "C2D_MESSAGE":0.4317872539344514,
    "SYSTEM_ALERT_WINDOW":0.42177323014595086,
    "MOUNT_UNMOUNT_FILESYSTEMS":0.40295538357658506,
    "BLUETOOTH":0.3695813639432812,
    "QUERY_ALL_PACKAGES":0.35570041032566324,
    "ACCESS_LOCATION_EXTRA_COMMANDS":0.33693450371370665,
    "REORDER_TASKS":0.330699111826728,
    "FLASHLIGHT":0.2648288578403364,
    "READ_LOGS":0.23241572741910332,
    "INSTALL_SHORTCUT":0.20512387679842087,
    "RESTART_PACKAGES":0.20451877629460327,
    "UNINSTALL_SHORTCUT":0.18358437646081116,
    "BLUETOOTH_ADMIN":0.1831662598036668,
    "ACCESS_BACKGROUND_LOCATION":0.17502467147976924,
    "READ_CALENDAR":0.17440398898872886,
    "CALL_PHONE":0.17081234093388029,
    "CHANGE_CONFIGURATION":0.17067210304887537,
    "WRITE_CALENDAR":0.163634238819924,
    "KILL_BACKGROUND_PROCESSES":0.1624993507505323,
    "REQUEST_IGNORE_BATTERY_OPTIMIZATIONS":0.11037500649249458,
    "BLUETOOTH_CONNECT":0.10434218043941194,
    "READ_PRIVILEGED_PHONE_STATE":0.09952215239183497,
    "DISABLE_KEYGUARD":0.09783150677816435,
    "GET_ACCOUNTS":0.09628629304523961,
    "WRITE_SYNC_SETTINGS":0.09516438996520016,
    "AUTHENTICATE_ACCOUNTS":0.09375941411728035,
    "READ_CONTACTS":0.09322443255596526,
    "USE_CREDENTIALS":0.08580480964005603,
    "SET_WALLPAPER":0.08448813171973191,
    "BROADCAST_STICKY":0.0800498623591128,
    "EXPAND_STATUS_BAR":0.0643821742066171,
    "ACTIVITY_RECOGNITION":0.05788448553472183,
    "READ_PHONE_NUMBERS":0.050072715940372894,
    "PACKAGE_USAGE_STATS":0.04612527917727104,
    "MANAGE_ACCOUNTS":0.04481379525268786,
    "INTERACT_ACROSS_USERS_FULL":0.043079000675219414,
    "INTERACT_ACROSS_USERS":0.036986443671116156,
    "USE_FINGERPRINT":0.03230925050641456,
    "USE_BIOMETRIC":0.03230925050641456,
    "ACCESS_NOTIFICATION_POLICY":0.032062535708720696,
    "MANAGE_EXTERNAL_STORAGE":0.03046278502051626,
    "BLUETOOTH_PRIVILEGED":0.02842414169220379,
    "OBSERVE_GRANT_REVOKE_PERMISSIONS":0.025053238456344447,
    "READ_SMS":0.02270295538357657,
    "READ_SYNC_SETTINGS":0.02270295538357657,
    "READ_SYNC_STATS":0.02270295538357657,
    "READ_CALL_LOG":0.021539500337609707,
    "READ_HISTORY_BOOKMARKS":0.021539500337609707,
    "NFC":0.021539500337609707,
    "DEVICE_POWER":0.021539500337609707,
    "READ_MEDIA_AUDIO":0.021539500337609707,
    "READ_MEDIA_VIDEO":0.021539500337609707,
    "RECEIVE_SMS":0.021523918350386938,
    "PROCESS_OUTGOING_CALLS":0.021523918350386938,
    "BODY_SENSORS":0.021523918350386938,
    "SCHEDULE_EXACT_ALARM":0.020134524489689904,
    "READ_CLIPBOARD_IN_BACKGROUND":0.017654391523398937,
    "WRITE_APN_SETTINGS":0.01704929101958135,
    "SET_WALLPAPER_HINTS":0.015221004518776282,
    "WRITE_CONTACTS":0.010769750168804854,
    "SEND_SMS":0.010769750168804854,
    "ANSWER_PHONE_CALLS":0.010769750168804854,
    "SET_ALARM":0.010769750168804854,
    "CHANGE_WIFI_MULTICAST_STATE":0.010769750168804854,
    "GET_PACKAGE_SIZE":0.010769750168804854,
    "BIND_JOB_SERVICE":0.010769750168804854,
    "CAPTURE_VIDEO_OUTPUT":0.010769750168804854,
    "BROADCAST_CLOSE_SYSTEM_DIALOGS":0.010769750168804854,
    "BIND_NOTIFICATION_LISTENER_SERVICE":0.010769750168804854,
    "WRITE_MEDIA_STORAGE":0.009466057237833057,
    "CLEAR_APP_CACHE":0.009364774320885049,
    "INSTALL_PACKAGES":0.009027164597725023,
    "ACCESS_MEDIA_LOCATION":0.005889991170207236,
    "BLUETOOTH_SCAN":0.005889991170207236
}