{
    "INTERNET":0.9905688678558685,
    "ACCESS_NETWORK_STATE":0.9905688678558685,
    "ACCESS_WIFI_STATE":0.9905688678558685,
    "WRITE_EXTERNAL_STORAGE":0.9736876205961865,
    "READ_EXTERNAL_STORAGE":0.9428149967959356,
    "READ_PHONE_STATE":0.8878630755111858,
    "REQUEST_INSTALL_PACKAGES":0.8622465372141858,
    "CAMERA":0.8113436301249494,
    "WAKE_LOCK":0.7858087466517082,
    "CHANGE_WIFI_STATE":0.7577975918927409,
    "VIBRATE":0.7371619978450226,
    "GET_TASKS":0.701123818889601,
    "CHANGE_NETWORK_STATE":0.6918222694005649,
    "ACCESS_COARSE_LOCATION":0.6518078555490666,
    "ACCESS_FINE_LOCATION":0.6459287082384391,
    "MOUNT_UNMOUNT_FILESYSTEMS":0.6360981774998358,
    "SYSTEM_ALERT_WINDOW":0.5666258984249494,
    "RECORD_AUDIO":0.5084592622309164,
    "WRITE_SETTINGS":0.5064232169515414,
    "FOREGROUND_SERVICE":0.49742876060403274,
    "BLUETOOTH":0.442077440724811,
    "MODIFY_AUDIO_SETTINGS":0.440934273192189,
    "FLASHLIGHT":0.4109243503559974,
    "RECEIVE_BOOT_COMPLETED":0.3972471673764128,
    "ACCESS_LOCATION_EXTRA_COMMANDS":0.3682064517961399,
    "READ_LOGS":0.30757064473583784,
    "CALL_PHONE":0.2719904428354105,
    "BLUETOOTH_ADMIN":0.27087922719034624,
    "C2D_MESSAGE":0.2705206560077536,
    "QUERY_ALL_PACKAGES":0.22266560397055454,
    "ACCESS_BACKGROUND_LOCATION":0.21398356607916613,
    "BROADCAST_STICKY":0.2109197350833501,
    "RESTART_PACKAGES":0.20422758974486424,
    "REORDER_TASKS":0.19541241898865178,
    "GET_ACCOUNTS":0.19303910378505618,
    "READ_CONTACTS":0.180496212813772,
    "CHANGE_CONFIGURATION":0.1737206375466631,
    "NFC":0.15655892371841873,
    "DISABLE_KEYGUARD":0.1542512873948029,
    "MANAGE_ACCOUNTS":0.1439219521893256,
    "EXPAND_STATUS_BAR":0.14124509405393126,
    "USE_FINGERPRINT":0.11174285120893518,
    "INSTALL_SHORTCUT":0.1072198840146482,
    "KILL_BACKGROUND_PROCESSES":0.10428208546419884,
    "READ_CALENDAR":0.10066619685557926,
    "USE_CREDENTIALS":0.09878281059453589,
    "READ_PRIVILEGED_PHONE_STATE":0.09200013490796972,
    "SEND_SMS":0.09075401129321717,
    "WRITE_CALENDAR":0.07858211723857589,
    "WRITE_CONTACTS":0.07740522271353183,
    "RECEIVE_SMS":0.07126691009271376,
    "READ_SMS":0.07126691009271376,
    "REQUEST_IGNORE_BATTERY_OPTIMIZATIONS":0.0662664396899247,
    "INTERACT_ACROSS_USERS_FULL":0.06612798151050775,
    "CHANGE_WIFI_MULTICAST_STATE":0.06500256502652896,
    "UNINSTALL_SHORTCUT":0.06383987134039945,
    "WRITE_SYNC_SETTINGS":0.06292214212554607,
    "PACKAGE_USAGE_STATS":0.061688444244843786,
    "AUTHENTICATE_ACCOUNTS":0.060758289295940175,
    "READ_SYNC_SETTINGS":0.05555545693861866,
    "SET_WALLPAPER":0.05514718281982511,
    "SET_ALARM":0.04791718070745031,
    "ACCESS_NOTIFICATION_POLICY":0.047748545745339925,
    "INSTALL_PACKAGES":0.04710950799418477,
    "READ_PROFILE":0.044508979367956183,
    "READ_CALL_LOG":0.042011406823858136,
    "WRITE_MEDIA_STORAGE":0.04199543088007925,
    "MANAGE_EXTERNAL_STORAGE":0.040786584467477426,
    "BLUETOOTH_CONNECT":0.04063747565887456,
    "CLEAR_APP_CACHE":0.038312088286615545,
    "ACTIVITY_RECOGNITION":0.03796594283807317,
    "GET_PACKAGE_SIZE":0.03787008717539991,
    "READ_PHONE_NUMBERS":0.037603821445751924,
    "READ_HISTORY_BOOKMARKS":0.037026912364847966,
    "RECEIVE_MMS":0.03462874569315184,
    "SET_WALLPAPER_HINTS":0.03292997033799773,
    "INTERACT_ACROSS_USERS":0.03249151943651072,
    "BATTERY_STATS":0.032235904336048664,
    "ADD_VOICEMAIL":0.03130752449200938,
    "READ_SYNC_STATS":0.03130752449200938,
    "USE_FULL_SCREEN_INTENT":0.030615233594924633,
    "MANAGE_DOCUMENTS":0.03025311220260338,
    "WRITE_APN_SETTINGS":0.02972413095303606,
    "BLUETOOTH_SCAN":0.02743247057319912,
    "BLUETOOTH_ADVERTISE":0.02743247057319912,
    "DEVICE_POWER":0.027278036450003294,
    "PROCESS_OUTGOING_CALLS":0.02631415450867761,
    "READ_SOCIAL_STREAM":0.025373348930588086,
    "ACCESS_MOCK_LOCATION":0.024457394820599037,
    "USE_SIP":0.023940839305081958,
    "BODY_SENSORS":0.023940839305081958,
    "WRITE_PROFILE":0.023940839305081958,
    "WRITE_SOCIAL_STREAM":0.023940839305081958,
    "READ_USER_DICTIONARY":0.023940839305081958,
    "WRITE_USER_DICTIONARY":0.023940839305081958,
    "PERSISTENT_ACTIVITY":0.023940839305081958,
    "STATUS_BAR_SERVICE":0.02324854840799721,
    "CAPTURE_AUDIO_OUTPUT":0.02324854840799721,
    "CAPTURE_VIDEO_OUTPUT":0.02324854840799721,
    "MODIFY_PHONE_STATE":0.022886427015675958,
    "ANSWER_PHONE_CALLS":0.022084079617003382,
    "SET_DEBUG_APP":0.021414865083154794,
    "RECEIVE_WAP_PUSH":0.019911351263075874,
    "READ_CELL_BROADCASTS":0.019911351263075874,
    "WRITE_CALL_LOG":0.019911351263075874,
    "WRITE_SMS":0.019911351263075874,
    "WRITE_HISTORY_BOOKMARKS":0.019911351263075874,
    "SUBSCRIBED_FEEDS_READ":0.019911351263075874,
    "SUBSCRIBED_FEEDS_WRITE":0.019911351263075874,
    "BIND_DIRECTORY_SEARCH":0.019911351263075874,
    "ACCOUNT_MANAGER":0.019911351263075874,
    "TRANSMIT_IR":0.019911351263075874,
    "GET_INTENT_SENDER_INTENT":0.019911351263075874,
    "UPDATE_APP_OPS_STATS":0.019911351263075874,
    "CLEAR_APP_USER_DATA":0.019911351263075874,
    "DELETE_PACKAGES":0.019911351263075874,
    "BIND_APPWIDGET":0.019911351263075874,
    "ACCESS_CACHE_FILESYSTEM":0.019911351263075874,
    "READ_INSTALL_SESSIONS":0.019911351263075874,
    "REQUEST_DELETE_PACKAGES":0.017090709633671614,
    "READ_MEDIA_AUDIO":0.016810243065109077,
    "READ_MEDIA_VIDEO":0.016810243065109077,
    "SYSTEM_CAMERA":0.01588186322106979,
    "CAMERA_OPEN_CLOSE_LISTENER":0.01588186322106979,
    "LOCATION_HARDWARE":0.01588186322106979,
    "ACCESS_CONTEXT_HUB":0.01588186322106979,
    "MANAGE_USERS":0.01588186322106979,
    "CREATE_USERS":0.01588186322106979,
    "SYSTEM_APPLICATION_OVERLAY":0.01588186322106979,
    "SET_TIME":0.01588186322106979,
    "SET_TIME_ZONE":0.01588186322106979,
    "WRITE_SECURE_SETTINGS":0.01588186322106979,
    "SIGNAL_PERSISTENT_PROCESSES":0.01588186322106979,
    "UPDATE_DEVICE_STATS":0.01588186322106979,
    "GRANT_RUNTIME_PERMISSIONS":0.01588186322106979,
    "BACKUP":0.01588186322106979,
    "LOCAL_MAC_ADDRESS":0.01588186322106979,
    "GET_TOP_ACTIVITY_INFO":0.014733370373854839,
    "USE_BIOMETRIC":0.014717394430075961,
    "WRITE_VOICEMAIL":0.007366685186927419,
    "READ_VOICEMAIL":0.007366685186927419,
    "BLUETOOTH_PRIVILEGED":0.007366685186927419,
    "HARDWARE_TEST":0.007366685186927419,
    "STATUS_BAR":0.007366685186927419,
    "SCHEDULE_EXACT_ALARM":0.007366685186927419,
    "CAPTURE_SECURE_VIDEO_OUTPUT":0.007366685186927419,
    "CALL_PRIVILEGED":0.007366685186927419,
    "ACCESS_MEDIA_LOCATION":0.004957867886045369,
    "BIND_VPN_SERVICE":0.004029488042006083
}