{
    "INTERNET":1.0,
    "ACCESS_NETWORK_STATE":1.0,
    "WRITE_EXTERNAL_STORAGE":0.991595434210486,
    "ACCESS_WIFI_STATE":0.9775034536178361,
    "READ_EXTERNAL_STORAGE":0.9611715769539241,
    "VIBRATE":0.9407502508256662,
    "READ_PHONE_STATE":0.933563981129371,
    "CAMERA":0.9253500123506864,
    "WAKE_LOCK":0.8479752498345617,
    "ACCESS_COARSE_LOCATION":0.8470070170195507,
    "CHANGE_WIFI_STATE":0.8278756514605828,
    "ACCESS_FINE_LOCATION":0.8258766700110086,
    "GET_TASKS":0.7908327412119529,
    "CHANGE_NETWORK_STATE":0.7567494213474751,
    "REQUEST_INSTALL_PACKAGES":0.7454340580085815,
    "RECORD_AUDIO":0.717702955321011,
    "WRITE_SETTINGS":0.6952277558040603,
    "MOUNT_UNMOUNT_FILESYSTEMS":0.678122817664226,
    "BLUETOOTH":0.6763205323298273,
    "SYSTEM_ALERT_WINDOW":0.6555973005364161,
    "BLUETOOTH_ADMIN":0.584173739086415,
    "MODIFY_AUDIO_SETTINGS":0.5663201358880448,
    "FOREGROUND_SERVICE":0.552947849608285,
    "RECEIVE_BOOT_COMPLETED":0.5385875084243877,
    "ACCESS_LOCATION_EXTRA_COMMANDS":0.486803062970203,
    "FLASHLIGHT":0.46783484845250484,
    "READ_LOGS":0.4377144216371825,
    "CALL_PHONE":0.40635892619168884,
    "C2D_MESSAGE":0.27481954275014714,
    "READ_CONTACTS":0.2502325283532114,
    "ACCESS_BACKGROUND_LOCATION":0.2432246574590522,
    "DISABLE_KEYGUARD":0.238336225325311,
    "GET_ACCOUNTS":0.22291463998511823,
    "QUERY_ALL_PACKAGES":0.22236267104175758,
    "REORDER_TASKS":0.21921248364677656,
    "BROADCAST_STICKY":0.17783768453602597,
    "CHANGE_WIFI_MULTICAST_STATE":0.1647291845192534,
    "USE_CREDENTIALS":0.16010758820067278,
    "MANAGE_ACCOUNTS":0.15203999792630452,
    "RESTART_PACKAGES":0.1382712698640205,
    "READ_CALENDAR":0.1311871601655297,
    "WRITE_CALENDAR":0.1311871601655297,
    "CHANGE_CONFIGURATION":0.12474345642342421,
    "WRITE_CONTACTS":0.12150025768715865,
    "KILL_BACKGROUND_PROCESSES":0.11689848345770423,
    "USE_FINGERPRINT":0.09177169832610081,
    "SET_DEBUG_APP":0.08789876706605634,
    "NFC":0.08644565545549636,
    "INSTALL_SHORTCUT":0.08575035755999232,
    "READ_SMS":0.07568988494039651,
    "AUTHENTICATE_ACCOUNTS":0.07267235306495241,
    "RECEIVE_SMS":0.06690869945748468,
    "PROCESS_OUTGOING_CALLS":0.06321416699957612,
    "REQUEST_IGNORE_BATTERY_OPTIMIZATIONS":0.06231454910846343,
    "READ_CALL_LOG":0.05802077964850862,
    "USE_FULL_SCREEN_INTENT":0.05797198681373641,
    "BLUETOOTH_PRIVILEGED":0.0577264978637887,
    "USE_BIOMETRIC":0.05454276539490176,
    "ACTIVITY_RECOGNITION":0.0530667821430423,
    "UNINSTALL_SHORTCUT":0.048852301039592344,
    "SEND_SMS":0.04792676195500691,
    "BODY_SENSORS":0.0445615811318108,
    "INSTALL_PACKAGES":0.0423720026714077,
    "READ_PRIVILEGED_PHONE_STATE":0.0408990689717215,
    "DEVICE_POWER":0.03952372094157973,
    "READ_MEDIA_AUDIO":0.03914710124818171,
    "READ_MEDIA_VIDEO":0.03914710124818171,
    "INTERACT_ACROSS_USERS_FULL":0.034368452992678024,
    "WRITE_MEDIA_STORAGE":0.03410771628186401,
    "WRITE_SMS":0.03383478136235694,
    "EXPAND_STATUS_BAR":0.03321877182335774,
    "INTERACT_ACROSS_USERS":0.030376589197876294,
    "MANAGE_EXTERNAL_STORAGE":0.024010649036189036,
    "READ_PROFILE":0.023463254421088268,
    "ACCESS_NOTIFICATION_POLICY":0.023190319501581194,
    "WRITE_APN_SETTINGS":0.023056139205957605,
    "BATTERY_STATS":0.021846991769258684,
    "READ_PHONE_NUMBERS":0.020183461058743527,
    "ANSWER_PHONE_CALLS":0.020169738073963838,
    "SET_WALLPAPER":0.019600996593650225,
    "GET_PACKAGE_SIZE":0.019512559580625588,
    "SCHEDULE_EXACT_ALARM":0.01875474586556964,
    "ACCESS_MOCK_LOCATION":0.01872577511992364,
    "BLUETOOTH_CONNECT":0.018486385274322465,
    "CAPTURE_VIDEO_OUTPUT":0.01769045215710073,
    "HARDWARE_TEST":0.016769487400775197,
    "PACKAGE_USAGE_STATS":0.01614737875742947,
    "INSTANT_APP_FOREGROUND_SERVICE":0.012507738238639658,
    "WRITE_SYNC_SETTINGS":0.009807359789214954,
    "RECEIVE_WAP_PUSH":0.007140526413696149,
    "RECEIVE_MMS":0.007140526413696149,
    "READ_CELL_BROADCASTS":0.007140526413696149,
    "WRITE_CALL_LOG":0.007140526413696149,
    "ADD_VOICEMAIL":0.007140526413696149,
    "USE_SIP":0.007140526413696149,
    "ACCESS_MEDIA_LOCATION":0.006340018968214518,
    "BLUETOOTH_SCAN":0.006340018968214518,
    "BLUETOOTH_ADVERTISE":0.006340018968214518,
    "TRANSMIT_IR":0.006340018968214518,
    "SET_TIME":0.006340018968214518,
    "SET_TIME_ZONE":0.006340018968214518,
    "MOUNT_FORMAT_FILESYSTEMS":0.006340018968214518,
    "CLEAR_APP_CACHE":0.006340018968214518,
    "GET_TOP_ACTIVITY_INFO":0.006340018968214518,
    "REQUEST_DELETE_PACKAGES":0.006340018968214518,
    "CHANGE_COMPONENT_ENABLED_STATE":0.006340018968214518,
    "BROADCAST_WAP_PUSH":0.006340018968214518,
    "WRITE_SECURE_SETTINGS":0.006248532403016617,
    "REAL_GET_TASKS":0.00568741480313616,
    "CAPTURE_AUDIO_OUTPUT":0.0036899581296486613
}