{
    "INTERNET":1.0,
    "ACCESS_NETWORK_STATE":1.0,
    "ACCESS_WIFI_STATE":1.0,
    "WRITE_EXTERNAL_STORAGE":0.9969316863006947,
    "READ_EXTERNAL_STORAGE":0.9875064443672256,
    "READ_PHONE_STATE":0.9074463953559676,
    "ACCESS_FINE_LOCATION":0.8905581787252987,
    "VIBRATE":0.8287013379301262,
    "ACCESS_COARSE_LOCATION":0.8233686950241539,
    "GET_TASKS":0.8179247661290875,
    "CHANGE_WIFI_STATE":0.8089128721551104,
    "CAMERA":0.804706715995885,
    "REQUEST_INSTALL_PACKAGES":0.8022947625179706,
    "WAKE_LOCK":0.7190437581051407,
    "MOUNT_UNMOUNT_FILESYSTEMS":0.7068568067280332,
    "WRITE_SETTINGS":0.6607298998198987,
    "RECORD_AUDIO":0.5883758377677395,
    "CHANGE_NETWORK_STATE":0.5798976623128865,
    "SYSTEM_ALERT_WINDOW":0.5790914066776137,
    "ACCESS_LOCATION_EXTRA_COMMANDS":0.5677084397931447,
    "BLUETOOTH":0.5447381031870947,
    "FLASHLIGHT":0.5317562518878876,
    "CALL_PHONE":0.4169863299924826,
    "MODIFY_AUDIO_SETTINGS":0.3833211827202384,
    "RECEIVE_BOOT_COMPLETED":0.37633969026156755,
    "FOREGROUND_SERVICE":0.3747953132700592,
    "READ_LOGS":0.33418046953602837,
    "ACCESS_BACKGROUND_LOCATION":0.289148253377757,
    "BLUETOOTH_ADMIN":0.25081363684883506,
    "C2D_MESSAGE":0.24420006949696468,
    "READ_CONTACTS":0.2022066421837491,
    "QUERY_ALL_PACKAGES":0.20162295852666443,
    "KILL_BACKGROUND_PROCESSES":0.1946278392121861,
    "DISABLE_KEYGUARD":0.19220225887846443,
    "BROADCAST_STICKY":0.1904534790498449,
    "USE_FINGERPRINT":0.18279972837134098,
    "NFC":0.1505699432441456,
    "INSTALL_SHORTCUT":0.14454005954935994,
    "GET_ACCOUNTS":0.13733826625513568,
    "MANAGE_ACCOUNTS":0.12528985457873715,
    "RESTART_PACKAGES":0.11303931120786181,
    "CHANGE_CONFIGURATION":0.10752951917639286,
    "MANAGE_EXTERNAL_STORAGE":0.10448618804606791,
    "REORDER_TASKS":0.101124896946903,
    "USE_BIOMETRIC":0.09265126377731905,
    "WRITE_CONTACTS":0.09172917986768328,
    "READ_CALENDAR":0.0876388519828211,
    "WRITE_CALENDAR":0.0876388519828211,
    "UNINSTALL_SHORTCUT":0.08219038080248556,
    "EXPAND_STATUS_BAR":0.07993286502372211,
    "USE_CREDENTIALS":0.07073700849634462,
    "BATTERY_STATS":0.06534531588187337,
    "INSTALL_PACKAGES":0.06158657482165855,
    "REQUEST_IGNORE_BATTERY_OPTIMIZATIONS":0.0581821320124368,
    "CHANGE_WIFI_MULTICAST_STATE":0.05735316495081842,
    "READ_SMS":0.0568012772906177,
    "AUTHENTICATE_ACCOUNTS":0.055293238581262644,
    "WRITE_APN_SETTINGS":0.052029606615384284,
    "USE_FULL_SCREEN_INTENT":0.05124152012118819,
    "READ_HISTORY_BOOKMARKS":0.05048068733860694,
    "INTERACT_ACROSS_USERS_FULL":0.04514577328999995,
    "SEND_SMS":0.04393525426577367,
    "PROCESS_OUTGOING_CALLS":0.03983129952510409,
    "WRITE_MEDIA_STORAGE":0.03770096773387661,
    "DEVICE_POWER":0.03493925829023841,
    "CAPTURE_VIDEO_OUTPUT":0.034918818006527276,
    "RECEIVE_SMS":0.03134403949971271,
    "WRITE_SMS":0.03134403949971271,
    "READ_PRIVILEGED_PHONE_STATE":0.030887539830163967,
    "BODY_SENSORS":0.028275725800407454,
    "READ_PROFILE":0.028275725800407454,
    "READ_SYNC_SETTINGS":0.028275725800407454,
    "WRITE_SYNC_SETTINGS":0.028275725800407454,
    "SET_ALARM":0.028046340394315795,
    "PACKAGE_USAGE_STATS":0.025625302345863233,
    "MANAGE_FINGERPRINT":0.02545723779090499,
    "READ_PHONE_NUMBERS":0.02498256898027968,
    "CLEAR_APP_CACHE":0.02498256898027968,
    "ACCESS_NOTIFICATION_POLICY":0.023152028016815547,
    "LOCATION_HARDWARE":0.02098081565816579,
    "BIND_NOTIFICATION_LISTENER_SERVICE":0.02098081565816579,
    "MOUNT_FORMAT_FILESYSTEMS":0.019366033244985894,
    "ACCESS_MEDIA_LOCATION":0.019079869273029963,
    "RECEIVE_WAP_PUSH":0.018850483866938304,
    "RECEIVE_MMS":0.018850483866938304,
    "READ_CELL_BROADCASTS":0.018850483866938304,
    "ADD_VOICEMAIL":0.018850483866938304,
    "USE_SIP":0.018850483866938304,
    "ACTIVITY_RECOGNITION":0.018850483866938304,
    "WRITE_PROFILE":0.018850483866938304,
    "READ_SOCIAL_STREAM":0.018850483866938304,
    "WRITE_SOCIAL_STREAM":0.018850483866938304,
    "READ_USER_DICTIONARY":0.018850483866938304,
    "WRITE_USER_DICTIONARY":0.018850483866938304,
    "WRITE_HISTORY_BOOKMARKS":0.018850483866938304,
    "SUBSCRIBED_FEEDS_READ":0.018850483866938304,
    "SUBSCRIBED_FEEDS_WRITE":0.018850483866938304,
    "BIND_DIRECTORY_SEARCH":0.018850483866938304,
    "ACCOUNT_MANAGER":0.018850483866938304,
    "TRANSMIT_IR":0.018850483866938304,
    "GET_INTENT_SENDER_INTENT":0.018850483866938304,
    "SET_WALLPAPER":0.018850483866938304,
    "SET_WALLPAPER_HINTS":0.018850483866938304,
    "SET_TIME_ZONE":0.018850483866938304,
    "READ_SYNC_STATS":0.018850483866938304,
    "PERSISTENT_ACTIVITY":0.018850483866938304,
    "GET_PACKAGE_SIZE":0.018850483866938304,
    "UPDATE_APP_OPS_STATS":0.018850483866938304,
    "CLEAR_APP_USER_DATA":0.018850483866938304,
    "DELETE_PACKAGES":0.018850483866938304,
    "BIND_APPWIDGET":0.018850483866938304,
    "ACCESS_CACHE_FILESYSTEM":0.018850483866938304,
    "READ_INSTALL_SESSIONS":0.018850483866938304,
    "CAPTURE_AUDIO_OUTPUT":0.018830043583227166,
    "CAPTURE_SECURE_VIDEO_OUTPUT":0.018830043583227166,
    "SET_DEBUG_APP":0.015443769915081984,
    "INTERACT_ACROSS_USERS":0.015059946809839506,
    "READ_CALL_LOG":0.009425241933469152,
    "WRITE_CALL_LOG":0.009425241933469152,
    "ACCESS_MOCK_LOCATION":0.009425241933469152,
    "BLUETOOTH_PRIVILEGED":0.009425241933469152,
    "MANAGE_DOCUMENTS":0.009425241933469152,
    "SET_TIME":0.009425241933469152,
    "GRANT_RUNTIME_PERMISSIONS":0.009425241933469152,
    "MANAGE_USERS":0.005491622890392387,
    "INTERNAL_SYSTEM_WINDOW":0.005491622890392387,
    "SCHEDULE_EXACT_ALARM":0.005491622890392387
}