{
    "INTERNET":1.0,
    "ACCESS_NETWORK_STATE":1.0,
    "ACCESS_WIFI_STATE":1.0,
    "WRITE_EXTERNAL_STORAGE":0.9869476520885015,
    "READ_EXTERNAL_STORAGE":0.9608429562655048,
    "REQUEST_INSTALL_PACKAGES":0.8833977660525618,
    "READ_PHONE_STATE":0.8816788606112503,
    "CAMERA":0.857293070229565,
    "VIBRATE":0.8529485839493268,
    "WAKE_LOCK":0.8026218030247698,
    "CHANGE_WIFI_STATE":0.774813942652781,
    "ACCESS_COARSE_LOCATION":0.731611489592122,
    "ACCESS_FINE_LOCATION":0.7215845411844706,
    "CHANGE_NETWORK_STATE":0.6848515948672097,
    "GET_TASKS":0.6576229993325861,
    "RECORD_AUDIO":0.6352394504539672,
    "WRITE_SETTINGS":0.6034491443250934,
    "SYSTEM_ALERT_WINDOW":0.5498702950472857,
    "MOUNT_UNMOUNT_FILESYSTEMS":0.5404289078339272,
    "CALL_PHONE":0.5200979713137978,
    "RECEIVE_BOOT_COMPLETED":0.4875237687474027,
    "BLUETOOTH":0.48398521615393336,
    "FOREGROUND_SERVICE":0.48304391079321507,
    "READ_LOGS":0.41043432270088526,
    "ACCESS_LOCATION_EXTRA_COMMANDS":0.4054633489063228,
    "FLASHLIGHT":0.3985247635717974,
    "MODIFY_AUDIO_SETTINGS":0.3623962675196132,
    "BLUETOOTH_ADMIN":0.3223640301721424,
    "ACCESS_BACKGROUND_LOCATION":0.2991273249297956,
    "C2D_MESSAGE":0.29737693770384455,
    "REORDER_TASKS":0.24206659027086924,
    "GET_ACCOUNTS":0.2287025726914407,
    "QUERY_ALL_PACKAGES":0.2188172923146667,
    "BROADCAST_STICKY":0.19337686214756142,
    "MANAGE_ACCOUNTS":0.17188109959577388,
    "READ_CONTACTS":0.1573585523416151,
    "RESTART_PACKAGES":0.10774955610683656,
    "READ_PRIVILEGED_PHONE_STATE":0.10481860195690773,
    "READ_SMS":0.10204190855171198,
    "KILL_BACKGROUND_PROCESSES":0.09177569858080113,
    "CHANGE_CONFIGURATION":0.08466711160922288,
    "INSTALL_SHORTCUT":0.08038244071979951,
    "DISABLE_KEYGUARD":0.07657314477843119,
    "RECEIVE_SMS":0.06786528314717105,
    "READ_CALENDAR":0.06783380136253163,
    "WRITE_CALENDAR":0.06783380136253163,
    "UNINSTALL_SHORTCUT":0.0673300928083011,
    "READ_PHONE_NUMBERS":0.0653908148745136,
    "NFC":0.06275264132173124,
    "WRITE_CONTACTS":0.06006724509198976,
    "BATTERY_STATS":0.05750777600080593,
    "USE_CREDENTIALS":0.05690017755726536,
    "BLUETOOTH_PRIVILEGED":0.050849378549571216,
    "USE_FULL_SCREEN_INTENT":0.04608618453362883,
    "SEND_SMS":0.04277744896802709,
    "WRITE_SMS":0.04277744896802709,
    "ACCESS_NOTIFICATION_POLICY":0.04277744896802709,
    "BLUETOOTH_CONNECT":0.04164725289947236,
    "EXPAND_STATUS_BAR":0.04072168843107378,
    "MANAGE_EXTERNAL_STORAGE":0.03914130284217551,
    "SET_DEBUG_APP":0.03908463562982458,
    "USE_FINGERPRINT":0.03286068680661369,
    "AUTHENTICATE_ACCOUNTS":0.030496404780194174,
    "READ_CALL_LOG":0.02972510105652869,
    "WRITE_CALL_LOG":0.02972510105652869,
    "INTERACT_ACROSS_USERS_FULL":0.02972510105652869,
    "CAPTURE_VIDEO_OUTPUT":0.02972510105652869,
    "INSTALL_PACKAGES":0.029130095326843884,
    "GET_PACKAGE_SIZE":0.02268577401115714,
    "PACKAGE_USAGE_STATS":0.01844832579869287,
    "LOCAL_MAC_ADDRESS":0.01844832579869287,
    "SCHEDULE_EXACT_ALARM":0.016106081021520946,
    "REQUEST_IGNORE_BATTERY_OPTIMIZATIONS":0.01607774741534548,
    "READ_PROFILE":0.014730327032778831,
    "MANAGE_FINGERPRINT":0.014730327032778831,
    "PROCESS_OUTGOING_CALLS":0.013052347911498405,
    "BLUETOOTH_SCAN":0.013052347911498405,
    "CHANGE_WIFI_MULTICAST_STATE":0.013052347911498405,
    "SET_WALLPAPER":0.013052347911498405,
    "SET_ACTIVITY_WATCHER":0.013052347911498405,
    "GET_TOP_ACTIVITY_INFO":0.013052347911498405,
    "READ_USER_DICTIONARY":0.009633426099658735,
    "WRITE_USER_DICTIONARY":0.009633426099658735,
    "MANAGE_USERS":0.009633426099658735,
    "WRITE_SECURE_SETTINGS":0.009633426099658735,
    "UPDATE_DEVICE_STATS":0.009633426099658735,
    "DEVICE_POWER":0.009633426099658735
}