{
    "WRITE_EXTERNAL_STORAGE":1.0,
    "INTERNET":1.0,
    "ACCESS_WIFI_STATE":0.9958383318079224,
    "ACCESS_NETWORK_STATE":0.9932658280578147,
    "READ_EXTERNAL_STORAGE":0.9694584023439924,
    "WAKE_LOCK":0.9211796466787764,
    "REQUEST_INSTALL_PACKAGES":0.9104650534027344,
    "READ_PHONE_STATE":0.8895856156084585,
    "VIBRATE":0.8765969250118659,
    "CHANGE_WIFI_STATE":0.7961032926846363,
    "CHANGE_NETWORK_STATE":0.7821162423220425,
    "GET_TASKS":0.7571011717959861,
    "CAMERA":0.7559976688249394,
    "WRITE_SETTINGS":0.6995357677156288,
    "FOREGROUND_SERVICE":0.6718991266104436,
    "SYSTEM_ALERT_WINDOW":0.601447171046966,
    "ACCESS_COARSE_LOCATION":0.5972945151296065,
    "MOUNT_UNMOUNT_FILESYSTEMS":0.5838361848838117,
    "RECEIVE_BOOT_COMPLETED":0.5445286480186016,
    "ACCESS_FINE_LOCATION":0.4957201708727287,
    "MODIFY_AUDIO_SETTINGS":0.4717435146669765,
    "REORDER_TASKS":0.4661879479851559,
    "READ_LOGS":0.39180664064455795,
    "QUERY_ALL_PACKAGES":0.3876109260813228,
    "BLUETOOTH":0.3576721494675749,
    "RECORD_AUDIO":0.356524586486795,
    "C2D_MESSAGE":0.33547391547287414,
    "ACCESS_LOCATION_EXTRA_COMMANDS":0.3033211233700302,
    "FLASHLIGHT":0.2355107656628329,
    "INSTALL_SHORTCUT":0.22640436274205478,
    "BROADCAST_STICKY":0.2218010930887871,
    "BLUETOOTH_ADMIN":0.19203054560311153,
    "RESTART_PACKAGES":0.17066945179334267,
    "CALL_PHONE":0.16929257648917834,
    "CHANGE_CONFIGURATION":0.14607795817903987,
    "UNINSTALL_SHORTCUT":0.14328515438026596,
    "KILL_BACKGROUND_PROCESSES":0.1420634904740257,
    "GET_ACCOUNTS":0.1389692761541219,
    "INSTALL_PACKAGES":0.12212333197815428,
    "DISABLE_KEYGUARD":0.12152551775518257,
    "EXPAND_STATUS_BAR":0.11471724488753683,
    "REQUEST_IGNORE_BATTERY_OPTIMIZATIONS":0.11206162793725057,
    "ACCESS_BACKGROUND_LOCATION":0.10845471532226895,
    "USE_CREDENTIALS":0.10606846524967006,
    "PACKAGE_USAGE_STATS":0.10374830519167108,
    "MANAGE_ACCOUNTS":0.09976387840238406,
    "READ_CALENDAR":0.0927603395825114,
    "WRITE_CALENDAR":0.0927603395825114,
    "READ_PRIVILEGED_PHONE_STATE":0.08884100144396671,
    "READ_CONTACTS":0.0828878933106892,
    "BATTERY_STATS":0.0776617753380104,
    "MANAGE_EXTERNAL_STORAGE":0.07330383982984828,
    "INTERACT_ACROSS_USERS":0.057936910071517425,
    "WRITE_CONTACTS":0.05549959044218228,
    "CHANGE_WIFI_MULTICAST_STATE":0.05198079784666718,
    "READ_PHONE_NUMBERS":0.04603970607968055,
    "GET_PACKAGE_SIZE":0.04494922083878244,
    "USE_FULL_SCREEN_INTENT":0.043106711340846246,
    "USE_FINGERPRINT":0.04180794241757274,
    "INTERACT_ACROSS_USERS_FULL":0.04160466555448523,
    "READ_SMS":0.0343487830425039,
    "SET_DEBUG_APP":0.03268952313050376,
    "RECEIVE_SMS":0.03266448903406441,
    "BLUETOOTH_CONNECT":0.03222689302830456,
    "AUTHENTICATE_ACCOUNTS":0.03217982892699859,
    "ACTIVITY_RECOGNITION":0.03111738187411255,
    "NFC":0.030809963169837327,
    "DEVICE_POWER":0.02943208650181548,
    "READ_SYNC_SETTINGS":0.027001776419483342,
    "SEND_SMS":0.02620068533342413,
    "SET_WALLPAPER":0.023519032922840917,
    "WRITE_SYNC_SETTINGS":0.021481257472677793,
    "WRITE_APN_SETTINGS":0.021026638281339192,
    "SCHEDULE_EXACT_ALARM":0.017393690206060658,
    "READ_SYNC_STATS":0.01635427452189883,
    "PROCESS_OUTGOING_CALLS":0.016164015388959767,
    "ACCESS_NOTIFICATION_POLICY":0.015828558496672473,
    "READ_CALL_LOG":0.015437025228361033,
    "WRITE_SMS":0.014750089622065256,
    "GRANT_RUNTIME_PERMISSIONS":0.013574488453273362,
    "SET_ALARM":0.012983683777304692,
    "REAL_GET_TASKS":0.012790420552792907,
    "READ_MEDIA_AUDIO":0.012109493129642577,
    "READ_MEDIA_VIDEO":0.012109493129642577,
    "USE_BIOMETRIC":0.011587782559846514,
    "UPDATE_APP_OPS_STATS":0.011517687089816335,
    "HARDWARE_TEST":0.011301392496580347,
    "WRITE_SECURE_SETTINGS":0.010973946515153644,
    "READ_HISTORY_BOOKMARKS":0.010625471892717885,
    "MANAGE_USERS":0.009523971649386467,
    "GET_ACCOUNTS_PRIVILEGED":0.009523971649386467,
    "LOCAL_MAC_ADDRESS":0.009523971649386467,
    "MANAGE_DOCUMENTS":0.00943985708535025,
    "SET_ORIENTATION":0.009371764343035216,
    "UPDATE_DEVICE_STATS":0.008308315926291611,
    "GET_TOP_ACTIVITY_INFO":0.007867715828959045,
    "WRITE_MEDIA_STORAGE":0.007104676569487644,
    "DELETE_PACKAGES":0.006867353335242602,
    "WRITE_HISTORY_BOOKMARKS":0.006463803700640274,
    "ACCESS_MEDIA_LOCATION":0.005919061762120009,
    "REQUEST_DELETE_PACKAGES":0.004972772916712565,
    "ANSWER_PHONE_CALLS":0.004161668192077611,
    "WRITE_USER_DICTIONARY":0.004161668192077611,
    "MODIFY_PHONE_STATE":0.004161668192077611,
    "SET_WALLPAPER_HINTS":0.004161668192077611,
    "CLEAR_APP_CACHE":0.004161668192077611,
    "CLEAR_APP_USER_DATA":0.004161668192077611,
    "WRITE_CALL_LOG":0.003986429517002159,
    "READ_PROFILE":0.0031272593272036525,
    "BIND_JOB_SERVICE":0.0022761000482657387,
    "STOP_APP_SWITCHES":0.0009653147587013515
}