{
    "INTERNET":0.9860014998393029,
    "ACCESS_NETWORK_STATE":0.9860014998393029,
    "ACCESS_WIFI_STATE":0.9860014998393029,
    "WRITE_EXTERNAL_STORAGE":0.9734282671394452,
    "READ_EXTERNAL_STORAGE":0.9637717387422777,
    "CAMERA":0.9516585407865963,
    "VIBRATE":0.9193069650100515,
    "READ_PHONE_STATE":0.8991337062625644,
    "ACCESS_COARSE_LOCATION":0.8827888188450398,
    "REQUEST_INSTALL_PACKAGES":0.881022201402791,
    "WAKE_LOCK":0.8769060457808092,
    "ACCESS_FINE_LOCATION":0.8421870765947347,
    "CHANGE_WIFI_STATE":0.8131009072557353,
    "GET_TASKS":0.7792505424838937,
    "MOUNT_UNMOUNT_FILESYSTEMS":0.7639570130091103,
    "CHANGE_NETWORK_STATE":0.7445420763741698,
    "WRITE_SETTINGS":0.7033910232307037,
    "SYSTEM_ALERT_WINDOW":0.6805720395503839,
    "RECORD_AUDIO":0.6687812860386803,
    "ACCESS_LOCATION_EXTRA_COMMANDS":0.6020384370582141,
    "BLUETOOTH":0.5977321757542781,
    "FLASHLIGHT":0.5835593245261532,
    "RECEIVE_BOOT_COMPLETED":0.5590829553976354,
    "CALL_PHONE":0.5536182047721776,
    "MODIFY_AUDIO_SETTINGS":0.5373384364280296,
    "FOREGROUND_SERVICE":0.5101333680635054,
    "READ_LOGS":0.3853809780884818,
    "BLUETOOTH_ADMIN":0.3648663693595851,
    "C2D_MESSAGE":0.32871793148213097,
    "REORDER_TASKS":0.2791339583363966,
    "ACCESS_BACKGROUND_LOCATION":0.26384988163032946,
    "BROADCAST_STICKY":0.2618059829724124,
    "USE_FINGERPRINT":0.2539927444748565,
    "GET_ACCOUNTS":0.25014441729982695,
    "RESTART_PACKAGES":0.24099833841332108,
    "READ_CONTACTS":0.23736532430348833,
    "NFC":0.20813106158793893,
    "QUERY_ALL_PACKAGES":0.2016674684014947,
    "KILL_BACKGROUND_PROCESSES":0.1874893656351944,
    "MANAGE_ACCOUNTS":0.179889339587565,
    "INSTALL_SHORTCUT":0.1653919433001925,
    "CHANGE_CONFIGURATION":0.16419669321144148,
    "USE_CREDENTIALS":0.12638771896288412,
    "DISABLE_KEYGUARD":0.11039048337257974,
    "READ_CALENDAR":0.10256674179867276,
    "WRITE_CALENDAR":0.10256674179867276,
    "USE_BIOMETRIC":0.09294592386109886,
    "CHANGE_WIFI_MULTICAST_STATE":0.08793910736454699,
    "WRITE_CONTACTS":0.08587210193865775,
    "UNINSTALL_SHORTCUT":0.07809247328542525,
    "READ_SMS":0.07200804115525432,
    "RECEIVE_SMS":0.07015109725638634,
    "BATTERY_STATS":0.0687657414856811,
    "READ_PRIVILEGED_PHONE_STATE":0.06385345267628884,
    "INTERACT_ACROSS_USERS_FULL":0.05774696408578068,
    "AUTHENTICATE_ACCOUNTS":0.057543204404570045,
    "PROCESS_OUTGOING_CALLS":0.055606437125434,
    "READ_PROFILE":0.0512045978267034,
    "INSTALL_PACKAGES":0.04837401875009186,
    "REQUEST_IGNORE_BATTERY_OPTIMIZATIONS":0.047250189580528096,
    "SEND_SMS":0.0469498015968877,
    "PACKAGE_USAGE_STATS":0.04248599414768582,
    "READ_CALL_LOG":0.04209002816925075,
    "USE_FULL_SCREEN_INTENT":0.04173082295804438,
    "EXPAND_STATUS_BAR":0.04103972053414442,
    "READ_HISTORY_BOOKMARKS":0.035270380694505395,
    "WRITE_MEDIA_STORAGE":0.03436816643594907,
    "SET_DEBUG_APP":0.03286832713301724,
    "CAPTURE_VIDEO_OUTPUT":0.03282631482761299,
    "MANAGE_DOCUMENTS":0.027342658664722876,
    "GET_PACKAGE_SIZE":0.025249395547955977,
    "WRITE_SMS":0.023345187805508216,
    "LOCATION_HARDWARE":0.02311937166396036,
    "WRITE_APN_SETTINGS":0.023037447668422063,
    "MANAGE_EXTERNAL_STORAGE":0.022343194321616786,
    "MANAGE_FINGERPRINT":0.022291729247496575,
    "SCHEDULE_EXACT_ALARM":0.021498746982991302,
    "ACCESS_MOCK_LOCATION":0.02149034452191045,
    "SET_WALLPAPER":0.02125717622691685,
    "REQUEST_DELETE_PACKAGES":0.020812896097266876,
    "CAPTURE_AUDIO_OUTPUT":0.019195422339203138,
    "DEVICE_POWER":0.018541080682531897,
    "ACCESS_MEDIA_LOCATION":0.017492873662695793,
    "INTERACT_ACROSS_USERS":0.01655284832927563,
    "ACTIVITY_RECOGNITION":0.016309176957930965,
    "SET_ALARM":0.014253724916027893,
    "BLUETOOTH_CONNECT":0.013537415108885382,
    "MOUNT_FORMAT_FILESYSTEMS":0.013454440805711981,
    "ACCESS_NOTIFICATION_POLICY":0.012764388689447126,
    "OVERRIDE_WIFI_CONFIG":0.012347416558309919,
    "READ_PHONE_NUMBERS":0.011641609827518473,
    "WRITE_SECURE_SETTINGS":0.011329668459891893,
    "WRITE_SYNC_SETTINGS":0.010664823726869593,
    "CAPTURE_SECURE_VIDEO_OUTPUT":0.010554541425183429,
    "BODY_SENSORS":0.010254153441543021,
    "GET_TOP_ACTIVITY_INFO":0.009872891769999425,
    "WRITE_HISTORY_BOOKMARKS":0.008731207370638854,
    "BLUETOOTH_PRIVILEGED":0.008731207370638854,
    "INJECT_EVENTS":0.008731207370638854,
    "GRANT_RUNTIME_PERMISSIONS":0.008731207370638854,
    "DELETE_PACKAGES":0.0069078733160942785,
    "READ_USER_DICTIONARY":0.0061737082791549595,
    "MANAGE_APP_TOKENS":0.0061737082791549595,
    "READ_MEDIA_AUDIO":0.0058533644504475315,
    "READ_MEDIA_VIDEO":0.0058533644504475315,
    "FORCE_STOP_PACKAGES":0.005833408605380511,
    "REAL_GET_TASKS":0.005467901548363511,
    "BIND_PRINT_SERVICE":0.004380833146028469,
    "BIND_DREAM_SERVICE":0.004380833146028469,
    "CLEAR_APP_CACHE":0.003907144402595517,
    "STATUS_BAR":0.003893490403339135,
    "STATUS_BAR_SERVICE":0.003893490403339135,
    "WRITE_CALL_LOG":0.003098407523563649,
    "INTERNAL_SYSTEM_WINDOW":0.003098407523563649,
    "LOCAL_MAC_ADDRESS":0.003098407523563649,
    "READ_SYNC_SETTINGS":0.003064797679240247,
    "DELETE_CACHE_FILES":0.0019535722012977586,
    "ACCESS_SURFACE_FLINGER":0.0019535722012977586,
    "MEDIA_CONTENT_CONTROL":0.0019535722012977586,
    "READ_SYNC_STATS":0.0014263177684743851,
    "READ_PRECISE_PHONE_STATE":0.0012572182392222673,
    "MANAGE_MEDIA_PROJECTION":0.0007341650369393191,
    "BIND_VPN_SERVICE":0.0005745182764031581
}