{
    "INTERNET":1.0,
    "ACCESS_NETWORK_STATE":0.9914370467157723,
    "WRITE_EXTERNAL_STORAGE":0.9794092600739794,
    "ACCESS_WIFI_STATE":0.9384940153736637,
    "READ_EXTERNAL_STORAGE":0.8947766929062492,
    "REQUEST_INSTALL_PACKAGES":0.8285030220522009,
    "VIBRATE":0.7795176423272351,
    "READ_PHONE_STATE":0.7665023309737222,
    "WAKE_LOCK":0.6615867992681366,
    "ACCESS_COARSE_LOCATION":0.5833136646607767,
    "CAMERA":0.574509022728174,
    "MOUNT_UNMOUNT_FILESYSTEMS":0.5170267764587705,
    "CHANGE_NETWORK_STATE":0.513416552273667,
    "GET_TASKS":0.49747831882886756,
    "ACCESS_FINE_LOCATION":0.48839988897427716,
    "CHANGE_WIFI_STATE":0.48793350541061575,
    "WRITE_SETTINGS":0.3931821142847432,
    "SYSTEM_ALERT_WINDOW":0.3855084996988333,
    "RECORD_AUDIO":0.3810504770518516,
    "FOREGROUND_SERVICE":0.36170594421901525,
    "RECEIVE_BOOT_COMPLETED":0.3436906989522419,
    "BLUETOOTH":0.3102791315069476,
    "MODIFY_AUDIO_SETTINGS":0.30668023647723675,
    "QUERY_ALL_PACKAGES":0.30516968242489245,
    "REORDER_TASKS":0.30198052518188007,
    "FLASHLIGHT":0.28207897554224176,
    "CALL_PHONE":0.22992709688504873,
    "ACCESS_LOCATION_EXTRA_COMMANDS":0.2194287462212546,
    "BLUETOOTH_ADMIN":0.19346232206145308,
    "READ_LOGS":0.18346245423493276,
    "RESTART_PACKAGES":0.14975066417173497,
    "KILL_BACKGROUND_PROCESSES":0.12999261716706917,
    "GET_ACCOUNTS":0.1299850643968075,
    "C2D_MESSAGE":0.1224134122094308,
    "READ_CONTACTS":0.11805735196098242,
    "INSTALL_SHORTCUT":0.11112957343841758,
    "ACCESS_BACKGROUND_LOCATION":0.10851065035016536,
    "USE_FINGERPRINT":0.10259305485010586,
    "BROADCAST_STICKY":0.08520091312992467,
    "PACKAGE_USAGE_STATS":0.08085240565173801,
    "CHANGE_CONFIGURATION":0.08064470446954065,
    "UNINSTALL_SHORTCUT":0.07031817932920073,
    "MANAGE_EXTERNAL_STORAGE":0.06051279533691966,
    "READ_PRIVILEGED_PHONE_STATE":0.06050713075922338,
    "RECEIVE_SMS":0.05900790586227148,
    "READ_SMS":0.05900790586227148,
    "CHANGE_WIFI_MULTICAST_STATE":0.057986393684373534,
    "MANAGE_ACCOUNTS":0.05356613488870051,
    "INSTALL_PACKAGES":0.05161374377604527,
    "REQUEST_IGNORE_BATTERY_OPTIMIZATIONS":0.043562490677049225,
    "WRITE_CONTACTS":0.042897846894017655,
    "NFC":0.04083594061256745,
    "REQUEST_DELETE_PACKAGES":0.039495323891111725,
    "BATTERY_STATS":0.03925363524273661,
    "USE_CREDENTIALS":0.03900250563153434,
    "ACCESS_NOTIFICATION_POLICY":0.036019161378154,
    "USE_FULL_SCREEN_INTENT":0.03579257827030233,
    "AUTHENTICATE_ACCOUNTS":0.035726491530512265,
    "READ_PROFILE":0.032272987328339706,
    "WRITE_MEDIA_STORAGE":0.03138553682258733,
    "DISABLE_KEYGUARD":0.02904417804145339,
    "DELETE_PACKAGES":0.028105746336434385,
    "READ_CALENDAR":0.02797357285685424,
    "WRITE_CALENDAR":0.02797357285685424,
    "READ_SYNC_SETTINGS":0.0278904923839753,
    "WRITE_SYNC_SETTINGS":0.0278904923839753,
    "GET_PACKAGE_SIZE":0.02638937929445798,
    "ADD_VOICEMAIL":0.024436988181802743,
    "USE_SIP":0.024436988181802743,
    "READ_HISTORY_BOOKMARKS":0.024436988181802743,
    "USE_BIOMETRIC":0.02427460362117571,
    "READ_CALL_LOG":0.02350799743961089,
    "PROCESS_OUTGOING_CALLS":0.02350799743961089,
    "EXPAND_STATUS_BAR":0.02267719271082143,
    "SET_DEBUG_APP":0.022140946022239143,
    "SET_ALARM":0.021699108961928382,
    "READ_SYNC_STATS":0.020054493237438336,
    "READ_MEDIA_AUDIO":0.01989399686937673,
    "READ_MEDIA_VIDEO":0.01989399686937673,
    "SEND_SMS":0.019340756447705568,
    "ACCESS_MEDIA_LOCATION":0.016600989035265776,
    "BODY_SENSORS":0.016600989035265776,
    "WRITE_PROFILE":0.016600989035265776,
    "READ_SOCIAL_STREAM":0.016600989035265776,
    "WRITE_SOCIAL_STREAM":0.016600989035265776,
    "READ_USER_DICTIONARY":0.016600989035265776,
    "WRITE_USER_DICTIONARY":0.016600989035265776,
    "WRITE_HISTORY_BOOKMARKS":0.016600989035265776,
    "SUBSCRIBED_FEEDS_READ":0.016600989035265776,
    "SUBSCRIBED_FEEDS_WRITE":0.016600989035265776,
    "BIND_DIRECTORY_SEARCH":0.016600989035265776,
    "ACCOUNT_MANAGER":0.016600989035265776,
    "GET_INTENT_SENDER_INTENT":0.016600989035265776,
    "PERSISTENT_ACTIVITY":0.016600989035265776,
    "CLEAR_APP_CACHE":0.016600989035265776,
    "UPDATE_APP_OPS_STATS":0.016600989035265776,
    "BIND_VPN_SERVICE":0.016600989035265776,
    "CLEAR_APP_USER_DATA":0.016600989035265776,
    "DEVICE_POWER":0.016600989035265776,
    "BIND_APPWIDGET":0.016600989035265776,
    "ACCESS_CACHE_FILESYSTEM":0.016600989035265776,
    "READ_PHONE_NUMBERS":0.015671998293073926,
    "WRITE_APN_SETTINGS":0.01133104358514899,
    "INTERACT_ACROSS_USERS":0.011070473011119571,
    "INTERACT_ACROSS_USERS_FULL":0.011070473011119571,
    "WRITE_CALL_LOG":0.007835999146536963,
    "ACTIVITY_RECOGNITION":0.007835999146536963,
    "WRITE_SMS":0.007835999146536963,
    "INSTALL_LOCATION_PROVIDER":0.007835999146536963,
    "LOCAL_MAC_ADDRESS":0.007835999146536963,
    "BLUETOOTH_CONNECT":0.006990088877224057,
    "SET_WALLPAPER":0.0034535042021725556,
    "WRITE_SECURE_SETTINGS":0.0034535042021725556,
    "SCHEDULE_EXACT_ALARM":0.0033118897597652613
}