{
    "INTERNET":1.0,
    "ACCESS_NETWORK_STATE":1.0,
    "WRITE_EXTERNAL_STORAGE":0.9949768554406326,
    "ACCESS_WIFI_STATE":0.9908152643352306,
    "READ_EXTERNAL_STORAGE":0.982952758521406,
    "REQUEST_INSTALL_PACKAGES":0.8405904631126659,
    "WAKE_LOCK":0.8283891829638319,
    "READ_PHONE_STATE":0.8020708289960351,
    "CAMERA":0.7930411286571721,
    "RECORD_AUDIO":0.7789860689685715,
    "CHANGE_WIFI_STATE":0.7669774755819354,
    "VIBRATE":0.7573564262142581,
    "WRITE_SETTINGS":0.6010830324909741,
    "GET_TASKS":0.5988195167327406,
    "CHANGE_NETWORK_STATE":0.5947996722110247,
    "ACCESS_COARSE_LOCATION":0.5236096653451745,
    "SYSTEM_ALERT_WINDOW":0.5209253394166237,
    "MOUNT_UNMOUNT_FILESYSTEMS":0.49477309472658365,
    "ACCESS_FINE_LOCATION":0.48819073774667165,
    "MODIFY_AUDIO_SETTINGS":0.44946069854488224,
    "BLUETOOTH":0.4366990764324151,
    "FOREGROUND_SERVICE":0.40184934995902594,
    "RECEIVE_BOOT_COMPLETED":0.3651059777192085,
    "ACCESS_LOCATION_EXTRA_COMMANDS":0.2941219463577769,
    "BLUETOOTH_ADMIN":0.2816083807667601,
    "READ_LOGS":0.27480011516909897,
    "FLASHLIGHT":0.2567672919758142,
    "QUERY_ALL_PACKAGES":0.2002303381984893,
    "CALL_PHONE":0.1968483533033596,
    "REORDER_TASKS":0.1841066643042234,
    "ACCESS_BACKGROUND_LOCATION":0.17025979491041152,
    "BROADCAST_STICKY":0.15763770459126028,
    "MANAGE_ACCOUNTS":0.13227171048260267,
    "CHANGE_CONFIGURATION":0.12933489845186139,
    "INSTALL_PACKAGES":0.11504064140329105,
    "C2D_MESSAGE":0.11259994241545028,
    "INSTALL_SHORTCUT":0.11193550530442282,
    "RESTART_PACKAGES":0.10491461983123285,
    "GET_ACCOUNTS":0.10255586808708544,
    "WRITE_CALENDAR":0.10226351575823338,
    "READ_CALENDAR":0.09307878009346407,
    "EXPAND_STATUS_BAR":0.08721622998383195,
    "SCHEDULE_EXACT_ALARM":0.08435250603530367,
    "READ_PRIVILEGED_PHONE_STATE":0.0803991052246904,
    "KILL_BACKGROUND_PROCESSES":0.07529844300236974,
    "CHANGE_WIFI_MULTICAST_STATE":0.07288210670859996,
    "USE_CREDENTIALS":0.07066953112887858,
    "PROCESS_OUTGOING_CALLS":0.06801399747513891,
    "REQUEST_IGNORE_BATTERY_OPTIMIZATIONS":0.0671568736019135,
    "SET_WALLPAPER":0.06311488117649658,
    "USE_FULL_SCREEN_INTENT":0.060392903811654165,
    "READ_CONTACTS":0.060211291001306656,
    "CAPTURE_AUDIO_OUTPUT":0.05996544927022651,
    "DISABLE_KEYGUARD":0.05941175167770365,
    "CAPTURE_VIDEO_OUTPUT":0.057943345662333,
    "AUTHENTICATE_ACCOUNTS":0.05646829527585209,
    "READ_HISTORY_BOOKMARKS":0.0456357555757347,
    "INTERACT_ACROSS_USERS_FULL":0.04274102456202516,
    "SET_DEBUG_APP":0.041777590751035376,
    "ACCESS_MEDIA_LOCATION":0.038931585125467835,
    "UNINSTALL_SHORTCUT":0.03570685034661466,
    "MANAGE_DOCUMENTS":0.03366924320613051,
    "USE_FINGERPRINT":0.03164935438860709,
    "WRITE_SYNC_SETTINGS":0.030134437775464522,
    "ACCESS_NOTIFICATION_POLICY":0.028885296006732928,
    "PACKAGE_USAGE_STATS":0.02865052822750324,
    "WRITE_CONTACTS":0.021826759097251423,
    "SET_ALARM":0.0209497021106952,
    "GET_PACKAGE_SIZE":0.0209497021106952,
    "LOCAL_MAC_ADDRESS":0.019465792562733918,
    "CHANGE_COMPONENT_ENABLED_STATE":0.018918739341321322,
    "READ_FRAME_BUFFER":0.018918739341321322,
    "NFC":0.01836947132953864,
    "SET_WALLPAPER_HINTS":0.01836947132953864,
    "CLEAR_APP_CACHE":0.01836947132953864,
    "RECEIVE_SMS":0.016870058248986717,
    "READ_SMS":0.016870058248986717,
    "STATUS_BAR":0.015058359726251894,
    "STATUS_BAR_SERVICE":0.015058359726251894,
    "MANAGE_EXTERNAL_STORAGE":0.014560031892981315,
    "UPDATE_DEVICE_STATS":0.012980886359106096,
    "MOUNT_FORMAT_FILESYSTEMS":0.011645367765940943,
    "SEND_SMS":0.00918473566476932,
    "RECEIVE_MMS":0.00918473566476932,
    "READ_PHONE_NUMBERS":0.00918473566476932,
    "USE_BIOMETRIC":0.00918473566476932,
    "READ_PROFILE":0.00918473566476932,
    "WRITE_PROFILE":0.00918473566476932,
    "WRITE_SMS":0.00918473566476932,
    "ACCESS_MOCK_LOCATION":0.00918473566476932,
    "WRITE_MEDIA_STORAGE":0.00918473566476932,
    "READ_SYNC_SETTINGS":0.00918473566476932,
    "READ_SYNC_STATS":0.00918473566476932,
    "WRITE_APN_SETTINGS":0.00918473566476932,
    "CLEAR_APP_USER_DATA":0.00918473566476932,
    "DELETE_CACHE_FILES":0.00918473566476932,
    "MEDIA_CONTENT_CONTROL":0.00918473566476932,
    "BROADCAST_WAP_PUSH":0.00918473566476932,
    "BATTERY_STATS":0.00918473566476932,
    "GET_TOP_ACTIVITY_INFO":0.005023144559367451
}