{
    "INTERNET":0.9927675266812039,
    "ACCESS_NETWORK_STATE":0.9927675266812039,
    "WRITE_EXTERNAL_STORAGE":0.9872453293862162,
    "ACCESS_WIFI_STATE":0.9807020550251659,
    "READ_EXTERNAL_STORAGE":0.9681898387678535,
    "CAMERA":0.9287502226239854,
    "READ_PHONE_STATE":0.8902138237895624,
    "VIBRATE":0.8899077625803136,
    "WAKE_LOCK":0.8597899177900143,
    "REQUEST_INSTALL_PACKAGES":0.8560906180640475,
    "CHANGE_WIFI_STATE":0.8439854856645128,
    "ACCESS_COARSE_LOCATION":0.7781523930394657,
    "ACCESS_FINE_LOCATION":0.7581749772137812,
    "GET_TASKS":0.7510296826990864,
    "RECORD_AUDIO":0.7148516014708908,
    "CHANGE_NETWORK_STATE":0.7069145887180905,
    "WRITE_SETTINGS":0.6840707487798715,
    "MOUNT_UNMOUNT_FILESYSTEMS":0.6590848545348699,
    "SYSTEM_ALERT_WINDOW":0.644059419276918,
    "RECEIVE_BOOT_COMPLETED":0.5707832024029927,
    "BLUETOOTH":0.5445678251095913,
    "FOREGROUND_SERVICE":0.5433409611668943,
    "MODIFY_AUDIO_SETTINGS":0.5383040467428056,
    "FLASHLIGHT":0.4807080415524866,
    "ACCESS_LOCATION_EXTRA_COMMANDS":0.4722778886116798,
    "CALL_PHONE":0.4604795657373087,
    "READ_LOGS":0.407767444366454,
    "BLUETOOTH_ADMIN":0.3853145994938397,
    "READ_CONTACTS":0.30116011416307653,
    "C2D_MESSAGE":0.2878602954051911,
    "REORDER_TASKS":0.2605684656680148,
    "ACCESS_BACKGROUND_LOCATION":0.22044937867329611,
    "RESTART_PACKAGES":0.21996559243422717,
    "QUERY_ALL_PACKAGES":0.2153398776054493,
    "GET_ACCOUNTS":0.21349116313735986,
    "BROADCAST_STICKY":0.19183190729263824,
    "DISABLE_KEYGUARD":0.1813135787909313,
    "KILL_BACKGROUND_PROCESSES":0.1810928255959965,
    "CHANGE_CONFIGURATION":0.16714010120224473,
    "WRITE_CONTACTS":0.15457438035700694,
    "INSTALL_SHORTCUT":0.15313911043197315,
    "MANAGE_ACCOUNTS":0.13926795247295992,
    "USE_FINGERPRINT":0.12913126508791994,
    "NFC":0.11063963051153412,
    "READ_CALENDAR":0.10947412847386986,
    "WRITE_CALENDAR":0.10633157578868785,
    "USE_CREDENTIALS":0.09943023226229399,
    "REQUEST_IGNORE_BATTERY_OPTIMIZATIONS":0.08961382408888817,
    "AUTHENTICATE_ACCOUNTS":0.08468279636677678,
    "CHANGE_WIFI_MULTICAST_STATE":0.08406131999934169,
    "UNINSTALL_SHORTCUT":0.08060110720822812,
    "EXPAND_STATUS_BAR":0.07474441269922061,
    "SEND_SMS":0.06844696011625853,
    "READ_PRIVILEGED_PHONE_STATE":0.06835117567913429,
    "INTERACT_ACROSS_USERS_FULL":0.06624878211584845,
    "INSTALL_PACKAGES":0.06007330502703679,
    "WRITE_SYNC_SETTINGS":0.05789682818816267,
    "MANAGE_EXTERNAL_STORAGE":0.055948587703373694,
    "READ_SMS":0.05467420570007213,
    "PROCESS_OUTGOING_CALLS":0.05385667056289832,
    "ACCESS_NOTIFICATION_POLICY":0.051599001447243095,
    "RECEIVE_SMS":0.04439870571279347,
    "USE_BIOMETRIC":0.04043150888924485,
    "READ_MEDIA_VIDEO":0.03975128972247965,
    "BLUETOOTH_CONNECT":0.038908686002152255,
    "READ_SYNC_SETTINGS":0.038627693376057266,
    "READ_MEDIA_AUDIO":0.03816598245648177,
    "SCHEDULE_EXACT_ALARM":0.03710038059347447,
    "READ_PHONE_NUMBERS":0.03639322205376808,
    "BATTERY_STATS":0.03550272611487855,
    "DEVICE_POWER":0.034451716412214395,
    "WRITE_MEDIA_STORAGE":0.033415673027850895,
    "READ_PROFILE":0.03340818986870057,
    "ACCESS_MOCK_LOCATION":0.03222547656499057,
    "SET_DEBUG_APP":0.03203054026912441,
    "PACKAGE_USAGE_STATS":0.03085306517681964,
    "USE_FULL_SCREEN_INTENT":0.029184320686295562,
    "READ_HISTORY_BOOKMARKS":0.029116223938027538,
    "CAPTURE_VIDEO_OUTPUT":0.027853440831408977,
    "ACTIVITY_RECOGNITION":0.027649524744562427,
    "WRITE_SMS":0.027279856682536015,
    "ACCESS_MEDIA_LOCATION":0.02678222659903893,
    "SET_WALLPAPER":0.0246349340808511,
    "GET_PACKAGE_SIZE":0.024216999642305052,
    "INTERACT_ACROSS_USERS":0.023687566132419048,
    "READ_CALL_LOG":0.021594526518071134,
    "BLUETOOTH_PRIVILEGED":0.02073396321578293,
    "WRITE_APN_SETTINGS":0.01954863080637031,
    "READ_SYNC_STATS":0.016483902976351758,
    "OVERRIDE_WIFI_CONFIG":0.01606559437984819,
    "GET_TOP_ACTIVITY_INFO":0.01605811122069786,
    "CLEAR_APP_CACHE":0.015384626897167958,
    "SET_ALARM":0.015372653842527428,
    "WRITE_SECURE_SETTINGS":0.01418283153762461,
    "BODY_SENSORS":0.012497249939012281,
    "RECEIVE_MMS":0.011958088322230848,
    "REAL_GET_TASKS":0.009821272226853488,
    "UPDATE_DEVICE_STATS":0.008525937377930986,
    "DELETE_PACKAGES":0.008464575472898262,
    "WRITE_HISTORY_BOOKMARKS":0.008437636099957067,
    "ACCOUNT_MANAGER":0.00827712233618244,
    "BIND_NOTIFICATION_LISTENER_SERVICE":0.008226985169875215,
    "RECEIVE_WAP_PUSH":0.0074348927738125525,
    "WRITE_CALL_LOG":0.007350333075413798,
    "READ_USER_DICTIONARY":0.007313291437619654,
    "MODIFY_PHONE_STATE":0.007254922796247063,
    "SIGNAL_PERSISTENT_PROCESSES":0.007231350844923517,
    "CHANGE_COMPONENT_ENABLED_STATE":0.007207030577684937,
    "MANAGE_FINGERPRINT":0.00648715066742298,
    "MANAGE_DOCUMENTS":0.00631279305922024,
    "ADD_VOICEMAIL":0.006037038644530498,
    "SET_WALLPAPER_HINTS":0.005831251767896363,
    "SET_TIME_ZONE":0.0057051605362132655,
    "UPDATE_APP_OPS_STATS":0.005539782718990924,
    "WRITE_PROFILE":0.005507979292602013,
    "READ_SOCIAL_STREAM":0.005507979292602013,
    "SUBSCRIBED_FEEDS_READ":0.005507979292602013,
    "SUBSCRIBED_FEEDS_WRITE":0.005507979292602013,
    "CLEAR_APP_USER_DATA":0.005507979292602013,
    "READ_FRAME_BUFFER":0.00530181825801036,
    "REQUEST_DELETE_PACKAGES":0.0052475653541704526,
    "USE_SIP":0.004822521914431583,
    "MOUNT_FORMAT_FILESYSTEMS":0.004648538464186359,
    "CAPTURE_AUDIO_OUTPUT":0.004604013667241883,
    "CAPTURE_SECURE_VIDEO_OUTPUT":0.00436043683689857,
    "CONTROL_LOCATION_UPDATES":0.0039005967071106566,
    "READ_CELL_BROADCASTS":0.00374457283882623,
    "WRITE_SOCIAL_STREAM":0.00374457283882623,
    "WRITE_USER_DICTIONARY":0.00374457283882623,
    "TRANSMIT_IR":0.00374457283882623,
    "PERSISTENT_ACTIVITY":0.00374457283882623,
    "BACKUP":0.00374457283882623,
    "BIND_APPWIDGET":0.00374457283882623,
    "ACCESS_CACHE_FILESYSTEM":0.00374457283882623,
    "READ_INSTALL_SESSIONS":0.00374457283882623,
    "MEDIA_CONTENT_CONTROL":0.0037112727806072523,
    "BLUETOOTH_SCAN":0.003409701466848865,
    "LOCATION_HARDWARE":0.003288848446571,
    "READ_PRECISE_PHONE_STATE":0.0032854810249533504,
    "READ_DREAM_STATE":0.0032854810249533504,
    "WRITE_DREAM_STATE":0.0032854810249533504,
    "HARDWARE_TEST":0.003231976437028475,
    "SET_ALWAYS_FINISH":0.003161260583057836,
    "INSTANT_APP_FOREGROUND_SERVICE":0.0029831613952799297,
    "ACCESS_CHECKIN_PROPERTIES":0.0028596892692994485,
    "SET_PROCESS_LIMIT":0.0026307045992992836,
    "INSTALL_LOCATION_PROVIDER":0.0023893727167010703,
    "GET_ACCOUNTS_PRIVILEGED":0.0023467187095441763,
    "BIND_REMOTEVIEWS":0.0023467187095441763,
    "MANAGE_USERS":0.002320153494560497,
    "INJECT_EVENTS":0.0022419544814395254,
    "INTENT_FILTER_VERIFICATION_AGENT":0.002216885898285913,
    "READ_VOICEMAIL":0.0017634064537757818,
    "SET_ANIMATION_SCALE":0.0017634064537757818,
    "ACCESS_CONTENT_PROVIDERS_EXTERNALLY":0.0017147659192986225,
    "SET_TIME":0.0015853072659978756,
    "STATUS_BAR":0.0015520072077788974,
    "SET_PREFERRED_APPLICATIONS":0.001397854129282054,
    "BIND_PRINT_SERVICE":0.001397854129282054,
    "ANSWER_PHONE_CALLS":0.0013050629558179348,
    "BIND_JOB_SERVICE":0.0012193807835466314,
    "FORCE_STOP_PACKAGES":0.0011800941980073872,
    "CALL_PRIVILEGED":0.0011209772407197627,
    "STATUS_BAR_SERVICE":0.0010970311314386998,
    "BIND_ACCESSIBILITY_SERVICE":0.0008759037785463834,
    "START_FOREGROUND_SERVICES_FROM_BACKGROUND":0.0008672981455235014,
    "BROADCAST_CLOSE_SYSTEM_DIALOGS":0.0008672981455235014,
    "STOP_APP_SWITCHES":0.0008433520362424383,
    "GET_INTENT_SENDER_INTENT":0.000802568818873128,
    "ACCEPT_HANDOVER":0.0007071585397063925,
    "BIND_CALL_REDIRECTION_SERVICE":0.0007071585397063925,
    "BLUETOOTH_ADVERTISE":0.00024844088379102886,