{
    "INTERNET":0.9962964315532447,
    "ACCESS_NETWORK_STATE":0.9962964315532447,
    "ACCESS_WIFI_STATE":0.9764928554248271,
    "WRITE_EXTERNAL_STORAGE":0.9457158364385297,
    "READ_EXTERNAL_STORAGE":0.9258039614707992,
    "VIBRATE":0.8769511106297833,
    "REQUEST_INSTALL_PACKAGES":0.8494079453569396,
    "READ_PHONE_STATE":0.8476411631295344,
    "CAMERA":0.8038128747171325,
    "WAKE_LOCK":0.7692378406218874,
    "CHANGE_WIFI_STATE":0.7631856985086243,
    "ACCESS_COARSE_LOCATION":0.7464170084586433,
    "ACCESS_FINE_LOCATION":0.7443479969122241,
    "GET_TASKS":0.710018524138678,
    "WRITE_SETTINGS":0.698429289043306,
    "CHANGE_NETWORK_STATE":0.6795160301171518,
    "MOUNT_UNMOUNT_FILESYSTEMS":0.6051902848385404,
    "SYSTEM_ALERT_WINDOW":0.5254609311937178,
    "RECORD_AUDIO":0.4866861688530022,
    "ACCESS_LOCATION_EXTRA_COMMANDS":0.4812410039554264,
    "BLUETOOTH":0.4520972825806356,
    "MODIFY_AUDIO_SETTINGS":0.4234358688274385,
    "FOREGROUND_SERVICE":0.40655006491633927,
    "RECEIVE_BOOT_COMPLETED":0.3797901772952745,
    "REORDER_TASKS":0.3575851373695221,
    "FLASHLIGHT":0.3466041387786662,
    "CALL_PHONE":0.34279982722557273,
    "READ_LOGS":0.3070196537207579,
    "BLUETOOTH_ADMIN":0.25448716092074175,
    "QUERY_ALL_PACKAGES":0.2522380710717431,
    "READ_CONTACTS":0.24044483118603613,
    "RESTART_PACKAGES":0.1752438927640005,
    "BROADCAST_STICKY":0.16051776919502483,
    "GET_ACCOUNTS":0.15837445960768123,
    "USE_FINGERPRINT":0.15741991867512745,
    "CHANGE_CONFIGURATION":0.15562417280465038,
    "C2D_MESSAGE":0.155344610684562,
    "MANAGE_ACCOUNTS":0.11957325220155172,
    "DISABLE_KEYGUARD":0.11946243478457978,
    "KILL_BACKGROUND_PROCESSES":0.11607494783396027,
    "NFC":0.11361933461696844,
    "ACCESS_BACKGROUND_LOCATION":0.11161706537849822,
    "READ_SMS":0.10883277777707819,
    "INSTALL_SHORTCUT":0.09223031385255492,
    "INSTALL_PACKAGES":0.0798741718601837,
    "USE_CREDENTIALS":0.07964498129326446,
    "RECEIVE_SMS":0.07866273600646773,
    "WRITE_CONTACTS":0.07215599062585397,
    "EXPAND_STATUS_BAR":0.07037787479898605,
    "READ_PRIVILEGED_PHONE_STATE":0.06787818647297128,
    "BATTERY_STATS":0.06357141867701635,
    "READ_CALENDAR":0.0630097758591813,
    "REQUEST_IGNORE_BATTERY_OPTIMIZATIONS":0.060612089928333876,
    "WRITE_CALENDAR":0.057772393618427946,
    "UNINSTALL_SHORTCUT":0.05576760580229922,
    "PACKAGE_USAGE_STATS":0.05277427625522764,
    "READ_CALL_LOG":0.051805883145552394,
    "SEND_SMS":0.0510339390932365,
    "READ_PHONE_NUMBERS":0.0507115611529545,
    "SET_DEBUG_APP":0.047394594376771675,
    "USE_FULL_SCREEN_INTENT":0.043675914464065574,
    "INTERACT_ACROSS_USERS_FULL":0.04274655930809636,
    "USE_BIOMETRIC":0.04259922251507685,
    "CHANGE_WIFI_MULTICAST_STATE":0.04198343027758505,
    "CLEAR_APP_CACHE":0.03905684303846247,
    "MOUNT_FORMAT_FILESYSTEMS":0.03591239883188369,
    "AUTHENTICATE_ACCOUNTS":0.03084124271658824,
    "SET_WALLPAPER":0.029002681025917434,
    "WRITE_SMS":0.02594512774855529,
    "MANAGE_EXTERNAL_STORAGE":0.025911126950166168,
    "GET_PACKAGE_SIZE":0.025076218456388945,
    "BLUETOOTH_CONNECT":0.024512057060895435,
    "READ_PROFILE":0.024485611995481677,
    "SCHEDULE_EXACT_ALARM":0.02393152491062198,
    "CAPTURE_VIDEO_OUTPUT":0.022370006762381017,
    "WRITE_MEDIA_STORAGE":0.01933637997277418,
    "REQUEST_DELETE_PACKAGES":0.01761241356556299,
    "CAPTURE_AUDIO_OUTPUT":0.01713262452162766,
    "ACCESS_MOCK_LOCATION":0.016094970526344957,
    "READ_HISTORY_BOOKMARKS":0.0151353924384743,
    "SET_ALARM":0.013339646567997191,
    "READ_SYNC_SETTINGS":0.013339646567997191,
    "ACCESS_NOTIFICATION_POLICY":0.012810745259722029,
    "BODY_SENSORS":0.012233990975936254,
    "REAL_GET_TASKS":0.011895242280874302,
    "INTERACT_ACROSS_USERS":0.010443282260776052,
    "WRITE_SYNC_SETTINGS":0.010438245105459145,
    "PROCESS_OUTGOING_CALLS":0.010353872753900966,
    "READ_SYNC_STATS":0.008102264327243834,
    "LOCAL_MAC_ADDRESS":0.007573363018968669,
    "USE_SIP":0.00752551004345806,
    "WRITE_APN_SETTINGS":0.007488990667410489,
    "MANAGE_FINGERPRINT":0.007488990667410489,
    "INSTALL_LOCATION_PROVIDER":0.007390766138730815,
    "STATUS_BAR":0.007390766138730815,
    "STATUS_BAR_SERVICE":0.007390766138730815,
    "ACTIVITY_RECOGNITION":0.005237382240753358,
    "WRITE_HISTORY_BOOKMARKS":0.005237382240753358,
    "MANAGE_DOCUMENTS":0.005237382240753358,
    "SET_WALLPAPER_HINTS":0.005237382240753358,
    "INTERNAL_SYSTEM_WINDOW":0.005237382240753358,
    "GET_TOP_ACTIVITY_INFO":0.005237382240753358,
    "DELETE_CACHE_FILES":0.005237382240753358,
    "DEVICE_POWER":0.005237382240753358,
    "CALL_PRIVILEGED":0.005237382240753358,
    "LOCATION_HARDWARE":0.004660627956967583,
    "MEDIA_CONTENT_CONTROL":0.003934018302503845,
    "STOP_APP_SWITCHES":0.0034038577053994534,
    "RECEIVE_WAP_PUSH":0.0028648820864904763,
    "RECEIVE_MMS":0.0028648820864904763,
    "READ_CELL_BROADCASTS":0.0028648820864904763,
    "WRITE_CALL_LOG":0.0028648820864904763,
    "ADD_VOICEMAIL":0.0028648820864904763,
    "WRITE_PROFILE":0.0028648820864904763,
    "READ_SOCIAL_STREAM":0.0028648820864904763,
    "WRITE_SOCIAL_STREAM":0.0028648820864904763,
    "READ_USER_DICTIONARY":0.0028648820864904763,
    "WRITE_USER_DICTIONARY":0.0028648820864904763,
    "TRANSMIT_IR":0.0028648820864904763,
    "PERSISTENT_ACTIVITY":0.0028648820864904763,
    "BIND_JOB_SERVICE":0.0028648820864904763,
    "READ_INSTALL_SESSIONS":0.0028648820864904763,
    "UPDATE_APP_OPS_STATS":0.0023359807782153113,
    "READ_INPUT_STATE":0.0023359807782153113,
    "ACCESS_MEDIA_LOCATION":0.0022982021133385135,
    "CHANGE_COMPONENT_ENABLED_STATE":0.0019481198188135238,
    "READ_FRAME_BUFFER":0.0019481198188135238
}