{
    "INTERNET":1.0,
    "ACCESS_NETWORK_STATE":0.9987287201704409,
    "ACCESS_WIFI_STATE":0.9868847362307298,
    "WRITE_EXTERNAL_STORAGE":0.9828494342591811,
    "READ_EXTERNAL_STORAGE":0.9318044614043062,
    "VIBRATE":0.8461612992181734,
    "READ_PHONE_STATE":0.8322932759518362,
    "WAKE_LOCK":0.8230589292501896,
    "REQUEST_INSTALL_PACKAGES":0.8141365465268189,
    "CAMERA":0.7915377907626718,
    "CHANGE_NETWORK_STATE":0.6837068560738744,
    "RECORD_AUDIO":0.6435327099022475,
    "SYSTEM_ALERT_WINDOW":0.6123373767981848,
    "ACCESS_COARSE_LOCATION":0.6108648642317859,
    "GET_TASKS":0.5765435030041173,
    "CHANGE_WIFI_STATE":0.5716660047635724,
    "ACCESS_FINE_LOCATION":0.5194402535745427,
    "FOREGROUND_SERVICE":0.5060268672321766,
    "REORDER_TASKS":0.4745504471306234,
    "QUERY_ALL_PACKAGES":0.4612616334348723,
    "MOUNT_UNMOUNT_FILESYSTEMS":0.4335713700116373,
    "MODIFY_AUDIO_SETTINGS":0.42562107982125413,
    "RECEIVE_BOOT_COMPLETED":0.42416666755393606,
    "WRITE_SETTINGS":0.39941397619917135,
    "FLASHLIGHT":0.3921216851165498,
    "BLUETOOTH":0.33688383121577575,
    "READ_LOGS":0.2393264133405592,
    "C2D_MESSAGE":0.21351645157477928,
    "CALL_PHONE":0.19392873379890138,
    "BLUETOOTH_ADMIN":0.1823519954515013,
    "ACCESS_LOCATION_EXTRA_COMMANDS":0.1719358056922246,
    "DISABLE_KEYGUARD":0.16745331986103226,
    "EXPAND_STATUS_BAR":0.15630885924462123,
    "INSTALL_SHORTCUT":0.14574254347532128,
    "BROADCAST_STICKY":0.12784880074871352,
    "KILL_BACKGROUND_PROCESSES":0.1228456651380787,
    "READ_CONTACTS":0.11400846029273509,
    "CHANGE_CONFIGURATION":0.11315242261855962,
    "REQUEST_IGNORE_BATTERY_OPTIMIZATIONS":0.10808646832287949,
    "RESTART_PACKAGES":0.10268619085594183,
    "CHANGE_WIFI_MULTICAST_STATE":0.1015437425668992,
    "GET_ACCOUNTS":0.10035018755104019,
    "READ_PRIVILEGED_PHONE_STATE":0.09025341483436627,
    "USE_FINGERPRINT":0.08967952888115661,
    "UNINSTALL_SHORTCUT":0.08880645563137571,
    "SET_WALLPAPER":0.08740527953782481,
    "ACCESS_BACKGROUND_LOCATION":0.07533450949786576,
    "MANAGE_EXTERNAL_STORAGE":0.07384070246196009,
    "PACKAGE_USAGE_STATS":0.0654485520293097,
    "USE_FULL_SCREEN_INTENT":0.044627884468985135,
    "READ_SMS":0.04425842542304126,
    "WRITE_CALENDAR":0.04299566338128493,
    "READ_MEDIA_VIDEO":0.04162004065114229,
    "BATTERY_STATS":0.04135705395273266,
    "READ_PHONE_NUMBERS":0.04008683884664894,
    "INSTALL_PACKAGES":0.03897739698534195,
    "READ_CALENDAR":0.038565349000384365,
    "BLUETOOTH_CONNECT":0.03520295226525243,
    "SEND_SMS":0.03509541519424283,
    "CAPTURE_AUDIO_OUTPUT":0.0339849086094605,
    "RECEIVE_SMS":0.03376983446744129,
    "WRITE_CONTACTS":0.03325131413494944,
    "MANAGE_ACCOUNTS":0.032669975117412375,
    "USE_CREDENTIALS":0.03257202055768086,
    "READ_MEDIA_AUDIO":0.03177880156855062,
    "NFC":0.030714078093208023,
    "WRITE_SYNC_SETTINGS":0.029785639222709274,
    "DEVICE_POWER":0.02938104430207909,
    "WRITE_SMS":0.02787233113751862,
    "READ_SYNC_SETTINGS":0.026384912442465002,
    "REQUEST_DELETE_PACKAGES":0.025938793306296455,
    "SET_ALARM":0.02474310884348671,
    "WRITE_MEDIA_STORAGE":0.024455633505144212,
    "CAPTURE_VIDEO_OUTPUT":0.02345692288527285,
    "SET_DEBUG_APP":0.02265199193791384,
    "ACCESS_MOCK_LOCATION":0.02193330359205759,
    "READ_CALL_LOG":0.02159898042080001,
    "SET_WALLPAPER_HINTS":0.020712065765839623,
    "OVERRIDE_WIFI_CONFIG":0.01876681597638869,
    "INTERACT_ACROSS_USERS_FULL":0.018568777409974965,
    "CAPTURE_SECURE_VIDEO_OUTPUT":0.018518735406633863,
    "BLUETOOTH_PRIVILEGED":0.018229130621340676,
    "GET_PACKAGE_SIZE":0.01807155154698997,
    "ACCESS_MEDIA_LOCATION":0.01743591163221044,
    "GET_TOP_ACTIVITY_INFO":0.01712607710088574,
    "ACCESS_NOTIFICATION_POLICY":0.016332858111755506,
    "USE_BIOMETRIC":0.016141207886193835,
    "PROCESS_OUTGOING_CALLS":0.015640787852782813,
    "CLEAR_APP_CACHE":0.015535380228723894,
    "READ_HISTORY_BOOKMARKS":0.013791363176112716,
    "READ_PRECISE_PHONE_STATE":0.013441069152724998,
    "STATUS_BAR":0.01313762296225236,
    "READ_SYNC_STATS":0.01258609620202489,
    "STATUS_BAR_SERVICE":0.0116565926080508,
    "ACTIVITY_RECOGNITION":0.01148836629894667,
    "WRITE_CALL_LOG":0.011210473471882249,
    "MANAGE_DOCUMENTS":0.010530115171138327,
    "BODY_SENSORS":0.010527985724187642,
    "MODIFY_PHONE_STATE":0.00937701964734229,
    "MANAGE_USERS":0.009368501859539548,
    "SET_ANIMATION_SCALE":0.008862758208751813,
    "AUTHENTICATE_ACCOUNTS":0.008789292288953173,
    "ANSWER_PHONE_CALLS":0.007975843553791426,
    "ACCESS_CACHE_FILESYSTEM":0.006879178374188547,
    "BLUETOOTH_SCAN":0.006534207968177544,
    "BLUETOOTH_ADVERTISE":0.006534207968177544,
    "ADD_VOICEMAIL":0.006097671343287077,
    "PERSISTENT_ACTIVITY":0.006097671343287077,
    "WRITE_APN_SETTINGS":0.006097671343287077,
    "STOP_APP_SWITCHES":0.005863432178711705,
    "RECEIVE_MMS":0.0056952058696075735,
    "SCHEDULE_EXACT_ALARM":0.005303387630681497,
    "INTERACT_ACROSS_USERS":0.0049946178228321425,
    "READ_PROFILE":0.004505909747649889,
    "START_ACTIVITIES_FROM_BACKGROUND":0.004454803020833444,
    "WRITE_VOICEMAIL":0.004430314380900564,
    "READ_VOICEMAIL":0.004430314380900564,
    "MANAGE_USB":0.004430314380900564,
    "HARDWARE_TEST":0.004430314380900564,
    "MEDIA_CONTENT_CONTROL":0.004430314380900564,
    "CALL_PRIVILEGED":0.004430314380900564,
    "LOCATION_HARDWARE":0.0039416063057183095,
    "USE_SIP":0.0032346299180908223,
    "BIND_REMOTEVIEWS":0.0031483873165880716,
    "MANAGE_APP_TOKENS":0.0031324164644579333,
    "READ_USER_DICTIONARY":0.00293863679194558,
    "INJECT_EVENTS":0.002536171318266076,
    "REAL_GET_TASKS":0.0022667962790043983,
    "TRANSMIT_IR":0.002218883722613981,
    "RECEIVE_WAP_PUSH":0.0016673569623865134,
    "READ_CELL_BROADCASTS":0.0016673569623865134,
    "WRITE_PROFILE":0.0016673569623865134,
    "READ_SOCIAL_STREAM":0.0016673569623865134,
    "WRITE_SOCIAL_STREAM":0.0016673569623865134,
    "WRITE_USER_DICTIONARY":0.0016673569623865134,
    "WRITE_HISTORY_BOOKMARKS":0.0016673569623865134,
    "SUBSCRIBED_FEEDS_READ":0.0016673569623865134,
    "SUBSCRIBED_FEEDS_WRITE":0.0016673569623865134,
    "ACCOUNT_MANAGER":0.0016673569623865134,
    "SET_TIME_ZONE":0.0016673569623865134,
    "WRITE_SECURE_SETTINGS":0.0016673569623865134,
    "SIGNAL_PERSISTENT_PROCESSES":0.0016673569623865134,
    "UPDATE_DEVICE_STATS":0.0016673569623865134,
    "CLEAR_APP_USER_DATA":0.0016673569623865134,
    "DELETE_PACKAGES":0.0016673569623865134,
    "BACKUP":0.0016673569623865134,
    "BIND_APPWIDGET":0.0016673569623865134,
    "MANAGE_FINGERPRINT":0.0016673569623865134,
    "READ_INSTALL_SESSIONS":0.0016673569623865134,
    "REQUEST_COMPANION_RUN_IN_BACKGROUND":0.001225496720119334,
    "REQUEST_COMPANION_USE_DATA_IN_BACKGROUND":0.001225496720119334
}