{
    "WRITE_EXTERNAL_STORAGE":0.98967406994455,
    "INTERNET":0.98967406994455,
    "ACCESS_NETWORK_STATE":0.98967406994455,
    "ACCESS_WIFI_STATE":0.98967406994455,
    "READ_EXTERNAL_STORAGE":0.9213273138146957,
    "VIBRATE":0.9121686195259378,
    "READ_PHONE_STATE":0.9066236274402444,
    "REQUEST_INSTALL_PACKAGES":0.8706060666394554,
    "CAMERA":0.859496172263093,
    "CHANGE_NETWORK_STATE":0.8392748703347898,
    "CHANGE_WIFI_STATE":0.8154597764083975,
    "ACCESS_COARSE_LOCATION":0.8064180545738713,
    "ACCESS_FINE_LOCATION":0.8035883166917198,
    "WAKE_LOCK":0.7429293884580536,
    "GET_TASKS":0.7315183522314356,
    "RECORD_AUDIO":0.6696025923086873,
    "WRITE_SETTINGS":0.6638311216413969,
    "MOUNT_UNMOUNT_FILESYSTEMS":0.6379602990512783,
    "SYSTEM_ALERT_WINDOW":0.6065743496829294,
    "RECEIVE_BOOT_COMPLETED":0.5781475545290734,
    "BLUETOOTH":0.5710769429871275,
    "MODIFY_AUDIO_SETTINGS":0.527692606345382,
    "ACCESS_LOCATION_EXTRA_COMMANDS":0.5250420603080104,
    "FOREGROUND_SERVICE":0.5138823904192089,
    "FLASHLIGHT":0.44322356173656774,
    "READ_LOGS":0.41060317965973425,
    "CALL_PHONE":0.3823058008382193,
    "ACCESS_BACKGROUND_LOCATION":0.381865287553135,
    "QUERY_ALL_PACKAGES":0.3729504932753281,
    "BLUETOOTH_ADMIN":0.3480030064409511,
    "CHANGE_CONFIGURATION":0.26519397517197424,
    "READ_CONTACTS":0.25400443997570943,
    "REORDER_TASKS":0.24364864461279606,
    "C2D_MESSAGE":0.2416078486028012,
    "GET_ACCOUNTS":0.1908094493832813,
    "DISABLE_KEYGUARD":0.17123522911668362,
    "NFC":0.16125772764830604,
    "INSTALL_SHORTCUT":0.14170341758668398,
    "KILL_BACKGROUND_PROCESSES":0.1392245970672267,
    "INSTALL_PACKAGES":0.1380747827298881,
    "RESTART_PACKAGES":0.12080516868921158,
    "BROADCAST_STICKY":0.11503120924629913,
    "WRITE_CONTACTS":0.10307015360723129,
    "USE_FINGERPRINT":0.0970896257876974,
    "USE_CREDENTIALS":0.09621357676877276,
    "REQUEST_IGNORE_BATTERY_OPTIMIZATIONS":0.08918278563677806,
    "MANAGE_ACCOUNTS":0.08750535086758712,
    "UNINSTALL_SHORTCUT":0.07715951060716164,
    "READ_CALL_LOG":0.07395147883047451,
    "SET_DEBUG_APP":0.0707782899124946,
    "READ_MEDIA_AUDIO":0.07069616031697042,
    "READ_MEDIA_VIDEO":0.07069616031697042,
    "EXPAND_STATUS_BAR":0.06636320195916413,
    "READ_PRIVILEGED_PHONE_STATE":0.061863495634687515,
    "READ_CALENDAR":0.05959124349185171,
    "WRITE_CALENDAR":0.05959124349185171,
    "READ_PHONE_NUMBERS":0.05475306368279058,
    "USE_FULL_SCREEN_INTENT":0.05301838707429488,
    "READ_SMS":0.04693581945426125,
    "CHANGE_WIFI_MULTICAST_STATE":0.046457974534847804,
    "PROCESS_OUTGOING_CALLS":0.04611950105026328,
    "MANAGE_EXTERNAL_STORAGE":0.045641656130849834,
    "SEND_SMS":0.04437486933927982,
    "CAPTURE_VIDEO_OUTPUT":0.03834705478292896,
    "PACKAGE_USAGE_STATS":0.03755562413515044,
    "WRITE_CALL_LOG":0.034924988302754555,
    "INTERACT_ACROSS_USERS_FULL":0.033695533145513705,
    "SCHEDULE_EXACT_ALARM":0.03368557804302593,
    "GET_PACKAGE_SIZE":0.03288668106838157,
    "CLEAR_APP_CACHE":0.03288668106838157,
    "DEVICE_POWER":0.03151038814944598,
    "MOUNT_FORMAT_FILESYSTEMS":0.030957879961374182,
    "RECEIVE_SMS":0.03033817483150987,
    "BLUETOOTH_CONNECT":0.0287204706772456,
    "USE_BIOMETRIC":0.02598032871748413,
    "CAPTURE_AUDIO_OUTPUT":0.02561696747668015,
    "BATTERY_STATS":0.02491513275129166,
    "READ_HISTORY_BOOKMARKS":0.023379558192551577,
    "WRITE_MEDIA_STORAGE":0.023299917372649335,
    "WRITE_SMS":0.02317796736717403,
    "ACCESS_NOTIFICATION_POLICY":0.02065186011089983,
    "WRITE_APN_SETTINGS":0.020631949905924266,
    "MANAGE_DOCUMENTS":0.01839454062179569,
    "BLUETOOTH_PRIVILEGED":0.014930164956048212,
    "USE_SIP":0.014293038396830287,
    "ACTIVITY_RECOGNITION":0.010325930055449914,
    "BODY_SENSORS":0.010325930055449914,
    "READ_SYNC_SETTINGS":0.010325930055449914,
    "REQUEST_DELETE_PACKAGES":0.010325930055449914,
    "BIND_JOB_SERVICE":0.005647031886193264,
    "SET_ALARM":0.004783426745378341,
    "INTERACT_ACROSS_USERS":0.002185144996067733
}