{
    "INTERNET":0.992406876311395,
    "ACCESS_NETWORK_STATE":0.992406876311395,
    "WRITE_EXTERNAL_STORAGE":0.9656954116650995,
    "ACCESS_WIFI_STATE":0.9571602587484902,
    "READ_EXTERNAL_STORAGE":0.9183228867925163,
    "REQUEST_INSTALL_PACKAGES":0.904691071303079,
    "READ_PHONE_STATE":0.8576816376249485,
    "WAKE_LOCK":0.8305050146742385,
    "VIBRATE":0.8204204495637888,
    "CAMERA":0.7903809278402267,
    "CHANGE_WIFI_STATE":0.7448322250964619,
    "ACCESS_COARSE_LOCATION":0.7105142509110745,
    "CHANGE_NETWORK_STATE":0.7076078481241405,
    "MOUNT_UNMOUNT_FILESYSTEMS":0.6700655572027591,
    "ACCESS_FINE_LOCATION":0.6683973455858486,
    "GET_TASKS":0.6344859666089963,
    "WRITE_SETTINGS":0.6124963607218988,
    "RECORD_AUDIO":0.5936808746314708,
    "MODIFY_AUDIO_SETTINGS":0.5451705524675143,
    "SYSTEM_ALERT_WINDOW":0.5274175682594714,
    "FOREGROUND_SERVICE":0.5065456808880174,
    "RECEIVE_BOOT_COMPLETED":0.4790862818457749,
    "BLUETOOTH":0.4580018940978441,
    "ACCESS_LOCATION_EXTRA_COMMANDS":0.35884118692336264,
    "FLASHLIGHT":0.35173330031490213,
    "QUERY_ALL_PACKAGES":0.3164415055066041,
    "CALL_PHONE":0.28657599983936966,
    "REORDER_TASKS":0.2694588435294471,
    "READ_LOGS":0.2683461447077366,
    "C2D_MESSAGE":0.2206155483346328,
    "BLUETOOTH_ADMIN":0.21373187472182523,
    "BROADCAST_STICKY":0.18947504040853613,
    "GET_ACCOUNTS":0.17762186980252526,
    "ACCESS_BACKGROUND_LOCATION":0.17059597152829598,
    "READ_CONTACTS":0.17053406196979481,
    "DISABLE_KEYGUARD":0.1382189456634864,
    "MANAGE_ACCOUNTS":0.11855847776108264,
    "RESTART_PACKAGES":0.11694548277743011,
    "INSTALL_PACKAGES":0.10478109114760241,
    "READ_CALENDAR":0.10264270153234523,
    "CHANGE_CONFIGURATION":0.09715784929540228,
    "WRITE_CALENDAR":0.09569042543579309,
    "USE_FINGERPRINT":0.09412595416015497,
    "KILL_BACKGROUND_PROCESSES":0.08882013767347223,
    "AUTHENTICATE_ACCOUNTS":0.08722722146554983,
    "USE_CREDENTIALS":0.08572131328579125,
    "INSTALL_SHORTCUT":0.08452495289853859,
    "WRITE_CONTACTS":0.07771657469471893,
    "NFC":0.07436341914778982,
    "READ_PRIVILEGED_PHONE_STATE":0.06634362147491993,
    "READ_SMS":0.05920227024024255,
    "UNINSTALL_SHORTCUT":0.059115262212078704,
    "EXPAND_STATUS_BAR":0.05808622495591034,
    "MANAGE_EXTERNAL_STORAGE":0.05056505021367162,
    "ACCESS_MOCK_LOCATION":0.045414844238897266,
    "STOP_APP_SWITCHES":0.043647911974647194,
    "ACTIVITY_RECOGNITION":0.042392988491515037,
    "SET_WALLPAPER":0.04209013362425248,
    "SEND_SMS":0.041844168621558576,
    "USE_FULL_SCREEN_INTENT":0.04156139253002614,
    "RECEIVE_SMS":0.03806768555298621,
    "READ_PHONE_NUMBERS":0.03777654330489955,
    "CHANGE_WIFI_MULTICAST_STATE":0.037221030509699715,
    "CAPTURE_VIDEO_OUTPUT":0.03541059423136773,
    "REQUEST_IGNORE_BATTERY_OPTIMIZATIONS":0.03532023974058221,
    "INTERACT_ACROSS_USERS_FULL":0.03496718793399437,
    "PACKAGE_USAGE_STATS":0.03425773785819699,
    "WRITE_APN_SETTINGS":0.03321698798285272,
    "BLUETOOTH_PRIVILEGED":0.027966388129427783,
    "GET_TOP_ACTIVITY_INFO":0.027215107270859334,
    "BATTERY_STATS":0.026753295429066702,
    "READ_MEDIA_AUDIO":0.025980262563457295,
    "READ_MEDIA_VIDEO":0.025980262563457295,
    "BLUETOOTH_CONNECT":0.02588488837873925,
    "GET_PACKAGE_SIZE":0.023721400293819413,
    "ACCESS_NOTIFICATION_POLICY":0.023023662837197936,
    "REQUEST_DELETE_PACKAGES":0.02241293340874029,
    "SET_DEBUG_APP":0.021934389253839226,
    "READ_SYNC_SETTINGS":0.019213715142408716,
    "WRITE_SYNC_SETTINGS":0.019213715142408716,
    "WRITE_MEDIA_STORAGE":0.01739491270752251,
    "PROCESS_OUTGOING_CALLS":0.016769124197267275,
    "REAL_GET_TASKS":0.016071386740645798,
    "USE_BIOMETRIC":0.013904552193104276,
    "READ_PROFILE":0.013904552193104276,
    "READ_SYNC_STATS":0.013881126954752477,
    "DELETE_PACKAGES":0.013881126954752477,
    "STATUS_BAR":0.013546480692583901,
    "STATUS_BAR_SERVICE":0.013546480692583901,
    "ACCESS_MEDIA_LOCATION":0.0118682296878085,
    "OVERRIDE_WIFI_CONFIG":0.010451002767524588,
    "BIND_NOTIFICATION_LISTENER_SERVICE":0.01026527409202103,
    "READ_CALL_LOG":0.010206710996141528,
    "WRITE_CALL_LOG":0.008735940673910642,
    "INTERACT_ACROSS_USERS":0.008270782369496322,
    "BLUETOOTH_SCAN":0.008203853117062607,
    "BODY_SENSORS":0.006952276096552138,
    "WRITE_SMS":0.006952276096552138,
    "READ_HISTORY_BOOKMARKS":0.006952276096552138,
    "LOCATION_HARDWARE":0.006952276096552138,
    "BLUETOOTH_ADVERTISE":0.006952276096552138,
    "MOUNT_FORMAT_FILESYSTEMS":0.006952276096552138,
    "CLEAR_APP_CACHE":0.006952276096552138,
    "CAPTURE_AUDIO_OUTPUT":0.006952276096552138,
    "CAPTURE_SECURE_VIDEO_OUTPUT":0.006952276096552138,
    "MEDIA_CONTENT_CONTROL":0.006952276096552138,
    "DEVICE_POWER":0.006952276096552138,
    "READ_CLIPBOARD_IN_BACKGROUND":0.006952276096552138,
    "INJECT_EVENTS":0.004915953591256362,
    "ACCESS_SURFACE_FLINGER":0.004915953591256362,
    "READ_FRAME_BUFFER":0.004915953591256362,
    "SCHEDULE_EXACT_ALARM":0.0021634880849198354,
    "SET_ALARM":0.0020413421992283055,
    "DUMP":0.0020413421992283055,
    "HARDWARE_TEST":0.0016414399159368589,
    "HIGH_SAMPLING_RATE_SENSORS":0.0009119110644093659,
    "SET_WALLPAPER_HINTS":0.0009119110644093659,
    "FORCE_STOP_PACKAGES":0.0009119110644093659,
    "UPDATE_DEVICE_STATS":0.0009119110644093659
}