{
    "INTERNET":0.9775746501269875,
    "ACCESS_NETWORK_STATE":0.9775746501269875,
    "ACCESS_WIFI_STATE":0.9775746501269875,
    "WRITE_EXTERNAL_STORAGE":0.9712751654808414,
    "READ_EXTERNAL_STORAGE":0.934097368937779,
    "ACCESS_COARSE_LOCATION":0.9251497616367717,
    "READ_PHONE_STATE":0.9242720613403062,
    "ACCESS_FINE_LOCATION":0.9110056964680612,
    "CHANGE_WIFI_STATE":0.8965247145596317,
    "WAKE_LOCK":0.8749577512846294,
    "CAMERA":0.8656109942155478,
    "VIBRATE":0.8430246968554086,
    "REQUEST_INSTALL_PACKAGES":0.8402006049479555,
    "CHANGE_NETWORK_STATE":0.762387859838345,
    "GET_TASKS":0.7082837525657721,
    "MOUNT_UNMOUNT_FILESYSTEMS":0.6683194185289195,
    "WRITE_SETTINGS":0.6633954984060844,
    "ACCESS_LOCATION_EXTRA_COMMANDS":0.6102602950060148,
    "BLUETOOTH":0.6027494122734269,
    "RECORD_AUDIO":0.5955786652303003,
    "FLASHLIGHT":0.56243743166438,
    "SYSTEM_ALERT_WINDOW":0.538269556997407,
    "BLUETOOTH_ADMIN":0.5043396807445649,
    "RECEIVE_BOOT_COMPLETED":0.5027344978062859,
    "CALL_PHONE":0.4813048763869651,
    "MODIFY_AUDIO_SETTINGS":0.45543632327268496,
    "FOREGROUND_SERVICE":0.4161908880116656,
    "READ_LOGS":0.39825919197923565,
    "BROADCAST_STICKY":0.3521724155320761,
    "ACCESS_BACKGROUND_LOCATION":0.3159903474427052,
    "QUERY_ALL_PACKAGES":0.25816620725100614,
    "READ_CONTACTS":0.242942720935298,
    "MANAGE_ACCOUNTS":0.22174593688068744,
    "NFC":0.21036051164133177,
    "KILL_BACKGROUND_PROCESSES":0.20961908021730058,
    "REORDER_TASKS":0.20860296508190618,
    "GET_ACCOUNTS":0.20013927322552713,
    "CHANGE_CONFIGURATION":0.17655832039494362,
    "C2D_MESSAGE":0.1765154010650432,
    "USE_CREDENTIALS":0.166977652977904,
    "DISABLE_KEYGUARD":0.15350849427187888,
    "RESTART_PACKAGES":0.13746846770481372,
    "INSTALL_SHORTCUT":0.12705623827095183,
    "WRITE_CONTACTS":0.10788953852063506,
    "AUTHENTICATE_ACCOUNTS":0.10368773612337588,
    "PROCESS_OUTGOING_CALLS":0.10165121391959707,
    "USE_FINGERPRINT":0.091050139434173,
    "REQUEST_IGNORE_BATTERY_OPTIMIZATIONS":0.08273344628270317,
    "RECEIVE_SMS":0.07899409966512191,
    "READ_PRIVILEGED_PHONE_STATE":0.07844902417538555,
    "SEND_SMS":0.07529338044445111,
    "READ_SMS":0.07514423577304687,
    "CHANGE_WIFI_MULTICAST_STATE":0.06899711474804741,
    "UNINSTALL_SHORTCUT":0.06782112510877367,
    "BATTERY_STATS":0.05965035767896556,
    "INTERACT_ACROSS_USERS_FULL":0.05620393548795522,
    "BLUETOOTH_PRIVILEGED":0.05519211228555087,
    "SET_DEBUG_APP":0.05463737994658687,
    "READ_CALL_LOG":0.052027884688636346,
    "USE_FULL_SCREEN_INTENT":0.04513074837362563,
    "READ_PHONE_NUMBERS":0.03917569134993095,
    "READ_CALENDAR":0.038673535190095074,
    "WRITE_CALENDAR":0.034095115672958996,
    "INSTALL_PACKAGES":0.0340779479409988,
    "WRITE_APN_SETTINGS":0.028063876838690913,
    "EXPAND_STATUS_BAR":0.026755910259973106,
    "USE_BIOMETRIC":0.026134652959663336,
    "ACCESS_MEDIA_LOCATION":0.02528806917737593,
    "PACKAGE_USAGE_STATS":0.02520330350082244,
    "WRITE_SMS":0.024439339428593502,
    "WRITE_MEDIA_STORAGE":0.023941475201747674,
    "WRITE_CALL_LOG":0.02360885039501878,
    "OVERRIDE_WIFI_CONFIG":0.022989739061204034,
    "WRITE_SECURE_SETTINGS":0.022402817224814665,
    "READ_MEDIA_AUDIO":0.022238650787945246,
    "READ_MEDIA_VIDEO":0.022238650787945246,
    "READ_PROFILE":0.019674220826390233,
    "SET_ALARM":0.01813234389971469,
    "SCHEDULE_EXACT_ALARM":0.018012169775993285,
    "MANAGE_EXTERNAL_STORAGE":0.01609152976294581,
    "BLUETOOTH_CONNECT":0.016071143081243074,
    "MANAGE_DOCUMENTS":0.015221340349213127,
    "READ_HISTORY_BOOKMARKS":0.014199860297581171,
    "WRITE_SYNC_SETTINGS":0.013908008854257758,
    "MOUNT_FORMAT_FILESYSTEMS":0.013908008854257758,
    "SET_WALLPAPER":0.01339726882844178,
    "RECEIVE_WAP_PUSH":0.013155847597751454,
    "MEDIA_CONTENT_CONTROL":0.013022797675059898,
    "ACCESS_NOTIFICATION_POLICY":0.01276313572916186,
    "ACCESS_MOCK_LOCATION":0.011832859253568473,
    "MANAGE_FINGERPRINT":0.010720175625897952,
    "MANAGE_OWN_CALLS":0.00991758415675856,
    "STATUS_BAR_SERVICE":0.009799555999532179,
    "DEVICE_POWER":0.009745906837156551,
    "BODY_SENSORS":0.009442252578110497,
    "RECEIVE_MMS":0.009044175793283338,
    "READ_CELL_BROADCASTS":0.008690091321604195,
    "GET_TOP_ACTIVITY_INFO":0.007370321927163751,
    "BIND_JOB_SERVICE":0.006963661276356492,
    "FORCE_STOP_PACKAGES":0.006299484646146218,
    "BLUETOOTH_SCAN":0.006147121024999436,
    "STATUS_BAR":0.005333799723384918,
    "ACTIVITY_RECOGNITION":0.00446575627614726,
    "INTERACT_ACROSS_USERS":0.00446575627614726,
    "SET_TIME_ZONE":0.00446575627614726,
    "REQUEST_DELETE_PACKAGES":0.00446575627614726,
    "READ_FRAME_BUFFER":0.00446575627614726,
    "CONTROL_LOCATION_UPDATES":0.00446575627614726,
    "RESET_FINGERPRINT_LOCKOUT":0.00446575627614726,
    "LOCAL_MAC_ADDRESS":0.00446575627614726,
    "HARDWARE_TEST":0.004003300496469348,
    "ACCESS_CHECKIN_PROPERTIES":0.0039732569655389965,
    "REAL_GET_TASKS":0.0038316231768673386,
    "GET_PACKAGE_SIZE":0.003157789697429454,
    "BLUETOOTH_ADVERTISE":0.001681364748852176,
    "CHANGE_COMPONENT_ENABLED_STATE":0.001035428833849617,
    "CAPTURE_VIDEO_OUTPUT":0.001035428833849617,
    "CAPTURE_SECURE_VIDEO_OUTPUT":0.001035428833849617
}