{
    "INTERNET":0.9949254083841764,
    "ACCESS_NETWORK_STATE":0.9949254083841764,
    "WRITE_EXTERNAL_STORAGE":0.9862838024011021,
    "ACCESS_WIFI_STATE":0.9765746900216494,
    "READ_EXTERNAL_STORAGE":0.9553662664829758,
    "READ_PHONE_STATE":0.9211848061405236,
    "VIBRATE":0.8861184806140524,
    "CAMERA":0.8766234993111595,
    "ACCESS_COARSE_LOCATION":0.8752513284786457,
    "WAKE_LOCK":0.871852784884865,
    "CHANGE_WIFI_STATE":0.8646392442432592,
    "ACCESS_FINE_LOCATION":0.8578697106868726,
    "REQUEST_INSTALL_PACKAGES":0.8412493603621336,
    "CHANGE_NETWORK_STATE":0.7703452076362923,
    "GET_TASKS":0.7353182444400705,
    "WRITE_SETTINGS":0.6852595945679982,
    "SYSTEM_ALERT_WINDOW":0.6694138949025779,
    "MOUNT_UNMOUNT_FILESYSTEMS":0.6414729383979533,
    "RECORD_AUDIO":0.5667152135406412,
    "RECEIVE_BOOT_COMPLETED":0.5562424719543394,
    "FOREGROUND_SERVICE":0.5268214918323159,
    "MODIFY_AUDIO_SETTINGS":0.5013784688053525,
    "ACCESS_LOCATION_EXTRA_COMMANDS":0.4928565243062382,
    "BLUETOOTH":0.48565715410352217,
    "CALL_PHONE":0.4757866561700445,
    "READ_CONTACTS":0.4505498917535912,
    "READ_LOGS":0.4407085219444984,
    "FLASHLIGHT":0.3919315095453645,
    "C2D_MESSAGE":0.34286951387522074,
    "REORDER_TASKS":0.30745128911631525,
    "BLUETOOTH_ADMIN":0.29759417437512253,
    "GET_ACCOUNTS":0.25323204093682306,
    "DISABLE_KEYGUARD":0.24483526864790356,
    "QUERY_ALL_PACKAGES":0.24318205077740557,
    "NFC":0.2379200944695923,
    "MANAGE_ACCOUNTS":0.22739460736075537,
    "RESTART_PACKAGES":0.22502184609328837,
    "ACCESS_BACKGROUND_LOCATION":0.21631568588860428,
    "CHANGE_CONFIGURATION":0.2107207242668763,
    "KILL_BACKGROUND_PROCESSES":0.20102578232631343,
    "BROADCAST_STICKY":0.18646644361346165,
    "INSTALL_SHORTCUT":0.17465144656563641,
    "READ_CALENDAR":0.15903404841566593,
    "WRITE_CALENDAR":0.15089864199960618,
    "USE_CREDENTIALS":0.1276654201928753,
    "SEND_SMS":0.12635622908876193,
    "WRITE_CONTACTS":0.12407400118086978,
    "USE_FINGERPRINT":0.1219838614445974,
    "READ_SMS":0.11829167486715202,
    "UNINSTALL_SHORTCUT":0.11519700846290087,
    "RECEIVE_SMS":0.10325290297185583,
    "AUTHENTICATE_ACCOUNTS":0.09475851210391642,
    "REQUEST_IGNORE_BATTERY_OPTIMIZATIONS":0.09290926982877376,
    "EXPAND_STATUS_BAR":0.07897972839992119,
    "INSTALL_PACKAGES":0.06307577248573108,
    "CHANGE_WIFI_MULTICAST_STATE":0.056144853375319756,
    "PROCESS_OUTGOING_CALLS":0.05505136784097612,
    "READ_PRIVILEGED_PHONE_STATE":0.054003542609722434,
    "ACCESS_NOTIFICATION_POLICY":0.05345719346585311,
    "SET_DEBUG_APP":0.053221019484353406,
    "USE_FULL_SCREEN_INTENT":0.050942727809486256,
    "INTERACT_ACROSS_USERS_FULL":0.050093288722692315,
    "READ_CALL_LOG":0.04967211178901785,
    "READ_PROFILE":0.04597677622515247,
    "SET_ALARM":0.045838220822672644,
    "USE_BIOMETRIC":0.04145640621924813,
    "READ_MEDIA_VIDEO":0.039367840976185745,
    "ACCESS_MOCK_LOCATION":0.03921511513481594,
    "BLUETOOTH_CONNECT":0.037606770320802944,
    "MANAGE_EXTERNAL_STORAGE":0.0371611887423735,
    "READ_MEDIA_AUDIO":0.036087384373154854,
    "GET_PACKAGE_SIZE":0.03515449714623101,
    "ACCESS_MEDIA_LOCATION":0.0330942727809486,
    "READ_PHONE_NUMBERS":0.03167329265892537,
    "ACTIVITY_RECOGNITION":0.029689431214327853,
    "BATTERY_STATS":0.02967526077543787,
    "WRITE_MEDIA_STORAGE":0.025084038575083616,
    "WRITE_CALL_LOG":0.02474079905530405,
    "READ_SYNC_SETTINGS":0.024729777602834062,
    "WRITE_APN_SETTINGS":0.022659319031686647,
    "WRITE_SYNC_SETTINGS":0.0211840188939185,
    "MOUNT_FORMAT_FILESYSTEMS":0.01981420980122021,
    "PACKAGE_USAGE_STATS":0.01920015744932098,
    "RECEIVE_MMS":0.019034048415666187,
    "WRITE_SMS":0.01716197598897853,
    "SCHEDULE_EXACT_ALARM":0.014795512694351488,
    "MEDIA_CONTENT_CONTROL":0.01241172997441447,
    "USE_SIP":0.012369218657744525,
    "RECEIVE_WAP_PUSH":0.011595355245030492,
    "ADD_VOICEMAIL":0.011595355245030492,
    "BODY_SENSORS":0.011595355245030492,
    "WRITE_SECURE_SETTINGS":0.011184412517221007,
    "READ_HISTORY_BOOKMARKS":0.010985239126156255,
    "WRITE_PROFILE":0.010913599685101347,
    "MANAGE_FINGERPRINT":0.010016138555402468,
    "GET_TOP_ACTIVITY_INFO":0.008514072033064347,
    "OVERRIDE_WIFI_CONFIG":0.008228301515449704,
    "BLUETOOTH_SCAN":0.008112576264514849,
    "BLUETOOTH_ADVERTISE":0.008112576264514849,
    "INTERACT_ACROSS_USERS":0.007755166305845297,
    "SET_ACTIVITY_WATCHER":0.007755166305845297,
    "CAPTURE_VIDEO_OUTPUT":0.007590631765400502,
    "READ_USER_DICTIONARY":0.007533950009840575,
    "WRITE_USER_DICTIONARY":0.007533950009840575,
    "BIND_JOB_SERVICE":0.007490651446565628,
    "READ_CELL_BROADCASTS":0.006970281440661278,
    "UPDATE_APP_OPS_STATS":0.006642786852981689,
    "CONTROL_LOCATION_UPDATES":0.006642786852981689,
    "CLEAR_APP_CACHE":0.006630190907301705,
    "PERSISTENT_ACTIVITY":0.006560913206061792,
    "INJECT_EVENTS":0.006345207636292062,
    "REAL_GET_TASKS":0.006308207045857108,
    "READ_PRECISE_PHONE_STATE":0.006172800629797277,
    "CLEAR_APP_USER_DATA":0.006172800629797277,
    "MODIFY_PHONE_STATE":0.005649281637472932,
    "SET_WALLPAPER":0.005600472347962993,
    "READ_FRAME_BUFFER":0.00531548907695335,
    "RESET_FINGERPRINT_LOCKOUT":0.005132847864593578,
    "DEVICE_POWER":0.004958079118283797,
    "INTERNAL_SYSTEM_WINDOW":0.004625073804369213,
    "BIND_PRINT_SERVICE":0.004370793150954531,
    "STATUS_BAR":0.004348750246014559,
    "STATUS_BAR_SERVICE":0.004348750246014559,
    "READ_SYNC_STATS":0.004054320015744927,
    "STOP_APP_SWITCHES":0.0037449320999803147,
    "REQUEST_DELETE_PACKAGES":0.0035780358197205235,
    "READ_SOCIAL_STREAM":0.003280456603030896,
    "WRITE_SOCIAL_STREAM":0.003280456603030896,
    "WRITE_HISTORY_BOOKMARKS":0.003280456603030896,
    "SUBSCRIBED_FEEDS_READ":0.003280456603030896,
    "SUBSCRIBED_FEEDS_WRITE":0.003280456603030896,
    "BLUETOOTH_PRIVILEGED":0.003280456603030896,
    "TRANSMIT_IR":0.003280456603030896,
    "MANAGE_DOCUMENTS":0.003280456603030896,
    "SET_WALLPAPER_HINTS":0.003280456603030896,
    "SET_TIME_ZONE":0.003280456603030896,
    "READ_INSTALL_SESSIONS":0.003280456603030896,
    "FORCE_STOP_PACKAGES":0.0023200157449320973,
    "ANSWER_PHONE_CALLS":0.001677622515252901,
    "LOCATION_HARDWARE":0.0007604802204290485
}