{
    "INTERNET":0.9949865536671423,
    "ACCESS_NETWORK_STATE":0.9949865536671423,
    "ACCESS_WIFI_STATE":0.9656509002793222,
    "WRITE_EXTERNAL_STORAGE":0.941875704648483,
    "READ_EXTERNAL_STORAGE":0.909553764911321,
    "VIBRATE":0.9029166104597989,
    "WAKE_LOCK":0.8749918010165502,
    "READ_PHONE_STATE":0.7935130880527507,
    "REQUEST_INSTALL_PACKAGES":0.7825035549554658,
    "CAMERA":0.7245537587234091,
    "FOREGROUND_SERVICE":0.707372402159829,
    "CHANGE_NETWORK_STATE":0.6829301496113375,
    "GET_TASKS":0.6744106323179795,
    "CHANGE_WIFI_STATE":0.6494139428509199,
    "SYSTEM_ALERT_WINDOW":0.6207478215455674,
    "ACCESS_COARSE_LOCATION":0.5822478704300724,
    "MOUNT_UNMOUNT_FILESYSTEMS":0.5779410836519078,
    "ACCESS_FINE_LOCATION":0.5749510845553429,
    "WRITE_SETTINGS":0.520305633351361,
    "RECEIVE_BOOT_COMPLETED":0.5065956954408701,
    "RECORD_AUDIO":0.4616207131692385,
    "BLUETOOTH":0.44288495310181486,
    "MODIFY_AUDIO_SETTINGS":0.4207557420729754,
    "REORDER_TASKS":0.3412621112908357,
    "FLASHLIGHT":0.30168917622802216,
    "ACCESS_LOCATION_EXTRA_COMMANDS":0.2929592699253862,
    "QUERY_ALL_PACKAGES":0.29272289168555016,
    "CALL_PHONE":0.29153605015673983,
    "BLUETOOTH_ADMIN":0.2864693877803589,
    "READ_LOGS":0.25059311136880325,
    "DISABLE_KEYGUARD":0.23984718332431962,
    "REQUEST_IGNORE_BATTERY_OPTIMIZATIONS":0.23394762798767862,
    "C2D_MESSAGE":0.23310854711538104,
    "READ_CALENDAR":0.20608469766480575,
    "GET_ACCOUNTS":0.20128782825326375,
    "WRITE_CALENDAR":0.1964909588417219,
    "ACCESS_BACKGROUND_LOCATION":0.1756277946157739,
    "PACKAGE_USAGE_STATS":0.16537194920466766,
    "BROADCAST_STICKY":0.15530297873709661,
    "MANAGE_ACCOUNTS":0.15150731349323718,
    "INSTALL_SHORTCUT":0.14964351438751425,
    "EXPAND_STATUS_BAR":0.14492213750283095,
    "READ_CONTACTS":0.1367949338326566,
    "USE_CREDENTIALS":0.1312406639877132,
    "KILL_BACKGROUND_PROCESSES":0.11430682390563682,
    "RESTART_PACKAGES":0.1085570160403056,
    "UNINSTALL_SHORTCUT":0.10398786179174703,
    "SET_WALLPAPER":0.08941285377840097,
    "USE_FINGERPRINT":0.0883015047764493,
    "CHANGE_CONFIGURATION":0.08594514787253396,
    "AUTHENTICATE_ACCOUNTS":0.0857669360058513,
    "NFC":0.07926220287193374,
    "CHANGE_WIFI_MULTICAST_STATE":0.07667689322262747,
    "SET_ALARM":0.07608904157905616,
    "WRITE_CONTACTS":0.07536258070584274,
    "MANAGE_EXTERNAL_STORAGE":0.06675395747914364,
    "READ_PRIVILEGED_PHONE_STATE":0.06595819199110922,
    "INTERACT_ACROSS_USERS_FULL":0.06012794126928927,
    "ACCESS_NOTIFICATION_POLICY":0.05662063272638167,
    "USE_FULL_SCREEN_INTENT":0.05552289713091271,
    "READ_SMS":0.04619647610785284,
    "SET_DEBUG_APP":0.04615563588840472,
    "ACCESS_MEDIA_LOCATION":0.045908119406901,
    "WRITE_MEDIA_STORAGE":0.04576827259485142,
    "SEND_SMS":0.04467796249382756,
    "CAPTURE_VIDEO_OUTPUT":0.03637007179215546,
    "BLUETOOTH_CONNECT":0.03561514652356914,
    "READ_MEDIA_AUDIO":0.03508917400037375,
    "READ_MEDIA_VIDEO":0.03508917400037375,
    "INSTALL_PACKAGES":0.033216711817798165,
    "RECEIVE_SMS":0.029777470307304085,
    "WRITE_SYNC_SETTINGS":0.029284912509111697,
    "SCHEDULE_EXACT_ALARM":0.02901016921464258,
    "WRITE_SMS":0.027640165489519534,
    "DEVICE_POWER":0.027255277360781264,
    "READ_PHONE_NUMBERS":0.025061043752250857,
    "READ_SYNC_SETTINGS":0.024757836062408806,
    "ACTIVITY_RECOGNITION":0.02456972353646598,
    "WRITE_APN_SETTINGS":0.024450915625344204,
    "PROCESS_OUTGOING_CALLS":0.02347198794099702,
    "GET_PACKAGE_SIZE":0.021606951252866546,
    "READ_CALL_LOG":0.019308760722104582,
    "STOP_APP_SWITCHES":0.019209754129503098,
    "USE_BIOMETRIC":0.018749373473906195,
    "INTERACT_ACROSS_USERS":0.01852660864055285,
    "BATTERY_STATS":0.014255711752206298,
    "GET_TOP_ACTIVITY_INFO":0.013467371758616977,
    "READ_PROFILE":0.01310352253080652,
    "ACCESS_MOCK_LOCATION":0.01240676363537357,
    "LOCAL_MAC_ADDRESS":0.012076329132566115,
    "BLUETOOTH_PRIVILEGED":0.011446399687139166,
    "BIND_DEVICE_ADMIN":0.011223634853785826,
    "MANAGE_DOCUMENTS":0.00832274169056232,
    "READ_HISTORY_BOOKMARKS":0.006590126320036335,
    "WRITE_HISTORY_BOOKMARKS":0.005888417094973311,
    "BODY_SENSORS":0.005617386547726747,
    "REAL_GET_TASKS":0.005414423032893702,
    "RECEIVE_MMS":0.005144630068054656,
    "WRITE_CALL_LOG":0.005144630068054656,
    "USE_SIP":0.005144630068054656,
    "WRITE_USER_DICTIONARY":0.005144630068054656,
    "READ_SYNC_STATS":0.005144630068054656,
    "INJECT_EVENTS":0.005144630068054656,
    "CAPTURE_AUDIO_OUTPUT":0.005144630068054656,
    "MEDIA_CONTENT_CONTROL":0.005144630068054656,
    "SIGNAL_PERSISTENT_PROCESSES":0.004007291835545099,
    "INTERACT_ACROSS_PROFILES":0.003638492278104568,
    "REQUEST_DELETE_PACKAGES":0.003638492278104568,
    "MOUNT_FORMAT_FILESYSTEMS":0.002814262394697207,
    "ACCESS_SURFACE_FLINGER":0.0011930294408478924,
    "MODIFY_PHONE_STATE":0.0010049169149050712
}