{
    "INTERNET":0.999003201452478,
    "ACCESS_NETWORK_STATE":0.999003201452478,
    "ACCESS_WIFI_STATE":0.987953867552936,
    "WRITE_EXTERNAL_STORAGE":0.9490291385575411,
    "READ_EXTERNAL_STORAGE":0.9024154564803349,
    "WAKE_LOCK":0.8357768035823727,
    "RECORD_AUDIO":0.7874861096630981,
    "REQUEST_INSTALL_PACKAGES":0.7861008902529889,
    "VIBRATE":0.7734330301404423,
    "CAMERA":0.7527494602793585,
    "CHANGE_NETWORK_STATE":0.7459460559071763,
    "READ_PHONE_STATE":0.6868545920118808,
    "GET_TASKS":0.6196285399698422,
    "CHANGE_WIFI_STATE":0.6046422332356034,
    "FOREGROUND_SERVICE":0.5844812197559369,
    "MOUNT_UNMOUNT_FILESYSTEMS":0.5118763969801076,
    "SYSTEM_ALERT_WINDOW":0.4795700797693125,
    "WRITE_SETTINGS":0.45766848311163916,
    "MODIFY_AUDIO_SETTINGS":0.44232490546942355,
    "RECEIVE_BOOT_COMPLETED":0.4285566255317744,
    "ACCESS_COARSE_LOCATION":0.36883389827060564,
    "FLASHLIGHT":0.3439425416837252,
    "BLUETOOTH":0.3411212457947563,
    "ACCESS_FINE_LOCATION":0.3356820822918232,
    "READ_LOGS":0.28803790885904723,
    "C2D_MESSAGE":0.2581371310001806,
    "REORDER_TASKS":0.233475902649399,
    "QUERY_ALL_PACKAGES":0.20278747593824925,
    "INSTALL_SHORTCUT":0.15042758080552512,
    "ACCESS_LOCATION_EXTRA_COMMANDS":0.14774105614874672,
    "BLUETOOTH_ADMIN":0.14773660615523102,
    "RESTART_PACKAGES":0.1333542271124119,
    "READ_CALENDAR":0.12552223852473815,
    "CHANGE_CONFIGURATION":0.12367104122219705,
    "WRITE_CALENDAR":0.1191479406701436,
    "BROADCAST_STICKY":0.11539723184974789,
    "CALL_PHONE":0.11166686585685259,
    "DISABLE_KEYGUARD":0.1075016719261352,
    "CHANGE_WIFI_MULTICAST_STATE":0.09791130018639117,
    "READ_CONTACTS":0.09528516829875479,
    "GET_ACCOUNTS":0.09368634919989118,
    "KILL_BACKGROUND_PROCESSES":0.08619128869269362,
    "UNINSTALL_SHORTCUT":0.08410932744069428,
    "USE_CREDENTIALS":0.07479866957908148,
    "ACCESS_BACKGROUND_LOCATION":0.07335178597311187,
    "MANAGE_ACCOUNTS":0.06456749877307323,
    "AUTHENTICATE_ACCOUNTS":0.05990899127546985,
    "READ_SMS":0.04663402490470657,
    "EXPAND_STATUS_BAR":0.044690649165054074,
    "RECEIVE_SMS":0.04162714648615798,
    "INSTALL_PACKAGES":0.03604113319720591,
    "USE_FINGERPRINT":0.03352561543410322,
    "DEVICE_POWER":0.03324399441589384,
    "INTERACT_ACROSS_USERS_FULL":0.03216646027172931,
    "READ_MEDIA_VIDEO":0.028493308481179067,
    "NFC":0.027542281295532964,
    "SEND_SMS":0.02622635464159752,
    "REQUEST_IGNORE_BATTERY_OPTIMIZATIONS":0.025868448020261454,
    "READ_MEDIA_AUDIO":0.025844926625964056,
    "WRITE_SYNC_SETTINGS":0.022302731787447967,
    "INTERACT_ACROSS_USERS":0.021419090217897112,
    "MANAGE_EXTERNAL_STORAGE":0.01995694949130217,
    "PROCESS_OUTGOING_CALLS":0.01877897263635416,
    "READ_PRIVILEGED_PHONE_STATE":0.018269766235483483,
    "BATTERY_STATS":0.01776755268156609,
    "READ_PHONE_NUMBERS":0.01749165308359122,
    "MEDIA_CONTENT_CONTROL":0.015496784561828209,
    "WRITE_CONTACTS":0.015400156131201064,
    "PACKAGE_USAGE_STATS":0.015280642019635913,
    "ACCESS_NOTIFICATION_POLICY":0.014175136487658259,
    "MODIFY_PHONE_STATE":0.01369898718147582,
    "WRITE_SMS":0.013639230125693244,
    "READ_SYNC_SETTINGS":0.013371594801390432,
    "SET_ALARM":0.012926595449818057,
    "WRITE_MEDIA_STORAGE":0.011684411545571748,
    "MANAGE_DOCUMENTS":0.011593504535179105,
    "GET_PACKAGE_SIZE":0.010329706376713562,
    "SET_WALLPAPER":0.010058892485613806,
    "ACTIVITY_RECOGNITION":0.010031556811160075,
    "READ_SYNC_STATS":0.0099425569408456,
    "SCHEDULE_EXACT_ALARM":0.009867542764437685,
    "BLUETOOTH_CONNECT":0.009837028523187009,
    "SET_DEBUG_APP":0.00982876424951495,
    "CAPTURE_AUDIO_OUTPUT":0.009738492952481697,
    "CLEAR_APP_CACHE":0.009152365235124943,
    "HARDWARE_TEST":0.007622838892434756,
    "GET_TOP_ACTIVITY_INFO":0.006646383172413091,
    "REAL_GET_TASKS":0.006547211888348391,
    "USE_FULL_SCREEN_INTENT":0.006477919132174979,
    "READ_HISTORY_BOOKMARKS":0.006227448068575671,
    "SET_TIME_ZONE":0.005877170007552274,
    "BODY_SENSORS":0.005768463023096737,
    "WRITE_SECURE_SETTINGS":0.005572663308404893,
    "CAPTURE_VIDEO_OUTPUT":0.004961107056672574,
    "ACCESS_MEDIA_LOCATION":0.004910885701280835,
    "ACCESS_MOCK_LOCATION":0.004895628580655496,
    "SET_WALLPAPER_HINTS":0.0048333286714353635,
    "DELETE_PACKAGES":0.004741785947683333,
    "BLUETOOTH_SCAN":0.004611464709008566,
    "REQUEST_COMPANION_RUN_IN_BACKGROUND":0.004611464709008566,
    "REQUEST_COMPANION_USE_DATA_IN_BACKGROUND":0.004611464709008566,
    "START_FOREGROUND_SERVICES_FROM_BACKGROUND":0.0034347592807793333,
    "BROADCAST_CLOSE_SYSTEM_DIALOGS":0.0034347592807793333,
    "READ_CALL_LOG":0.003063502678896096,
    "WRITE_HISTORY_BOOKMARKS":0.0028886815050640923,
    "WRITE_CALL_LOG":0.002648381855215011,
    "ADD_VOICEMAIL":0.002648381855215011,
    "USE_SIP":0.002648381855215011,
    "USE_BIOMETRIC":0.002648381855215011,
    "STOP_APP_SWITCHES":0.002648381855215011,
    "REQUEST_DELETE_PACKAGES":0.002648381855215011,
    "WRITE_APN_SETTINGS":0.0019408328862149371,
    "START_VIEW_PERMISSION_USAGE":0.0014481550326883809,
    "READ_PROFILE":0.0011811554217449568,
    "BLUETOOTH_PRIVILEGED":0.0011811554217449568,
    "SET_ACTIVITY_WATCHER":0.0011811554217449568,
    "LOCAL_MAC_ADDRESS":0.0011811554217449568,
    "MOUNT_FORMAT_FILESYSTEMS":0.0004151208236810854
}