{
    "INTERNET":1.0,
    "ACCESS_NETWORK_STATE":0.9540737227419607,
    "ACCESS_WIFI_STATE":0.9152538544807481,
    "WRITE_EXTERNAL_STORAGE":0.692883750118978,
    "READ_EXTERNAL_STORAGE":0.6485868651621406,
    "CHANGE_WIFI_STATE":0.5353666858644565,
    "CHANGE_NETWORK_STATE":0.47528405470240936,
    "READ_PHONE_STATE":0.3991623955615992,
    "REQUEST_INSTALL_PACKAGES":0.39650858334825534,
    "CAMERA":0.3827636106688085,
    "WAKE_LOCK":0.3659598975902733,
    "VIBRATE":0.3383747699088341,
    "GET_TASKS":0.3106686477495828,
    "RECORD_AUDIO":0.28463547590354593,
    "ACCESS_FINE_LOCATION":0.2809411111810186,
    "ACCESS_COARSE_LOCATION":0.2680350335477351,
    "WRITE_SETTINGS":0.25018270166149575,
    "BLUETOOTH":0.240974215270148,
    "MOUNT_UNMOUNT_FILESYSTEMS":0.23412915434539527,
    "SYSTEM_ALERT_WINDOW":0.23340157421881894,
    "MODIFY_AUDIO_SETTINGS":0.2005975513944207,
    "RECEIVE_BOOT_COMPLETED":0.1830743244878301,
    "FLASHLIGHT":0.16614155063296224,
    "FOREGROUND_SERVICE":0.1560667437804803,
    "ACCESS_LOCATION_EXTRA_COMMANDS":0.15276117464665567,
    "READ_LOGS":0.14958627954886794,
    "QUERY_ALL_PACKAGES":0.13365050019117114,
    "BLUETOOTH_ADMIN":0.12048307448581368,
    "REORDER_TASKS":0.11340731742336604,
    "READ_CONTACTS":0.09737635574312377,
    "C2D_MESSAGE":0.09705370380229168,
    "CALL_PHONE":0.09169929484418321,
    "ACCESS_BACKGROUND_LOCATION":0.06782305122260879,
    "CHANGE_CONFIGURATION":0.06275096271272838,
    "KILL_BACKGROUND_PROCESSES":0.06228634391793017,
    "BROADCAST_STICKY":0.059916465412518494,
    "RECEIVE_SMS":0.049844885079444914,
    "GET_ACCOUNTS":0.04980455358684091,
    "RESTART_PACKAGES":0.04643606732455392,
    "MANAGE_ACCOUNTS":0.04379193466943496,
    "READ_SMS":0.043151470566883274,
    "DISABLE_KEYGUARD":0.042659426357114345,
    "WRITE_CONTACTS":0.030548685757981975,
    "READ_CALL_LOG":0.030548685757981975,
    "USE_CREDENTIALS":0.029051580752521088,
    "CHANGE_WIFI_MULTICAST_STATE":0.02874990118784309,
    "EXPAND_STATUS_BAR":0.027222144248003156,
    "READ_PRIVILEGED_PHONE_STATE":0.026254188425506895,
    "READ_CALENDAR":0.022924420396119763,
    "WRITE_CALENDAR":0.022924420396119763,
    "ACTIVITY_RECOGNITION":0.021788685564390817,
    "NFC":0.02088203361065265,
    "INSTALL_SHORTCUT":0.02042225459496693,
    "INTERACT_ACROSS_USERS":0.020080243537684915,
    "ACCESS_NOTIFICATION_POLICY":0.017623249008248576,
    "WRITE_CALL_LOG":0.017161856732858694,
    "SET_DEBUG_APP":0.016708530755989607,
    "INSTALL_PACKAGES":0.015308221332778356,
    "CAPTURE_AUDIO_OUTPUT":0.013386829025123278,
    "CAPTURE_VIDEO_OUTPUT":0.013386829025123278,
    "CAPTURE_SECURE_VIDEO_OUTPUT":0.013386829025123278,
    "READ_HISTORY_BOOKMARKS":0.012657635638842762,
    "DEVICE_POWER":0.012657635638842762,
    "MANAGE_EXTERNAL_STORAGE":0.012606011328309628,
    "WRITE_MEDIA_STORAGE":0.011728398049246353,
    "UNINSTALL_SHORTCUT":0.010929834495686937,
    "PEERS_MAC_ADDRESS":0.010468442220297055,
    "GET_PACKAGE_SIZE":0.010331315145443417,
    "REQUEST_IGNORE_BATTERY_OPTIMIZATIONS":0.009287536116851616,
    "BLUETOOTH_CONNECT":0.008614806820216717,
    "READ_MEDIA_AUDIO":0.008614806820216717,
    "READ_MEDIA_VIDEO":0.008614806820216717,
    "USE_FINGERPRINT":0.0081098565328145,
    "INTERACT_ACROSS_USERS_FULL":0.0081098565328145,
    "WRITE_SYNC_SETTINGS":0.006751491861911415,
    "SEND_SMS":0.006693414512561639,
    "PROCESS_OUTGOING_CALLS":0.006693414512561639,
    "ADD_VOICEMAIL":0.006693414512561639,
    "USE_SIP":0.006693414512561639,
    "BODY_SENSORS":0.006693414512561639,
    "USE_BIOMETRIC":0.006693414512561639,
    "WRITE_SMS":0.006693414512561639,
    "WRITE_HISTORY_BOOKMARKS":0.006693414512561639,
    "LOCATION_HARDWARE":0.006693414512561639,
    "ACCESS_MOCK_LOCATION":0.006693414512561639,
    "SET_WALLPAPER":0.006693414512561639,
    "CLEAR_APP_CACHE":0.006693414512561639,
    "STATUS_BAR":0.006693414512561639,
    "STATUS_BAR_SERVICE":0.006693414512561639,
    "ACCESS_CHECKIN_PROPERTIES":0.006693414512561639,
    "PACKAGE_USAGE_STATS":0.006693414512561639,
    "BATTERY_STATS":0.006693414512561639,
    "USE_FULL_SCREEN_INTENT":0.006693414512561639,
    "FORCE_STOP_PACKAGES":0.005964221126281122,
    "READ_SYNC_SETTINGS":0.005034983536684713,
    "ACCESS_MEDIA_LOCATION":0.004242873021941941,
    "MANAGE_DOCUMENTS":0.0025199116578985973,
    "REAL_GET_TASKS":0.0025199116578985973,
    "BIND_JOB_SERVICE":0.0025199116578985973,
    "MEDIA_CONTENT_CONTROL":0.0025199116578985973,
    "SET_ALARM":0.0017165083252267013,
    "AUTHENTICATE_ACCOUNTS":0.0008776132790632758,
    "SCHEDULE_EXACT_ALARM":0.0008776132790632758
}