{
    "INTERNET":0.9964021239557525,
    "ACCESS_NETWORK_STATE":0.9964021239557525,
    "WRITE_EXTERNAL_STORAGE":0.9916149340063184,
    "ACCESS_WIFI_STATE":0.9802744287148502,
    "READ_EXTERNAL_STORAGE":0.9696558012728997,
    "READ_PHONE_STATE":0.9271490545357415,
    "REQUEST_INSTALL_PACKAGES":0.9041905757522726,
    "CAMERA":0.8969291984047305,
    "VIBRATE":0.8740490094039846,
    "WAKE_LOCK":0.8219103167512505,
    "GET_TASKS":0.8193635961720903,
    "CHANGE_WIFI_STATE":0.8179405642390696,
    "CHANGE_NETWORK_STATE":0.788904265411574,
    "ACCESS_COARSE_LOCATION":0.7620428106953051,
    "ACCESS_FINE_LOCATION":0.7116357038251466,
    "RECORD_AUDIO":0.6957532398154203,
    "WRITE_SETTINGS":0.6849227694319846,
    "MOUNT_UNMOUNT_FILESYSTEMS":0.6657337134225532,
    "FOREGROUND_SERVICE":0.6493089775354378,
    "BLUETOOTH":0.6409480892687736,
    "SYSTEM_ALERT_WINDOW":0.6379984065726577,
    "MODIFY_AUDIO_SETTINGS":0.6128109716222564,
    "RECEIVE_BOOT_COMPLETED":0.5000460528133664,
    "FLASHLIGHT":0.3973632461707089,
    "ACCESS_LOCATION_EXTRA_COMMANDS":0.3786047839662528,
    "BLUETOOTH_ADMIN":0.3719892973261739,
    "READ_LOGS":0.3657122988643378,
    "C2D_MESSAGE":0.3266583618093231,
    "REORDER_TASKS":0.32331953284026144,
    "QUERY_ALL_PACKAGES":0.31037293568264107,
    "CALL_PHONE":0.2938284624807731,
    "BROADCAST_STICKY":0.24342365825128268,
    "ACCESS_BACKGROUND_LOCATION":0.22469858433651718,
    "KILL_BACKGROUND_PROCESSES":0.2153418039808053,
    "GET_ACCOUNTS":0.2153245341757929,
    "CHANGE_WIFI_MULTICAST_STATE":0.20048516638881478,
    "DISABLE_KEYGUARD":0.19206556078510847,
    "RESTART_PACKAGES":0.1520974753847713,
    "MANAGE_ACCOUNTS":0.13436944487938773,
    "READ_CONTACTS":0.1326654907848321,
    "READ_CALENDAR":0.12453716922566806,
    "USE_FINGERPRINT":0.11977415700325138,
    "WRITE_CALENDAR":0.11618664284201126,
    "INSTALL_SHORTCUT":0.11123136012379002,
    "CHANGE_CONFIGURATION":0.10760124711018601,
    "INTERACT_ACROSS_USERS":0.09930598410256886,
    "INSTALL_PACKAGES":0.09927835241454903,
    "REQUEST_IGNORE_BATTERY_OPTIMIZATIONS":0.09233128551823233,
    "EXPAND_STATUS_BAR":0.08800692634313033,
    "USE_CREDENTIALS":0.08479934789216277,
    "UNINSTALL_SHORTCUT":0.0817552569286458,
    "NFC":0.08081462821563772,
    "READ_PRIVILEGED_PHONE_STATE":0.07511674388188379,
    "INTERACT_ACROSS_USERS_FULL":0.07272430022750093,
    "DEVICE_POWER":0.05434692505365156,
    "AUTHENTICATE_ACCOUNTS":0.04903703567250925,
    "WRITE_CONTACTS":0.048303644619649845,
    "WRITE_MEDIA_STORAGE":0.04711317939412921,
    "BATTERY_STATS":0.04683225723259435,
    "SET_WALLPAPER":0.04410477936097118,
    "SCHEDULE_EXACT_ALARM":0.04017302041981746,
    "READ_MEDIA_AUDIO":0.038546204787650494,
    "READ_MEDIA_VIDEO":0.038546204787650494,
    "USE_FULL_SCREEN_INTENT":0.03603517513884925,
    "BLUETOOTH_CONNECT":0.03233943686619817,
    "ACCESS_NOTIFICATION_POLICY":0.029554392977867033,
    "READ_PROFILE":0.02725405495021692,
    "READ_SMS":0.02714352819813764,
    "READ_PHONE_NUMBERS":0.026858000755266148,
    "MANAGE_EXTERNAL_STORAGE":0.02590355619824816,
    "USE_BIOMETRIC":0.025711285702443572,
    "ACCESS_MEDIA_LOCATION":0.02381851507308583,
    "RECEIVE_SMS":0.020549916644407813,
    "PACKAGE_USAGE_STATS":0.01978083466118946,
    "WRITE_SYNC_SETTINGS":0.0191107662267088,
    "CAPTURE_VIDEO_OUTPUT":0.018238065413416115,
    "SET_DEBUG_APP":0.017569148299269612,
    "BLUETOOTH_PRIVILEGED":0.015646443341223722,
    "PROCESS_OUTGOING_CALLS":0.014809433458289972,
    "SEND_SMS":0.013784758360888274,
    "ACTIVITY_RECOGNITION":0.013466993948660329,
    "READ_SYNC_SETTINGS":0.013377190962595912,
    "GET_PACKAGE_SIZE":0.012291495887483773,
    "SET_ALARM":0.011386558104834629,
    "WRITE_APN_SETTINGS":0.011168958561678537,
    "READ_USER_DICTIONARY":0.01058063387092318,
    "CAPTURE_SECURE_VIDEO_OUTPUT":0.009219773235946986,
    "INJECT_EVENTS":0.008515165191441548,
    "CAPTURE_AUDIO_OUTPUT":0.0067225594311556515,
    "LOCATION_HARDWARE":0.00659361155372982,
    "READ_HISTORY_BOOKMARKS":0.005532094205635024,
    "WRITE_SECURE_SETTINGS":0.005228145637416992,
    "MANAGE_FINGERPRINT":0.005228145637416992,
    "ACCESS_MOCK_LOCATION":0.004790643910436491,
    "READ_SYNC_STATS":0.004790643910436491,
    "DELETE_PACKAGES":0.004790643910436491,
    "READ_FRAME_BUFFER":0.004790643910436491,
    "CALL_PRIVILEGED":0.004790643910436491,
    "BODY_SENSORS":0.004262187877057411,
    "STATUS_BAR":0.004262187877057411,
    "STATUS_BAR_SERVICE":0.004262187877057411,
    "LOCAL_MAC_ADDRESS":0.004262187877057411,
    "CLEAR_APP_CACHE":0.0037889952197179737,
    "MEDIA_CONTENT_CONTROL":0.002620405080546372,
    "UPDATE_DEVICE_STATS":0.002460371554098241,
    "INTERNAL_SYSTEM_WINDOW":0.002460371554098241,
    "BIND_JOB_SERVICE":0.0021529690248777308,
    "RECEIVE_MMS":0.0018029676432933294,
    "PERSISTENT_ACTIVITY":0.0017822438772784636
}