{
    "INTERNET":0.9938459487680787,
    "ACCESS_NETWORK_STATE":0.9938459487680787,
    "ACCESS_WIFI_STATE":0.9876918975361578,
    "WRITE_EXTERNAL_STORAGE":0.9815378463042366,
    "READ_EXTERNAL_STORAGE":0.9587834085001443,
    "READ_PHONE_STATE":0.9034443432346169,
    "REQUEST_INSTALL_PACKAGES":0.8396673405760076,
    "CAMERA":0.8373967844897172,
    "VIBRATE":0.7695126376515369,
    "WAKE_LOCK":0.767951537772248,
    "CHANGE_WIFI_STATE":0.7356157383750638,
    "CHANGE_NETWORK_STATE":0.696163160116416,
    "GET_TASKS":0.6829604615168142,
    "ACCESS_COARSE_LOCATION":0.6684158687135736,
    "ACCESS_FINE_LOCATION":0.6476520554234889,
    "WRITE_SETTINGS":0.6243066509668005,
    "SYSTEM_ALERT_WINDOW":0.5564965601001236,
    "MOUNT_UNMOUNT_FILESYSTEMS":0.5152844119585582,
    "MODIFY_AUDIO_SETTINGS":0.5023764561255395,
    "RECORD_AUDIO":0.47129516488562034,
    "READ_LOGS":0.42699340161293886,
    "FOREGROUND_SERVICE":0.4208289825450074,
    "RECEIVE_BOOT_COMPLETED":0.41770233942813967,
    "BLUETOOTH":0.41657816978071993,
    "FLASHLIGHT":0.3611309827967977,
    "ACCESS_LOCATION_EXTRA_COMMANDS":0.34619093110572957,
    "QUERY_ALL_PACKAGES":0.3206460642953943,
    "CALL_PHONE":0.31484451948782877,
    "REORDER_TASKS":0.2766168269978448,
    "C2D_MESSAGE":0.25830130412565805,
    "BLUETOOTH_ADMIN":0.22790132782356898,
    "ACCESS_BACKGROUND_LOCATION":0.18495775106825732,
    "BROADCAST_STICKY":0.17126924529559434,
    "GET_ACCOUNTS":0.14608132826790482,
    "EXPAND_STATUS_BAR":0.14268067805647508,
    "CHANGE_CONFIGURATION":0.13671028563388204,
    "DISABLE_KEYGUARD":0.13569423770485728,
    "RESTART_PACKAGES":0.12923803810920287,
    "KILL_BACKGROUND_PROCESSES":0.11055815985722005,
    "READ_CONTACTS":0.09655565676538325,
    "INSTALL_PACKAGES":0.0963660734783349,
    "INSTALL_SHORTCUT":0.0950538016632971,
    "CHANGE_WIFI_MULTICAST_STATE":0.0818644331385661,
    "MANAGE_ACCOUNTS":0.08104537409374003,
    "INTERACT_ACROSS_USERS_FULL":0.07904882510201207,
    "READ_PRIVILEGED_PHONE_STATE":0.07513570756777971,
    "READ_CALENDAR":0.07208608266127536,
    "WRITE_CALENDAR":0.07208608266127536,
    "USE_CREDENTIALS":0.06599868180370722,
    "NFC":0.06496041708323148,
    "AUTHENTICATE_ACCOUNTS":0.06359926832700154,
    "UNINSTALL_SHORTCUT":0.05718009671709876,
    "WRITE_SYNC_SETTINGS":0.05626180267045831,
    "SET_WALLPAPER":0.04646419764057673,
    "READ_SYNC_SETTINGS":0.04618574718772446,
    "READ_PHONE_NUMBERS":0.04467648648848798,
    "READ_MEDIA_AUDIO":0.0445950249198344,
    "READ_MEDIA_VIDEO":0.0445950249198344,
    "USE_FINGERPRINT":0.041789784719290825,
    "MANAGE_EXTERNAL_STORAGE":0.0406700584301615,
    "GET_TOP_ACTIVITY_INFO":0.038673509438433555,
    "WRITE_CONTACTS":0.03860093458636036,
    "INTERACT_ACROSS_USERS":0.03783075248272644,
    "USE_FULL_SCREEN_INTENT":0.03604304133063768,
    "REQUEST_IGNORE_BATTERY_OPTIMIZATIONS":0.03289714366117911,
    "RECEIVE_SMS":0.030373316152347934,
    "WRITE_MEDIA_STORAGE":0.029961564950789797,
    "ACCESS_NOTIFICATION_POLICY":0.029924536965038166,
    "ACCESS_MEDIA_LOCATION":0.02824494753134418,
    "STATUS_BAR":0.027292587737812228,
    "STATUS_BAR_SERVICE":0.027292587737812228,
    "SET_ALARM":0.026169899209822774,
    "OVERRIDE_WIFI_CONFIG":0.021011160234905537,
    "WRITE_APN_SETTINGS":0.020845274858738227,
    "READ_SMS":0.02019654454836965,
    "BATTERY_STATS":0.018296268319595948,
    "CLEAR_APP_CACHE":0.017103967178393423,
    "CAPTURE_VIDEO_OUTPUT":0.016714432768286266,
    "SCHEDULE_EXACT_ALARM":0.016538179556108503,
    "SEND_SMS":0.01583761006568764,
    "GET_PACKAGE_SIZE":0.015643583420349095,
    "BLUETOOTH_CONNECT":0.014814156539512558,
    "WRITE_SECURE_SETTINGS":0.014163945109713917,
    "CALL_PRIVILEGED":0.014086926899350524,
    "CAPTURE_AUDIO_OUTPUT":0.013861796745980606,
    "ACTIVITY_RECOGNITION":0.012308102463842167,
    "READ_HISTORY_BOOKMARKS":0.012308102463842167,
    "READ_SYNC_STATS":0.012308102463842167,
    "GET_INTENT_SENDER_INTENT":0.011216517443884083,
    "SET_DEBUG_APP":0.010949915946472339,
    "INSTANT_APP_FOREGROUND_SERVICE":0.010949915946472339,
    "READ_CLIPBOARD_IN_BACKGROUND":0.008381654854739209,
    "ACCESS_MOCK_LOCATION":0.007184910355246493,
    "PACKAGE_USAGE_STATS":0.006953855724156315,
    "READ_CELL_BROADCASTS":0.006154051231921084,
    "READ_CALL_LOG":0.006154051231921084,
    "ADD_VOICEMAIL":0.006154051231921084,
    "USE_SIP":0.006154051231921084,
    "ANSWER_PHONE_CALLS":0.006154051231921084,
    "BODY_SENSORS":0.006154051231921084,
    "READ_PROFILE":0.006154051231921084,
    "WRITE_PROFILE":0.006154051231921084,
    "READ_SOCIAL_STREAM":0.006154051231921084,
    "WRITE_SOCIAL_STREAM":0.006154051231921084,
    "READ_USER_DICTIONARY":0.006154051231921084,
    "WRITE_USER_DICTIONARY":0.006154051231921084,
    "WRITE_HISTORY_BOOKMARKS":0.006154051231921084,
    "SUBSCRIBED_FEEDS_READ":0.006154051231921084,
    "SUBSCRIBED_FEEDS_WRITE":0.006154051231921084,
    "BIND_DIRECTORY_SEARCH":0.006154051231921084,
    "ACCOUNT_MANAGER":0.006154051231921084,
    "TRANSMIT_IR":0.006154051231921084,
    "MODIFY_PHONE_STATE":0.006154051231921084,
    "SET_WALLPAPER_HINTS":0.006154051231921084,
    "SET_TIME":0.006154051231921084,
    "SET_TIME_ZONE":0.006154051231921084,
    "PERSISTENT_ACTIVITY":0.006154051231921084,
    "UPDATE_APP_OPS_STATS":0.006154051231921084,
    "CLEAR_APP_USER_DATA":0.006154051231921084,
    "DELETE_CACHE_FILES":0.006154051231921084,
    "DELETE_PACKAGES":0.006154051231921084,
    "GRANT_RUNTIME_PERMISSIONS":0.006154051231921084,
    "DEVICE_POWER":0.006154051231921084,
    "BIND_APPWIDGET":0.006154051231921084,
    "ACCESS_CACHE_FILESYSTEM":0.006154051231921084,
    "READ_INSTALL_SESSIONS":0.006154051231921084,
    "LOCAL_MAC_ADDRESS":0.006154051231921084,
    "UPDATE_DEVICE_STATS":0.004351528885531684,
    "ACCESS_SURFACE_FLINGER":0.004351528885531684,
    "READ_FRAME_BUFFER":0.004351528885531684,
    "PROCESS_OUTGOING_CALLS":0.0041737945539238545,
    "WRITE_SMS":0.0020039545888782735,
    "REQUEST_DELETE_PACKAGES":0.0007998044922352311
}