{
    "INTERNET":0.9890371815930079,
    "ACCESS_NETWORK_STATE":0.9890371815930079,
    "ACCESS_WIFI_STATE":0.9779539214265889,
    "WRITE_EXTERNAL_STORAGE":0.9740989123585462,
    "READ_EXTERNAL_STORAGE":0.9658748348289637,
    "CAMERA":0.9054244175593611,
    "VIBRATE":0.9046895482735807,
    "READ_PHONE_STATE":0.8888200373194899,
    "WAKE_LOCK":0.8777324133212075,
    "REQUEST_INSTALL_PACKAGES":0.8582932879029344,
    "CHANGE_WIFI_STATE":0.8436028843183083,
    "ACCESS_FINE_LOCATION":0.837452499690168,
    "ACCESS_COARSE_LOCATION":0.8306641228436125,
    "CHANGE_NETWORK_STATE":0.7379798251325295,
    "MOUNT_UNMOUNT_FILESYSTEMS":0.7332721233183974,
    "GET_TASKS":0.7254189714971958,
    "WRITE_SETTINGS":0.7220230375411729,
    "RECORD_AUDIO":0.6815572246727564,
    "SYSTEM_ALERT_WINDOW":0.633822140686448,
    "MODIFY_AUDIO_SETTINGS":0.5647749746461367,
    "ACCESS_LOCATION_EXTRA_COMMANDS":0.5618293881384065,
    "RECEIVE_BOOT_COMPLETED":0.5379618461452526,
    "BLUETOOTH":0.5337891501175612,
    "CALL_PHONE":0.5212867718291959,
    "FLASHLIGHT":0.5132040824519846,
    "FOREGROUND_SERVICE":0.5062394067981515,
    "READ_LOGS":0.42385026121897496,
    "BLUETOOTH_ADMIN":0.4118200495382191,
    "READ_CONTACTS":0.3477851807760985,
    "REORDER_TASKS":0.2481929372254057,
    "ACCESS_BACKGROUND_LOCATION":0.2464238397880222,
    "GET_ACCOUNTS":0.2459970570317911,
    "QUERY_ALL_PACKAGES":0.22164512970181047,
    "C2D_MESSAGE":0.20356664705851532,
    "DISABLE_KEYGUARD":0.20241546821297576,
    "RESTART_PACKAGES":0.19063661324754605,
    "KILL_BACKGROUND_PROCESSES":0.18751909176440176,
    "CHANGE_CONFIGURATION":0.18453859460176522,
    "BROADCAST_STICKY":0.17891099703084862,
    "NFC":0.1640826963593421,
    "MANAGE_ACCOUNTS":0.15029473320404735,
    "CHANGE_WIFI_MULTICAST_STATE":0.14236914177391494,
    "WRITE_CONTACTS":0.14015056965461128,
    "INSTALL_SHORTCUT":0.1109286059651835,
    "INSTALL_PACKAGES":0.10948155931931194,
    "USE_CREDENTIALS":0.10779450192095867,
    "USE_FINGERPRINT":0.09873605973911255,
    "REQUEST_IGNORE_BATTERY_OPTIMIZATIONS":0.0938904608381,
    "READ_PRIVILEGED_PHONE_STATE":0.09351342576511053,
    "PROCESS_OUTGOING_CALLS":0.08997872195583442,
    "BLUETOOTH_PRIVILEGED":0.08079547418269786,
    "READ_CALENDAR":0.07981448477982717,
    "WRITE_CALENDAR":0.07824612360815576,
    "RECEIVE_SMS":0.07512860212501149,
    "READ_SMS":0.06246999865593974,
    "INTERACT_ACROSS_USERS_FULL":0.062190713416688276,
    "AUTHENTICATE_ACCOUNTS":0.05597923514246159,
    "SEND_SMS":0.05551405066583342,
    "UNINSTALL_SHORTCUT":0.05380517410816362,
    "WRITE_MEDIA_STORAGE":0.05339497391301307,
    "ACCESS_NOTIFICATION_POLICY":0.05136142826471348,
    "EXPAND_STATUS_BAR":0.04852493755356599,
    "READ_CALL_LOG":0.04827969020284831,
    "READ_PROFILE":0.047790068267785625,
    "MANAGE_EXTERNAL_STORAGE":0.045471128015625965,
    "OVERRIDE_WIFI_CONFIG":0.03978941892960437,
    "BATTERY_STATS":0.03891316149145296,
    "SET_DEBUG_APP":0.038751699712510725,
    "READ_PHONE_NUMBERS":0.03277063176066649,
    "WRITE_SYNC_SETTINGS":0.03035394167476882,
    "ACCESS_MOCK_LOCATION":0.029481175302108052,
    "BLUETOOTH_CONNECT":0.02945324677818291,
    "USE_FULL_SCREEN_INTENT":0.0282854853715628,
    "CAPTURE_VIDEO_OUTPUT":0.027858702615331684,
    "READ_SYNC_SETTINGS":0.025227312001759473,
    "USE_BIOMETRIC":0.024617248307269596,
    "PACKAGE_USAGE_STATS":0.022957246666468815,
    "READ_MEDIA_AUDIO":0.022934554740779635,
    "READ_MEDIA_VIDEO":0.022934554740779635,
    "ACCESS_MEDIA_LOCATION":0.019666044675165063,
    "WRITE_CALL_LOG":0.01942428838993803,
    "MANAGE_DOCUMENTS":0.01898092307262636,
    "SET_WALLPAPER":0.017903056602390315,
    "TRANSMIT_IR":0.017605443269312994,
    "GET_TOP_ACTIVITY_INFO":0.01749983853822104,
    "GET_PACKAGE_SIZE":0.017080037912971212,
    "ACTIVITY_RECOGNITION":0.015932350132922303,
    "READ_HISTORY_BOOKMARKS":0.01572375896985638,
    "SCHEDULE_EXACT_ALARM":0.015106713144385218,
    "CLEAR_APP_CACHE":0.01412921480700516,
    "WRITE_APN_SETTINGS":0.01406026626356496,
    "LOCATION_HARDWARE":0.013965134728944935,
    "BLUETOOTH_SCAN":0.01370068651802872,
    "READ_SYNC_STATS":0.012795627789579508,
    "DEVICE_POWER":0.011735216646796675,
    "LOCAL_MAC_ADDRESS":0.011350326676453276,
    "INTERACT_ACROSS_USERS":0.011217666187808839,
    "WRITE_SECURE_SETTINGS":0.011143481046132674,
    "RECEIVE_MMS":0.009111680930578408,
    "DELETE_PACKAGES":0.008848105486034857,
    "BIND_NOTIFICATION_LISTENER_SERVICE":0.008507726600697159,
    "USE_SIP":0.008252878819880214,
    "SET_TIME_ZONE":0.00792995526199573,
    "MEDIA_CONTENT_CONTROL":0.00792995526199573,
    "MODIFY_PHONE_STATE":0.0076960538741226445,
    "REQUEST_DELETE_PACKAGES":0.007629723629800427,
    "CAPTURE_AUDIO_OUTPUT":0.00693936542902576,
    "STATUS_BAR":0.006832887931561145,
    "MOUNT_FORMAT_FILESYSTEMS":0.006701972975662031,
    "WRITE_SMS":0.0064829086161241785,
    "REAL_GET_TASKS":0.006390395380622136,
    "UPDATE_APP_OPS_STATS":0.006390395380622136,
    "HARDWARE_TEST":0.005652907795723789,
    "INJECT_EVENTS":0.004852581031993866,
    "BODY_SENSORS":0.004844726134639919,
    "ADD_VOICEMAIL":0.004096765353269641,
    "READ_SOCIAL_STREAM":0.004096765353269641,
    "WRITE_HISTORY_BOOKMARKS":0.003975450827469794,
    "REQUEST_PASSWORD_COMPLEXITY":0.003975450827469794,
    "ACCESS_SURFACE_FLINGER":0.003975450827469794,
    "ANSWER_PHONE_CALLS":0.0037459132714600125,
    "RECEIVE_WAP_PUSH":0.003654272802330632,
    "MANAGE_CA_CERTIFICATES":0.003654272802330632,
    "BIND_ACCESSIBILITY_SERVICE":0.003654272802330632,
    "BIND_PRINT_SERVICE":0.003654272802330632,
    "CAPTURE_SECURE_VIDEO_OUTPUT":0.003654272802330632,
    "BIND_DREAM_SERVICE":0.003654272802330632,
    "ACCESS_CHECKIN_PROPERTIES":0.0032414543080620892,
    "INSTALL_LOCATION_PROVIDER":0.0027361225782915046,
    "FORCE_STOP_PACKAGES":0.0027361225782915046,
    "SET_ACTIVITY_WATCHER":0.0027361225782915046,
    "STOP_APP_SWITCHES":0.0027361225782915046,
    "GRANT_RUNTIME_PERMISSIONS":0.0027361225782915046,
    "READ_FRAME_BUFFER":0.0027361225782915046,
    "READ_DREAM_STATE":0.0027361225782915046,
    "INSTALL_GRANT_RUNTIME_PERMISSIONS":0.002584261229448531,
    "BLUETOOTH_ADVERTISE":0.0021164584537023603,
    "START_ACTIVITIES_FROM_BACKGROUND":0.001998634993393157,
    "PERSISTENT_ACTIVITY":0.001998634993393157,
    "DELETE_CACHE_FILES":0.001998634993393157,
    "READ_USER_DICTIONARY":0.0015378143486282716,
    "WRITE_USER_DICTIONARY":0.0015378143486282716,
    "UPDATE_DEVICE_STATS":0.0015378143486282716
}