{
    "INTERNET":0.9807400439836786,
    "ACCESS_NETWORK_STATE":0.9807400439836786,
    "WRITE_EXTERNAL_STORAGE":0.9627122548413843,
    "ACCESS_WIFI_STATE":0.9483305758550484,
    "READ_EXTERNAL_STORAGE":0.9202306923530071,
    "READ_PHONE_STATE":0.8614946052206927,
    "ACCESS_COARSE_LOCATION":0.8450829103133696,
    "ACCESS_FINE_LOCATION":0.8379562586758594,
    "WAKE_LOCK":0.8243040416753159,
    "VIBRATE":0.8179200495266304,
    "CAMERA":0.7828626823804944,
    "REQUEST_INSTALL_PACKAGES":0.7476229497379108,
    "CHANGE_WIFI_STATE":0.7351273139122088,
    "BLUETOOTH":0.6748447193790945,
    "GET_TASKS":0.6639315841442808,
    "CHANGE_NETWORK_STATE":0.6605314274539266,
    "WRITE_SETTINGS":0.6368491081487391,
    "FOREGROUND_SERVICE":0.6154679534632056,
    "BLUETOOTH_ADMIN":0.5822846317476742,
    "RECEIVE_BOOT_COMPLETED":0.5732599392195004,
    "SYSTEM_ALERT_WINDOW":0.5673642546830147,
    "MOUNT_UNMOUNT_FILESYSTEMS":0.5385073144161132,
    "RECORD_AUDIO":0.49924474289464493,
    "ACCESS_LOCATION_EXTRA_COMMANDS":0.4098208618929304,
    "MODIFY_AUDIO_SETTINGS":0.3573463900630006,
    "READ_LOGS":0.35394503359964347,
    "FLASHLIGHT":0.35267207444351584,
    "READ_CONTACTS":0.34101987903888636,
    "QUERY_ALL_PACKAGES":0.3396185441714432,
    "ACCESS_BACKGROUND_LOCATION":0.31325593197767027,
    "REORDER_TASKS":0.28848781810481505,
    "CALL_PHONE":0.2816047203869032,
    "C2D_MESSAGE":0.20895726528540834,
    "GET_ACCOUNTS":0.2019649882242283,
    "CHANGE_CONFIGURATION":0.20192059662311923,
    "RESTART_PACKAGES":0.18167682674438024,
    "ACTIVITY_RECOGNITION":0.17386870404119567,
    "MANAGE_ACCOUNTS":0.1528882735386467,
    "RECEIVE_SMS":0.14963208960864627,
    "READ_CALENDAR":0.14876585350051796,
    "WRITE_CALENDAR":0.14876585350051796,
    "DISABLE_KEYGUARD":0.1463819045436606,
    "REQUEST_IGNORE_BATTERY_OPTIMIZATIONS":0.14039623703195375,
    "USE_CREDENTIALS":0.13413342195656602,
    "KILL_BACKGROUND_PROCESSES":0.12861206659700003,
    "READ_CALL_LOG":0.11990171459559869,
    "CHANGE_WIFI_MULTICAST_STATE":0.1125615033635638,
    "BROADCAST_STICKY":0.11174685749456222,
    "INSTALL_SHORTCUT":0.10610192551569257,
    "READ_SMS":0.10598554753440664,
    "NFC":0.09947797876641754,
    "READ_PRIVILEGED_PHONE_STATE":0.08372495923771235,
    "SET_DEBUG_APP":0.0786931112633491,
    "BODY_SENSORS":0.07856713509803956,
    "BLUETOOTH_CONNECT":0.07673268217653231,
    "UNINSTALL_SHORTCUT":0.07589524062047472,
    "BLUETOOTH_SCAN":0.07505180019940237,
    "WRITE_CONTACTS":0.0677727773905178,
    "ANSWER_PHONE_CALLS":0.06734805774747427,
    "BLUETOOTH_PRIVILEGED":0.06595032219904004,
    "AUTHENTICATE_ACCOUNTS":0.0654404186727872,
    "READ_MEDIA_AUDIO":0.06158794756032168,
    "READ_MEDIA_VIDEO":0.06158794756032168,
    "PROCESS_OUTGOING_CALLS":0.06103605197896568,
    "SET_ALARM":0.05531673407391329,
    "WRITE_SYNC_SETTINGS":0.055287939521842536,
    "EXPAND_STATUS_BAR":0.05124710404791421,
    "ACCESS_NOTIFICATION_POLICY":0.044846315077187456,
    "INSTALL_PACKAGES":0.04419603810958973,
    "USE_FULL_SCREEN_INTENT":0.03983366347087137,
    "DEVICE_POWER":0.03846352270150493,
    "BIND_NOTIFICATION_LISTENER_SERVICE":0.037854038016007424,
    "INTERACT_ACROSS_USERS_FULL":0.036734649804257086,
    "ACCESS_MOCK_LOCATION":0.036186353541909924,
    "MODIFY_PHONE_STATE":0.0348642036926614,
    "BATTERY_STATS":0.03459905385900992,
    "MANAGE_EXTERNAL_STORAGE":0.03087735800386571,
    "USE_FINGERPRINT":0.030443040176798598,
    "READ_PHONE_NUMBERS":0.0287129675065478,
    "GET_PACKAGE_SIZE":0.02839862697977547,
    "READ_SYNC_SETTINGS":0.027504796092579324,
    "PACKAGE_USAGE_STATS":0.026880914131046443,
    "SEND_SMS":0.026511384046138505,
    "SET_WALLPAPER":0.0260998619061274,
    "OVERRIDE_WIFI_CONFIG":0.024801707516937832,
    "BLUETOOTH_ADVERTISE":0.02451856108824214,
    "INTERACT_ACROSS_USERS":0.023371578097424,
    "USE_BIOMETRIC":0.02313162349683443,
    "BIND_JOB_SERVICE":0.02297805255245711,
    "WRITE_SECURE_SETTINGS":0.02107401279677888,
    "DELETE_PACKAGES":0.020436933332213573,
    "READ_SYNC_STATS":0.019618688144203145,
    "MANAGE_DOCUMENTS":0.01669964042803104,
    "WRITE_MEDIA_STORAGE":0.016002572313318343,
    "ACCESS_MEDIA_LOCATION":0.011730180649821072,
    "REAL_GET_TASKS":0.011728980876818123,
    "REQUEST_COMPANION_RUN_IN_BACKGROUND":0.011678590410694314,
    "SCHEDULE_EXACT_ALARM":0.011573010386434901,
    "CLEAR_APP_USER_DATA":0.010236463261151005,
    "REQUEST_DELETE_PACKAGES":0.010200470071062569,
    "CAPTURE_VIDEO_OUTPUT":0.010092490500797264,
    "HARDWARE_TEST":0.009463809447252593,
    "MOUNT_FORMAT_FILESYSTEMS":0.009221455300657128,
    "INJECT_EVENTS":0.008701953590380711,
    "POWER_SAVER":0.008164455285060079,
    "GET_TOP_ACTIVITY_INFO":0.007652152212801349,
    "WRITE_SMS":0.0072154348397283335,
    "INTERACT_ACROSS_PROFILES":0.007042667527303844,
    "CAPTURE_AUDIO_OUTPUT":0.006615548338254412,
    "READ_PROFILE":0.006549560823092281,
    "WRITE_CALL_LOG":0.0049898559192600835,
    "WRITE_USER_DICTIONARY":0.0049898559192600835,
    "UPDATE_APP_OPS_STATS":0.0049898559192600835,
    "CLEAR_APP_CACHE":0.004093625486058044,
    "WRITE_APN_SETTINGS":0.003528532401669609,
    "STATUS_BAR":0.003528532401669609,
    "STATUS_BAR_SERVICE":0.003528532401669609,
    "BROADCAST_SMS":0.003528532401669609,
    "BIND_REMOTEVIEWS":0.0016904801611535123,
    "MANAGE_MEDIA_PROJECTION":0.0016256924189943288,
    "LOCATION_HARDWARE":0.0008986299792079351,
    "BIND_ACCESSIBILITY_SERVICE":0.0008986299792079351,
    "LOCAL_MAC_ADDRESS":0.0008986299792079351
}