{
    "INTERNET":1.0,
    "ACCESS_NETWORK_STATE":1.0,
    "WRITE_EXTERNAL_STORAGE":0.9861347655020759,
    "ACCESS_WIFI_STATE":0.9821563777217913,
    "READ_EXTERNAL_STORAGE":0.9703089448880767,
    "READ_PHONE_STATE":0.9225701987095987,
    "REQUEST_INSTALL_PACKAGES":0.8622268672770927,
    "CHANGE_NETWORK_STATE":0.8231028754627304,
    "CAMERA":0.8072541686294774,
    "VIBRATE":0.8061193935914768,
    "WAKE_LOCK":0.7746622852271359,
    "CHANGE_WIFI_STATE":0.7092610993395414,
    "FOREGROUND_SERVICE":0.692638075421535,
    "GET_TASKS":0.6565236214390465,
    "ACCESS_COARSE_LOCATION":0.6552572506403367,
    "ACCESS_FINE_LOCATION":0.6357391199867253,
    "WRITE_SETTINGS":0.5764771624139613,
    "SYSTEM_ALERT_WINDOW":0.5538465059418339,
    "RECORD_AUDIO":0.5413353727497594,
    "MODIFY_AUDIO_SETTINGS":0.5177835459526667,
    "MOUNT_UNMOUNT_FILESYSTEMS":0.5085222558946312,
    "RECEIVE_BOOT_COMPLETED":0.46915605159316637,
    "BLUETOOTH":0.46177143151394184,
    "READ_LOGS":0.40368048549299723,
    "REORDER_TASKS":0.3891458290818999,
    "QUERY_ALL_PACKAGES":0.37922083866550416,
    "FLASHLIGHT":0.34374719882212207,
    "ACCESS_LOCATION_EXTRA_COMMANDS":0.32134921891240825,
    "BLUETOOTH_ADMIN":0.2670364062532775,
    "C2D_MESSAGE":0.2606015642730857,
    "RESTART_PACKAGES":0.20515969813076781,
    "CALL_PHONE":0.19619592892303153,
    "BROADCAST_STICKY":0.17547627175859595,
    "ACCESS_BACKGROUND_LOCATION":0.17408974830880353,
    "INSTALL_SHORTCUT":0.17342223358056788,
    "CHANGE_WIFI_MULTICAST_STATE":0.16791809785003026,
    "KILL_BACKGROUND_PROCESSES":0.1542130668868828,
    "READ_PRIVILEGED_PHONE_STATE":0.1414311134336384,
    "NFC":0.13875151859600657,
    "REQUEST_IGNORE_BATTERY_OPTIMIZATIONS":0.1386237372051729,
    "CHANGE_CONFIGURATION":0.13756715674962272,
    "EXPAND_STATUS_BAR":0.13631032187560177,
    "PACKAGE_USAGE_STATS":0.12917935739310693,
    "WRITE_CALENDAR":0.10650865003728537,
    "INSTALL_PACKAGES":0.09552326479546383,
    "READ_CONTACTS":0.09458683699099607,
    "MANAGE_EXTERNAL_STORAGE":0.09346541224756014,
    "READ_CALENDAR":0.08798225555133846,
    "UNINSTALL_SHORTCUT":0.08607697779846005,
    "MANAGE_ACCOUNTS":0.07537576311237315,
    "REQUEST_DELETE_PACKAGES":0.06572731451196083,
    "USE_CREDENTIALS":0.06438656350067601,
    "GET_ACCOUNTS":0.06275592037884313,
    "USE_FINGERPRINT":0.06189959434176365,
    "AUTHENTICATE_ACCOUNTS":0.056645299838079935,
    "BATTERY_STATS":0.05367772007483787,
    "INTERACT_ACROSS_USERS":0.053298190272212435,
    "BLUETOOTH_PRIVILEGED":0.05129373890256758,
    "DISABLE_KEYGUARD":0.05080549955848663,
    "WRITE_SYNC_SETTINGS":0.04873238953108039,
    "ACTIVITY_RECOGNITION":0.042064870988474834,
    "ACCESS_NOTIFICATION_POLICY":0.039593159309065,
    "GET_PACKAGE_SIZE":0.03557662783002401,
    "STATUS_BAR":0.03410618824296769,
    "PROCESS_OUTGOING_CALLS":0.03383536798179779,
    "READ_PROFILE":0.03383536798179779,
    "SET_WALLPAPER":0.03239544335374653,
    "SEND_SMS":0.0316516412279982,
    "READ_MEDIA_AUDIO":0.03064655476576905,
    "READ_MEDIA_VIDEO":0.03064655476576905,
    "BLUETOOTH_CONNECT":0.030217438154760395,
    "READ_SYNC_SETTINGS":0.029876052050891288,
    "READ_HISTORY_BOOKMARKS":0.026769247787188644,
    "SET_DEBUG_APP":0.026511777820583452,
    "CLEAR_APP_CACHE":0.026439304792946438,
    "WRITE_APN_SETTINGS":0.024095374504370284,
    "SET_WALLPAPER_HINTS":0.023723473441496123,
    "CAPTURE_VIDEO_OUTPUT":0.020157037607779767,
    "INTERACT_ACROSS_USERS_FULL":0.018856337480189094,
    "BROADCAST_CLOSE_SYSTEM_DIALOGS":0.01852639448594689,
    "USE_BIOMETRIC":0.01848443641731493,
    "CONTROL_VPN":0.01710744889221161,
    "LOCAL_MAC_ADDRESS":0.015884943347071405,
    "WRITE_SECURE_SETTINGS":0.015869685867568872,
    "WRITE_CONTACTS":0.0158258206139991,
    "RECEIVE_SMS":0.0158258206139991,
    "READ_CALL_LOG":0.0158258206139991,
    "WRITE_SMS":0.0158258206139991,
    "MEDIA_CONTENT_CONTROL":0.01581056313449657,
    "USE_FULL_SCREEN_INTENT":0.014963773022106164,
    "CONNECTIVITY_INTERNAL":0.014872228145090986,
    "SCHEDULE_EXACT_ALARM":0.01383090516904332,
    "ACCESS_MOCK_LOCATION":0.010989199611697135,
    "INJECT_EVENTS":0.010989199611697135,
    "READ_PHONE_NUMBERS":0.008830266262089157,
    "READ_SMS":0.00791291030699955,
    "RECEIVE_WAP_PUSH":0.00791291030699955,
    "RECEIVE_MMS":0.00791291030699955,
    "READ_CELL_BROADCASTS":0.00791291030699955,
    "WRITE_CALL_LOG":0.00791291030699955,
    "ADD_VOICEMAIL":0.00791291030699955,
    "USE_SIP":0.00791291030699955,
    "BODY_SENSORS":0.00791291030699955,
    "WRITE_PROFILE":0.00791291030699955,
    "READ_SOCIAL_STREAM":0.00791291030699955,
    "WRITE_SOCIAL_STREAM":0.00791291030699955,
    "READ_USER_DICTIONARY":0.00791291030699955,
    "WRITE_USER_DICTIONARY":0.00791291030699955,
    "WRITE_HISTORY_BOOKMARKS":0.00791291030699955,
    "SUBSCRIBED_FEEDS_READ":0.00791291030699955,
    "SUBSCRIBED_FEEDS_WRITE":0.00791291030699955,
    "BIND_DIRECTORY_SEARCH":0.00791291030699955,
    "SET_ALARM":0.00791291030699955,
    "ACCOUNT_MANAGER":0.00791291030699955,
    "TRANSMIT_IR":0.00791291030699955,
    "WRITE_MEDIA_STORAGE":0.00791291030699955,
    "GET_INTENT_SENDER_INTENT":0.00791291030699955,
    "SET_TIME_ZONE":0.00791291030699955,
    "READ_SYNC_STATS":0.00791291030699955,
    "PERSISTENT_ACTIVITY":0.00791291030699955,
    "MOUNT_FORMAT_FILESYSTEMS":0.00791291030699955,
    "UPDATE_APP_OPS_STATS":0.00791291030699955,
    "CLEAR_APP_USER_DATA":0.00791291030699955,
    "DELETE_PACKAGES":0.00791291030699955,
    "DEVICE_POWER":0.00791291030699955,
    "BIND_APPWIDGET":0.00791291030699955,
    "ACCESS_CACHE_FILESYSTEM":0.00791291030699955,
    "READ_INSTALL_SESSIONS":0.00791291030699955,
    "ACCESS_MEDIA_LOCATION":0.006686590391983713,
    "ACCESS_CONTENT_PROVIDERS_EXTERNALLY":0.0043293098088428485,
    "UPDATE_DEVICE_STATS":0.0016306431218328793,
    "INTERNAL_SYSTEM_WINDOW":0.0016306431218328793,
    "CAPTURE_AUDIO_OUTPUT":0.0016306431218328793,
    "CAPTURE_SECURE_VIDEO_OUTPUT":0.0016306431218328793
}