{
    "INTERNET":1.0,
    "ACCESS_NETWORK_STATE":0.9986511739873878,
    "ACCESS_WIFI_STATE":0.9934990805151102,
    "WRITE_EXTERNAL_STORAGE":0.9815383317243382,
    "READ_EXTERNAL_STORAGE":0.9408762529687823,
    "REQUEST_INSTALL_PACKAGES":0.9141690015709417,
    "WAKE_LOCK":0.90887544888483,
    "VIBRATE":0.8597047225041756,
    "READ_PHONE_STATE":0.8340261525823752,
    "CHANGE_NETWORK_STATE":0.8188540314635077,
    "CHANGE_WIFI_STATE":0.8121185874925242,
    "CAMERA":0.7772104243031895,
    "FOREGROUND_SERVICE":0.773544893446468,
    "GET_TASKS":0.6939989030706579,
    "SYSTEM_ALERT_WINDOW":0.6627053950558766,
    "WRITE_SETTINGS":0.6466472925450998,
    "RECORD_AUDIO":0.640537247203699,
    "ACCESS_COARSE_LOCATION":0.5855853061102937,
    "QUERY_ALL_PACKAGES":0.5649670052588087,
    "REORDER_TASKS":0.5561431765783252,
    "MOUNT_UNMOUNT_FILESYSTEMS":0.5540994631995098,
    "BLUETOOTH":0.5512057536673924,
    "MODIFY_AUDIO_SETTINGS":0.5476456967858978,
    "ACCESS_FINE_LOCATION":0.5017099192689783,
    "RECEIVE_BOOT_COMPLETED":0.4604547045115563,
    "C2D_MESSAGE":0.3812834569653774,
    "READ_LOGS":0.358738084542975,
    "INSTALL_SHORTCUT":0.33884569281511284,
    "CHANGE_WIFI_MULTICAST_STATE":0.33385739422201155,
    "FLASHLIGHT":0.3191208185773174,
    "DISABLE_KEYGUARD":0.25456950486793417,
    "BLUETOOTH_ADMIN":0.24654851926947483,
    "READ_CALENDAR":0.24026847469741386,
    "UNINSTALL_SHORTCUT":0.23733753905639263,
    "WRITE_CALENDAR":0.2372705320603659,
    "KILL_BACKGROUND_PROCESSES":0.2152438434220225,
    "BROADCAST_STICKY":0.21211560940381147,
    "ACCESS_LOCATION_EXTRA_COMMANDS":0.19817194987876702,
    "CHANGE_CONFIGURATION":0.1694197442318145,
    "EXPAND_STATUS_BAR":0.1608143087235664,
    "GET_ACCOUNTS":0.14767721489143626,
    "RESTART_PACKAGES":0.14624152795804868,
    "READ_CONTACTS":0.14443978428710763,
    "CALL_PHONE":0.1394341135098513,
    "READ_PRIVILEGED_PHONE_STATE":0.13201743174592934,
    "MANAGE_ACCOUNTS":0.11887289269201846,
    "AUTHENTICATE_ACCOUNTS":0.11819165489908005,
    "REQUEST_IGNORE_BATTERY_OPTIMIZATIONS":0.09896312878000114,
    "PACKAGE_USAGE_STATS":0.09650620559235427,
    "USE_FINGERPRINT":0.08870733577702057,
    "NFC":0.08362845365225358,
    "ACCESS_BACKGROUND_LOCATION":0.08088985290723504,
    "INSTALL_PACKAGES":0.07851606802947318,
    "USE_FULL_SCREEN_INTENT":0.0726368245632757,
    "WRITE_SYNC_SETTINGS":0.0711887289269202,
    "SET_WALLPAPER":0.06953464882129731,
    "USE_CREDENTIALS":0.06540999595476285,
    "WRITE_APN_SETTINGS":0.0646270067974875,
    "BATTERY_STATS":0.06238971765237267,
    "MANAGE_EXTERNAL_STORAGE":0.053240780954130006,
    "INTERACT_ACROSS_USERS_FULL":0.052543411847333264,
    "READ_MEDIA_AUDIO":0.05119086322383067,
    "READ_MEDIA_VIDEO":0.05119086322383067,
    "ACCESS_NOTIFICATION_POLICY":0.050055466902266574,
    "BLUETOOTH_CONNECT":0.04792241086208224,
    "WRITE_CONTACTS":0.04497410303690597,
    "WRITE_MEDIA_STORAGE":0.044842570785446095,
    "SCHEDULE_EXACT_ALARM":0.041277550422764514,
    "MOUNT_FORMAT_FILESYSTEMS":0.03631531010589588,
    "READ_PHONE_NUMBERS":0.03606961778713119,
    "OVERRIDE_WIFI_CONFIG":0.03413882360532384,
    "INTERACT_ACROSS_USERS":0.03168190041767695,
    "SEND_SMS":0.03135058804843365,
    "RECEIVE_SMS":0.03128109931181334,
    "READ_SYNC_SETTINGS":0.0312724132197358,
    "CAPTURE_VIDEO_OUTPUT":0.028893664860786768,
    "READ_SMS":0.02712542468785908,
    "REQUEST_DELETE_PACKAGES":0.026398274693939343,
    "LOCAL_MAC_ADDRESS":0.026342435530583734,
    "READ_SYNC_STATS":0.02500477735064265,
    "GET_PACKAGE_SIZE":0.022660773360003775,
    "READ_PROFILE":0.02225252703235942,
    "REAL_GET_TASKS":0.02196216338291024,
    "HARDWARE_TEST":0.018857505900338266,
    "WRITE_SMS":0.01878801716371795,
    "MANAGE_DOCUMENTS":0.01687707690665926,
    "DEVICE_POWER":0.016788975115587072,
    "CAPTURE_AUDIO_OUTPUT":0.016762916839354453,
    "SET_DEBUG_APP":0.015687082292036345,
    "UPDATE_DEVICE_STATS":0.01526146378023691,
    "USE_BIOMETRIC":0.013608624544910821,
    "READ_HISTORY_BOOKMARKS":0.01254023521937346,
    "LOCATION_HARDWARE":0.012170455870929638,
    "RECEIVE_MMS":0.012158047167961724,
    "READ_PRECISE_PHONE_STATE":0.012114616707574025,
    "HIGH_SAMPLING_RATE_SENSORS":0.011961989661068689,
    "SET_WALLPAPER_HINTS":0.011921040941274575,
    "WRITE_SECURE_SETTINGS":0.011865201777918964,
    "HIDE_NON_SYSTEM_OVERLAY_WINDOWS":0.011865201777918964,
    "SET_ALARM":0.011309291884956435,
    "FORCE_STOP_PACKAGES":0.010109370307959192,
    "GET_TOP_ACTIVITY_INFO":0.009977838056499308,
    "BIND_JOB_SERVICE":0.008693537299320252,
    "STOP_APP_SWITCHES":0.008439158888478024,
    "PERSISTENT_ACTIVITY":0.007743030651978073,
    "READ_CALL_LOG":0.005152093472277718,
    "PROCESS_OUTGOING_CALLS":0.005152093472277718,
    "ACCESS_SURFACE_FLINGER":0.005152093472277718,
    "CAPTURE_SECURE_VIDEO_OUTPUT":0.005152093472277718,
    "BLUETOOTH_PRIVILEGED":0.0045887383575344415,
    "GRANT_RUNTIME_PERMISSIONS":0.004350491260550501,
    "MEDIA_CONTENT_CONTROL":0.0027770677242190587,
    "READ_CLIPBOARD_IN_BACKGROUND":0.0020486768600025316,
    "ACCESS_MEDIA_LOCATION":0.0018526193531094972,
    "ACCESS_MOCK_LOCATION":0.001723568842243196,
    "MODIFY_PHONE_STATE":0.0009964188483234603
}