{
    "INTERNET":0.9873730963641029,
    "ACCESS_NETWORK_STATE":0.9819656574255958,
    "ACCESS_WIFI_STATE":0.9810140835536535,
    "WRITE_EXTERNAL_STORAGE":0.9754881860346446,
    "READ_EXTERNAL_STORAGE":0.9524720743659534,
    "VIBRATE":0.9131880848892407,
    "CAMERA":0.9014203313976414,
    "READ_PHONE_STATE":0.8941136499431784,
    "REQUEST_INSTALL_PACKAGES":0.8645484710381782,
    "WAKE_LOCK":0.8369866740605639,
    "CHANGE_WIFI_STATE":0.8331894907712947,
    "CHANGE_NETWORK_STATE":0.7481961101326338,
    "GET_TASKS":0.7377574358794109,
    "SYSTEM_ALERT_WINDOW":0.7184382733164881,
    "WRITE_SETTINGS":0.7043299865529977,
    "ACCESS_COARSE_LOCATION":0.6864896036323821,
    "ACCESS_FINE_LOCATION":0.683539854803625,
    "FOREGROUND_SERVICE":0.6750394753456446,
    "RECORD_AUDIO":0.6415807841958022,
    "MOUNT_UNMOUNT_FILESYSTEMS":0.6295526821756281,
    "MODIFY_AUDIO_SETTINGS":0.5706696554677746,
    "RECEIVE_BOOT_COMPLETED":0.5369336931349995,
    "BLUETOOTH":0.488799155429373,
    "FLASHLIGHT":0.44365862580236143,
    "ACCESS_LOCATION_EXTRA_COMMANDS":0.4393199175736559,
    "READ_LOGS":0.43901140456729404,
    "C2D_MESSAGE":0.35896724945684777,
    "REORDER_TASKS":0.33708495563010205,
    "QUERY_ALL_PACKAGES":0.3157480919707212,
    "CALL_PHONE":0.25673749448386546,
    "BLUETOOTH_ADMIN":0.2455359990419174,
    "BROADCAST_STICKY":0.2436016094746036,
    "ACCESS_BACKGROUND_LOCATION":0.24163077111328937,
    "READ_CONTACTS":0.2176032054110838,
    "RESTART_PACKAGES":0.21379951340860015,
    "DISABLE_KEYGUARD":0.18603464457869748,
    "INSTALL_SHORTCUT":0.18340512444008794,
    "CHANGE_CONFIGURATION":0.16472251402953134,
    "MANAGE_ACCOUNTS":0.16409247059037935,
    "GET_ACCOUNTS":0.14709561690234715,
    "USE_CREDENTIALS":0.13977591802145534,
    "READ_CALENDAR":0.12853146507229227,
    "KILL_BACKGROUND_PROCESSES":0.12348981581643347,
    "WRITE_CALENDAR":0.12312402613378531,
    "READ_PRIVILEGED_PHONE_STATE":0.0895247467785124,
    "NFC":0.08774005761512937,
    "EXPAND_STATUS_BAR":0.08558176831324094,
    "SCHEDULE_EXACT_ALARM":0.08011705269844742,
    "UNINSTALL_SHORTCUT":0.07747842036133773,
    "REQUEST_IGNORE_BATTERY_OPTIMIZATIONS":0.07432299619500626,
    "SET_DEBUG_APP":0.07348076870506547,
    "SEND_SMS":0.07336491360984951,
    "WRITE_CONTACTS":0.07029670620059074,
    "CHANGE_WIFI_MULTICAST_STATE":0.06882703875678373,
    "INSTALL_PACKAGES":0.06805901059748685,
    "BLUETOOTH_CONNECT":0.06628083014731823,
    "READ_SMS":0.0599908096969413,
    "PROCESS_OUTGOING_CALLS":0.05360576203363443,
    "USE_FULL_SCREEN_INTENT":0.05255785920611923,
    "MANAGE_EXTERNAL_STORAGE":0.04564690751509045,
    "AUTHENTICATE_ACCOUNTS":0.04552063847873148,
    "INTERACT_ACROSS_USERS":0.045365731104229236,
    "SET_WALLPAPER":0.04507934772279651,
    "LOCAL_MAC_ADDRESS":0.0450038466495097,
    "READ_PHONE_NUMBERS":0.043859614866421676,
    "PACKAGE_USAGE_STATS":0.043793225991635,
    "REAL_GET_TASKS":0.043428738051629716,
    "WRITE_SYNC_SETTINGS":0.03959640771100272,
    "READ_MEDIA_AUDIO":0.03829075984019808,
    "READ_MEDIA_VIDEO":0.03829075984019808,
    "ACCESS_MEDIA_LOCATION":0.03649175150774342,
    "INTERACT_ACROSS_USERS_FULL":0.03520562977658192,
    "READ_PROFILE":0.03293278712212038,
    "USE_FINGERPRINT":0.03246285802804214,
    "BATTERY_STATS":0.03209316311746536,
    "ACCESS_NOTIFICATION_POLICY":0.03112206310587984,
    "WRITE_MEDIA_STORAGE":0.02296013673504721,
    "WRITE_APN_SETTINGS":0.022915877485189428,
    "MANAGE_DOCUMENTS":0.022029390745390856,
    "RECEIVE_SMS":0.019915360693360203,
    "READ_USER_DICTIONARY":0.019687555730856898,
    "DEVICE_POWER":0.018276466705979294,
    "BODY_SENSORS":0.017435540958681387,
    "SET_ALARM":0.01620539416116355,
    "LOCATION_HARDWARE":0.015108025113219068,
    "WRITE_USER_DICTIONARY":0.014261892395349657,
    "STATUS_BAR":0.014064027513632501,
    "INSTANT_APP_FOREGROUND_SERVICE":0.012380874276393809,
    "BIND_ACCESSIBILITY_SERVICE":0.012322295857464388,
    "ACTIVITY_RECOGNITION":0.012258510467963463,
    "STATUS_BAR_SERVICE":0.012028102020174408,
    "SET_WALLPAPER_HINTS":0.011804202285599733,
    "GET_TOP_ACTIVITY_INFO":0.011804202285599733,
    "UPDATE_DEVICE_STATS":0.011447524801451704,
    "READ_NETWORK_USAGE_HISTORY":0.011447524801451704,
    "ACCESS_MOCK_LOCATION":0.010833102274014223,
    "READ_HISTORY_BOOKMARKS":0.010814877877013959,
    "OVERRIDE_WIFI_CONFIG":0.010814877877013959,
    "GET_PACKAGE_SIZE":0.010814877877013959,
    "CALL_PRIVILEGED":0.010814877877013959,
    "READ_SYNC_SETTINGS":0.008854453456842677,
    "READ_SYNC_STATS":0.008854453456842677,
    "MOUNT_FORMAT_FILESYSTEMS":0.007636022343110723,
    "CLEAR_APP_CACHE":0.007443364431965071,
    "READ_CALL_LOG":0.005407438938506979,
    "MANAGE_OWN_CALLS":0.005407438938506979,
    "BLUETOOTH_SCAN":0.005407438938506979,
    "TRANSMIT_IR":0.005407438938506979,
    "MODIFY_PHONE_STATE":0.005407438938506979,
    "REBOOT":0.005407438938506979,
    "BLUETOOTH_PRIVILEGED":0.004993484778072406,
    "WRITE_HISTORY_BOOKMARKS":0.003828425112698369,
    "INSTALL_LOCATION_PROVIDER":0.0020359254934580926,
    "FORCE_STOP_PACKAGES":0.0020359254934580926,
    "WRITE_SECURE_SETTINGS":0.0020359254934580926,
    "UPDATE_APP_OPS_STATS":0.0020359254934580926,
    "INJECT_EVENTS":0.0020359254934580926,
    "SET_ACTIVITY_WATCHER":0.0020359254934580926,
    "STOP_APP_SWITCHES":0.0020359254934580926,
    "GRANT_RUNTIME_PERMISSIONS":0.0020359254934580926,
    "READ_FRAME_BUFFER":0.0020359254934580926,
    "CAPTURE_VIDEO_OUTPUT":0.0020359254934580926,
    "READ_DREAM_STATE":0.0020359254934580926
}