{
    "INTERNET":1.0,
    "ACCESS_NETWORK_STATE":1.0,
    "ACCESS_WIFI_STATE":1.0,
    "WRITE_EXTERNAL_STORAGE":0.9606122221885021,
    "READ_EXTERNAL_STORAGE":0.9105924959282975,
    "READ_PHONE_STATE":0.8433593315326798,
    "WAKE_LOCK":0.8308154532487632,
    "REQUEST_INSTALL_PACKAGES":0.8220569937179445,
    "CAMERA":0.8055759562178181,
    "VIBRATE":0.7750295893903064,
    "CHANGE_NETWORK_STATE":0.7707363458873271,
    "CHANGE_WIFI_STATE":0.7459014900913472,
    "RECORD_AUDIO":0.6407493955671544,
    "ACCESS_COARSE_LOCATION":0.634327739168259,
    "SYSTEM_ALERT_WINDOW":0.6224029619738392,
    "WRITE_SETTINGS":0.6141624432237759,
    "MODIFY_AUDIO_SETTINGS":0.6055860722486918,
    "GET_TASKS":0.5887570432864951,
    "MOUNT_UNMOUNT_FILESYSTEMS":0.5778519620041872,
    "READ_LOGS":0.5765287851658514,
    "RECEIVE_BOOT_COMPLETED":0.4654264412814981,
    "ACCESS_FINE_LOCATION":0.44873296713301525,
    "FLASHLIGHT":0.42322843009316813,
    "BLUETOOTH":0.39934043478700654,
    "FOREGROUND_SERVICE":0.3915794159003769,
    "ACCESS_LOCATION_EXTRA_COMMANDS":0.3456364500824453,
    "CALL_PHONE":0.27773765085531016,
    "GET_ACCOUNTS":0.27125327506499525,
    "ACCESS_BACKGROUND_LOCATION":0.231962611149889,
    "MANAGE_ACCOUNTS":0.22963390084266516,
    "DISABLE_KEYGUARD":0.22044854480895856,
    "READ_CALENDAR":0.18263482140147475,
    "WRITE_CALENDAR":0.18263482140147475,
    "USE_CREDENTIALS":0.18255186994830688,
    "BLUETOOTH_ADMIN":0.17855199134067734,
    "QUERY_ALL_PACKAGES":0.17406856645726465,
    "READ_CONTACTS":0.16909147926719453,
    "REORDER_TASKS":0.1641123688709496,
    "RESTART_PACKAGES":0.16098449212466978,
    "C2D_MESSAGE":0.1564585799115857,
    "BROADCAST_STICKY":0.1536847642459003,
    "KILL_BACKGROUND_PROCESSES":0.1415981305574943,
    "SET_DEBUG_APP":0.13797861471073192,
    "CHANGE_WIFI_MULTICAST_STATE":0.13160956167238208,
    "MANAGE_DOCUMENTS":0.10572466187166792,
    "REAL_GET_TASKS":0.10178345624310835,
    "READ_MEDIA_VIDEO":0.09103416183626181,
    "CHANGE_CONFIGURATION":0.08509402850697491,
    "READ_MEDIA_AUDIO":0.08263583300456222,
    "INSTALL_PACKAGES":0.07378632919587662,
    "WRITE_CONTACTS":0.061978897959596504,
    "READ_SMS":0.0616106744357783,
    "BATTERY_STATS":0.061110942510596476,
    "PROCESS_OUTGOING_CALLS":0.05601246295003687,
    "EXPAND_STATUS_BAR":0.046976824173267324,
    "INSTALL_SHORTCUT":0.04590452490060994,
    "REQUEST_IGNORE_BATTERY_OPTIMIZATIONS":0.042693696701162284,
    "RECEIVE_SMS":0.0426795342579385,
    "READ_PRIVILEGED_PHONE_STATE":0.04058349266081956,
    "AUTHENTICATE_ACCOUNTS":0.039998786076295055,
    "SCHEDULE_EXACT_ALARM":0.03905192558647685,
    "UNINSTALL_SHORTCUT":0.034663591393280895,
    "SEND_SMS":0.03326757913265147,
    "USE_FULL_SCREEN_INTENT":0.031814917099126955,
    "INTERACT_ACROSS_USERS_FULL":0.03122211768990316,
    "SET_WALLPAPER":0.029215097164476518,
    "READ_CALL_LOG":0.028682993940497475,
    "READ_PHONE_NUMBERS":0.028666808291098873,
    "NFC":0.028339048890777183,
    "DEVICE_POWER":0.027788736811224717,
    "MOUNT_FORMAT_FILESYSTEMS":0.02709882350560931,
    "USE_FINGERPRINT":0.026321912334476418,
    "BLUETOOTH_CONNECT":0.023483354071196602,
    "USE_BIOMETRIC":0.02315964108322456,
    "FORCE_BACK":0.018233134047525093,
    "CHANGE_COMPONENT_ENABLED_STATE":0.018233134047525093,
    "FACTORY_TEST":0.018233134047525093,
    "CALL_PRIVILEGED":0.018233134047525093,
    "ACCESS_MOCK_LOCATION":0.017241763021860725,
    "WRITE_APN_SETTINGS":0.016796657663399172,
    "ACCESS_MEDIA_LOCATION":0.016238252759147403,
    "CAPTURE_AUDIO_OUTPUT":0.014540782778469024,
    "WRITE_MEDIA_STORAGE":0.01299505326090254,
    "GET_TOP_ACTIVITY_INFO":0.01299505326090254,
    "WRITE_CALL_LOG":0.011886336277098305,
    "READ_SOCIAL_STREAM":0.009622368567468858,
    "READ_PROFILE":0.008398328831699586,
    "WRITE_SMS":0.008398328831699586,
    "SET_ALARM":0.008398328831699586,
    "INTERACT_ACROSS_USERS":0.008398328831699586,
    "READ_SYNC_SETTINGS":0.008398328831699586,
    "WRITE_SYNC_SETTINGS":0.008398328831699586,
    "WRITE_SECURE_SETTINGS":0.008398328831699586,
    "BIND_APPWIDGET":0.008398328831699586,
    "OVERRIDE_WIFI_CONFIG":0.00748990925920305,
    "LOCATION_HARDWARE":0.006939597179650586,
    "WRITE_HISTORY_BOOKMARKS":0.006255753492559652,
    "READ_HISTORY_BOOKMARKS":0.0049851800147694,
    "MODIFY_PHONE_STATE":0.004892112530727438,
    "MANAGE_EXTERNAL_STORAGE":0.0045967244292029535,
    "INTERACT_ACROSS_PROFILES":0.004303359533853293,
    "DELETE_PACKAGES":0.003744954629601525,
    "USE_SIP":0.0034880074453987196,
    "MANAGE_FINGERPRINT":0.003162271251251855
}