{
    "WRITE_EXTERNAL_STORAGE":0.9940230727718891,
    "INTERNET":0.9940230727718891,
    "ACCESS_NETWORK_STATE":0.9940230727718891,
    "ACCESS_WIFI_STATE":0.9940230727718891,
    "READ_EXTERNAL_STORAGE":0.9915976825406522,
    "REQUEST_INSTALL_PACKAGES":0.9026300516235449,
    "CAMERA":0.8979625500198548,
    "CHANGE_WIFI_STATE":0.8861614279459528,
    "VIBRATE":0.8729246214782457,
    "CHANGE_NETWORK_STATE":0.8420156601602672,
    "READ_PHONE_STATE":0.813982140493427,
    "WAKE_LOCK":0.7884982333954443,
    "SYSTEM_ALERT_WINDOW":0.7594322428241234,
    "WRITE_SETTINGS":0.7093848957856039,
    "RECORD_AUDIO":0.6546028448951738,
    "ACCESS_COARSE_LOCATION":0.6521957825498155,
    "GET_TASKS":0.6423353799472558,
    "MOUNT_UNMOUNT_FILESYSTEMS":0.6120271659997345,
    "MODIFY_AUDIO_SETTINGS":0.5938927411389758,
    "ACCESS_FINE_LOCATION":0.5767093299121274,
    "FOREGROUND_SERVICE":0.5012921159544242,
    "FLASHLIGHT":0.4712058730692077,
    "RECEIVE_BOOT_COMPLETED":0.43250145095763176,
    "BLUETOOTH":0.4210119029436617,
    "ACCESS_LOCATION_EXTRA_COMMANDS":0.40836362525582637,
    "READ_LOGS":0.38593640223600184,
    "QUERY_ALL_PACKAGES":0.3235482787060512,
    "ACCESS_BACKGROUND_LOCATION":0.2816262944069401,
    "CALL_PHONE":0.26398672246489696,
    "C2D_MESSAGE":0.21847858182891924,
    "READ_CALENDAR":0.2173565079268106,
    "WRITE_CALENDAR":0.2173565079268106,
    "REORDER_TASKS":0.21227561067497522,
    "RESTART_PACKAGES":0.19235930802048648,
    "GET_ACCOUNTS":0.18018551893372423,
    "BLUETOOTH_ADMIN":0.17861339361171347,
    "USE_CREDENTIALS":0.1664192402073087,
    "DISABLE_KEYGUARD":0.15223142010569074,
    "MANAGE_ACCOUNTS":0.14929081263809543,
    "SET_DEBUG_APP":0.12647870401482517,
    "READ_CONTACTS":0.1263056073148628,
    "CHANGE_WIFI_MULTICAST_STATE":0.12204539206402534,
    "INSTALL_SHORTCUT":0.11028092576187995,
    "BROADCAST_STICKY":0.1018969361884106,
    "MANAGE_DOCUMENTS":0.09951431102422328,
    "REAL_GET_TASKS":0.09106108277076902,
    "KILL_BACKGROUND_PROCESSES":0.08866420258423184,
    "CHANGE_CONFIGURATION":0.0866705358870187,
    "NFC":0.07899522456751275,
    "PROCESS_OUTGOING_CALLS":0.0772479661137754,
    "UNINSTALL_SHORTCUT":0.07702192218794225,
    "MANAGE_EXTERNAL_STORAGE":0.07378399568276461,
    "READ_PHONE_NUMBERS":0.06870717129445782,
    "INTERACT_ACROSS_USERS_FULL":0.062461435073464244,
    "EXPAND_STATUS_BAR":0.06217837105823174,
    "READ_PRIVILEGED_PHONE_STATE":0.06011546568103367,
    "BLUETOOTH_CONNECT":0.05881825864719835,
    "RECEIVE_SMS":0.05839671727199597,
    "GET_PACKAGE_SIZE":0.05206341448513911,
    "WRITE_MEDIA_STORAGE":0.04961765993625965,
    "REQUEST_IGNORE_BATTERY_OPTIMIZATIONS":0.048023133864842,
    "READ_SMS":0.04387084949751044,
    "WRITE_CONTACTS":0.043406543055258553,
    "USE_FULL_SCREEN_INTENT":0.04226817769903573,
    "USE_FINGERPRINT":0.04023378236653734,
    "READ_CALL_LOG":0.033861787376159476,
    "INSTALL_PACKAGES":0.03381291301381717,
    "ACCESS_NOTIFICATION_POLICY":0.03143232428139413,
    "READ_PROFILE":0.029560843490036737,
    "AUTHENTICATE_ACCOUNTS":0.02752848458930261,
    "READ_MEDIA_AUDIO":0.025380049078005503,
    "READ_MEDIA_VIDEO":0.025380049078005503,
    "BLUETOOTH_PRIVILEGED":0.02535968476036288,
    "CLEAR_APP_CACHE":0.02528637321684942,
    "DEVICE_POWER":0.02514382299335104,
    "SET_ALARM":0.023657227805439298,
    "ACCESS_MEDIA_LOCATION":0.022303000682204633,
    "ACCESS_MOCK_LOCATION":0.022303000682204633,
    "CAPTURE_AUDIO_OUTPUT":0.021317367708301505,
    "LOCATION_HARDWARE":0.018533565486554448,
    "ANSWER_PHONE_CALLS":0.016955330869250888,
    "SCHEDULE_EXACT_ALARM":0.016955330869250888,
    "ACTIVITY_RECOGNITION":0.016906456506908585,
    "OVERRIDE_WIFI_CONFIG":0.016906456506908585,
    "WRITE_SYNC_SETTINGS":0.016906456506908585,
    "PACKAGE_USAGE_STATS":0.016906456506908585,
    "MODIFY_PHONE_STATE":0.016658011831668543,
    "STATUS_BAR":0.016407530724664235,
    "STATUS_BAR_SERVICE":0.016407530724664235,
    "WRITE_APN_SETTINGS":0.014430155481565194,
    "READ_HISTORY_BOOKMARKS":0.01286413945484721,
    "USE_BIOMETRIC":0.012705297777234722,
    "SEND_SMS":0.008453228253454292,
    "BLUETOOTH_SCAN":0.008453228253454292,
    "HARDWARE_TEST":0.008453228253454292,
    "INTERACT_ACROSS_USERS":0.008453228253454292,
    "SET_WALLPAPER":0.008453228253454292,
    "READ_SYNC_SETTINGS":0.008453228253454292,
    "READ_SYNC_STATS":0.008453228253454292,
    "GET_TOP_ACTIVITY_INFO":0.008453228253454292,
    "REQUEST_DELETE_PACKAGES":0.008453228253454292,
    "CAPTURE_VIDEO_OUTPUT":0.008453228253454292,
    "CAPTURE_SECURE_VIDEO_OUTPUT":0.008453228253454292,
    "BROADCAST_WAP_PUSH":0.008453228253454292,
    "BATTERY_STATS":0.008453228253454292,
    "MANAGE_FINGERPRINT":0.008453228253454292,
    "LOCAL_MAC_ADDRESS":0.008453228253454292
}