{
    "INTERNET":1.0,
    "ACCESS_NETWORK_STATE":1.0,
    "ACCESS_WIFI_STATE":0.9926183535902975,
    "WRITE_EXTERNAL_STORAGE":0.9865054784894465,
    "READ_EXTERNAL_STORAGE":0.9624118366603336,
    "REQUEST_INSTALL_PACKAGES":0.8790600681883247,
    "READ_PHONE_STATE":0.8788778856414126,
    "CAMERA":0.8750422923769616,
    "VIBRATE":0.8671726570023164,
    "ACCESS_COARSE_LOCATION":0.8407073888035812,
    "WAKE_LOCK":0.8346725919371211,
    "GET_TASKS":0.8216725659110428,
    "CHANGE_WIFI_STATE":0.7842112797022617,
    "ACCESS_FINE_LOCATION":0.7732575540691773,
    "CHANGE_NETWORK_STATE":0.7139441220102543,
    "MOUNT_UNMOUNT_FILESYSTEMS":0.6792578663821148,
    "SYSTEM_ALERT_WINDOW":0.6377397652447753,
    "RECORD_AUDIO":0.6011893917705541,
    "FLASHLIGHT":0.5940419800640241,
    "WRITE_SETTINGS":0.5939443822710355,
    "BLUETOOTH":0.50919696535929,
    "FOREGROUND_SERVICE":0.4876376128881139,
    "ACCESS_LOCATION_EXTRA_COMMANDS":0.44127215469900855,
    "RECEIVE_BOOT_COMPLETED":0.3807908023839888,
    "MODIFY_AUDIO_SETTINGS":0.35334955625536785,
    "BLUETOOTH_ADMIN":0.3213179605965178,
    "CALL_PHONE":0.3209698618015252,
    "REORDER_TASKS":0.3070784425994847,
    "READ_LOGS":0.2692885771543087,
    "KILL_BACKGROUND_PROCESSES":0.22532727793248836,
    "READ_CONTACTS":0.22397392186971346,
    "QUERY_ALL_PACKAGES":0.2130820081721885,
    "ACCESS_BACKGROUND_LOCATION":0.20958150066366502,
    "MANAGE_EXTERNAL_STORAGE":0.1828201858261979,
    "BROADCAST_STICKY":0.16662220544986076,
    "RESTART_PACKAGES":0.1655681492855842,
    "C2D_MESSAGE":0.15939346224917367,
    "GET_ACCOUNTS":0.1564590219399839,
    "CHANGE_WIFI_MULTICAST_STATE":0.15536917991827817,
    "NFC":0.15502758764281815,
    "MANAGE_ACCOUNTS":0.12485685657028348,
    "USE_FINGERPRINT":0.10919241079561723,
    "OVERRIDE_WIFI_CONFIG":0.1040392473258205,
    "CHANGE_CONFIGURATION":0.08961429352210917,
    "REQUEST_IGNORE_BATTERY_OPTIMIZATIONS":0.08257423938786668,
    "DISABLE_KEYGUARD":0.07485425396247042,
    "READ_SMS":0.07207922338182862,
    "INSTALL_SHORTCUT":0.0703842750435937,
    "INTERACT_ACROSS_USERS_FULL":0.06997761757280799,
    "SEND_SMS":0.06939528407464282,
    "RECEIVE_SMS":0.0646975769721261,
    "WRITE_CONTACTS":0.06415753585092265,
    "ACCESS_NOTIFICATION_POLICY":0.061040912994820826,
    "PROCESS_OUTGOING_CALLS":0.06103440647528826,
    "USE_FULL_SCREEN_INTENT":0.05686698071467612,
    "READ_PRIVILEGED_PHONE_STATE":0.05503214220649092,
    "EXPAND_STATUS_BAR":0.0495081071233376,
    "READ_CALENDAR":0.04950810712333759,
    "WRITE_CALENDAR":0.04950810712333759,
    "UNINSTALL_SHORTCUT":0.04442976862816543,
    "READ_PHONE_NUMBERS":0.040483564531660736,
    "USE_CREDENTIALS":0.03653085391562347,
    "WRITE_MEDIA_STORAGE":0.03373955703615023,
    "PACKAGE_USAGE_STATS":0.032067381516279324,
    "READ_HISTORY_BOOKMARKS":0.030935247117611853,
    "CALL_PRIVILEGED":0.030720531973036994,
    "READ_PROFILE":0.02698904302110716,
    "AUTHENTICATE_ACCOUNTS":0.02698904302110716,
    "REQUEST_DELETE_PACKAGES":0.02698904302110716,
    "BATTERY_STATS":0.02698904302110716,
    "ACCESS_MEDIA_LOCATION":0.026966270202743156,
    "INTERACT_ACROSS_USERS":0.026663717044478574,
    "USE_BIOMETRIC":0.02427907763579107,
    "WRITE_APN_SETTINGS":0.020293834422090942,
    "SET_WALLPAPER":0.018348385081852023,
    "GET_PACKAGE_SIZE":0.016711995419410257,
    "WRITE_HISTORY_BOOKMARKS":0.01349452151055358,
    "MANAGE_DOCUMENTS":0.01349452151055358,
    "READ_SYNC_SETTINGS":0.01349452151055358,
    "WRITE_SYNC_SETTINGS":0.01349452151055358,
    "READ_SYNC_STATS":0.01349452151055358,
    "SET_DEBUG_APP":0.01349452151055358,
    "SCHEDULE_EXACT_ALARM":0.01349452151055358,
    "CAPTURE_AUDIO_OUTPUT":0.01349452151055358,
    "CAPTURE_VIDEO_OUTPUT":0.01349452151055358,
    "REBOOT":0.01349452151055358,
    "BLUETOOTH_CONNECT":0.009541810894516308,
    "READ_MEDIA_AUDIO":0.009541810894516308,
    "READ_MEDIA_VIDEO":0.009541810894516308,
    "LOCATION_HARDWARE":0.007381646409702524,
    "ACCESS_MOCK_LOCATION":0.007381646409702524,
    "BLUETOOTH_PRIVILEGED":0.007381646409702524,
    "GET_TOP_ACTIVITY_INFO":0.007381646409702524,
    "INSTALL_PACKAGES":0.007381646409702524,
    "READ_CLIPBOARD_IN_BACKGROUND":0.007381646409702524,
    "WRITE_SMS":0.006773286833407076,
    "DEVICE_POWER":0.006773286833407076,
    "SET_ALARM":0.005078338495172164
}