{
    "INTERNET":0.979780904813963,
    "ACCESS_NETWORK_STATE":0.9775892856811872,
    "ACCESS_WIFI_STATE":0.9734010392396951,
    "WRITE_EXTERNAL_STORAGE":0.9711430635736364,
    "READ_EXTERNAL_STORAGE":0.9634894491258547,
    "VIBRATE":0.923037542598855,
    "CAMERA":0.918161634876697,
    "CHANGE_WIFI_STATE":0.8910407188154875,
    "WAKE_LOCK":0.8872832337799975,
    "REQUEST_INSTALL_PACKAGES":0.877300097236417,
    "READ_PHONE_STATE":0.8706599954254763,
    "ACCESS_FINE_LOCATION":0.8492075584169179,
    "ACCESS_COARSE_LOCATION":0.8469540312335381,
    "CHANGE_NETWORK_STATE":0.7930020918989795,
    "GET_TASKS":0.7900242034528379,
    "RECORD_AUDIO":0.7060854130916626,
    "WRITE_SETTINGS":0.6898076735584787,
    "SYSTEM_ALERT_WINDOW":0.6890922092610738,
    "MOUNT_UNMOUNT_FILESYSTEMS":0.687802519991296,
    "BLUETOOTH":0.5838833696811444,
    "FOREGROUND_SERVICE":0.5759517250659772,
    "MODIFY_AUDIO_SETTINGS":0.5591694534557118,
    "FLASHLIGHT":0.5591305292322775,
    "RECEIVE_BOOT_COMPLETED":0.5565125971761777,
    "ACCESS_LOCATION_EXTRA_COMMANDS":0.5383868837971066,
    "READ_LOGS":0.45883059028770296,
    "CALL_PHONE":0.4226173463392145,
    "C2D_MESSAGE":0.3793380583633523,
    "BLUETOOTH_ADMIN":0.3274035059233404,
    "REORDER_TASKS":0.3197954884230098,
    "QUERY_ALL_PACKAGES":0.27697031638721,
    "READ_CONTACTS":0.2715268564166959,
    "BROADCAST_STICKY":0.2517073832579137,
    "ACCESS_BACKGROUND_LOCATION":0.2349495783023781,
    "RESTART_PACKAGES":0.20979081380912867,
    "CHANGE_CONFIGURATION":0.20705240201382857,
    "GET_ACCOUNTS":0.20574899658912643,
    "DISABLE_KEYGUARD":0.1782747968618925,
    "INSTALL_SHORTCUT":0.17249473503539736,
    "KILL_BACKGROUND_PROCESSES":0.16683107517231416,
    "NFC":0.1483991579022294,
    "MANAGE_ACCOUNTS":0.14364966122950898,
    "USE_CREDENTIALS":0.1261556323907372,
    "READ_CALENDAR":0.11717711151864188,
    "UNINSTALL_SHORTCUT":0.11062820360260398,
    "WRITE_CALENDAR":0.11044433298523987,
    "WRITE_CONTACTS":0.10235106016609923,
    "CHANGE_WIFI_MULTICAST_STATE":0.10174310086675006,
    "USE_FINGERPRINT":0.09969902307613344,
    "EXPAND_STATUS_BAR":0.08920913021413165,
    "REQUEST_IGNORE_BATTERY_OPTIMIZATIONS":0.08562550670998029,
    "READ_SMS":0.08343981888744212,
    "INTERACT_ACROSS_USERS_FULL":0.07800822153740324,
    "READ_PRIVILEGED_PHONE_STATE":0.07488279174910281,
    "BATTERY_STATS":0.06427241914790072,
    "AUTHENTICATE_ACCOUNTS":0.06365852853831402,
    "INSTALL_PACKAGES":0.06169229919456531,
    "SEND_SMS":0.05997296063945472,
    "RECEIVE_SMS":0.059210787273929186,
    "SET_DEBUG_APP":0.04688478318651499,
    "READ_PHONE_NUMBERS":0.0451780486656592,
    "USE_FULL_SCREEN_INTENT":0.04266169029737747,
    "SCHEDULE_EXACT_ALARM":0.041801279606042484,
    "READ_CALL_LOG":0.03915628594698383,
    "WRITE_APN_SETTINGS":0.0384886428383693,
    "ACCESS_NOTIFICATION_POLICY":0.035846244127539575,
    "WRITE_SYNC_SETTINGS":0.03550890085777877,
    "GET_PACKAGE_SIZE":0.03481197190486631,
    "READ_PROFILE":0.034470180152427345,
    "WRITE_SMS":0.03424960955296836,
    "MANAGE_EXTERNAL_STORAGE":0.032459836688786825,
    "READ_MEDIA_AUDIO":0.03240460136219962,
    "READ_MEDIA_VIDEO":0.03240460136219962,
    "PACKAGE_USAGE_STATS":0.03202685104144548,
    "SET_ALARM":0.030598517394864824,
    "CAPTURE_VIDEO_OUTPUT":0.03047284775920668,
    "PROCESS_OUTGOING_CALLS":0.029908261165969632,
    "SET_WALLPAPER":0.029778884461413007,
    "READ_SYNC_SETTINGS":0.02967916430804416,
    "INTERACT_ACROSS_USERS":0.028777234445046297,
    "READ_HISTORY_BOOKMARKS":0.027952411615136626,
    "USE_BIOMETRIC":0.027563540087687077,
    "ACTIVITY_RECOGNITION":0.02726252609313128,
    "ACCESS_MEDIA_LOCATION":0.025721868258926965,
    "DEVICE_POWER":0.021952149896072377,
    "GET_TOP_ACTIVITY_INFO":0.020234294168521176,
    "CLEAR_APP_CACHE":0.019836154968825452,
    "BLUETOOTH_CONNECT":0.01854906064727652,
    "STATUS_BAR":0.018117928534384407,
    "STATUS_BAR_SERVICE":0.018117928534384407,
    "CAPTURE_AUDIO_OUTPUT":0.017204506757801292,
    "WRITE_MEDIA_STORAGE":0.016933149314433255,
    "BLUETOOTH_PRIVILEGED":0.016408969772189537,
    "ACCESS_MOCK_LOCATION":0.014781195818871166,
    "READ_SYNC_STATS":0.013417365171123893,
    "MANAGE_DOCUMENTS":0.013094479470067116,
    "READ_USER_DICTIONARY":0.01243202625791045,
    "BODY_SENSORS":0.011624255944933744,
    "RECEIVE_MMS":0.011298775295648041,
    "CLEAR_APP_USER_DATA":0.010970699698133406,
    "WRITE_CALL_LOG":0.010969587577463864,
    "WRITE_SECURE_SETTINGS":0.009702140721076825,
    "LOCAL_MAC_ADDRESS":0.00834461209045695,
    "REQUEST_DELETE_PACKAGES":0.008301239384344846,
    "CAPTURE_SECURE_VIDEO_OUTPUT":0.008299756556785458,
    "PERSISTENT_ACTIVITY":0.007882711305707533,
    "HARDWARE_TEST":0.007490503416249361,
    "MANAGE_FINGERPRINT":0.00734889338432779,
    "DELETE_PACKAGES":0.007309227747114157,
    "MEDIA_CONTENT_CONTROL":0.007248802524069089,
    "LOCATION_HARDWARE":0.007003765269880193,
    "MANAGE_USERS":0.006651593724525502,
    "MODIFY_PHONE_STATE":0.006324259540790563,
    "WRITE_HISTORY_BOOKMARKS":0.006286076731136317,
    "SUBSCRIBED_FEEDS_READ":0.006286076731136317,
    "SUBSCRIBED_FEEDS_WRITE":0.006286076731136317,
    "SET_WALLPAPER_HINTS":0.006286076731136317,
    "SET_ANIMATION_SCALE":0.006286076731136317,
    "WRITE_USER_DICTIONARY":0.0059869162710297534,
    "WRITE_PROFILE":0.005810459791462561,
    "MOUNT_FORMAT_FILESYSTEMS":0.005440865022285058,
    "BLUETOOTH_SCAN":0.004769144137882215,
    "READ_SOCIAL_STREAM":0.004704270432158982,
    "READ_INPUT_STATE":0.004659044191597643,
    "UPDATE_APP_OPS_STATS":0.00439102311023823,
    "REAL_GET_TASKS":0.004383238265551442,
    "CALL_PRIVILEGED":0.0034968780919271618,
    "BLUETOOTH_ADVERTISE":0.0034783427474348095,
    "ACCOUNT_MANAGER":0.0034783427474348095,
    "INTENT_FILTER_VERIFICATION_AGENT":0.0034360821619922465,
    "BIND_DREAM_SERVICE":0.0034360821619922465,
    "DIAGNOSTIC":0.003277048906247865,
    "BIND_WALLPAPER":0.003277048906247865,
    "ACCESS_SURFACE_FLINGER":0.003277048906247865,
    "REBOOT":0.003277048906247865,
    "CONTROL_LOCATION_UPDATES":0.003277048906247865,
    "ACCESS_CACHE_FILESYSTEM":0.003277048906247865,
    "INSTALL_LOCATION_PROVIDER":0.003259254975535207,
    "TRANSMIT_IR":0.003259254975535207,
    "OVERRIDE_WIFI_CONFIG":0.003128024736529353,
    "READ_VOICEMAIL":0.0030090278248884523,
    "SET_TIME_ZONE":0.0030090278248884523,
    "SET_PROCESS_LIMIT":0.0030090278248884523,
    "SET_ALWAYS_FINISH":0.0030090278248884523,
    "USE_SIP":0.0025508341090375065,
    "BIND_ACCESSIBILITY_SERVICE":0.0023020897859501403,
    "INSTANT_APP_FOREGROUND_SERVICE":0.0021441686508753,
    "ANSWER_PHONE_CALLS":0.0020129384118694467,
    "RECEIVE_WAP_PUSH":0.00169524260727053,
    "READ_CELL_BROADCASTS":0.00169524260727053,
    "ADD_VOICEMAIL":0.00169524260727053,
    "WRITE_SOCIAL_STREAM":0.00169524260727053,
    "READ_INSTALL_SESSIONS":0.00169524260727053,
    "START_ACTIVITIES_FROM_BACKGROUND":0.0015640123682646766,
    "SET_ACTIVITY_WATCHER":0.0015640123682646766,
    "FORCE_STOP_PACKAGES":0.0015621588338154415,
    "INTERACT_ACROSS_PROFILES":0.0013868144749177899,
    "GET_ACCOUNTS_PRIVILEGED":0.001166614582348646,
    "READ_FRAME_BUFFER":0.0010094348610534996,
    "BIND_NOTIFICATION_LISTENER_SERVICE":0.000979036896086042,
    "READ_PRECISE_PHONE_STATE":0.0007299218661088287,
    "SIGNAL_PERSISTENT_PROCESSES":0.0006976703666921359,
    "READ_NETWORK_USAGE_HISTORY":0.0005886825410771051,
    "BIND_REMOTEVIEWS":0.00039369071701756027,
    "GRANT_RUNTIME_PERMISSIONS":0.0003310412526334099
}