{
    "INTERNET":1.0,
    "ACCESS_NETWORK_STATE":0.9897749309514017,
    "WRITE_EXTERNAL_STORAGE":0.9814389340931667,
    "READ_EXTERNAL_STORAGE":0.9778213178500125,
    "ACCESS_WIFI_STATE":0.9369396743858724,
    "READ_PHONE_STATE":0.8280614650772469,
    "VIBRATE":0.8158598933347857,
    "REQUEST_INSTALL_PACKAGES":0.8047834518422752,
    "WAKE_LOCK":0.7771195805629091,
    "CAMERA":0.7296906823449147,
    "CHANGE_NETWORK_STATE":0.7120426202205254,
    "ACCESS_COARSE_LOCATION":0.6888391379065699,
    "CHANGE_WIFI_STATE":0.6123360140576786,
    "FOREGROUND_SERVICE":0.5963749306647441,
    "ACCESS_FINE_LOCATION":0.5911018680028725,
    "GET_TASKS":0.5734796050434501,
    "RECEIVE_BOOT_COMPLETED":0.5395236040860143,
    "SYSTEM_ALERT_WINDOW":0.5345715976992879,
    "RECORD_AUDIO":0.49535113380163615,
    "REORDER_TASKS":0.47357377199557943,
    "QUERY_ALL_PACKAGES":0.47015681592439096,
    "MOUNT_UNMOUNT_FILESYSTEMS":0.45175771144207305,
    "WRITE_SETTINGS":0.45174481185958953,
    "READ_LOGS":0.3380994901798345,
    "FLASHLIGHT":0.3361760191028481,
    "BLUETOOTH":0.3253260369472707,
    "MODIFY_AUDIO_SETTINGS":0.2840416398522567,
    "ACCESS_LOCATION_EXTRA_COMMANDS":0.2742379571647863,
    "KILL_BACKGROUND_PROCESSES":0.23302809099078806,
    "READ_CALENDAR":0.20546884965823253,
    "SET_WALLPAPER":0.19968123698396284,
    "C2D_MESSAGE":0.19774773289837835,
    "WRITE_CALENDAR":0.19086652228689518,
    "BLUETOOTH_ADMIN":0.1868404192650963,
    "REQUEST_IGNORE_BATTERY_OPTIMIZATIONS":0.18600194640366796,
    "USE_FINGERPRINT":0.1777992452310959,
    "CALL_PHONE":0.17189410302753186,
    "DISABLE_KEYGUARD":0.1662598520561217,
    "ACCESS_BACKGROUND_LOCATION":0.15495265136585068,
    "INSTALL_SHORTCUT":0.1516059263548502,
    "RESTART_PACKAGES":0.15158012718988317,
    "EXPAND_STATUS_BAR":0.1418753413014531,
    "READ_CONTACTS":0.12726584749540265,
    "GET_ACCOUNTS":0.12068276056798287,
    "PACKAGE_USAGE_STATS":0.12019257643360935,
    "UNINSTALL_SHORTCUT":0.10488220531262132,
    "READ_PRIVILEGED_PHONE_STATE":0.10085466900387986,
    "CHANGE_WIFI_MULTICAST_STATE":0.08442920064153916,
    "AUTHENTICATE_ACCOUNTS":0.07377557879709956,
    "WRITE_CONTACTS":0.06818145986008248,
    "USE_FULL_SCREEN_INTENT":0.06270630373930226,
    "BROADCAST_STICKY":0.060865963304987655,
    "MANAGE_EXTERNAL_STORAGE":0.06001745743496099,
    "WRITE_SYNC_SETTINGS":0.058222982182809975,
    "USE_BIOMETRIC":0.054649797834876716,
    "MANAGE_ACCOUNTS":0.0535920320712286,
    "CHANGE_CONFIGURATION":0.05294705294705291,
    "SET_ALARM":0.0521171798072802,
    "SEND_SMS":0.04521446989165781,
    "USE_CREDENTIALS":0.04391591192165077,
    "ACCESS_NOTIFICATION_POLICY":0.042985708695895186,
    "NFC":0.041902143767280034,
    "SET_WALLPAPER_HINTS":0.04140622648513608,
    "SCHEDULE_EXACT_ALARM":0.040107668515129036,
    "INSTALL_PACKAGES":0.03613316382326423,
    "READ_SMS":0.03333825428516961,
    "WRITE_SECURE_SETTINGS":0.03313902740014646,
    "READ_SYNC_SETTINGS":0.032207390887448256,
    "READ_SYNC_STATS":0.029451180096804183,
    "BATTERY_STATS":0.02588946204441181,
    "WRITE_SMS":0.02555263961289785,
    "WRITE_MEDIA_STORAGE":0.025480975265767217,
    "RECEIVE_SMS":0.025363445736472978,
    "WRITE_APN_SETTINGS":0.02451637315338892,
    "DEVICE_POWER":0.02449630713619234,
    "ACTIVITY_RECOGNITION":0.023200615740070533,
    "INTERACT_ACROSS_USERS_FULL":0.01912864753610807,
    "READ_CALL_LOG":0.01688985333174715,
    "GET_PACKAGE_SIZE":0.016864054166780128,
    "BLUETOOTH_CONNECT":0.016816755697673907,
    "READ_PHONE_NUMBERS":0.015255906217168762,
    "REAL_GET_TASKS":0.015255906217168762,
    "MANAGE_DOCUMENTS":0.014646759266558397,
    "REQUEST_DELETE_PACKAGES":0.01403044588123497,
    "GET_TOP_ACTIVITY_INFO":0.013935848943022536,
    "WRITE_CALL_LOG":0.013904316630285057,
    "PROCESS_OUTGOING_CALLS":0.013904316630285057,
    "INJECT_EVENTS":0.01260575866027802,
    "CHANGE_COMPONENT_ENABLED_STATE":0.01260575866027802,
    "MANAGE_FINGERPRINT":0.0119106144931109,
    "GET_ACCOUNTS_PRIVILEGED":0.011890548475914323,
    "BIND_REMOTEVIEWS":0.01059485707979251,
    "READ_MEDIA_AUDIO":0.009858147591289623,
    "RECEIVE_WAP_PUSH":0.009750651070593676,
    "RECEIVE_MMS":0.009750651070593676,
    "READ_PROFILE":0.009750651070593676,
    "STOP_APP_SWITCHES":0.008711518037199524,
    "BIND_ACCESSIBILITY_SERVICE":0.006712082752254915,
    "READ_HISTORY_BOOKMARKS":0.00595530724655545,
    "WRITE_HISTORY_BOOKMARKS":0.00595530724655545,
    "BLUETOOTH_PRIVILEGED":0.00595530724655545,
    "MODIFY_PHONE_STATE":0.005661483423319862,
    "STATUS_BAR":0.004476155121779223,
    "BIND_NOTIFICATION_LISTENER_SERVICE":0.0041178333861260664,
    "READ_USER_DICTIONARY":0.002241660778246143,
    "WRITE_USER_DICTIONARY":0.002241660778246143,
    "READ_MEDIA_VIDEO":0.002241660778246143
}