{
    "WRITE_EXTERNAL_STORAGE":0.986456468620559,
    "INTERNET":0.986456468620559,
    "READ_EXTERNAL_STORAGE":0.9728998706406554,
    "ACCESS_NETWORK_STATE":0.9728998706406554,
    "ACCESS_WIFI_STATE":0.9640831819785447,
    "READ_PHONE_STATE":0.9448589460480066,
    "REQUEST_INSTALL_PACKAGES":0.9059760097215508,
    "VIBRATE":0.8735757405495812,
    "WAKE_LOCK":0.871130652938025,
    "CAMERA":0.8647345520116031,
    "CHANGE_WIFI_STATE":0.8169597940703767,
    "CHANGE_NETWORK_STATE":0.8071157439468973,
    "GET_TASKS":0.8033084632371196,
    "WRITE_SETTINGS":0.7922492192706224,
    "SYSTEM_ALERT_WINDOW":0.7104506670499535,
    "MOUNT_UNMOUNT_FILESYSTEMS":0.7103428675961375,
    "ACCESS_FINE_LOCATION":0.7047928290496661,
    "ACCESS_COARSE_LOCATION":0.6991006912231644,
    "FOREGROUND_SERVICE":0.6276312866681475,
    "RECORD_AUDIO":0.5848643033541964,
    "RECEIVE_BOOT_COMPLETED":0.5836246096353114,
    "MODIFY_AUDIO_SETTINGS":0.5322467366165345,
    "READ_LOGS":0.4517662777175262,
    "BLUETOOTH":0.4288605271066626,
    "ACCESS_LOCATION_EXTRA_COMMANDS":0.4189250107799454,
    "QUERY_ALL_PACKAGES":0.32871483451150524,
    "C2D_MESSAGE":0.3254743175967909,
    "REORDER_TASKS":0.3072986763533732,
    "FLASHLIGHT":0.28020344696920196,
    "CALL_PHONE":0.2589065215402909,
    "RESTART_PACKAGES":0.23729926435039403,
    "ACCESS_BACKGROUND_LOCATION":0.22244743959963947,
    "BLUETOOTH_ADMIN":0.20503946113339705,
    "CHANGE_CONFIGURATION":0.1969594020723629,
    "CHANGE_WIFI_MULTICAST_STATE":0.196016973514001,
    "INSTALL_SHORTCUT":0.19200552717199573,
    "BROADCAST_STICKY":0.17955632358129392,
    "MANAGE_ACCOUNTS":0.17381518600305762,
    "GET_ACCOUNTS":0.17219656087075827,
    "DISABLE_KEYGUARD":0.1709454338764684,
    "READ_CONTACTS":0.15904992748036748,
    "KILL_BACKGROUND_PROCESSES":0.1407256536566882,
    "UNINSTALL_SHORTCUT":0.13360272307953647,
    "USE_CREDENTIALS":0.13095183651069506,
    "SET_DEBUG_APP":0.1161963779383518,
    "INTERACT_ACROSS_USERS_FULL":0.1038794736773334,
    "READ_PHONE_NUMBERS":0.09754870575322423,
    "READ_CALENDAR":0.0954923495054292,
    "WRITE_CALENDAR":0.0954923495054292,
    "AUTHENTICATE_ACCOUNTS":0.08909624857900723,
    "READ_PRIVILEGED_PHONE_STATE":0.07324809554298262,
    "WRITE_SYNC_SETTINGS":0.0702803439129242,
    "READ_SMS":0.06889855091400872,
    "NFC":0.06819785446420408,
    "GET_PACKAGE_SIZE":0.05927989964850847,
    "USE_FINGERPRINT":0.05780174047118164,
    "ACCESS_NOTIFICATION_POLICY":0.05612104898668516,
    "SEND_SMS":0.05526845330650327,
    "WRITE_CONTACTS":0.053880127007356525,
    "EXPAND_STATUS_BAR":0.050399511309142726,
    "READ_MEDIA_AUDIO":0.048813552677999784,
    "READ_MEDIA_VIDEO":0.048813552677999784,
    "INSTALL_PACKAGES":0.04684049600815358,
    "BATTERY_STATS":0.04597646705256695,
    "PACKAGE_USAGE_STATS":0.04391194417948285,
    "ACCESS_MOCK_LOCATION":0.04361467901895966,
    "CLEAR_APP_CACHE":0.043346813709477225,
    "RECEIVE_SMS":0.0421512197671532,
    "WRITE_SMS":0.03965059910363122,
    "READ_SYNC_SETTINGS":0.039212867988135544,
    "USE_FULL_SCREEN_INTENT":0.03853340476408255,
    "REQUEST_IGNORE_BATTERY_OPTIMIZATIONS":0.0381071069239916,
    "SET_WALLPAPER":0.03683638002900787,
    "BLUETOOTH_CONNECT":0.03658484797010363,
    "INTERACT_ACROSS_USERS":0.031105042401118516,
    "MANAGE_EXTERNAL_STORAGE":0.029661183050005896,
    "CAPTURE_AUDIO_OUTPUT":0.028852687146385142,
    "SCHEDULE_EXACT_ALARM":0.028705687891181362,
    "READ_SYNC_STATS":0.0263798330088461,
    "PROCESS_OUTGOING_CALLS":0.02584573571493906,
    "WRITE_APN_SETTINGS":0.02575753616181679,
    "CAPTURE_VIDEO_OUTPUT":0.02319648247115549,
    "CAPTURE_SECURE_VIDEO_OUTPUT":0.01866237211064798,
    "READ_PROFILE":0.018588872483046096,
    "READ_HISTORY_BOOKMARKS":0.018588872483046096,
    "WRITE_MEDIA_STORAGE":0.017303445662541987,
    "MANAGE_DOCUMENTS":0.013883262991467516,
    "READ_CALL_LOG":0.013556597979903573,
    "WRITE_CALL_LOG":0.013556597979903573,
    "ADD_VOICEMAIL":0.013556597979903573,
    "USE_SIP":0.013556597979903573,
    "MANAGE_USERS":0.011779540316995732,
    "ACTIVITY_RECOGNITION":0.011572108034652627,
    "BLUETOOTH_PRIVILEGED":0.009710117468738164,
    "WRITE_PROFILE":0.008787288811070028,
    "READ_USER_DICTIONARY":0.008787288811070028,
    "WRITE_USER_DICTIONARY":0.008787288811070028,
    "WRITE_HISTORY_BOOKMARKS":0.008787288811070028,
    "DEVICE_POWER":0.008787288811070028,
    "LOCAL_MAC_ADDRESS":0.008677856032196108,
    "SET_ALARM":0.00809639231161229,
    "MOUNT_FORMAT_FILESYSTEMS":0.007643961270596232,
    "UPDATE_DEVICE_STATS":0.007407129137212375,
    "RECEIVE_WAP_PUSH":0.006778298989951787,
    "RECEIVE_MMS":0.006778298989951787,
    "READ_CELL_BROADCASTS":0.006778298989951787,
    "ACCESS_MEDIA_LOCATION":0.006778298989951787,
    "BODY_SENSORS":0.006778298989951787,
    "USE_BIOMETRIC":0.006778298989951787,
    "READ_SOCIAL_STREAM":0.006778298989951787,
    "WRITE_SOCIAL_STREAM":0.006778298989951787,
    "SUBSCRIBED_FEEDS_READ":0.006778298989951787,
    "SUBSCRIBED_FEEDS_WRITE":0.006778298989951787,
    "BIND_DIRECTORY_SEARCH":0.006778298989951787,
    "ACCOUNT_MANAGER":0.006778298989951787,
    "TRANSMIT_IR":0.006778298989951787,
    "GET_INTENT_SENDER_INTENT":0.006778298989951787,
    "SET_WALLPAPER_HINTS":0.006778298989951787,
    "SET_TIME":0.006778298989951787,
    "SET_TIME_ZONE":0.006778298989951787,
    "PERSISTENT_ACTIVITY":0.006778298989951787,
    "SIGNAL_PERSISTENT_PROCESSES":0.006778298989951787,
    "STATUS_BAR":0.006778298989951787,
    "STATUS_BAR_SERVICE":0.006778298989951787,
    "UPDATE_APP_OPS_STATS":0.006778298989951787,
    "BIND_ACCESSIBILITY_SERVICE":0.006778298989951787,
    "CLEAR_APP_USER_DATA":0.006778298989951787,
    "DELETE_PACKAGES":0.006778298989951787,
    "BIND_APPWIDGET":0.006778298989951787,
    "ACCESS_CACHE_FILESYSTEM":0.006778298989951787,
    "READ_INSTALL_SESSIONS":0.006778298989951787,
    "REQUEST_DELETE_PACKAGES":0.0067325658883328355,
    "BIND_NOTIFICATION_LISTENER_SERVICE":0.003655381479400506,
    "WRITE_SECURE_SETTINGS":0.0020089898211182403
}