{
    "INTERNET":1.0,
    "ACCESS_NETWORK_STATE":1.0,
    "ACCESS_WIFI_STATE":0.9890766086122788,
    "WRITE_EXTERNAL_STORAGE":0.9629600362444816,
    "READ_EXTERNAL_STORAGE":0.9369303874155785,
    "CAMERA":0.8770427031640164,
    "VIBRATE":0.8702126202442286,
    "READ_PHONE_STATE":0.8644598623974036,
    "WAKE_LOCK":0.8520087239624486,
    "ACCESS_FINE_LOCATION":0.8486661187849667,
    "ACCESS_COARSE_LOCATION":0.8456843779962278,
    "CHANGE_WIFI_STATE":0.8320426504830839,
    "REQUEST_INSTALL_PACKAGES":0.7958640199766095,
    "CHANGE_NETWORK_STATE":0.7516778877053237,
    "GET_TASKS":0.7434201515103621,
    "MOUNT_UNMOUNT_FILESYSTEMS":0.6786173362413207,
    "SYSTEM_ALERT_WINDOW":0.6770290061215243,
    "WRITE_SETTINGS":0.6206129953324692,
    "RECORD_AUDIO":0.5611362223556805,
    "MODIFY_AUDIO_SETTINGS":0.46530960584126163,
    "RECEIVE_BOOT_COMPLETED":0.46375025023442995,
    "BLUETOOTH":0.4637397140478973,
    "FLASHLIGHT":0.41950616893721476,
    "ACCESS_LOCATION_EXTRA_COMMANDS":0.4037361317444763,
    "CALL_PHONE":0.4032014202779444,
    "QUERY_ALL_PACKAGES":0.37452982267598056,
    "READ_LOGS":0.35395528442435537,
    "FOREGROUND_SERVICE":0.3512975313714953,
    "C2D_MESSAGE":0.3254338274804816,
    "REORDER_TASKS":0.3017590163416253,
    "BROADCAST_STICKY":0.2861628262266754,
    "BLUETOOTH_ADMIN":0.26094446376078634,
    "ACCESS_BACKGROUND_LOCATION":0.25296857055557304,
    "READ_CONTACTS":0.2392557237833338,
    "CHANGE_CONFIGURATION":0.18241563148633974,
    "NFC":0.15492672082266537,
    "KILL_BACKGROUND_PROCESSES":0.13896966631897245,
    "DISABLE_KEYGUARD":0.12789350022652796,
    "GET_ACCOUNTS":0.11192064144303607,
    "INSTALL_SHORTCUT":0.103736658553803,
    "RESTART_PACKAGES":0.10341267081792413,
    "USE_FINGERPRINT":0.1013976251435555,
    "INSTALL_PACKAGES":0.09890054893531831,
    "WRITE_CONTACTS":0.08445543719906014,
    "REQUEST_IGNORE_BATTERY_OPTIMIZATIONS":0.08287764326579633,
    "UNINSTALL_SHORTCUT":0.08188987577836077,
    "SET_WALLPAPER":0.08146316022378856,
    "USE_CREDENTIALS":0.07808367839344224,
    "EXPAND_STATUS_BAR":0.07679036149655992,
    "READ_CALENDAR":0.06913582198059232,
    "WRITE_CALENDAR":0.06913582198059232,
    "SEND_SMS":0.06290630169316516,
    "RECEIVE_SMS":0.06260865442361789,
    "MANAGE_ACCOUNTS":0.06023537840713929,
    "WRITE_MEDIA_STORAGE":0.05936877706482913,
    "AUTHENTICATE_ACCOUNTS":0.04617747152595588,
    "GET_TOP_ACTIVITY_INFO":0.04107532319752188,
    "INTERACT_ACROSS_USERS_FULL":0.038277965673104264,
    "ACCESS_NOTIFICATION_POLICY":0.03638672019049424,
    "INTERACT_ACROSS_USERS":0.03587834919029405,
    "READ_SYNC_SETTINGS":0.03277017416316337,
    "MANAGE_EXTERNAL_STORAGE":0.025463328802773116,
    "USE_BIOMETRIC":0.02433068875051363,
    "SCHEDULE_EXACT_ALARM":0.02433068875051363,
    "CALL_PRIVILEGED":0.02433068875051363,
    "DEVICE_POWER":0.023677445185489556,
    "READ_PRIVILEGED_PHONE_STATE":0.02277133314368197,
    "CHANGE_WIFI_MULTICAST_STATE":0.02184678277544225,
    "WRITE_SYNC_SETTINGS":0.02184678277544225,
    "WRITE_APN_SETTINGS":0.02183097849564328,
    "PROCESS_OUTGOING_CALLS":0.016431182897662017,
    "BODY_SENSORS":0.016431182897662017,
    "CAPTURE_VIDEO_OUTPUT":0.016431182897662017,
    "MEDIA_CONTENT_CONTROL":0.016431182897662017,
    "CLEAR_APP_CACHE":0.012754053797768432,
    "DELETE_CACHE_FILES":0.012754053797768432,
    "UPDATE_DEVICE_STATS":0.011542392346514099,
    "FORCE_STOP_PACKAGES":0.011234208890434192,
    "READ_SMS":0.010923391387721125,
    "ANSWER_PHONE_CALLS":0.010923391387721125,
    "READ_PROFILE":0.010923391387721125,
    "ACCESS_MOCK_LOCATION":0.010923391387721125,
    "READ_SYNC_STATS":0.010923391387721125,
    "GET_PACKAGE_SIZE":0.010923391387721125,
    "BIND_JOB_SERVICE":0.010923391387721125,
    "SET_DEBUG_APP":0.010923391387721125,
    "STATUS_BAR":0.010923391387721125,
    "STATUS_BAR_SERVICE":0.010923391387721125,
    "STOP_APP_SWITCHES":0.010923391387721125,
    "REQUEST_DELETE_PACKAGES":0.010923391387721125,
    "ACCESS_SURFACE_FLINGER":0.010923391387721125,
    "PACKAGE_USAGE_STATS":0.010923391387721125,
    "BIND_NOTIFICATION_LISTENER_SERVICE":0.010923391387721125,
    "USE_FULL_SCREEN_INTENT":0.010923391387721125,
    "READ_MEDIA_AUDIO":0.010923391387721125,
    "READ_MEDIA_VIDEO":0.010923391387721125,
    "BATTERY_STATS":0.009735436356165247
}