{
    "INTERNET":0.9849164729415582,
    "ACCESS_NETWORK_STATE":0.9849164729415582,
    "ACCESS_WIFI_STATE":0.9849164729415582,
    "WRITE_EXTERNAL_STORAGE":0.9688713999953661,
    "READ_EXTERNAL_STORAGE":0.951382077402513,
    "READ_PHONE_STATE":0.9059499996138367,
    "VIBRATE":0.8790267147568329,
    "CAMERA":0.8784899481769243,
    "ACCESS_FINE_LOCATION":0.8679670062326708,
    "WAKE_LOCK":0.8647135828976127,
    "REQUEST_INSTALL_PACKAGES":0.846774380401455,
    "ACCESS_COARSE_LOCATION":0.8378964928675692,
    "CHANGE_NETWORK_STATE":0.8251994531931816,
    "CHANGE_WIFI_STATE":0.8216409610824918,
    "GET_TASKS":0.752502336286193,
    "WRITE_SETTINGS":0.6996559287606483,
    "SYSTEM_ALERT_WINDOW":0.6886966226183395,
    "MOUNT_UNMOUNT_FILESYSTEMS":0.6815641918766747,
    "RECORD_AUDIO":0.6375493323241606,
    "RECEIVE_BOOT_COMPLETED":0.5397574123989219,
    "MODIFY_AUDIO_SETTINGS":0.5053580117239089,
    "CALL_PHONE":0.4960109361363618,
    "BLUETOOTH":0.48624101205600906,
    "ACCESS_LOCATION_EXTRA_COMMANDS":0.48132708779029804,
    "FLASHLIGHT":0.46837324971617006,
    "READ_LOGS":0.44525560129441827,
    "FOREGROUND_SERVICE":0.43360506336934945,
    "READ_CONTACTS":0.3515531476146709,
    "BLUETOOTH_ADMIN":0.3365874002734032,
    "ACCESS_BACKGROUND_LOCATION":0.32868650514755265,
    "REORDER_TASKS":0.26844700685053147,
    "QUERY_ALL_PACKAGES":0.26046501749318396,
    "C2D_MESSAGE":0.25984908749681396,
    "GET_ACCOUNTS":0.24986098131743353,
    "RESTART_PACKAGES":0.24697441283914745,
    "CHANGE_CONFIGURATION":0.16582418770611437,
    "MANAGE_ACCOUNTS":0.13798569652221584,
    "BROADCAST_STICKY":0.12530410336811365,
    "USE_CREDENTIALS":0.11148139852794653,
    "WRITE_CONTACTS":0.10445130098317096,
    "NFC":0.09141829949258173,
    "WRITE_CALENDAR":0.08579576610878976,
    "READ_CALENDAR":0.08438434031773484,
    "DISABLE_KEYGUARD":0.08419512044424185,
    "INSTALL_PACKAGES":0.07423983812046737,
    "REQUEST_IGNORE_BATTERY_OPTIMIZATIONS":0.07370886398566556,
    "USE_FINGERPRINT":0.07008858579383526,
    "KILL_BACKGROUND_PROCESSES":0.06686219386927605,
    "AUTHENTICATE_ACCOUNTS":0.06296967075742008,
    "INSTALL_SHORTCUT":0.06199847079449173,
    "EXPAND_STATUS_BAR":0.0577429544559349,
    "SEND_SMS":0.05636821415055719,
    "CHANGE_WIFI_MULTICAST_STATE":0.05465171958387071,
    "RECEIVE_SMS":0.048341816047389886,
    "PACKAGE_USAGE_STATS":0.044474393530997275,
    "INTERACT_ACROSS_USERS":0.044207941056078566,
    "INTERACT_ACROSS_USERS_FULL":0.04141791332957465,
    "SET_DEBUG_APP":0.04054518493346409,
    "READ_PRIVILEGED_PHONE_STATE":0.040211153932297884,
    "READ_PROFILE":0.03834212497779561,
    "MANAGE_DOCUMENTS":0.035052016157060197,
    "PROCESS_OUTGOING_CALLS":0.032827717235999636,
    "READ_SMS":0.030611141575081654,
    "GET_PACKAGE_SIZE":0.02939279728759102,
    "MANAGE_EXTERNAL_STORAGE":0.02887726967307438,
    "BATTERY_STATS":0.02829995597741717,
    "ACCESS_NOTIFICATION_POLICY":0.027371233945272962,
    "WRITE_SMS":0.024067609419288056,
    "WRITE_SYNC_SETTINGS":0.024067609419288056,
    "DEVICE_POWER":0.024067609419288056,
    "ACCESS_MOCK_LOCATION":0.023928590736721773,
    "READ_MEDIA_AUDIO":0.023476780018381344,
    "READ_MEDIA_VIDEO":0.023476780018381344,
    "USE_BIOMETRIC":0.021845241313263142,
    "BLUETOOTH_PRIVILEGED":0.020924242541261504,
    "INJECT_EVENTS":0.020236872388572653,
    "GET_TOP_ACTIVITY_INFO":0.02012681593154101,
    "UNINSTALL_SHORTCUT":0.019105414777685945,
    "READ_HISTORY_BOOKMARKS":0.01807049791858138,
    "ACTIVITY_RECOGNITION":0.017904447825516097,
    "MODIFY_PHONE_STATE":0.017508630743209314,
    "CALL_PRIVILEGED":0.017508630743209314,
    "OVERRIDE_WIFI_CONFIG":0.016045072946192035,
    "SET_WALLPAPER":0.016045072946192035,
    "READ_SYNC_SETTINGS":0.016045072946192035,
    "WRITE_MEDIA_STORAGE":0.014803558878273686,
    "ANSWER_PHONE_CALLS":0.014052471829408622,
    "READ_CALL_LOG":0.01173742460167285,
    "BLUETOOTH_CONNECT":0.01173742460167285,
    "BIND_NOTIFICATION_LISTENER_SERVICE":0.01160033673414221,
    "INTERNAL_SYSTEM_WINDOW":0.011328091814116568,
    "CAPTURE_VIDEO_OUTPUT":0.011138871940623568,
    "ACCESS_MEDIA_LOCATION":0.010173464422802146,
    "DELETE_CACHE_FILES":0.008762038631747227,
    "RECEIVE_MMS":0.008022536473096017,
    "TETHER_PRIVILEGED":0.008022536473096017,
    "NETWORK_STACK":0.008022536473096017,
    "BLUETOOTH_SCAN":0.008022536473096017,
    "SET_WALLPAPER_HINTS":0.008022536473096017,
    "READ_SYNC_STATS":0.008022536473096017,
    "CLEAR_APP_CACHE":0.008022536473096017,
    "BIND_JOB_SERVICE":0.008022536473096017,
    "CHANGE_COMPONENT_ENABLED_STATE":0.008022536473096017,
    "SCHEDULE_EXACT_ALARM":0.0065300164505441,
    "START_FOREGROUND_SERVICES_FROM_BACKGROUND":0.006029935356312604,
    "WRITE_APN_SETTINGS":0.005547231597401892,
    "USE_FULL_SCREEN_INTENT":0.002058248827995272,
    "READ_PHONE_NUMBERS":0.001859374879324059,
    "MANAGE_FINGERPRINT":0.0014114257910549193
}