{
    "WRITE_EXTERNAL_STORAGE":0.9916359178447843,
    "INTERNET":0.9916359178447843,
    "ACCESS_NETWORK_STATE":0.9904462252927428,
    "READ_EXTERNAL_STORAGE":0.983939905428501,
    "ACCESS_WIFI_STATE":0.9736486119247053,
    "READ_PHONE_STATE":0.9232603011069578,
    "REQUEST_INSTALL_PACKAGES":0.8825503203715227,
    "CAMERA":0.8711576553998156,
    "VIBRATE":0.8668608724009449,
    "CHANGE_WIFI_STATE":0.828547639033994,
    "WAKE_LOCK":0.8208274704237604,
    "ACCESS_COARSE_LOCATION":0.769241918243362,
    "CHANGE_NETWORK_STATE":0.7529810253096529,
    "GET_TASKS":0.7461063234876716,
    "ACCESS_FINE_LOCATION":0.7460074340686883,
    "RECORD_AUDIO":0.7266802142654406,
    "SYSTEM_ALERT_WINDOW":0.7124582550773303,
    "WRITE_SETTINGS":0.7046324031185651,
    "MOUNT_UNMOUNT_FILESYSTEMS":0.6566332908586928,
    "MODIFY_AUDIO_SETTINGS":0.5760655901056236,
    "FOREGROUND_SERVICE":0.5361406856735658,
    "BLUETOOTH":0.5309606918333956,
    "RECEIVE_BOOT_COMPLETED":0.5078613313686301,
    "FLASHLIGHT":0.5029266738732652,
    "ACCESS_LOCATION_EXTRA_COMMANDS":0.4904726461298765,
    "CALL_PHONE":0.4458403034017965,
    "READ_LOGS":0.369653932326423,
    "BLUETOOTH_ADMIN":0.3440996986514808,
    "READ_CONTACTS":0.2994900023552291,
    "C2D_MESSAGE":0.29380650284741167,
    "REORDER_TASKS":0.2803499930550944,
    "QUERY_ALL_PACKAGES":0.23796191172118936,
    "ACCESS_BACKGROUND_LOCATION":0.21887096969001574,
    "GET_ACCOUNTS":0.2123850316144189,
    "RESTART_PACKAGES":0.19967132478606678,
    "NFC":0.18090045232473184,
    "KILL_BACKGROUND_PROCESSES":0.15657139061169525,
    "BROADCAST_STICKY":0.1526037357553944,
    "CHANGE_CONFIGURATION":0.14971178641093313,
    "READ_CALENDAR":0.13653080820585914,
    "DISABLE_KEYGUARD":0.1361254370761343,
    "WRITE_CALENDAR":0.13448357076858974,
    "INSTALL_SHORTCUT":0.1306585884328066,
    "USE_FINGERPRINT":0.1300433603681404,
    "MANAGE_ACCOUNTS":0.1260417358640973,
    "USE_CREDENTIALS":0.12597757097391743,
    "WRITE_CONTACTS":0.12140148198249891,
    "REQUEST_IGNORE_BATTERY_OPTIMIZATIONS":0.10314921281002967,
    "UNINSTALL_SHORTCUT":0.09493459710488018,
    "INSTALL_PACKAGES":0.08390125551818058,
    "CHANGE_WIFI_MULTICAST_STATE":0.07985584791260292,
    "READ_SMS":0.07324007029452442,
    "SEND_SMS":0.072036789883386,
    "RECEIVE_SMS":0.07193941022652472,
    "READ_MEDIA_AUDIO":0.06328696350603003,
    "MANAGE_EXTERNAL_STORAGE":0.06327865981435968,
    "AUTHENTICATE_ACCOUNTS":0.06291556202404751,
    "READ_MEDIA_VIDEO":0.06007117018642546,
    "READ_PRIVILEGED_PHONE_STATE":0.05868067927217391,
    "EXPAND_STATUS_BAR":0.05855838854030162,
    "BATTERY_STATS":0.0536146724722053,
    "INTERACT_ACROSS_USERS_FULL":0.049439425324145955,
    "READ_PHONE_NUMBERS":0.048076865009149185,
    "PROCESS_OUTGOING_CALLS":0.042974623918255454,
    "SET_DEBUG_APP":0.04267342637494039,
    "GET_PACKAGE_SIZE":0.04059599369523338,
    "WRITE_SMS":0.03747003122188069,
    "READ_PROFILE":0.03624787878421877,
    "ACTIVITY_RECOGNITION":0.03184012826938988,
    "READ_HISTORY_BOOKMARKS":0.03161819323747351,
    "CAPTURE_VIDEO_OUTPUT":0.0308882232515445,
    "WRITE_SYNC_SETTINGS":0.030065402895119855,
    "BODY_SENSORS":0.0294177149448333,
    "ACCESS_NOTIFICATION_POLICY":0.028466564808048853,
    "PACKAGE_USAGE_STATS":0.027501071931106544,
    "ACCESS_MEDIA_LOCATION":0.02719760974460865,
    "SET_WALLPAPER":0.02696510637783912,
    "CLEAR_APP_CACHE":0.026844325408088714,
    "USE_BIOMETRIC":0.02667598693149908,
    "READ_SYNC_SETTINGS":0.026664663715584982,
    "USE_FULL_SCREEN_INTENT":0.02621852900856942,
    "BLUETOOTH_CONNECT":0.02567652440681447,
    "INTERACT_ACROSS_USERS":0.024639317829082855,
    "DEVICE_POWER":0.024372089933510088,
    "READ_CALL_LOG":0.023577200176340227,
    "WRITE_MEDIA_STORAGE":0.02214368104161509,
    "READ_SYNC_STATS":0.020565979624250406,
    "UPDATE_APP_OPS_STATS":0.02017646099680535,
    "SET_ALARM":0.019577085434418964,
    "MANAGE_FINGERPRINT":0.01852025194910291,
    "WRITE_APN_SETTINGS":0.017239973669748603,
    "MANAGE_DOCUMENTS":0.017093526743926234,
    "USE_SIP":0.015983096703283434,
    "DELETE_PACKAGES":0.01582230703730321,
    "ADD_VOICEMAIL":0.015413916383334647,
    "WRITE_PROFILE":0.015413916383334647,
    "READ_SOCIAL_STREAM":0.015413916383334647,
    "WRITE_SOCIAL_STREAM":0.015413916383334647,
    "READ_USER_DICTIONARY":0.015413916383334647,
    "WRITE_USER_DICTIONARY":0.015413916383334647,
    "WRITE_HISTORY_BOOKMARKS":0.015413916383334647,
    "SUBSCRIBED_FEEDS_READ":0.015413916383334647,
    "SUBSCRIBED_FEEDS_WRITE":0.015413916383334647,
    "PERSISTENT_ACTIVITY":0.015413916383334647,
    "MOUNT_FORMAT_FILESYSTEMS":0.01446578577079396,
    "READ_CELL_BROADCASTS":0.01368523875378196,
    "TRANSMIT_IR":0.01368523875378196,
    "SET_WALLPAPER_HINTS":0.01368523875378196,
    "READ_INSTALL_SESSIONS":0.01368523875378196,
    "RECEIVE_MMS":0.01351539051507045,
    "GET_INTENT_SENDER_INTENT":0.012762774097313233,
    "CAPTURE_AUDIO_OUTPUT":0.012229073187228625,
    "ACCOUNT_MANAGER":0.01094502050256962,
    "BLUETOOTH_PRIVILEGED":0.01055021770769798,
    "ACCESS_MOCK_LOCATION":0.010516248059955676,
    "BIND_DIRECTORY_SEARCH":0.009535657561794567,
    "CLEAR_APP_USER_DATA":0.009535657561794567,
    "BIND_APPWIDGET":0.009535657561794567,
    "ACCESS_CACHE_FILESYSTEM":0.009535657561794567,
    "MODIFY_PHONE_STATE":0.009352221463986139,
    "WRITE_CALL_LOG":0.007909643756529723,
    "SET_TIME_ZONE":0.007806979932241879,
    "REQUEST_DELETE_PACKAGES":0.0076363768124694306,
    "SET_TIME":0.007155517576650625,
    "WRITE_GSERVICES":0.007155517576650625,
    "BLUETOOTH_SCAN":0.00665578631430832,
    "RECEIVE_WAP_PUSH":0.0065297211771313335,
    "STATUS_BAR":0.006286649475508641,
    "STATUS_BAR_SERVICE":0.006286649475508641,
    "BROADCAST_WAP_PUSH":0.006286649475508641,
    "BIND_ACCESSIBILITY_SERVICE":0.0038483836486723167,
    "READ_PRECISE_PHONE_STATE":0.0036551340970716667,
    "READ_DREAM_STATE":0.0036551340970716667,
    "WRITE_DREAM_STATE":0.0036551340970716667,
    "HARDWARE_TEST":0.0031606870021559414,
    "BROADCAST_PACKAGE_REMOVED":0.0031606870021559414,
    "SCHEDULE_EXACT_ALARM":0.002918370181594189,
    "LOCATION_HARDWARE":0.002819480762611044,
    "LOCAL_MAC_ADDRESS":0.002819480762611044,
    "GET_TOP_ACTIVITY_INFO":0.00274097313227328,
    "REAL_GET_TASKS":0.002366552126047021,
    "BIND_VPN_SERVICE":0.0017286776295526883,
    "INJECT_EVENTS":0.0016773457174087656,
    "SET_PREFERRED_APPLICATIONS":0.001409362940775052,
    "WRITE_SECURE_SETTINGS":0.001409362940775052,
    "SET_ALWAYS_FINISH":0.001409362940775052,
    "SIGNAL_PERSISTENT_PROCESSES":0.001409362940775052,
    "INSTANT_APP_FOREGROUND_SERVICE":0.001409362940775052,
    "MEDIA_CONTENT_CONTROL":0.0011896925520415006,
    "WRITE_VOICEMAIL":0.0009066121541889863,
    "READ_FRAME_BUFFER":0.0007329895101727775,
    "DUMP":0.00046500673353906376
}