{
    "INTERNET":1.0,
    "ACCESS_NETWORK_STATE":0.9978436932505531,
    "ACCESS_WIFI_STATE":0.9959202400734107,
    "WRITE_EXTERNAL_STORAGE":0.9867659256687306,
    "READ_EXTERNAL_STORAGE":0.9578824378804537,
    "READ_PHONE_STATE":0.9479303588700677,
    "REQUEST_INSTALL_PACKAGES":0.9227794173976063,
    "VIBRATE":0.9134184282246086,
    "WAKE_LOCK":0.8694642163306134,
    "ACCESS_COARSE_LOCATION":0.8088561516055873,
    "ACCESS_FINE_LOCATION":0.7893446756446185,
    "GET_TASKS":0.7868383996208206,
    "CHANGE_WIFI_STATE":0.7643687188093327,
    "CHANGE_NETWORK_STATE":0.7441145915142097,
    "CAMERA":0.6795411269010635,
    "FOREGROUND_SERVICE":0.6377762897194458,
    "RECEIVE_BOOT_COMPLETED":0.6301968370493454,
    "WRITE_SETTINGS":0.6229976659529497,
    "SYSTEM_ALERT_WINDOW":0.6187994124925253,
    "MOUNT_UNMOUNT_FILESYSTEMS":0.6094742469460357,
    "QUERY_ALL_PACKAGES":0.5868667829556693,
    "REORDER_TASKS":0.5381011824552409,
    "RECORD_AUDIO":0.4566589232520135,
    "BLUETOOTH":0.41656677386197954,
    "ACCESS_LOCATION_EXTRA_COMMANDS":0.41018879051169893,
    "READ_LOGS":0.3242203538823164,
    "ACCESS_BACKGROUND_LOCATION":0.26437698580006547,
    "DISABLE_KEYGUARD":0.26011948557272324,
    "C2D_MESSAGE":0.25796455665506524,
    "MODIFY_AUDIO_SETTINGS":0.2368630628098398,
    "BLUETOOTH_ADMIN":0.21551493707442212,
    "SET_WALLPAPER":0.2111816560986968,
    "WRITE_SYNC_SETTINGS":0.21064567953285984,
    "GET_ACCOUNTS":0.2065397408022838,
    "FLASHLIGHT":0.2062586631173719,
    "BROADCAST_STICKY":0.20297804562827745,
    "READ_SYNC_SETTINGS":0.19642094414545486,
    "KILL_BACKGROUND_PROCESSES":0.19436246345301178,
    "AUTHENTICATE_ACCOUNTS":0.19162884518406448,
    "CALL_PHONE":0.18727627456329615,
    "INSTALL_SHORTCUT":0.1840108132238783,
    "REQUEST_IGNORE_BATTERY_OPTIMIZATIONS":0.1807012612672194,
    "EXPAND_STATUS_BAR":0.17831072311367932,
    "MANAGE_ACCOUNTS":0.173683963966943,
    "READ_CONTACTS":0.15405812796750518,
    "CHANGE_CONFIGURATION":0.15363513360834855,
    "USE_FULL_SCREEN_INTENT":0.1383384450892697,
    "READ_CALENDAR":0.13460589877345408,
    "WRITE_CALENDAR":0.13460589877345408,
    "RESTART_PACKAGES":0.13446535993099815,
    "UNINSTALL_SHORTCUT":0.10560942877849698,
    "READ_SYNC_STATS":0.10493704686557044,
    "SET_ALARM":0.10263606777830132,
    "INSTALL_PACKAGES":0.10078839534954212,
    "READ_PRIVILEGED_PHONE_STATE":0.09493812157436568,
    "INTERACT_ACROSS_USERS":0.07878993300981842,
    "SCHEDULE_EXACT_ALARM":0.06644869367768104,
    "WRITE_CONTACTS":0.05634229750695114,
    "PACKAGE_USAGE_STATS":0.04837705193599143,
    "USE_CREDENTIALS":0.04419119896166595,
    "BIND_JOB_SERVICE":0.0386164915442463,
    "USE_FINGERPRINT":0.03836297049511006,
    "NFC":0.037741568358368525,
    "CHANGE_WIFI_MULTICAST_STATE":0.034492641000416095,
    "SEND_SMS":0.03358602768339629,
    "WRITE_SMS":0.03307485208975747,
    "READ_SMS":0.02215277950006751,
    "BATTERY_STATS":0.020907219563006865,
    "MANAGE_EXTERNAL_STORAGE":0.019285511547608214,
    "READ_PHONE_NUMBERS":0.017603178933503077,
    "INTERACT_ACROSS_USERS_FULL":0.01655878243760488,
    "CLEAR_APP_CACHE":0.015102414236860304,
    "SET_DEBUG_APP":0.014600883465742962,
    "BIND_ACCESSIBILITY_SERVICE":0.01451408006304958,
    "READ_CALL_LOG":0.014082818713160217,
    "WRITE_MEDIA_STORAGE":0.01400979362835467,
    "ACTIVITY_RECOGNITION":0.013105935974912435,
    "DEVICE_POWER":0.013105935974912435,
    "GLOBAL_SEARCH":0.013105935974912435,
    "GET_PACKAGE_SIZE":0.012709120419742672,
    "PROCESS_OUTGOING_CALLS":0.012586493390540904,
    "BLUETOOTH_CONNECT":0.012120786245931948,
    "READ_HISTORY_BOOKMARKS":0.011455293491949325,
    "INJECT_EVENTS":0.011433248183328783,
    "LOCAL_MAC_ADDRESS":0.011433248183328783,
    "READ_PROFILE":0.01107914541361132,
    "WRITE_SECURE_SETTINGS":0.010747087952514401,
    "ACCESS_MOCK_LOCATION":0.009610376726767686,
    "CLEAR_APP_USER_DATA":0.00937476749088564,
    "DELETE_PACKAGES":0.00937476749088564,
    "REAL_GET_TASKS":0.008786433317074916,
    "USE_BIOMETRIC":0.006452386266874993,
    "CAPTURE_VIDEO_OUTPUT":0.005916409701038057,
    "SET_WALLPAPER_HINTS":0.0057276467459746625,
    "HIDE_NON_SYSTEM_OVERLAY_WINDOWS":0.0057276467459746625,
    "REQUEST_DELETE_PACKAGES":0.0057276467459746625,
    "ACCESS_NOTIFICATION_POLICY":0.0044614193320822604,
    "MANAGE_USERS":0.004364971106867388,
    "RECEIVE_SMS":0.004304346508160897,
    "ACCESS_MEDIA_LOCATION":0.003334352928857032,
    "HARDWARE_TEST":0.003334352928857032,
    "SET_TIME_ZONE":0.0031331894876945833,
    "FORCE_STOP_PACKAGES":0.0031331894876945833,
    "MASTER_CLEAR":0.0031331894876945833,
    "BIND_NOTIFICATION_LISTENER_SERVICE":0.0013282298443876774
}