{
    "INTERNET":0.9648716027390161,
    "ACCESS_NETWORK_STATE":0.9648716027390161,
    "ACCESS_WIFI_STATE":0.9637346660822931,
    "WRITE_EXTERNAL_STORAGE":0.9387479794338176,
    "READ_EXTERNAL_STORAGE":0.9352817953466893,
    "READ_PHONE_STATE":0.9013280362688685,
    "ACCESS_COARSE_LOCATION":0.8935520964405047,
    "VIBRATE":0.8838710513541919,
    "ACCESS_FINE_LOCATION":0.8668924045562295,
    "CHANGE_WIFI_STATE":0.8480758083442904,
    "CAMERA":0.8378422002610831,
    "WAKE_LOCK":0.8343182857115928,
    "CHANGE_NETWORK_STATE":0.7838653961252253,
    "REQUEST_INSTALL_PACKAGES":0.7694151079441828,
    "GET_TASKS":0.7557424137459764,
    "MOUNT_UNMOUNT_FILESYSTEMS":0.6604942198847276,
    "WRITE_SETTINGS":0.6346274382284053,
    "SYSTEM_ALERT_WINDOW":0.6344884138496557,
    "BLUETOOTH":0.5683222349464873,
    "ACCESS_LOCATION_EXTRA_COMMANDS":0.5620249018582139,
    "RECORD_AUDIO":0.521730217302173,
    "FLASHLIGHT":0.46922377269749715,
    "MODIFY_AUDIO_SETTINGS":0.44750887164044045,
    "RECEIVE_BOOT_COMPLETED":0.43699721479973413,
    "FOREGROUND_SERVICE":0.4224267530031623,
    "BLUETOOTH_ADMIN":0.40060463823029036,
    "REORDER_TASKS":0.3791371534405,
    "CALL_PHONE":0.37645798871781816,
    "READ_LOGS":0.35330571696521557,
    "NFC":0.3499078668947609,
    "QUERY_ALL_PACKAGES":0.32865716588200355,
    "ACCESS_BACKGROUND_LOCATION":0.27924460279085545,
    "READ_CONTACTS":0.2303563265517712,
    "DISABLE_KEYGUARD":0.17926251101591476,
    "CHANGE_CONFIGURATION":0.1760555249230653,
    "BROADCAST_STICKY":0.17578572337447512,
    "C2D_MESSAGE":0.1612458940681361,
    "INSTALL_SHORTCUT":0.15643894944696576,
    "KILL_BACKGROUND_PROCESSES":0.15461749445080658,
    "READ_SMS":0.14593553981516827,
    "MANAGE_ACCOUNTS":0.14065379159538727,
    "GET_ACCOUNTS":0.12873657472206906,
    "RESTART_PACKAGES":0.12511133732026974,
    "USE_CREDENTIALS":0.12019953532868666,
    "USE_FINGERPRINT":0.11268514984000413,
    "RECEIVE_SMS":0.0928117327150283,
    "UNINSTALL_SHORTCUT":0.08439604510987639,
    "SEND_SMS":0.08171098952368834,
    "READ_PRIVILEGED_PHONE_STATE":0.08031838939079047,
    "WRITE_CONTACTS":0.07759681045086314,
    "SET_DEBUG_APP":0.07142318549622277,
    "EXPAND_STATUS_BAR":0.06235243386916628,
    "REQUEST_IGNORE_BATTERY_OPTIMIZATIONS":0.059061797514526865,
    "AUTHENTICATE_ACCOUNTS":0.05410286861489306,
    "INTERACT_ACROSS_USERS_FULL":0.05254532430381775,
    "INSTALL_PACKAGES":0.050604873864830605,
    "USE_FULL_SCREEN_INTENT":0.04898370822788688,
    "SET_WALLPAPER":0.04674400192277785,
    "READ_CALL_LOG":0.04594873534942246,
    "PROCESS_OUTGOING_CALLS":0.042338814192739625,
    "CHANGE_WIFI_MULTICAST_STATE":0.04177093495072882,
    "USE_BIOMETRIC":0.037951299053220415,
    "READ_PHONE_NUMBERS":0.03742583402845522,
    "READ_MEDIA_AUDIO":0.03350958796944291,
    "READ_MEDIA_VIDEO":0.03350958796944291,
    "WRITE_SMS":0.03241035283916057,
    "WRITE_USER_DICTIONARY":0.03198385432130183,
    "BLUETOOTH_PRIVILEGED":0.031676351246271085,
    "PACKAGE_USAGE_STATS":0.03141833142469356,
    "READ_CALENDAR":0.03070082424962181,
    "WRITE_CALENDAR":0.03070082424962181,
    "ACCESS_NOTIFICATION_POLICY":0.028555371760614155,
    "READ_USER_DICTIONARY":0.027081477711328836,
    "BATTERY_STATS":0.024780506425753912,
    "WRITE_SYNC_SETTINGS":0.023673024086562706,
    "MOUNT_FORMAT_FILESYSTEMS":0.023433855028205455,
    "ACCESS_MOCK_LOCATION":0.02313459916208357,
    "READ_PROFILE":0.0217561371016009,
    "MANAGE_EXTERNAL_STORAGE":0.021579411196410814,
    "REQUEST_DELETE_PACKAGES":0.020054855720971,
    "BLUETOOTH_CONNECT":0.019562379531841294,
    "READ_HISTORY_BOOKMARKS":0.017176579811775127,
    "CAPTURE_VIDEO_OUTPUT":0.01638131323841974,
    "WRITE_CALL_LOG":0.01621990357834613,
    "STOP_APP_SWITCHES":0.015269118208423464,
    "WRITE_MEDIA_STORAGE":0.01149307470086195,
    "ADD_VOICEMAIL":0.011317526968373131,
    "USE_SIP":0.011317526968373131,
    "SCHEDULE_EXACT_ALARM":0.01121973863416795,
    "ACTIVITY_RECOGNITION":0.011207956907155278,
    "MANAGE_FINGERPRINT":0.01113019750887164,
    "READ_CLIPBOARD_IN_BACKGROUND":0.010889850277813123,
    "SEND_RESPOND_VIA_MESSAGE":0.010687204573195157,
    "BIND_ACCESSIBILITY_SERVICE":0.010687204573195157,
    "CAPTURE_AUDIO_OUTPUT":0.010687204573195157,
    "GET_PACKAGE_SIZE":0.01050694414990127,
    "ANSWER_PHONE_CALLS":0.010366741598450467,
    "SET_WALLPAPER_HINTS":0.010366741598450467,
    "SET_TIME_ZONE":0.010366741598450467,
    "UPDATE_APP_OPS_STATS":0.010366741598450467,
    "DELETE_PACKAGES":0.010366741598450467,
    "BIND_APPWIDGET":0.010366741598450467,
    "BIND_NOTIFICATION_LISTENER_SERVICE":0.010366741598450467,
    "BLUETOOTH_SCAN":0.009781189765920647,
    "BLUETOOTH_ADVERTISE":0.009781189765920647,
    "SERIAL_PORT":0.008765604897428284,
    "HARDWARE_TEST":0.00860890792815974,
    "READ_SYNC_SETTINGS":0.007410706290970955,
    "MANAGE_USERS":0.006410437667595067,
    "WRITE_SECURE_SETTINGS":0.006410437667595067,
    "UPDATE_DEVICE_STATS":0.006410437667595067,
    "DEVICE_POWER":0.006410437667595067,
    "ACCESS_MEDIA_LOCATION":0.0049023766099729965,
    "CLEAR_APP_CACHE":0.0049023766099729965,
    "BODY_SENSORS":0.002259735241030571,
    "GET_TOP_ACTIVITY_INFO":0.0011640346288520355
}