{
    "INTERNET":1.0,
    "ACCESS_NETWORK_STATE":1.0,
    "ACCESS_WIFI_STATE":0.9898044126855502,
    "WRITE_EXTERNAL_STORAGE":0.9784682063182191,
    "READ_EXTERNAL_STORAGE":0.9549523002688866,
    "REQUEST_INSTALL_PACKAGES":0.918499146684347,
    "READ_PHONE_STATE":0.9129090083121537,
    "WAKE_LOCK":0.8952152933809717,
    "ACCESS_COARSE_LOCATION":0.8059032254103894,
    "VIBRATE":0.805660122533672,
    "ACCESS_FINE_LOCATION":0.7888541014401999,
    "CAMERA":0.7881149704715946,
    "CHANGE_NETWORK_STATE":0.7371272115608919,
    "GET_TASKS":0.6883875403636718,
    "RECORD_AUDIO":0.6669097695433835,
    "CHANGE_WIFI_STATE":0.6598033076724736,
    "WRITE_SETTINGS":0.5083526710621629,
    "QUERY_ALL_PACKAGES":0.49162031750709045,
    "SYSTEM_ALERT_WINDOW":0.4906871953540338,
    "FOREGROUND_SERVICE":0.4802448217859466,
    "MOUNT_UNMOUNT_FILESYSTEMS":0.4755313271207041,
    "ACCESS_LOCATION_EXTRA_COMMANDS":0.44587400395349114,
    "MODIFY_AUDIO_SETTINGS":0.4061438727024935,
    "RECEIVE_BOOT_COMPLETED":0.37458838262919447,
    "BLUETOOTH":0.36423563789949287,
    "READ_LOGS":0.34319987230960014,
    "ACCESS_BACKGROUND_LOCATION":0.3235637899492921,
    "REORDER_TASKS":0.31533389811779444,
    "FLASHLIGHT":0.2977494567019043,
    "BLUETOOTH_ADMIN":0.23138973811190103,
    "DISABLE_KEYGUARD":0.14814173634388011,
    "READ_MEDIA_VIDEO":0.14696060014487952,
    "READ_MEDIA_AUDIO":0.14186280648765456,
    "C2D_MESSAGE":0.11594288310189452,
    "CALL_PHONE":0.1144363819416308,
    "REQUEST_IGNORE_BATTERY_OPTIMIZATIONS":0.09839281987059073,
    "KILL_BACKGROUND_PROCESSES":0.09536385625007676,
    "MANAGE_EXTERNAL_STORAGE":0.09215686274509806,
    "EXPAND_STATUS_BAR":0.0915098161994917,
    "RESTART_PACKAGES":0.07856765749505815,
    "READ_CONTACTS":0.07542450919002545,
    "GET_ACCOUNTS":0.07520350657482783,
    "BROADCAST_STICKY":0.06814124522695741,
    "CHANGE_CONFIGURATION":0.06643215833609588,
    "INSTALL_SHORTCUT":0.06365857551536583,
    "READ_PRIVILEGED_PHONE_STATE":0.05856323744275419,
    "READ_PROFILE":0.04809753582084055,
    "CHANGE_WIFI_MULTICAST_STATE":0.04681203727577444,
    "PACKAGE_USAGE_STATS":0.04473338490061022,
    "READ_CALENDAR":0.04432575785480129,
    "WRITE_CALENDAR":0.04432575785480129,
    "LOCAL_MAC_ADDRESS":0.03866931869804904,
    "SET_WALLPAPER":0.03832308126757278,
    "BATTERY_STATS":0.03699583778408045,
    "NFC":0.034805456309010774,
    "READ_PHONE_NUMBERS":0.034390462509361924,
    "SEND_SMS":0.031015261458371707,
    "WRITE_CONTACTS":0.03097106093533219,
    "MANAGE_ACCOUNTS":0.02981939175169129,
    "ACCESS_NOTIFICATION_POLICY":0.02925460729063072,
    "ACTIVITY_RECOGNITION":0.027227522192345945,
    "REQUEST_DELETE_PACKAGES":0.026845678784976738,
    "BLUETOOTH_CONNECT":0.026393851216128285,
    "STATUS_BAR":0.02429187078713765,
    "USE_FULL_SCREEN_INTENT":0.023605534887718396,
    "WRITE_APN_SETTINGS":0.022289341534985945,
    "UNINSTALL_SHORTCUT":0.02152197134332757,
    "USE_CREDENTIALS":0.020878608174641183,
    "INTERACT_ACROSS_USERS_FULL":0.020608493867177433,
    "DEVICE_POWER":0.019864451729345468,
    "RECEIVE_SMS":0.017567252323596943,
    "READ_SMS":0.017567252323596943,
    "SET_DEBUG_APP":0.016038650901813455,
    "READ_CALL_LOG":0.015293380971674835,
    "REAL_GET_TASKS":0.015268825125541766,
    "INSTALL_PACKAGES":0.013705845519171977,
    "WRITE_SMS":0.012469458666371998,
    "WRITE_USER_DICTIONARY":0.012298795535747175,
    "HIGH_SAMPLING_RATE_SENSORS":0.012002897589843704,
    "SET_WALLPAPER_HINTS":0.012002897589843704,
    "WRITE_HISTORY_BOOKMARKS":0.011791717313099317,
    "ACCESS_MEDIA_LOCATION":0.010845089444669541,
    "SET_ALARM":0.010845089444669541,
    "ACCESS_MOCK_LOCATION":0.010396945252741048,
    "ANSWER_PHONE_CALLS":0.010195587314449889,
    "USE_FINGERPRINT":0.010195587314449889,
    "INTERACT_ACROSS_USERS":0.008702591869559347,
    "BODY_SENSORS":0.007458838262919446,
    "AUTHENTICATE_ACCOUNTS":0.007399904232200083,
    "BIND_ACCESSIBILITY_SERVICE":0.007325008901494225,
    "GET_PACKAGE_SIZE":0.0072550247400149795,
    "WRITE_SYNC_SETTINGS":0.006601839232875368,
    "READ_SYNC_STATS":0.006601839232875368,
    "READ_SYNC_SETTINGS":0.005952337102655716,
    "WRITE_SECURE_SETTINGS":0.005895858656549659,
    "PROCESS_OUTGOING_CALLS":0.005097793657224944,
    "WRITE_MEDIA_STORAGE":0.005097793657224944,
    "GET_TOP_ACTIVITY_INFO":0.005097793657224944,
    "SCHEDULE_EXACT_ALARM":0.003566736650828146,
    "CAPTURE_AUDIO_OUTPUT":0.0024162952594939044,
    "MANAGE_DOCUMENTS":0.0022738713519221093,
    "INTERACT_ACROSS_PROFILES":0.001307598806585878
}