{
    "INTERNET":0.9905100945433851,
    "WRITE_EXTERNAL_STORAGE":0.9786048707303507,
    "ACCESS_NETWORK_STATE":0.9620856451842367,
    "ACCESS_WIFI_STATE":0.9486672098707949,
    "READ_EXTERNAL_STORAGE":0.9367619860577606,
    "READ_PHONE_STATE":0.9238350211461606,
    "WAKE_LOCK":0.8646419379453948,
    "VIBRATE":0.8563613083459433,
    "CAMERA":0.8369676276206364,
    "GET_TASKS":0.8368770935992444,
    "REQUEST_INSTALL_PACKAGES":0.8292528356548843,
    "CHANGE_WIFI_STATE":0.7577471255448207,
    "WRITE_SETTINGS":0.7501358010320878,
    "CHANGE_NETWORK_STATE":0.7414122013993971,
    "MOUNT_UNMOUNT_FILESYSTEMS":0.7152414025013254,
    "RECORD_AUDIO":0.7072388416818632,
    "ACCESS_COARSE_LOCATION":0.6820315834400339,
    "SYSTEM_ALERT_WINDOW":0.6729975814482855,
    "ACCESS_FINE_LOCATION":0.6178397289152728,
    "FLASHLIGHT":0.533727156326388,
    "BLUETOOTH":0.5193160801355423,
    "MODIFY_AUDIO_SETTINGS":0.46163620843518394,
    "ACCESS_LOCATION_EXTRA_COMMANDS":0.44842470802778095,
    "FOREGROUND_SERVICE":0.43563677750617563,
    "RECEIVE_BOOT_COMPLETED":0.43495453898782965,
    "CALL_PHONE":0.4166860668141077,
    "READ_LOGS":0.36763279400923443,
    "REORDER_TASKS":0.35096806735731195,
    "BLUETOOTH_ADMIN":0.34234470181973387,
    "GET_ACCOUNTS":0.33484331147583385,
    "READ_CONTACTS":0.26452747707549246,
    "C2D_MESSAGE":0.2644240096224732,
    "MANAGE_ACCOUNTS":0.22248089085477055,
    "RESTART_PACKAGES":0.1920485262354661,
    "ACCESS_BACKGROUND_LOCATION":0.18787426117771835,
    "QUERY_ALL_PACKAGES":0.17607897153351706,
    "WRITE_CONTACTS":0.1615999948266274,
    "USE_CREDENTIALS":0.1348795250843907,
    "CHANGE_WIFI_MULTICAST_STATE":0.13239307285402038,
    "DISABLE_KEYGUARD":0.11553111136977977,
    "BROADCAST_STICKY":0.11111111111111115,
    "KILL_BACKGROUND_PROCESSES":0.10871195954422588,
    "SET_DEBUG_APP":0.09860448272740209,
    "USE_FINGERPRINT":0.07906206753837998,
    "GET_TOP_ACTIVITY_INFO":0.06919062584875647,
    "READ_PHONE_NUMBERS":0.06906775824829604,
    "CHANGE_CONFIGURATION":0.0679942834232207,
    "INSTALL_SHORTCUT":0.06415305422987883,
    "UNINSTALL_SHORTCUT":0.06415305422987883,
    "READ_CALENDAR":0.06399785305034987,
    "WRITE_CALENDAR":0.06399785305034987,
    "REQUEST_IGNORE_BATTERY_OPTIMIZATIONS":0.05988825515073916,
    "SEND_SMS":0.05950025220191675,
    "ACCESS_MOCK_LOCATION":0.05744383657315798,
    "INTERACT_ACROSS_USERS_FULL":0.05430747940351015,
    "NFC":0.050983587475264824,
    "USE_FULL_SCREEN_INTENT":0.05034338260970785,
    "READ_PRIVILEGED_PHONE_STATE":0.05019141478808574,
    "INSTALL_PACKAGES":0.049745211396939965,
    "AUTHENTICATE_ACCOUNTS":0.04759502838888244,
    "MANAGE_EXTERNAL_STORAGE":0.04658622072194417,
    "EXPAND_STATUS_BAR":0.042353755221873034,
    "READ_PROFILE":0.040255305940325156,
    "MANAGE_DOCUMENTS":0.04022620571916348,
    "ACCESS_NOTIFICATION_POLICY":0.03861276012364361,
    "BLUETOOTH_CONNECT":0.034176593075440714,
    "PROCESS_OUTGOING_CALLS":0.03282181611246913,
    "READ_CALL_LOG":0.031198670443228715,
    "REAL_GET_TASKS":0.031176036937880736,
    "USE_BIOMETRIC":0.026836870626883436,
    "SET_WALLPAPER":0.026836870626883436,
    "WRITE_MEDIA_STORAGE":0.026461801109688442,
    "SET_ALARM":0.02521372495764302,
    "BATTERY_STATS":0.02521372495764302,
    "READ_SMS":0.022184068598921355,
    "READ_SYNC_SETTINGS":0.020758157761998998,
    "WRITE_SYNC_SETTINGS":0.020758157761998998,
    "ANSWER_PHONE_CALLS":0.01940338079902741,
    "ACTIVITY_RECOGNITION":0.01940338079902741,
    "BODY_SENSORS":0.01940338079902741,
    "INTERACT_ACROSS_USERS":0.015933987764973685,
    "BLUETOOTH_PRIVILEGED":0.013418435313441718,
    "SCHEDULE_EXACT_ALARM":0.013418435313441718,
    "BROADCAST_WAP_PUSH":0.013418435313441718,
    "PACKAGE_USAGE_STATS":0.013418435313441718,
    "GET_PACKAGE_SIZE":0.009489905456614807,
    "BIND_NOTIFICATION_LISTENER_SERVICE":0.009438171730105152,
    "WRITE_SMS":0.0068773522678772375,
    "RECEIVE_SMS":0.005984945485585692,
    "RECEIVE_WAP_PUSH":0.005984945485585692,
    "RECEIVE_MMS":0.005984945485585692,
    "ACCESS_MEDIA_LOCATION":0.005984945485585692,
    "WRITE_CALL_LOG":0.005984945485585692,
    "ADD_VOICEMAIL":0.005984945485585692,
    "USE_SIP":0.005984945485585692,
    "ACCEPT_HANDOVER":0.005984945485585692,
    "BIND_CALL_REDIRECTION_SERVICE":0.005984945485585692,
    "MEDIA_CONTENT_CONTROL":0.0024153183564195094,
    "READ_MEDIA_AUDIO":0.0024153183564195094,
    "READ_MEDIA_VIDEO":0.0024153183564195094
}