{
    "INTERNET":0.9948030433825303,
    "ACCESS_NETWORK_STATE":0.9948030433825303,
    "ACCESS_WIFI_STATE":0.9893631893306866,
    "WRITE_EXTERNAL_STORAGE":0.974991175309039,
    "READ_EXTERNAL_STORAGE":0.9486341824841245,
    "VIBRATE":0.9183654924876544,
    "READ_PHONE_STATE":0.9087343470951914,
    "REQUEST_INSTALL_PACKAGES":0.8859247052902711,
    "CAMERA":0.8407449087649277,
    "ACCESS_COARSE_LOCATION":0.8108152266984472,
    "WAKE_LOCK":0.7741674209884352,
    "ACCESS_FINE_LOCATION":0.7722967612510441,
    "CHANGE_WIFI_STATE":0.7718319359449759,
    "GET_TASKS":0.7531366970841824,
    "CHANGE_NETWORK_STATE":0.7302335659789814,
    "RECORD_AUDIO":0.6806597723404477,
    "MOUNT_UNMOUNT_FILESYSTEMS":0.6395043843860632,
    "WRITE_SETTINGS":0.6235614006269894,
    "MODIFY_AUDIO_SETTINGS":0.5804366212442635,
    "SYSTEM_ALERT_WINDOW":0.527139856498292,
    "RECEIVE_BOOT_COMPLETED":0.49082581632759975,
    "FOREGROUND_SERVICE":0.4897406414589219,
    "ACCESS_LOCATION_EXTRA_COMMANDS":0.4763052679036373,
    "BLUETOOTH":0.46516256653467425,
    "READ_LOGS":0.41234810173033787,
    "C2D_MESSAGE":0.40731802788252786,
    "FLASHLIGHT":0.3919499596335913,
    "CALL_PHONE":0.3576577347979404,
    "REORDER_TASKS":0.32341181774654043,
    "BLUETOOTH_ADMIN":0.316607194656955,
    "QUERY_ALL_PACKAGES":0.29054202824600056,
    "BROADCAST_STICKY":0.190367806129403,
    "ACCESS_BACKGROUND_LOCATION":0.18010233146587706,
    "INSTALL_PACKAGES":0.17127414557769383,
    "RESTART_PACKAGES":0.16616019347916486,
    "GET_ACCOUNTS":0.1597391386402635,
    "KILL_BACKGROUND_PROCESSES":0.14003736077084097,
    "READ_CALENDAR":0.13458789566943566,
    "READ_CONTACTS":0.12761376861485538,
    "WRITE_CALENDAR":0.12473307494172196,
    "INSTALL_SHORTCUT":0.12276106231804523,
    "DISABLE_KEYGUARD":0.11334310747949339,
    "USE_FINGERPRINT":0.10704787001667068,
    "MANAGE_ACCOUNTS":0.09523763756906839,
    "UNINSTALL_SHORTCUT":0.08659730401322471,
    "CHANGE_CONFIGURATION":0.08275987404282675,
    "USE_CREDENTIALS":0.07121088739694327,
    "AUTHENTICATE_ACCOUNTS":0.06564608970079922,
    "INTERACT_ACROSS_USERS_FULL":0.0652738799632333,
    "EXPAND_STATUS_BAR":0.06493137710613038,
    "READ_PRIVILEGED_PHONE_STATE":0.06340671515295541,
    "PACKAGE_USAGE_STATS":0.05278213672853846,
    "WRITE_CONTACTS":0.052072666524539575,
    "SET_WALLPAPER":0.04290110404747505,
    "MANAGE_EXTERNAL_STORAGE":0.04268092363933747,
    "READ_PHONE_NUMBERS":0.03664081585578529,
    "WRITE_SYNC_SETTINGS":0.03484617078310829,
    "WRITE_MEDIA_STORAGE":0.03456046049159641,
    "SEND_SMS":0.03439532518549322,
    "REQUEST_IGNORE_BATTERY_OPTIMIZATIONS":0.034091266526636556,
    "READ_MEDIA_AUDIO":0.03340800827598737,
    "READ_MEDIA_VIDEO":0.03340800827598737,
    "INTERACT_ACROSS_USERS":0.03322365087076106,
    "READ_SMS":0.033124919179810475,
    "NFC":0.030838363115937188,
    "READ_SYNC_SETTINGS":0.029609022503835656,
    "SCHEDULE_EXACT_ALARM":0.029356514019900085,
    "USE_FULL_SCREEN_INTENT":0.027373142883105148,
    "ACCESS_NOTIFICATION_POLICY":0.026973847460411187,
    "BATTERY_STATS":0.024408570959252623,
    "BLUETOOTH_CONNECT":0.024011896731893634,
    "SET_DEBUG_APP":0.021181005770124644,
    "READ_CALL_LOG":0.01971663130965402,
    "SET_ALARM":0.019603046178471927,
    "GET_TOP_ACTIVITY_INFO":0.017437065100007323,
    "RECEIVE_SMS":0.017130385245815682,
    "CAPTURE_VIDEO_OUTPUT":0.016967871135047462,
    "ACTIVITY_RECOGNITION":0.0166236208143879,
    "WRITE_APN_SETTINGS":0.014773930639676495,
    "BODY_SENSORS":0.013181991339570601,
    "CHANGE_WIFI_MULTICAST_STATE":0.012434950669103783,
    "PROCESS_OUTGOING_CALLS":0.012281173876118804,
    "REQUEST_DELETE_PACKAGES":0.011970125363035542,
    "STATUS_BAR":0.010893687812140666,
    "STATUS_BAR_SERVICE":0.010893687812140666,
    "USE_BIOMETRIC":0.010353721573136583,
    "GET_PACKAGE_SIZE":0.009955299882220946,
    "WRITE_SMS":0.008486556762858703,
    "READ_SYNC_STATS":0.008430637929045982,
    "REQUEST_COMPANION_USE_DATA_IN_BACKGROUND":0.00833277996987372,
    "MOUNT_FORMAT_FILESYSTEMS":0.008179876908667063,
    "ACCESS_MEDIA_LOCATION":0.007927368424731494,
    "LOCAL_MAC_ADDRESS":0.007927368424731494,
    "ACCESS_MOCK_LOCATION":0.007421477725082036,
    "MODIFY_PHONE_STATE":0.007354200378151106,
    "READ_PROFILE":0.0072746907863236445,
    "HIGH_SAMPLING_RATE_SENSORS":0.007256342418978845,
    "SET_WALLPAPER_HINTS":0.00689286999919616,
    "BLUETOOTH_PRIVILEGED":0.006873647900073037,
    "WRITE_CALL_LOG":0.006668320932166953,
    "REAL_GET_TASKS":0.006426297229571271,
    "WRITE_SECURE_SETTINGS":0.0058609927689957965,
    "READ_HISTORY_BOOKMARKS":0.005356849532902986,
    "INJECT_EVENTS":0.005131426734095456,
    "RECEIVE_WAP_PUSH":0.004849211369696881,
    "BLUETOOTH_SCAN":0.004849211369696881,
    "HARDWARE_TEST":0.004596702885761313,
    "UPDATE_DEVICE_STATS":0.004596702885761313,
    "DELETE_PACKAGES":0.0036399665884967935,
    "MANAGE_MEDIA_PROJECTION":0.0036399665884967935,
    "READ_USER_DICTIONARY":0.0036373453931618223,
    "FORCE_BACK":0.0036373453931618223,
    "BIND_ACCESSIBILITY_SERVICE":0.0036373453931618223,
    "CAPTURE_AUDIO_OUTPUT":0.0036373453931618223,
    "BROADCAST_CLOSE_SYSTEM_DIALOGS":0.0036373453931618223,
    "READ_INPUT_STATE":0.003236302506911215,
    "CALL_PRIVILEGED":0.0010441094750968957,
    "MANAGE_DOCUMENTS":0.0009331455392497781,
    "MANAGE_APP_TOKENS":0.0009331455392497781
}