{
    "INTERNET":0.9780033622267448,
    "ACCESS_NETWORK_STATE":0.9707510132908368,
    "ACCESS_WIFI_STATE":0.9483915095324398,
    "WRITE_EXTERNAL_STORAGE":0.921569251233496,
    "READ_PHONE_STATE":0.9196793656506089,
    "READ_EXTERNAL_STORAGE":0.9041566547136292,
    "VIBRATE":0.8873922462000975,
    "CAMERA":0.8849555762560384,
    "REQUEST_INSTALL_PACKAGES":0.8401391417076177,
    "ACCESS_COARSE_LOCATION":0.8393656903749052,
    "CHANGE_WIFI_STATE":0.7900268520829002,
    "WAKE_LOCK":0.7870026374889274,
    "ACCESS_FINE_LOCATION":0.7417418163778814,
    "CHANGE_NETWORK_STATE":0.7136510183610184,
    "GET_TASKS":0.6712503765355939,
    "MOUNT_UNMOUNT_FILESYSTEMS":0.6492050252465247,
    "RECORD_AUDIO":0.6135755621191763,
    "SYSTEM_ALERT_WINDOW":0.6132325792017141,
    "FLASHLIGHT":0.606468359577325,
    "WRITE_SETTINGS":0.5846258155785814,
    "MODIFY_AUDIO_SETTINGS":0.5242031612089297,
    "RECEIVE_BOOT_COMPLETED":0.5186925690017006,
    "BLUETOOTH":0.5167818061977504,
    "ACCESS_LOCATION_EXTRA_COMMANDS":0.4981096173404204,
    "BLUETOOTH_ADMIN":0.4405938674654352,
    "FOREGROUND_SERVICE":0.43668585051313175,
    "CALL_PHONE":0.4166476949062558,
    "READ_LOGS":0.35926416743133605,
    "READ_CONTACTS":0.3253545896582196,
    "ACCESS_BACKGROUND_LOCATION":0.2635093017961367,
    "C2D_MESSAGE":0.24128798535810872,
    "GET_ACCOUNTS":0.23580125283209424,
    "REORDER_TASKS":0.2097564224793984,
    "BROADCAST_STICKY":0.19306955792981456,
    "QUERY_ALL_PACKAGES":0.1892042895730209,
    "RESTART_PACKAGES":0.18078381041097297,
    "DISABLE_KEYGUARD":0.1798771425248115,
    "KILL_BACKGROUND_PROCESSES":0.17471947476888408,
    "MANAGE_ACCOUNTS":0.16068202898752423,
    "USE_CREDENTIALS":0.16041460172724195,
    "WRITE_CONTACTS":0.14332908167069455,
    "NFC":0.09960919830476961,
    "CHANGE_CONFIGURATION":0.0964984923663932,
    "INSTALL_SHORTCUT":0.09380632500265931,
    "USE_FINGERPRINT":0.08746462056644867,
    "EXPAND_STATUS_BAR":0.0860310513867942,
    "INSTALL_PACKAGES":0.0851054945863377,
    "SEND_SMS":0.08106724354073686,
    "UNINSTALL_SHORTCUT":0.07975993184084393,
    "AUTHENTICATE_ACCOUNTS":0.07037313558959753,
    "REQUEST_IGNORE_BATTERY_OPTIMIZATIONS":0.06033815133201635,
    "READ_CALENDAR":0.05383340574083809,
    "INTERACT_ACROSS_USERS_FULL":0.0529346910817482,
    "SET_DEBUG_APP":0.05285814127118413,
    "WRITE_CALENDAR":0.05226562585435053,
    "BLUETOOTH_PRIVILEGED":0.048499772835951735,
    "CHANGE_WIFI_MULTICAST_STATE":0.0465005303808303,
    "PROCESS_OUTGOING_CALLS":0.04507789688839929,
    "BLUETOOTH_CONNECT":0.04393064388332215,
    "MANAGE_DOCUMENTS":0.04334210508002435,
    "RECEIVE_SMS":0.039339643556245696,
    "READ_PRIVILEGED_PHONE_STATE":0.03889625114700444,
    "ACCESS_MOCK_LOCATION":0.037347360174811904,
    "ACCESS_NOTIFICATION_POLICY":0.03586308917257606,
    "READ_PROFILE":0.034234665929667604,
    "WRITE_MEDIA_STORAGE":0.03363618559253031,
    "READ_SMS":0.033180863342681666,
    "READ_HISTORY_BOOKMARKS":0.0317671772307062,
    "SET_ALARM":0.03152858041855844,
    "WRITE_SYNC_SETTINGS":0.02994290577115979,
    "READ_MEDIA_AUDIO":0.027597697938424107,
    "READ_MEDIA_VIDEO":0.027597697938424107,
    "DEVICE_POWER":0.025051671122130734,
    "USE_FULL_SCREEN_INTENT":0.024964185624343223,
    "READ_PHONE_NUMBERS":0.02490652472807418,
    "GET_PACKAGE_SIZE":0.024829974917510107,
    "USE_BIOMETRIC":0.024459155705297133,
    "INTERACT_ACROSS_USERS":0.023093188955751215,
    "MANAGE_EXTERNAL_STORAGE":0.02077084665084636,
    "BATTERY_STATS":0.020334413315292753,
    "CAPTURE_VIDEO_OUTPUT":0.019651429940519792,
    "WRITE_APN_SETTINGS":0.019505289393079286,
    "REAL_GET_TASKS":0.019280610728306814,
    "SET_WALLPAPER":0.016570548603661854,
    "MODIFY_PHONE_STATE":0.014271071826587827,
    "CLEAR_APP_CACHE":0.014183586328800317,
    "WRITE_SMS":0.013260017835111697,
    "CAPTURE_AUDIO_OUTPUT":0.013243117227584566,
    "READ_CALL_LOG":0.012619783055848547,
    "PACKAGE_USAGE_STATS":0.011239898158927342,
    "LOCATION_HARDWARE":0.009393755324934056,
    "READ_SYNC_SETTINGS":0.009255568004565147,
    "SCHEDULE_EXACT_ALARM":0.009140246212027062,
    "GET_TOP_ACTIVITY_INFO":0.008689894729098169,
    "WRITE_SECURE_SETTINGS":0.008285274301830927,
    "LOCAL_MAC_ADDRESS":0.008285274301830927,
    "HARDWARE_TEST":0.008259426313848253,
    "ACCESS_MEDIA_LOCATION":0.007800127450463817,
    "CALL_PRIVILEGED":0.0061021134706789335,
    "INJECT_EVENTS":0.005748194865993091,
    "REQUEST_DELETE_PACKAGES":0.004955854618985741,
    "ACTIVITY_RECOGNITION":0.004733164260981167,
    "BODY_SENSORS":0.0041426371509154635,
    "READ_USER_DICTIONARY":0.0041426371509154635,
    "WRITE_USER_DICTIONARY":0.0041426371509154635,
    "MANAGE_USERS":0.0041426371509154635,
    "SET_WALLPAPER_HINTS":0.0041426371509154635,
    "SET_TIME":0.0041426371509154635,
    "MOUNT_FORMAT_FILESYSTEMS":0.0041426371509154635,
    "READ_FRAME_BUFFER":0.0041426371509154635,
    "MEDIA_CONTENT_CONTROL":0.0041426371509154635,
    "RECOVERY":0.003044097661651824,
    "REBOOT":0.003044097661651824,
    "WRITE_PROFILE":0.0029297700224976894,
    "DELETE_PACKAGES":0.0008062583943826352,
    "MANAGE_FINGERPRINT":0.0007277202770506646
}