{
    "INTERNET":0.9975218041550058,
    "ACCESS_NETWORK_STATE":0.9975218041550058,
    "ACCESS_WIFI_STATE":0.9920163475634134,
    "WRITE_EXTERNAL_STORAGE":0.9900765551656228,
    "READ_EXTERNAL_STORAGE":0.9617929012482788,
    "VIBRATE":0.9271378437208476,
    "CAMERA":0.9249889683562109,
    "WAKE_LOCK":0.9116473427805668,
    "CHANGE_WIFI_STATE":0.9030044570802427,
    "REQUEST_INSTALL_PACKAGES":0.8746325500125869,
    "ACCESS_COARSE_LOCATION":0.8736392578443133,
    "ACCESS_FINE_LOCATION":0.8596271452475087,
    "READ_PHONE_STATE":0.8443445426680288,
    "RECORD_AUDIO":0.816203041476019,
    "SYSTEM_ALERT_WINDOW":0.7859227340707505,
    "CHANGE_NETWORK_STATE":0.7829558882324197,
    "GET_TASKS":0.7733842713932446,
    "WRITE_SETTINGS":0.7448038736617651,
    "MOUNT_UNMOUNT_FILESYSTEMS":0.7351795418536121,
    "MODIFY_AUDIO_SETTINGS":0.6460835443412845,
    "BLUETOOTH":0.6281095168288091,
    "FLASHLIGHT":0.6114326329350094,
    "RECEIVE_BOOT_COMPLETED":0.60494632253861,
    "FOREGROUND_SERVICE":0.5884927368841896,
    "CALL_PHONE":0.5221322908800137,
    "ACCESS_LOCATION_EXTRA_COMMANDS":0.4761849762338407,
    "C2D_MESSAGE":0.4525212858898609,
    "BROADCAST_STICKY":0.4348043178890316,
    "READ_LOGS":0.3964059052611312,
    "QUERY_ALL_PACKAGES":0.3120832778049247,
    "REORDER_TASKS":0.2900632283476224,
    "BLUETOOTH_ADMIN":0.2803607125405355,
    "CHANGE_CONFIGURATION":0.2629552959293973,
    "RESTART_PACKAGES":0.21702101194971324,
    "ACCESS_BACKGROUND_LOCATION":0.21227962625679278,
    "GET_ACCOUNTS":0.1900013326817998,
    "MANAGE_ACCOUNTS":0.17445456295440726,
    "KILL_BACKGROUND_PROCESSES":0.15933839752417311,
    "INSTALL_SHORTCUT":0.15627737550530832,
    "READ_CONTACTS":0.13895428901425952,
    "EXPAND_STATUS_BAR":0.13503028149201116,
    "DISABLE_KEYGUARD":0.13329424133386628,
    "CHANGE_WIFI_MULTICAST_STATE":0.11579227933010515,
    "USE_CREDENTIALS":0.11025128455717935,
    "UNINSTALL_SHORTCUT":0.09947314646172976,
    "USE_FULL_SCREEN_INTENT":0.09835547065878895,
    "RECEIVE_SMS":0.07926909807057284,
    "NFC":0.07363866554129088,
    "AUTHENTICATE_ACCOUNTS":0.07353560481542351,
    "READ_CALENDAR":0.06624080079368601,
    "WRITE_CALENDAR":0.06624080079368601,
    "INTERACT_ACROSS_USERS_FULL":0.06587534982897245,
    "PROCESS_OUTGOING_CALLS":0.06370396694949132,
    "ACCESS_MOCK_LOCATION":0.05623739505130822,
    "GET_PACKAGE_SIZE":0.05335110242400009,
    "USE_FINGERPRINT":0.04593783779781733,
    "SET_DEBUG_APP":0.04380673152384757,
    "STATUS_BAR":0.04337612722668915,
    "STATUS_BAR_SERVICE":0.04337612722668915,
    "READ_SMS":0.0424675343905942,
    "INSTALL_PACKAGES":0.041573156827032685,
    "WRITE_CONTACTS":0.04135341240578677,
    "READ_PRIVILEGED_PHONE_STATE":0.03918736025350566,
    "READ_PHONE_NUMBERS":0.038604534079635114,
    "BATTERY_STATS":0.03212473901648081,
    "MANAGE_EXTERNAL_STORAGE":0.031434113692565095,
    "WRITE_MEDIA_STORAGE":0.030610812491670712,
    "SEND_SMS":0.03022285401211258,
    "CAPTURE_VIDEO_OUTPUT":0.029875764441088037,
    "REQUEST_IGNORE_BATTERY_OPTIMIZATIONS":0.029663719959131068,
    "WRITE_APN_SETTINGS":0.02906549390668264,
    "WRITE_SYNC_SETTINGS":0.024911080508788278,
    "CAPTURE_AUDIO_OUTPUT":0.022054995335613684,
    "ACCESS_NOTIFICATION_POLICY":0.021831104793212194,
    "PACKAGE_USAGE_STATS":0.018644514533635394,
    "SCHEDULE_EXACT_ALARM":0.01760265351753956,
    "MOUNT_FORMAT_FILESYSTEMS":0.016643122621533165,
    "BLUETOOTH_CONNECT":0.01596671257015088,
    "READ_PROFILE":0.014830083070498856,
    "READ_CALL_LOG":0.014743606829253837,
    "ACTIVITY_RECOGNITION":0.014199872654850213,
    "SET_WALLPAPER":0.013471339937512018,
    "READ_SYNC_STATS":0.012566893222572659,
    "READ_HISTORY_BOOKMARKS":0.012239941954303812,
    "MANAGE_DOCUMENTS":0.011870344868434683,
    "BODY_SENSORS":0.011472317237498697,
    "INTERACT_ACROSS_USERS":0.01122591918025261,
    "MEDIA_CONTENT_CONTROL":0.011186827180785681,
    "DEVICE_POWER":0.010124235558911933,
    "GET_TOP_ACTIVITY_INFO":0.009026105755704613,
    "READ_MEDIA_AUDIO":0.00842195667303392,
    "READ_MEDIA_VIDEO":0.00842195667303392,
    "READ_SYNC_SETTINGS":0.007861045710985734,
    "USE_BIOMETRIC":0.007616424562806326,
    "WRITE_SMS":0.007616424562806326,
    "SET_ALARM":0.006190751188307933,
    "CHANGE_COMPONENT_ENABLED_STATE":0.006029052463240189,
    "HARDWARE_TEST":0.005862615313994636,
    "READ_CLIPBOARD_IN_BACKGROUND":0.005549879318259217,
    "INJECT_EVENTS":0.005380480653902533,
    "WRITE_HISTORY_BOOKMARKS":0.005221743443945919,
    "WRITE_SECURE_SETTINGS":0.005221743443945919,
    "LOCAL_MAC_ADDRESS":0.005221743443945919,
    "BIND_JOB_SERVICE":0.005039314113100259,
    "RECEIVE_MMS":0.00451631054447455,
    "BLUETOOTH_PRIVILEGED":0.0043865961826070185,
    "CLEAR_APP_CACHE":0.004122429034694146,
    "REAL_GET_TASKS":0.003839308190070038,
    "CAPTURE_SECURE_VIDEO_OUTPUT":0.003839308190070037,
    "ACCESS_MEDIA_LOCATION":0.0037931085543363957,
    "CALL_PRIVILEGED":0.003526572194334619,
    "RECEIVE_WAP_PUSH":0.0034110731050005154,
    "ANSWER_PHONE_CALLS":0.0034110731050005154,
    "REQUEST_DELETE_PACKAGES":0.0034110731050005154,
    "INSTANT_APP_FOREGROUND_SERVICE":0.003366058075311327,
    "STOP_APP_SWITCHES":0.003189551774687928,
    "UPDATE_APP_OPS_STATS":0.002478195844994297,
    "BIND_ACCESSIBILITY_SERVICE":0.002478195844994297,
    "CLEAR_APP_USER_DATA":0.002478195844994297,
    "BIND_NOTIFICATION_LISTENER_SERVICE":0.002478195844994297,
    "UPDATE_DEVICE_STATS":0.002276812817437399,
    "FORCE_STOP_PACKAGES":0.002199221121525771,
    "LOCATION_HARDWARE":0.0017526246427672385,
    "WRITE_CALL_LOG":0.0009328772600062185,
    "ADD_VOICEMAIL":0.0009328772600062185,
    "USE_SIP":0.0009328772600062185,
    "MODIFY_PHONE_STATE":0.0009328772600062185,
    "READ_FRAME_BUFFER":0.0008073090192942704
}