{
    "INTERNET":0.9910351633511658,
    "ACCESS_NETWORK_STATE":0.9910351633511658,
    "WRITE_EXTERNAL_STORAGE":0.9892617848053362,
    "ACCESS_WIFI_STATE":0.9848572764170332,
    "READ_EXTERNAL_STORAGE":0.9541963775589701,
    "READ_PHONE_STATE":0.892922067803904,
    "WAKE_LOCK":0.8728584042561084,
    "VIBRATE":0.8548960829852118,
    "CAMERA":0.8476007449673889,
    "REQUEST_INSTALL_PACKAGES":0.8356515867656987,
    "CHANGE_WIFI_STATE":0.8196199479116424,
    "ACCESS_COARSE_LOCATION":0.794966276127653,
    "CHANGE_NETWORK_STATE":0.7475109630410096,
    "ACCESS_FINE_LOCATION":0.7338314622582003,
    "GET_TASKS":0.7097417100117975,
    "RECORD_AUDIO":0.6581252643372829,
    "WRITE_SETTINGS":0.6456938065310782,
    "MOUNT_UNMOUNT_FILESYSTEMS":0.6425447611132957,
    "SYSTEM_ALERT_WINDOW":0.6212538305718585,
    "BLUETOOTH":0.5693064531687082,
    "MODIFY_AUDIO_SETTINGS":0.5566850435182642,
    "RECEIVE_BOOT_COMPLETED":0.5302847051665418,
    "FOREGROUND_SERVICE":0.5179749352605529,
    "FLASHLIGHT":0.47270406838266393,
    "ACCESS_LOCATION_EXTRA_COMMANDS":0.4236608765980812,
    "READ_LOGS":0.39153378694229457,
    "CALL_PHONE":0.38458422064093906,
    "BLUETOOTH_ADMIN":0.36897255344250623,
    "READ_CONTACTS":0.2749211625646467,
    "QUERY_ALL_PACKAGES":0.24829228840032355,
    "GET_ACCOUNTS":0.2469774654784783,
    "REORDER_TASKS":0.24673260567926333,
    "BROADCAST_STICKY":0.236757165859124,
    "DISABLE_KEYGUARD":0.22289068122964142,
    "ACCESS_BACKGROUND_LOCATION":0.21568289914002273,
    "KILL_BACKGROUND_PROCESSES":0.20536762359854863,
    "C2D_MESSAGE":0.20352152911234617,
    "RESTART_PACKAGES":0.18920390885279476,
    "MANAGE_ACCOUNTS":0.17841968969585448,
    "REQUEST_IGNORE_BATTERY_OPTIMIZATIONS":0.16060873630083627,
    "CHANGE_CONFIGURATION":0.14013697308768208,
    "READ_PRIVILEGED_PHONE_STATE":0.12369426657070143,
    "USE_FINGERPRINT":0.10179489652818484,
    "INSTALL_SHORTCUT":0.10165540064257148,
    "EXPAND_STATUS_BAR":0.09313427962989071,
    "CHANGE_WIFI_MULTICAST_STATE":0.09212664445615154,
    "BATTERY_STATS":0.08831425158231372,
    "INSTALL_PACKAGES":0.08542342195279401,
    "READ_CALENDAR":0.08484763042494305,
    "READ_SMS":0.07775708423919092,
    "WRITE_CONTACTS":0.07747215647283169,
    "USE_CREDENTIALS":0.07669008911412693,
    "INTERACT_ACROSS_USERS_FULL":0.07431717505991645,
    "RECEIVE_SMS":0.06982214274584295,
    "WRITE_CALENDAR":0.06268262460024783,
    "SEND_SMS":0.061125909876753905,
    "UNINSTALL_SHORTCUT":0.06051895437445742,
    "NFC":0.059426731270080364,
    "BLUETOOTH_CONNECT":0.04823292844899868,
    "READ_PHONE_NUMBERS":0.04685132558191303,
    "ACCESS_NOTIFICATION_POLICY":0.046294826038242656,
    "WRITE_SMS":0.045346550815828335,
    "READ_MEDIA_AUDIO":0.04187844565967456,
    "READ_MEDIA_VIDEO":0.04187844565967456,
    "MANAGE_EXTERNAL_STORAGE":0.04161132587871279,
    "READ_PROFILE":0.04068827863561152,
    "READ_SYNC_SETTINGS":0.04024753099702458,
    "ACTIVITY_RECOGNITION":0.038457828464580665,
    "SET_DEBUG_APP":0.037442773296925906,
    "CAPTURE_VIDEO_OUTPUT":0.03555957884114535,
    "SET_WALLPAPER":0.0355417708557479,
    "USE_BIOMETRIC":0.034069644062891875,
    "PROCESS_OUTGOING_CALLS":0.03274146515199858,
    "INTERACT_ACROSS_USERS":0.03223690556573744,
    "GET_PACKAGE_SIZE":0.03203804972879923,
    "WRITE_SYNC_SETTINGS":0.03018305124989798,
    "MANAGE_DOCUMENTS":0.02725660564958337,
    "SCHEDULE_EXACT_ALARM":0.026821794006128916,
    "USE_FULL_SCREEN_INTENT":0.02539863917311588,
    "AUTHENTICATE_ACCOUNTS":0.025134487389720343,
    "BODY_SENSORS":0.02255678150343917,
    "READ_CALL_LOG":0.022503357547246812,
    "MODIFY_PHONE_STATE":0.022165005824695227,
    "BIND_JOB_SERVICE":0.02093477083348792,
    "DEVICE_POWER":0.01977279978630418,
    "SET_ALARM":0.01973273181915991,
    "WRITE_APN_SETTINGS":0.01860489274398795,
    "MOUNT_FORMAT_FILESYSTEMS":0.018276929012918212,
    "BLUETOOTH_PRIVILEGED":0.01555379124589118,
    "WRITE_MEDIA_STORAGE":0.015150143576882267,
    "PACKAGE_USAGE_STATS":0.015061103649895007,
    "ADD_VOICEMAIL":0.01402082050292719,
    "WRITE_USER_DICTIONARY":0.013908036595409994,
    "HARDWARE_TEST":0.013718084751170506,
    "GET_TOP_ACTIVITY_INFO":0.012381001847578487,
    "ACCESS_MEDIA_LOCATION":0.012355773868265429,
    "BLUETOOTH_SCAN":0.010914811049854941,
    "BLUETOOTH_ADVERTISE":0.010914811049854941,
    "INTERACT_ACROSS_PROFILES":0.008856504737666115,
    "ANSWER_PHONE_CALLS":0.007647045729422502,
    "CAPTURE_AUDIO_OUTPUT":0.007647045729422502,
    "CAPTURE_SECURE_VIDEO_OUTPUT":0.007647045729422502,
    "SET_TIME_ZONE":0.006740322472935573,
    "FORCE_STOP_PACKAGES":0.006740322472935573,
    "MASTER_CLEAR":0.006740322472935573,
    "DELETE_PACKAGES":0.006643862552032708,
    "LOCATION_HARDWARE":0.006177886934132714,
    "ACCESS_MOCK_LOCATION":0.006177886934132714,
    "GET_INTENT_SENDER_INTENT":0.006177886934132714,
    "UPDATE_APP_OPS_STATS":0.006177886934132714,
    "ACCESS_CHECKIN_PROPERTIES":0.006177886934132714,
    "READ_SYNC_STATS":0.005495247493897056,
    "USE_SIP":0.004638980196036239,
    "INJECT_EVENTS":0.0027557857402556933,
    "UPDATE_DEVICE_STATS":0.0026073858619435936,
    "READ_USER_DICTIONARY":0.001584910700373226,
    "CHANGE_COMPONENT_ENABLED_STATE":0.000768711369656677,
    "READ_FRAME_BUFFER":0.000768711369656677
}