{
    "INTERNET":1.0,
    "ACCESS_NETWORK_STATE":0.997943086636395,
    "ACCESS_WIFI_STATE":0.9904209707473272,
    "WRITE_EXTERNAL_STORAGE":0.9406995676321075,
    "READ_EXTERNAL_STORAGE":0.8965808564140599,
    "REQUEST_INSTALL_PACKAGES":0.8716491488322449,
    "VIBRATE":0.7818070807026426,
    "READ_PHONE_STATE":0.7706143604030602,
    "WAKE_LOCK":0.7700743528049633,
    "CAMERA":0.6518045480036897,
    "CHANGE_NETWORK_STATE":0.6453307885739089,
    "CHANGE_WIFI_STATE":0.5959531088879633,
    "RECORD_AUDIO":0.5534272844040009,
    "GET_TASKS":0.49733614342312266,
    "MOUNT_UNMOUNT_FILESYSTEMS":0.46949997286393913,
    "FOREGROUND_SERVICE":0.43893662825406515,
    "ACCESS_COARSE_LOCATION":0.43746133111420593,
    "RECEIVE_BOOT_COMPLETED":0.4151247354234124,
    "SYSTEM_ALERT_WINDOW":0.4112062883296846,
    "ACCESS_FINE_LOCATION":0.39035855780885315,
    "WRITE_SETTINGS":0.37667565171771217,
    "MODIFY_AUDIO_SETTINGS":0.3593483727409225,
    "REORDER_TASKS":0.3288926678365321,
    "FLASHLIGHT":0.3262939378041496,
    "QUERY_ALL_PACKAGES":0.3010583063480288,
    "BLUETOOTH":0.2801174086871572,
    "READ_LOGS":0.23594352081335798,
    "ACCESS_LOCATION_EXTRA_COMMANDS":0.2096577238272698,
    "CALL_PHONE":0.14906561499357768,
    "C2D_MESSAGE":0.1480480127358575,
    "BLUETOOTH_ADMIN":0.13779148651337797,
    "DISABLE_KEYGUARD":0.13708142627132433,
    "GET_ACCOUNTS":0.12554498254246782,
    "BROADCAST_STICKY":0.12453099842610842,
    "CHANGE_WIFI_MULTICAST_STATE":0.11882247589413303,
    "CHANGE_CONFIGURATION":0.11173544150369943,
    "RESTART_PACKAGES":0.10550138393907041,
    "READ_CONTACTS":0.10388045660943965,
    "ACCESS_BACKGROUND_LOCATION":0.10236716898529216,
    "INSTALL_SHORTCUT":0.08811259655914748,
    "KILL_BACKGROUND_PROCESSES":0.08195451996309489,
    "INSTALL_PACKAGES":0.06930007055375646,
    "MANAGE_ACCOUNTS":0.06620294154892624,
    "EXPAND_STATUS_BAR":0.06586916800839401,
    "NFC":0.057787144743745064,
    "SEND_SMS":0.05298044394594492,
    "USE_CREDENTIALS":0.05044503138737625,
    "READ_PRIVILEGED_PHONE_STATE":0.04441992148633243,
    "MANAGE_EXTERNAL_STORAGE":0.04434394051775599,
    "READ_CALENDAR":0.04384915968666891,
    "WRITE_CALENDAR":0.04384915968666891,
    "WRITE_CONTACTS":0.04296000144725651,
    "INTERACT_ACROSS_USERS_FULL":0.04128661106789438,
    "REQUEST_IGNORE_BATTERY_OPTIMIZATIONS":0.03966477920292341,
    "UNINSTALL_SHORTCUT":0.039463067822059765,
    "READ_MEDIA_AUDIO":0.03928306528936082,
    "READ_MEDIA_VIDEO":0.03928306528936082,
    "READ_SMS":0.037688369484595724,
    "SET_WALLPAPER":0.034538777430034154,
    "BATTERY_STATS":0.025477142391953228,
    "PROCESS_OUTGOING_CALLS":0.023736816397416618,
    "USE_FINGERPRINT":0.023258317202453076,
    "AUTHENTICATE_ACCOUNTS":0.02270293250357289,
    "PACKAGE_USAGE_STATS":0.022451471678998476,
    "RECEIVE_SMS":0.021446532916041008,
    "SET_DEBUG_APP":0.020475061960670785,
    "READ_HISTORY_BOOKMARKS":0.019238562150623206,
    "ACCESS_NOTIFICATION_POLICY":0.019062177759285037,
    "DEVICE_POWER":0.01774879244532082,
    "READ_CALL_LOG":0.01710114514174067,
    "USE_FULL_SCREEN_INTENT":0.016326862890533117,
    "ACCESS_MOCK_LOCATION":0.01616856920599886,
    "WRITE_APN_SETTINGS":0.014626336450965123,
    "INTERACT_ACROSS_USERS":0.014507842321399482,
    "WRITE_SECURE_SETTINGS":0.01196428894476906,
    "MOUNT_FORMAT_FILESYSTEMS":0.011464080901640814,
    "READ_PROFILE":0.011197242976283071,
    "WRITE_SMS":0.011186388552200721,
    "WRITE_MEDIA_STORAGE":0.010318034625612812,
    "WRITE_SYNC_SETTINGS":0.009865766955514941,
    "CAPTURE_AUDIO_OUTPUT":0.00947500768855038,
    "START_FOREGROUND_SERVICES_FROM_BACKGROUND":0.009310382256634758,
    "SET_WALLPAPER_HINTS":0.009041735260596623,
    "CAPTURE_VIDEO_OUTPUT":0.007797999167827478,
    "CAPTURE_SECURE_VIDEO_OUTPUT":0.007797999167827478,
    "ACCESS_MEDIA_LOCATION":0.007522115889067778,
    "READ_PHONE_NUMBERS":0.007522115889067778,
    "BODY_SENSORS":0.007056280188866971,
    "GET_TOP_ACTIVITY_INFO":0.00676773341534453,
    "READ_SYNC_STATS":0.006104709010981054,
    "ANSWER_PHONE_CALLS":0.005646109593501812,
    "ACTIVITY_RECOGNITION":0.005379271668144068,
    "READ_PRECISE_PHONE_STATE":0.005379271668144068,
    "REAL_GET_TASKS":0.004985798795158922,
    "READ_SYNC_SETTINGS":0.003761057944533889,
    "REQUEST_DELETE_PACKAGES":0.003761057944533889,
    "BROADCAST_CLOSE_SYSTEM_DIALOGS":0.003664272663132945,
    "SCHEDULE_EXACT_ALARM":0.002153698645006058,
    "WRITE_CALL_LOG":0.002056913363605114,
    "USE_BIOMETRIC":0.002056913363605114,
    "MEDIA_CONTENT_CONTROL":0.001677008520722903,
    "INSTANT_APP_FOREGROUND_SERVICE":0.001677008520722903,
    "BLUETOOTH_CONNECT":0.0016697722380013369,
    "MODIFY_PHONE_STATE":0.0012247408506250326,
    "BLUETOOTH_PRIVILEGED":0.0008882537040722172,
    "UPDATE_DEVICE_STATS":0.0007959910993722515
}