{
    "INTERNET":0.9983687141308998,
    "ACCESS_NETWORK_STATE":0.9983687141308998,
    "ACCESS_WIFI_STATE":0.9971329717076153,
    "WRITE_EXTERNAL_STORAGE":0.9968188896257334,
    "READ_EXTERNAL_STORAGE":0.9883242632819517,
    "REQUEST_INSTALL_PACKAGES":0.9425917947526522,
    "CAMERA":0.93959154625138,
    "READ_PHONE_STATE":0.9380414276618669,
    "VIBRATE":0.9359546051402996,
    "WAKE_LOCK":0.9286977798102267,
    "RECORD_AUDIO":0.8769606970975334,
    "CHANGE_WIFI_STATE":0.8678684913620061,
    "CHANGE_NETWORK_STATE":0.852876365470379,
    "ACCESS_COARSE_LOCATION":0.8447369930169663,
    "GET_TASKS":0.8368161252328766,
    "MODIFY_AUDIO_SETTINGS":0.8297198699559006,
    "ACCESS_FINE_LOCATION":0.8206367808351097,
    "SYSTEM_ALERT_WINDOW":0.754200774324081,
    "WRITE_SETTINGS":0.7361048822412724,
    "BLUETOOTH":0.7222843883854299,
    "FOREGROUND_SERVICE":0.6991917091741057,
    "RECEIVE_BOOT_COMPLETED":0.6364967496327596,
    "MOUNT_UNMOUNT_FILESYSTEMS":0.6136108117169059,
    "FLASHLIGHT":0.48523387792852696,
    "ACCESS_LOCATION_EXTRA_COMMANDS":0.43224340773177,
    "READ_LOGS":0.42991955322705916,
    "C2D_MESSAGE":0.36590268454895375,
    "REORDER_TASKS":0.35626612868836754,
    "BLUETOOTH_ADMIN":0.32971737023895675,
    "DISABLE_KEYGUARD":0.26087340110016827,
    "QUERY_ALL_PACKAGES":0.2576031831689633,
    "BROADCAST_STICKY":0.245935974896959,
    "ACCESS_BACKGROUND_LOCATION":0.22674932397360767,
    "READ_PRIVILEGED_PHONE_STATE":0.18260049964930364,
    "CALL_PHONE":0.17920853079871765,
    "READ_CONTACTS":0.17879357778604413,
    "RESTART_PACKAGES":0.16767660132602563,
    "KILL_BACKGROUND_PROCESSES":0.15211836306771087,
    "INSTALL_SHORTCUT":0.1443066005761107,
    "CHANGE_CONFIGURATION":0.12729764423734324,
    "MANAGE_ACCOUNTS":0.1158380595138487,
    "USE_CREDENTIALS":0.10980315464278267,
    "GET_ACCOUNTS":0.10678937826157878,
    "NFC":0.09942962341028991,
    "INTERACT_ACROSS_USERS":0.09904290249486415,
    "ACCESS_NOTIFICATION_POLICY":0.0903397703495336,
    "INTERACT_ACROSS_USERS_FULL":0.08280709390260185,
    "BLUETOOTH_CONNECT":0.0818804341273117,
    "READ_CALENDAR":0.07963804098653507,
    "EXPAND_STATUS_BAR":0.07943659320929806,
    "CHANGE_WIFI_MULTICAST_STATE":0.07586582107614254,
    "REQUEST_IGNORE_BATTERY_OPTIMIZATIONS":0.0747085991733286,
    "WRITE_CALENDAR":0.07300438038633834,
    "READ_PHONE_NUMBERS":0.07041408546385161,
    "UNINSTALL_SHORTCUT":0.06202856441255891,
    "CAPTURE_VIDEO_OUTPUT":0.05548842263449555,
    "AUTHENTICATE_ACCOUNTS":0.053064579452032426,
    "WRITE_MEDIA_STORAGE":0.04418940796409799,
    "INSTALL_PACKAGES":0.04083214106637908,
    "WRITE_CONTACTS":0.03871355743540788,
    "USE_FINGERPRINT":0.03836506748500521,
    "SCHEDULE_EXACT_ALARM":0.036442049944344385,
    "WRITE_SYNC_SETTINGS":0.03535981954984494,
    "USE_FULL_SCREEN_INTENT":0.03523336328092245,
    "READ_MEDIA_VIDEO":0.035203072593250326,
    "MANAGE_EXTERNAL_STORAGE":0.03352473322873719,
    "SET_DEBUG_APP":0.03315124610889635,
    "READ_SYNC_SETTINGS":0.03249896702873337,
    "READ_MEDIA_AUDIO":0.032479557461875516,
    "WRITE_APN_SETTINGS":0.03136027243973831,
    "GET_TOP_ACTIVITY_INFO":0.030545070631707753,
    "PACKAGE_USAGE_STATS":0.02939784759666907,
    "SET_WALLPAPER":0.027360725329631685,
    "BATTERY_STATS":0.026695212453883784,
    "CAPTURE_AUDIO_OUTPUT":0.023093561464363498,
    "ACCESS_MEDIA_LOCATION":0.02165372450472511,
    "SEND_SMS":0.020369164079949688,
    "PROCESS_OUTGOING_CALLS":0.019351338157296814,
    "DEVICE_POWER":0.01741832174886072,
    "READ_CALL_LOG":0.017206875103848464,
    "GET_PACKAGE_SIZE":0.01625168914696417,
    "OVERRIDE_WIFI_CONFIG":0.016008187308201798,
    "SET_ALARM":0.0156491103213312,
    "ACCESS_MOCK_LOCATION":0.015582353174713976,
    "READ_PROFILE":0.012977059950564368,
    "READ_SMS":0.012261846820286476,
    "RECEIVE_SMS":0.010899354043733238,
    "CLEAR_APP_CACHE":0.0103505926534789,
    "BODY_SENSORS":0.00892722441723507,
    "ACTIVITY_RECOGNITION":0.00879223970226897,
    "READ_HISTORY_BOOKMARKS":0.008777535484952402,
    "MOUNT_FORMAT_FILESYSTEMS":0.008752832399860569,
    "LOCAL_MAC_ADDRESS":0.008506095633288548,
    "USE_BIOMETRIC":0.008237890709434337,
    "CLEAR_APP_USER_DATA":0.007582376701461713,
    "READ_CLIPBOARD_IN_BACKGROUND":0.007279175740394072,
    "REAL_GET_TASKS":0.006960388308970867,
    "STATUS_BAR_SERVICE":0.006930097621298736,
    "BIND_NOTIFICATION_LISTENER_SERVICE":0.006889219897158674,
    "REMOVE_TASKS":0.006756293772616895,
    "STOP_APP_SWITCHES":0.006756293772616895,
    "BIND_JOB_SERVICE":0.006750412085690268,
    "STATUS_BAR":0.006159596633910546,
    "WRITE_SECURE_SETTINGS":0.006083428788210722,
    "MEDIA_CONTENT_CONTROL":0.005527903457990764,
    "WRITE_SMS":0.005523198108449461,
    "INSTALL_LOCATION_PROVIDER":0.005174414073700457,
    "INSTANT_APP_FOREGROUND_SERVICE":0.005174414073700457,
    "MANAGE_DOCUMENTS":0.004960026585224889,
    "REQUEST_DELETE_PACKAGES":0.0046794701188247615,
    "WRITE_CALL_LOG":0.0040936541009326715,
    "READ_SYNC_STATS":0.004033072725588409,
    "CHANGE_COMPONENT_ENABLED_STATE":0.003993077254487343,
    "READ_FRAME_BUFFER":0.0039101454688218965,
    "MANAGE_OWN_CALLS":0.0038322131170440837,
    "ACCESS_CONTENT_PROVIDERS_EXTERNALLY":0.0033502088734069678,
    "SUBSTITUTE_NOTIFICATION_APP_NAME":0.0032746291963998064,
    "SET_WALLPAPER_HINTS":0.0031887565672710457,
    "MODIFY_PHONE_STATE":0.002999072163887312,
    "READ_PRECISE_PHONE_STATE":0.0028579116776482542,
    "GRANT_RUNTIME_PERMISSIONS":0.0027235151313748183,
    "INTERNAL_SYSTEM_WINDOW":0.0026744030455374793,
    "OBSERVE_GRANT_REVOKE_PERMISSIONS":0.0026744030455374793,
    "ACCESS_SURFACE_FLINGER":0.0026744030455374793,
    "READ_VOICEMAIL":0.002645582779597005,
    "MANAGE_USERS":0.0025964706937596665,
    "BIND_WALLPAPER":0.0025964706937596665,
    "ADD_VOICEMAIL":0.0021803413437007776,
    "INJECT_EVENTS":0.002109761100581249,
    "WRITE_HISTORY_BOOKMARKS":0.00210358532930829,
    "MANAGE_MEDIA_PROJECTION":0.001592466735384369,
    "HARDWARE_TEST":0.001342200956656373,
    "DELETE_CACHE_FILES":0.001342200956656373,
    "WRITE_PROFILE":0.0013392601131930594,
    "BLUETOOTH_PRIVILEGED":0.001235742423284417,
    "BROADCAST_WAP_PUSH":0.001235742423284417,
    "READ_USER_DICTIONARY":0.0010945819370453593,
    "DELETE_PACKAGES":0.0008422575678930438,
    "BLUETOOTH_SCAN":0.0008260829288448187,
    "SET_ANIMATION_SCALE":0.0008199071575718598,
    "CAPTURE_SECURE_VIDEO_OUTPUT":0.0007266824197848155,
    "WRITE_USER_DICTIONARY":0.0006293405011491319,
    "READ_SOCIAL_STREAM":0.00046524143589622745,
    "SUBSCRIBED_FEEDS_READ":0.00046524143589622745,
    "SUBSCRIBED_FEEDS_WRITE":0.00046524143589622745,
    "LOCATION_HARDWARE":0.00046524143589622745,
    "SET_TIME_ZONE":0.00046524143589622745,
    "SET_PROCESS_LIMIT":0.00046524143589622745,
    "SET_ALWAYS_FINISH":0.00046524143589622745,
    "UPDATE_APP_OPS_STATS":0.00046524143589622745,
    "MANAGE_FINGERPRINT":0.0004026014701276456,
    "RECEIVE_MMS":0.000261440983888588,
    "ANSWER_PHONE_CALLS":0.000261440983888588,
    "ACCESS_CHECKIN_PROPERTIES":0.000261440983888588
}