{
    "INTERNET":0.9945208958164582,
    "ACCESS_NETWORK_STATE":0.9917528842575362,
    "WRITE_EXTERNAL_STORAGE":0.9671963046476499,
    "ACCESS_WIFI_STATE":0.9573974911885111,
    "READ_EXTERNAL_STORAGE":0.9439182118697872,
    "REQUEST_INSTALL_PACKAGES":0.8234111955165394,
    "CAMERA":0.8225863088071105,
    "READ_PHONE_STATE":0.8102843757525341,
    "VIBRATE":0.7943111714354517,
    "WAKE_LOCK":0.7486135861117797,
    "CHANGE_WIFI_STATE":0.7071568992315945,
    "RECORD_AUDIO":0.6943610849624551,
    "GET_TASKS":0.6533220954924581,
    "CHANGE_NETWORK_STATE":0.6460684340725497,
    "WRITE_SETTINGS":0.5819799032378111,
    "FOREGROUND_SERVICE":0.5615512598787183,
    "MOUNT_UNMOUNT_FILESYSTEMS":0.5597872107532996,
    "MODIFY_AUDIO_SETTINGS":0.546695418025788,
    "SYSTEM_ALERT_WINDOW":0.524525930952954,
    "ACCESS_COARSE_LOCATION":0.5113999868648608,
    "ACCESS_FINE_LOCATION":0.4760892313754674,
    "BLUETOOTH":0.44104730839116385,
    "RECEIVE_BOOT_COMPLETED":0.4192666214234107,
    "READ_LOGS":0.38262221151951625,
    "FLASHLIGHT":0.3774189452483633,
    "ACCESS_LOCATION_EXTRA_COMMANDS":0.27547363120908946,
    "BLUETOOTH_ADMIN":0.22632938549442838,
    "CALL_PHONE":0.20968278640075289,
    "C2D_MESSAGE":0.20326495763917768,
    "QUERY_ALL_PACKAGES":0.2024203682217211,
    "RESTART_PACKAGES":0.19315659274502503,
    "REORDER_TASKS":0.18469975262155475,
    "BROADCAST_STICKY":0.17293329538737712,
    "CHANGE_CONFIGURATION":0.1626830709954245,
    "ACCESS_BACKGROUND_LOCATION":0.1508058407583353,
    "WRITE_CALENDAR":0.14390682808292646,
    "READ_CALENDAR":0.14077935156198687,
    "DISABLE_KEYGUARD":0.1361864314017382,
    "GET_ACCOUNTS":0.12303815757788042,
    "CHANGE_WIFI_MULTICAST_STATE":0.11967643775038855,
    "KILL_BACKGROUND_PROCESSES":0.11052212176273563,
    "INSTALL_SHORTCUT":0.1098903215919788,
    "MANAGE_ACCOUNTS":0.10827776439939574,
    "READ_CONTACTS":0.09639265307909545,
    "USE_CREDENTIALS":0.07880076183804373,
    "INTERACT_ACROSS_USERS_FULL":0.056334420630924496,
    "INSTALL_PACKAGES":0.05224851682392345,
    "ACCESS_NOTIFICATION_POLICY":0.04800718054248122,
    "EXPAND_STATUS_BAR":0.04715733706955056,
    "RECEIVE_SMS":0.04620022329735764,
    "READ_MEDIA_AUDIO":0.046187963834584816,
    "READ_MEDIA_VIDEO":0.046187963834584816,
    "READ_PRIVILEGED_PHONE_STATE":0.04497340134416253,
    "UNINSTALL_SHORTCUT":0.04420806059677313,
    "NFC":0.04027802710216948,
    "READ_SMS":0.038834475360669016,
    "REQUEST_IGNORE_BATTERY_OPTIMIZATIONS":0.03653713960463232,
    "SET_DEBUG_APP":0.035177214912760796,
    "BATTERY_STATS":0.03347752796689945,
    "USE_FINGERPRINT":0.031166619234221416,
    "PROCESS_OUTGOING_CALLS":0.026089450294446023,
    "USE_FULL_SCREEN_INTENT":0.025999693513430674,
    "AUTHENTICATE_ACCOUNTS":0.025988309726570194,
    "CAPTURE_AUDIO_OUTPUT":0.024558330961711065,
    "READ_PHONE_NUMBERS":0.02414019571356641,
    "BLUETOOTH_CONNECT":0.022072287046564068,
    "WRITE_HISTORY_BOOKMARKS":0.021524989601348538,
    "PACKAGE_USAGE_STATS":0.02100527594737188,
    "CHANGE_COMPONENT_ENABLED_STATE":0.020795113728409115,
    "ACCESS_MOCK_LOCATION":0.019343680903697542,
    "READ_FRAME_BUFFER":0.01923465925261061,
    "READ_HISTORY_BOOKMARKS":0.01874384290374133,
    "BLUETOOTH_PRIVILEGED":0.018700496946080256,
    "SCHEDULE_EXACT_ALARM":0.018597167188423566,
    "MANAGE_EXTERNAL_STORAGE":0.017917204842487794,
    "INTERACT_ACROSS_USERS":0.017154491122835437,
    "MANAGE_DOCUMENTS":0.01677269642505309,
    "SET_ALARM":0.016653166663018016,
    "READ_PROFILE":0.016200442216335736,
    "WRITE_CONTACTS":0.015412333895225377,
    "WRITE_MEDIA_STORAGE":0.014880798616432059,
    "REAL_GET_TASKS":0.013868517261761422,
    "BIND_NOTIFICATION_LISTENER_SERVICE":0.013533133387333347,
    "SET_WALLPAPER":0.013262549530418792,
    "CAPTURE_VIDEO_OUTPUT":0.01166487882834563,
    "ACTIVITY_RECOGNITION":0.011601392324700628,
    "MODIFY_PHONE_STATE":0.011600954486744457,
    "GET_PACKAGE_SIZE":0.011359267934937278,
    "WRITE_APN_SETTINGS":0.01098885702401541,
    "READ_CALL_LOG":0.0106302677379102,
    "SEND_SMS":0.009941986470807155,
    "WRITE_SYNC_SETTINGS":0.009585148536526632,
    "DEVICE_POWER":0.008806672650452067,
    "UPDATE_DEVICE_STATS":0.007643337200901946,
    "GET_TOP_ACTIVITY_INFO":0.0069878937805118325,
    "READ_SYNC_SETTINGS":0.006900326189277348,
    "USE_BIOMETRIC":0.00663105584623131,
    "ACCESS_MEDIA_LOCATION":0.006624488276888723,
    "SET_WALLPAPER_HINTS":0.0064388449834716175,
    "REQUEST_DELETE_PACKAGES":0.006046104336784956,
    "CAPTURE_SECURE_VIDEO_OUTPUT":0.005616585301779811,
    "ANSWER_PHONE_CALLS":0.004411217408437138,
    "INTERNAL_SYSTEM_WINDOW":0.004263666017207031,
    "PERSISTENT_ACTIVITY":0.00397775783182644,
    "STATUS_BAR":0.0036655793690755054,
    "STATUS_BAR_SERVICE":0.0036655793690755054,
    "WRITE_SECURE_SETTINGS":0.0035810766435342275,
    "READ_SYNC_STATS":0.0032347468202018432,
    "WRITE_SMS":0.002704962893233215,
    "WRITE_CALL_LOG":0.0025784277238993848,
    "ADD_VOICEMAIL":0.0025784277238993848,
    "WRITE_VOICEMAIL":0.0025784277238993848,
    "READ_VOICEMAIL":0.0025784277238993848,
    "CONTROL_INCALL_EXPERIENCE":0.0025784277238993848,
    "ALLOW_ANY_CODEC_FOR_PLAYBACK":0.0025784277238993848,
    "GET_ACCOUNTS_PRIVILEGED":0.0025784277238993848,
    "DELETE_PACKAGES":0.0025490925808358328,
    "MEDIA_CONTENT_CONTROL":0.0018774491560673392,
    "RECEIVE_WAP_PUSH":0.0018327896845377527,
    "TETHER_PRIVILEGED":0.0018327896845377527,
    "MOUNT_FORMAT_FILESYSTEMS":0.0018327896845377527,
    "INJECT_EVENTS":0.0018327896845377527,
    "STOP_APP_SWITCHES":0.0018327896845377527,
    "LOCAL_MAC_ADDRESS":0.0018327896845377527,
    "SIGNAL_PERSISTENT_PROCESSES":0.0016261301692243701,
    "DUMP":0.0013367192801944001,
    "CLEAR_APP_CACHE":0.0006790866700234243,
    "BODY_SENSORS":0.0005967731342630092
}