{
    "INTERNET":0.9684643651664159,
    "WRITE_EXTERNAL_STORAGE":0.9531346631716583,
    "ACCESS_NETWORK_STATE":0.9515383614359281,
    "ACCESS_WIFI_STATE":0.9400283814516679,
    "READ_EXTERNAL_STORAGE":0.8613981273199356,
    "VIBRATE":0.8145005670093509,
    "REQUEST_INSTALL_PACKAGES":0.8137532300942535,
    "READ_PHONE_STATE":0.8067508195299086,
    "WAKE_LOCK":0.7953982388627586,
    "CAMERA":0.7817862963444934,
    "CHANGE_NETWORK_STATE":0.6919782119685444,
    "CHANGE_WIFI_STATE":0.6880531439584064,
    "MOUNT_UNMOUNT_FILESYSTEMS":0.6751711872494156,
    "ACCESS_FINE_LOCATION":0.6671884392060625,
    "ACCESS_COARSE_LOCATION":0.6668141510661632,
    "GET_TASKS":0.6423515705849177,
    "RECORD_AUDIO":0.5469787386985429,
    "SYSTEM_ALERT_WINDOW":0.526980349872655,
    "WRITE_SETTINGS":0.4962726106597757,
    "RECEIVE_BOOT_COMPLETED":0.4704987823241805,
    "FOREGROUND_SERVICE":0.4318516728325061,
    "MODIFY_AUDIO_SETTINGS":0.4119573906415571,
    "FLASHLIGHT":0.40651162214248976,
    "BLUETOOTH":0.39180036313385763,
    "READ_LOGS":0.3540431174979706,
    "ACCESS_LOCATION_EXTRA_COMMANDS":0.3279929108339065,
    "REORDER_TASKS":0.32629374182793897,
    "CALL_PHONE":0.32426366244662974,
    "C2D_MESSAGE":0.2870009233267027,
    "QUERY_ALL_PACKAGES":0.2849807588630068,
    "BROADCAST_STICKY":0.26327204674883653,
    "BLUETOOTH_ADMIN":0.21535324992408886,
    "READ_CONTACTS":0.201360822442416,
    "ACCESS_BACKGROUND_LOCATION":0.19650127344723092,
    "RESTART_PACKAGES":0.19402502277332637,
    "KILL_BACKGROUND_PROCESSES":0.18403326454859234,
    "GET_ACCOUNTS":0.16087449573348697,
    "CHANGE_CONFIGURATION":0.15578442490379427,
    "DISABLE_KEYGUARD":0.15010565584081595,
    "MANAGE_ACCOUNTS":0.11295817763814268,
    "BATTERY_STATS":0.1017741505704176,
    "USE_CREDENTIALS":0.08814361758162764,
    "USE_FINGERPRINT":0.07390207779492233,
    "EXPAND_STATUS_BAR":0.07176665241397258,
    "CHANGE_WIFI_MULTICAST_STATE":0.06866080447162784,
    "INSTALL_SHORTCUT":0.06637913405588296,
    "REQUEST_IGNORE_BATTERY_OPTIMIZATIONS":0.06480638024948411,
    "NFC":0.060678056428274875,
    "INSTALL_PACKAGES":0.06003854424222144,
    "UNINSTALL_SHORTCUT":0.05450230211993332,
    "WRITE_CONTACTS":0.05320840537140662,
    "READ_PRIVILEGED_PHONE_STATE":0.05303737304257836,
    "AUTHENTICATE_ACCOUNTS":0.04854343663438122,
    "CLEAR_APP_CACHE":0.04392680312072032,
    "READ_CALENDAR":0.04383013267399131,
    "WRITE_CALENDAR":0.04383013267399131,
    "ACCESS_NOTIFICATION_POLICY":0.04002280431051043,
    "SET_DEBUG_APP":0.03920978106622545,
    "READ_PHONE_NUMBERS":0.03901520080806578,
    "BLUETOOTH_CONNECT":0.03821581057549899,
    "RECEIVE_SMS":0.035801528136677134,
    "USE_FULL_SCREEN_INTENT":0.03214416290209638,
    "SET_WALLPAPER":0.03174756619756713,
    "READ_SMS":0.029991386415323503,
    "READ_MEDIA_AUDIO":0.02857231383192975,
    "READ_MEDIA_VIDEO":0.02857231383192975,
    "MANAGE_EXTERNAL_STORAGE":0.02792288672826309,
    "PROCESS_OUTGOING_CALLS":0.027501502729700755,
    "INTERACT_ACROSS_USERS_FULL":0.02705285270770203,
    "WRITE_SYNC_SETTINGS":0.027035501601878873,
    "PACKAGE_USAGE_STATS":0.025860583864710948,
    "GET_PACKAGE_SIZE":0.025755237865070363,
    "READ_HISTORY_BOOKMARKS":0.025202481208132708,
    "SEND_SMS":0.024694341680454597,
    "USE_BIOMETRIC":0.020660209576571047,
    "READ_CALL_LOG":0.01985462252049599,
    "WRITE_MEDIA_STORAGE":0.01974927652085541,
    "WRITE_SMS":0.018889157417907577,
    "SCHEDULE_EXACT_ALARM":0.01767829810439169,
    "READ_PROFILE":0.015941948157374528,
    "LOCAL_MAC_ADDRESS":0.014904599902090185,
    "WRITE_USER_DICTIONARY":0.014826519925885987,
    "DEVICE_POWER":0.013568564753707248,
    "READ_USER_DICTIONARY":0.013315734354569847,
    "WRITE_APN_SETTINGS":0.012041667441269605,
    "ACCESS_MEDIA_LOCATION":0.011745459277574314,
    "GET_TOP_ACTIVITY_INFO":0.011519894901873298,
    "READ_SYNC_SETTINGS":0.011386043514094673,
    "MODIFY_PHONE_STATE":0.010905170009852949,
    "CAPTURE_VIDEO_OUTPUT":0.01086798906880333,
    "BLUETOOTH_SCAN":0.01031647177656733,
    "BLUETOOTH_ADVERTISE":0.01031647177656733,
    "CAPTURE_AUDIO_OUTPUT":0.00977734813134787,
    "CAPTURE_SECURE_VIDEO_OUTPUT":0.00977734813134787,
    "UPDATE_APP_OPS_STATS":0.009745124649104868,
    "MANAGE_USERS":0.007737353832425497,
    "INTERACT_ACROSS_USERS":0.007456018045150056,
    "ACTIVITY_RECOGNITION":0.006588462753992302,
    "MANAGE_DOCUMENTS":0.006288536496192051,
    "SET_ALARM":0.005805184262547018,
    "REQUEST_PASSWORD_COMPLEXITY":0.005627955110210505,
    "REQUEST_DELETE_PACKAGES":0.005627955110210505,
    "RECEIVE_WAP_PUSH":0.005156996523582012,
    "RECEIVE_MMS":0.005156996523582012,
    "BLUETOOTH_PRIVILEGED":0.005156996523582012,
    "SET_WALLPAPER_HINTS":0.005156996523582012,
    "GRANT_RUNTIME_PERMISSIONS":0.005156996523582012,
    "READ_SYNC_STATS":0.004963655630123997,
    "ACCESS_SURFACE_FLINGER":0.003646210952265868,
    "READ_FRAME_BUFFER":0.003646210952265868,
    "STOP_APP_SWITCHES":0.002820794060964349,
    "MOUNT_FORMAT_FILESYSTEMS":0.002776176931704808,
    "DELETE_PACKAGES":0.001349668160101132,
    "RECOVERY":0.0012653913603886645,
    "REBOOT":0.0012653913603886645,
    "MEDIA_CONTENT_CONTROL":0.0009282841615387951
}