{
    "WRITE_EXTERNAL_STORAGE":0.9907069488726984,
    "INTERNET":0.9907069488726984,
    "ACCESS_NETWORK_STATE":0.9907069488726984,
    "ACCESS_WIFI_STATE":0.984560852708022,
    "READ_EXTERNAL_STORAGE":0.9751111189945114,
    "READ_PHONE_STATE":0.8906355548263408,
    "VIBRATE":0.8789745272546403,
    "REQUEST_INSTALL_PACKAGES":0.8668360612362846,
    "CHANGE_WIFI_STATE":0.8454932323469723,
    "WAKE_LOCK":0.8301841611642994,
    "CAMERA":0.8243972524378184,
    "ACCESS_COARSE_LOCATION":0.7640848037107165,
    "ACCESS_FINE_LOCATION":0.730114245255548,
    "CHANGE_NETWORK_STATE":0.7161162821291689,
    "MOUNT_UNMOUNT_FILESYSTEMS":0.6386293525609477,
    "GET_TASKS":0.6384061537824804,
    "WRITE_SETTINGS":0.593702838172017,
    "SYSTEM_ALERT_WINDOW":0.5777153018283085,
    "RECORD_AUDIO":0.5532033459122847,
    "BLUETOOTH":0.548446699097006,
    "RECEIVE_BOOT_COMPLETED":0.49574518090187153,
    "MODIFY_AUDIO_SETTINGS":0.49456119267967175,
    "FOREGROUND_SERVICE":0.4697063088391155,
    "ACCESS_LOCATION_EXTRA_COMMANDS":0.44285741736841294,
    "FLASHLIGHT":0.4410393081133499,
    "BLUETOOTH_ADMIN":0.4130507725486201,
    "CALL_PHONE":0.34560926614902326,
    "READ_LOGS":0.3188298471457905,
    "REORDER_TASKS":0.31784984191318333,
    "QUERY_ALL_PACKAGES":0.25838436603417175,
    "C2D_MESSAGE":0.2452052911413737,
    "ACCESS_BACKGROUND_LOCATION":0.22080271740817461,
    "READ_CONTACTS":0.14451455743821026,
    "CHANGE_WIFI_MULTICAST_STATE":0.13423854480309,
    "RESTART_PACKAGES":0.13345513187204666,
    "GET_ACCOUNTS":0.1316680635067042,
    "CHANGE_CONFIGURATION":0.1275130186969627,
    "BROADCAST_STICKY":0.1272351288270831,
    "KILL_BACKGROUND_PROCESSES":0.12481837384169453,
    "INSTALL_SHORTCUT":0.11313517420590759,
    "MANAGE_ACCOUNTS":0.10268030692049253,
    "READ_PRIVILEGED_PHONE_STATE":0.09345820639826649,
    "REQUEST_IGNORE_BATTERY_OPTIMIZATIONS":0.08642079325732756,
    "DISABLE_KEYGUARD":0.08158137073612735,
    "INTERACT_ACROSS_USERS_FULL":0.0770922668274881,
    "USE_CREDENTIALS":0.07356395236258129,
    "UNINSTALL_SHORTCUT":0.07131866133945879,
    "NFC":0.07123736377114295,
    "READ_PHONE_NUMBERS":0.06867575130039161,
    "SET_WALLPAPER":0.055378425399134144,
    "WRITE_CONTACTS":0.054207740415386264,
    "INSTALL_PACKAGES":0.04948213448982823,
    "RECEIVE_SMS":0.048988436529510314,
    "READ_CALENDAR":0.047105289219794656,
    "WRITE_CALENDAR":0.047105289219794656,
    "READ_SMS":0.04395833425716937,
    "PACKAGE_USAGE_STATS":0.04064730602030668,
    "USE_FULL_SCREEN_INTENT":0.040054572840404035,
    "EXPAND_STATUS_BAR":0.03548417136344894,
    "USE_FINGERPRINT":0.03443173738816044,
    "SET_DEBUG_APP":0.03430609569167234,
    "BLUETOOTH_CONNECT":0.03302011597467657,
    "AUTHENTICATE_ACCOUNTS":0.03237564797857294,
    "SEND_SMS":0.03221157470433555,
    "BATTERY_STATS":0.03201793867798331,
    "PROCESS_OUTGOING_CALLS":0.031757786459372675,
    "MANAGE_EXTERNAL_STORAGE":0.031202006719613578,
    "CAPTURE_VIDEO_OUTPUT":0.028616744047170347,
    "ACCESS_NOTIFICATION_POLICY":0.027710645694850336,
    "SET_ALARM":0.026325630758269828,
    "ACCESS_MOCK_LOCATION":0.02618225141051283,
    "WRITE_SYNC_SETTINGS":0.024117293175290877,
    "READ_MEDIA_AUDIO":0.023734455535403633,
    "READ_MEDIA_VIDEO":0.023734455535403633,
    "WRITE_SMS":0.02357925108680069,
    "INTERACT_ACROSS_USERS":0.022627330468702668,
    "GET_TOP_ACTIVITY_INFO":0.022315443433891052,
    "DEVICE_POWER":0.021379782329456195,
    "OVERRIDE_WIFI_CONFIG":0.020117452814152295,
    "READ_HISTORY_BOOKMARKS":0.019440465790722335,
    "UPDATE_APP_OPS_STATS":0.019415337451424715,
    "REQUEST_DELETE_PACKAGES":0.018677746786159324,
    "BLUETOOTH_SCAN":0.018048060166113118,
    "BLUETOOTH_ADVERTISE":0.018048060166113118,
    "READ_SYNC_SETTINGS":0.016204822571752507,
    "WRITE_APN_SETTINGS":0.01608361528808164,
    "CALL_PRIVILEGED":0.015372631099719609,
    "READ_CALL_LOG":0.014574436792618783,
    "USE_BIOMETRIC":0.014296546922739234,
    "WRITE_MEDIA_STORAGE":0.013585562734377202,
    "BODY_SENSORS":0.012855362757140523,
    "MOUNT_FORMAT_FILESYSTEMS":0.012267063990055099,
    "SCHEDULE_EXACT_ALARM":0.0119034421390425,
    "WRITE_SECURE_SETTINGS":0.010732757155294622,
    "ANSWER_PHONE_CALLS":0.010162196039478107,
    "HARDWARE_TEST":0.010058726407076148,
    "STOP_APP_SWITCHES":0.008675189608101382,
    "CAPTURE_AUDIO_OUTPUT":0.008613107828660206,
    "SET_WALLPAPER_HINTS":0.008459381517663012,
    "WRITE_CALL_LOG":0.008428340627942425,
    "ACTIVITY_RECOGNITION":0.007435032156883618,
    "MANAGE_FINGERPRINT":0.007148273461369617,
    "READ_PROFILE":0.006998981563189649,
    "BIND_ACCESSIBILITY_SERVICE":0.006709266592464164,
    "OBSERVE_GRANT_REVOKE_PERMISSIONS":0.006709266592464164,
    "LOCAL_MAC_ADDRESS":0.006146096164676359,
    "REAL_GET_TASKS":0.006047060945091626,
    "INSTALL_LOCATION_PROVIDER":0.004345724560882273,
    "GET_PACKAGE_SIZE":0.004345724560882273,
    "UPDATE_DEVICE_STATS":0.004345724560882273,
    "ADD_VOICEMAIL":0.004016099874801748,
    "USE_SIP":0.004016099874801748,
    "CAPTURE_SECURE_VIDEO_OUTPUT":0.003995405948321356,
    "READ_CLIPBOARD_IN_BACKGROUND":0.0033612849154579217,
    "MANAGE_DOCUMENTS":0.002880890193591684,
    "ACCESS_MEDIA_LOCATION":0.0027404671210461687,
    "MODIFY_PHONE_STATE":0.0023132853529866525
}