{
    "INTERNET":1.0,
    "ACCESS_NETWORK_STATE":1.0,
    "ACCESS_WIFI_STATE":1.0,
    "WRITE_EXTERNAL_STORAGE":0.9870885145362529,
    "READ_EXTERNAL_STORAGE":0.9812882693885423,
    "CAMERA":0.9336535814067899,
    "VIBRATE":0.8519945156236239,
    "READ_PHONE_STATE":0.851263544970069,
    "REQUEST_INSTALL_PACKAGES":0.8473081970741603,
    "WAKE_LOCK":0.8055646014532757,
    "CHANGE_NETWORK_STATE":0.6870718825079977,
    "GET_TASKS":0.6816615815521453,
    "ACCESS_COARSE_LOCATION":0.6747935322374826,
    "CHANGE_WIFI_STATE":0.6325495781195181,
    "RECORD_AUDIO":0.5778288075115268,
    "ACCESS_FINE_LOCATION":0.5734024517566352,
    "SYSTEM_ALERT_WINDOW":0.5246803925158664,
    "RECEIVE_BOOT_COMPLETED":0.5163993196242556,
    "MOUNT_UNMOUNT_FILESYSTEMS":0.5045724101206588,
    "FOREGROUND_SERVICE":0.5015367155517847,
    "WRITE_SETTINGS":0.49179649665193054,
    "MODIFY_AUDIO_SETTINGS":0.46742847878438026,
    "FLASHLIGHT":0.46062332369421083,
    "BLUETOOTH":0.4458934963178925,
    "REORDER_TASKS":0.3424227134804684,
    "ACCESS_LOCATION_EXTRA_COMMANDS":0.3414415635783737,
    "READ_LOGS":0.33514655053131637,
    "QUERY_ALL_PACKAGES":0.2902596413352023,
    "C2D_MESSAGE":0.2835704911479872,
    "CALL_PHONE":0.23840684736410292,
    "BLUETOOTH_ADMIN":0.23117401154737952,
    "ACCESS_BACKGROUND_LOCATION":0.21135953553314032,
    "NFC":0.17826319695536041,
    "RESTART_PACKAGES":0.17357408310703054,
    "BROADCAST_STICKY":0.16751387516474786,
    "READ_CONTACTS":0.15537668748698436,
    "INSTALL_SHORTCUT":0.1552019813078364,
    "CHANGE_CONFIGURATION":0.14644151466064367,
    "GET_ACCOUNTS":0.13818979240712964,
    "MANAGE_ACCOUNTS":0.13274035726714806,
    "DISABLE_KEYGUARD":0.13052648056498575,
    "READ_MEDIA_AUDIO":0.125091021919336,
    "READ_MEDIA_VIDEO":0.125091021919336,
    "READ_CALENDAR":0.11868559456705707,
    "WRITE_CALENDAR":0.11868559456705707,
    "UNINSTALL_SHORTCUT":0.10757707687211643,
    "USE_CREDENTIALS":0.09488362471994595,
    "INTERACT_ACROSS_USERS_FULL":0.0865494411498741,
    "CHANGE_WIFI_MULTICAST_STATE":0.0766149489788074,
    "READ_PHONE_NUMBERS":0.07012706030997065,
    "READ_PRIVILEGED_PHONE_STATE":0.06511229414370909,
    "EXPAND_STATUS_BAR":0.06431563396679464,
    "WRITE_CONTACTS":0.05291640518975185,
    "USE_FINGERPRINT":0.05079617099961284,
    "SET_DEBUG_APP":0.050287426605934125,
    "BATTERY_STATS":0.03848427714270139,
    "READ_SMS":0.034783301443632085,
    "KILL_BACKGROUND_PROCESSES":0.029772728225670057,
    "PROCESS_OUTGOING_CALLS":0.028825121909971798,
    "CLEAR_APP_CACHE":0.028390452936251802,
    "AUTHENTICATE_ACCOUNTS":0.02708784366452499,
    "GET_PACKAGE_SIZE":0.026984417606469427,
    "PACKAGE_USAGE_STATS":0.026763588996026474,
    "BLUETOOTH_CONNECT":0.026109489061296703,
    "REQUEST_IGNORE_BATTERY_OPTIMIZATIONS":0.023660807254359612,
    "INTERACT_ACROSS_USERS":0.02270481504206225,
    "WRITE_MEDIA_STORAGE":0.021502836529524637,
    "WRITE_APN_SETTINGS":0.021277814970782134,
    "SET_WALLPAPER":0.019145001935744456,
    "INSTALL_PACKAGES":0.018873857945706903,
    "READ_PROFILE":0.013423025156292144,
    "WRITE_SYNC_SETTINGS":0.013077805746295875,
    "RECEIVE_SMS":0.012829024147189253,
    "USE_FULL_SCREEN_INTENT":0.01234124449500829,
    "SCHEDULE_EXACT_ALARM":0.011880020182057811,
    "MANAGE_DOCUMENTS":0.011386649932144116,
    "MOUNT_FORMAT_FILESYSTEMS":0.011386649932144116,
    "STATUS_BAR":0.00990234623410348,
    "STATUS_BAR_SERVICE":0.00990234623410348,
    "READ_CALL_LOG":0.009868802647707082,
    "WRITE_CALL_LOG":0.009868802647707082,
    "ADD_VOICEMAIL":0.009868802647707082,
    "USE_SIP":0.009868802647707082,
    "ANSWER_PHONE_CALLS":0.009868802647707082,
    "WRITE_SECURE_SETTINGS":0.009868802647707082,
    "ACCESS_NOTIFICATION_POLICY":0.009866007348840716,
    "READ_HISTORY_BOOKMARKS":0.009504016145646249,
    "ACCESS_MEDIA_LOCATION":0.007831029774125873,
    "USE_BIOMETRIC":0.007758352003600343,
    "BIND_REMOTEVIEWS":0.007758352003600343,
    "SET_ALARM":0.006893207004459896,
    "SEND_SMS":0.006004301964955335,
    "FORCE_STOP_PACKAGES":0.005962372481959838,
    "MEDIA_CONTENT_CONTROL":0.005800245147710578,
    "DEVICE_POWER":0.005800245147710578,
    "LOCAL_MAC_ADDRESS":0.005800245147710578,
    "MANAGE_EXTERNAL_STORAGE":0.005659082554959068,
    "BODY_SENSORS":0.005659082554959068,
    "REAL_GET_TASKS":0.004506021772582869,
    "CAPTURE_VIDEO_OUTPUT":0.0018896220336637834,
    "SET_WALLPAPER_HINTS":0.0010202840862237885
}