{
    "INTERNET":0.9834344166902624,
    "ACCESS_NETWORK_STATE":0.9834344166902624,
    "WRITE_EXTERNAL_STORAGE":0.9781199614072122,
    "ACCESS_WIFI_STATE":0.974457884943338,
    "READ_EXTERNAL_STORAGE":0.9639325791767306,
    "VIBRATE":0.9378889227043442,
    "CAMERA":0.9226042714610572,
    "READ_PHONE_STATE":0.9211838261134719,
    "REQUEST_INSTALL_PACKAGES":0.8733755091204596,
    "WAKE_LOCK":0.87013373849089,
    "GET_TASKS":0.8619695625581674,
    "CHANGE_WIFI_STATE":0.8069742512640081,
    "CHANGE_NETWORK_STATE":0.8027764908936681,
    "SYSTEM_ALERT_WINDOW":0.7391119302692611,
    "RECORD_AUDIO":0.7370757427610567,
    "WRITE_SETTINGS":0.7298563719600678,
    "MOUNT_UNMOUNT_FILESYSTEMS":0.6940002813812172,
    "ACCESS_COARSE_LOCATION":0.6497051089528093,
    "ACCESS_FINE_LOCATION":0.6402240924719934,
    "FOREGROUND_SERVICE":0.5936048760186093,
    "RECEIVE_BOOT_COMPLETED":0.5866250913164467,
    "MODIFY_AUDIO_SETTINGS":0.5623327091536612,
    "FLASHLIGHT":0.5039584686033314,
    "READ_LOGS":0.4738695156416764,
    "BLUETOOTH":0.4659478691259469,
    "USE_FINGERPRINT":0.41384996023577225,
    "RESTART_PACKAGES":0.4068277917519992,
    "ACCESS_LOCATION_EXTRA_COMMANDS":0.3673873283088935,
    "CALL_PHONE":0.36010850248092313,
    "REORDER_TASKS":0.29742053482445796,
    "C2D_MESSAGE":0.2967900760730017,
    "INSTALL_SHORTCUT":0.23371712240024095,
    "BROADCAST_STICKY":0.23120058536711746,
    "READ_CALENDAR":0.2217460587498083,
    "WRITE_CALENDAR":0.2217460587498083,
    "DISABLE_KEYGUARD":0.21994886867679636,
    "KILL_BACKGROUND_PROCESSES":0.21873563292819573,
    "BLUETOOTH_ADMIN":0.21411344607811714,
    "GET_ACCOUNTS":0.21251875629502204,
    "ACCESS_BACKGROUND_LOCATION":0.18031767821644362,
    "READ_CONTACTS":0.16248117012202432,
    "UNINSTALL_SHORTCUT":0.15929061322856714,
    "CHANGE_CONFIGURATION":0.1526487214520215,
    "READ_PRIVILEGED_PHONE_STATE":0.13138913432892071,
    "QUERY_ALL_PACKAGES":0.12434812860887613,
    "MANAGE_ACCOUNTS":0.1206619169360295,
    "USE_CREDENTIALS":0.1144544589209915,
    "USE_BIOMETRIC":0.11115146727353979,
    "SET_DEBUG_APP":0.08324410173755857,
    "NFC":0.08197258828924353,
    "INTERACT_ACROSS_USERS_FULL":0.07425520805433143,
    "CHANGE_WIFI_MULTICAST_STATE":0.06593680224963704,
    "WRITE_CONTACTS":0.06205986355954312,
    "REQUEST_IGNORE_BATTERY_OPTIMIZATIONS":0.0568766802667589,
    "SEND_SMS":0.05546035556460796,
    "RECEIVE_SMS":0.0554144398011966,
    "EXPAND_STATUS_BAR":0.0517040929193773,
    "READ_SMS":0.04961374835689271,
    "READ_PHONE_NUMBERS":0.04505749183376381,
    "BATTERY_STATS":0.04386250465780106,
    "MANAGE_EXTERNAL_STORAGE":0.03890536820027284,
    "CLEAR_APP_CACHE":0.03879705409171267,
    "BLUETOOTH_CONNECT":0.029450252919330174,
    "DEVICE_POWER":0.02924775262941333,
    "PROCESS_OUTGOING_CALLS":0.029064089575767824,
    "DELETE_CACHE_FILES":0.027903244890546866,
    "READ_PROFILE":0.027797874100154094,
    "READ_SOCIAL_STREAM":0.027416420065659575,
    "READ_CALL_LOG":0.025224825358216574,
    "READ_MEDIA_AUDIO":0.02366898737493108,
    "READ_MEDIA_VIDEO":0.02366898737493108,
    "AUTHENTICATE_ACCOUNTS":0.022026615837524157,
    "ACTIVITY_RECOGNITION":0.02190299647449353,
    "SCHEDULE_EXACT_ALARM":0.02165693507569923,
    "INTERACT_ACROSS_USERS":0.02160748733048698,
    "WRITE_SYNC_SETTINGS":0.02073155584386995,
    "REAL_GET_TASKS":0.018249749965121707,
    "ACCESS_SURFACE_FLINGER":0.017470947978028745,
    "MANAGE_FINGERPRINT":0.017378527787572512,
    "WRITE_SMS":0.01726373837904407,
    "PACKAGE_USAGE_STATS":0.017081252652665524,
    "WRITE_SECURE_SETTINGS":0.017058294770959832,
    "ADD_VOICEMAIL":0.0170112016802815,
    "WRITE_APN_SETTINGS":0.01627890412023339,
    "BODY_SENSORS":0.01557074176915793,
    "INSTALL_PACKAGES":0.015009156662818789,
    "WRITE_MEDIA_STORAGE":0.013897171059176608,
    "READ_SYNC_SETTINGS":0.013652875651282745,
    "READ_HISTORY_BOOKMARKS":0.013407402916121924,
    "GET_PACKAGE_SIZE":0.01325964834411865,
    "ACCESS_MOCK_LOCATION":0.011072762945743476,
    "SET_WALLPAPER":0.010979165428020287,
    "GET_TOP_ACTIVITY_INFO":0.010468205394160353,
    "OVERRIDE_WIFI_CONFIG":0.009790653552025812,
    "SET_ALARM":0.009639366998221661,
    "UPDATE_DEVICE_STATS":0.009541060171430638,
    "MANAGE_DOCUMENTS":0.009501619707987533,
    "ACCESS_MEDIA_LOCATION":0.009226125127519273,
    "LOCATION_HARDWARE":0.009138414246130874,
    "ACCESS_NOTIFICATION_POLICY":0.008323703777395683,
    "CAPTURE_VIDEO_OUTPUT":0.007769182634658289,
    "BLUETOOTH_PRIVILEGED":0.005990241134284191,
    "SUBSTITUTE_NOTIFICATION_APP_NAME":0.0056023117998214075,
    "INSTANT_APP_FOREGROUND_SERVICE":0.0056023117998214075,
    "USE_FULL_SCREEN_INTENT":0.005386860909968026,
    "WRITE_CALL_LOG":0.0053444771283575245,
    "READ_CELL_BROADCASTS":0.0051855379473181445,
    "WRITE_PROFILE":0.0051855379473181445,
    "WRITE_SOCIAL_STREAM":0.0051855379473181445,
    "READ_USER_DICTIONARY":0.0051855379473181445,
    "WRITE_USER_DICTIONARY":0.0051855379473181445,
    "WRITE_HISTORY_BOOKMARKS":0.0051855379473181445,
    "SUBSCRIBED_FEEDS_READ":0.0051855379473181445,
    "SUBSCRIBED_FEEDS_WRITE":0.0051855379473181445,
    "TRANSMIT_IR":0.0051855379473181445,
    "SET_WALLPAPER_HINTS":0.0051855379473181445,
    "SET_TIME_ZONE":0.0051855379473181445,
    "READ_SYNC_STATS":0.0051855379473181445,
    "PERSISTENT_ACTIVITY":0.0051855379473181445,
    "READ_INSTALL_SESSIONS":0.0051855379473181445,
    "BIND_ACCESSIBILITY_SERVICE":0.005156693429277664,
    "MOUNT_FORMAT_FILESYSTEMS":0.005091351765961475,
    "SIGNAL_PERSISTENT_PROCESSES":0.005091351765961475,
    "STATUS_BAR":0.004915341339551198,
    "STATUS_BAR_SERVICE":0.004915341339551198,
    "TETHER_PRIVILEGED":0.004895326776012906,
    "READ_PRECISE_PHONE_STATE":0.004392019369388202,
    "STOP_APP_SWITCHES":0.004392019369388202,
    "SET_PROCESS_LIMIT":0.00401115399852717,
    "SET_PREFERRED_APPLICATIONS":0.0035143218918707365,
    "BIND_VOICE_INTERACTION":0.0035143218918707365,
    "REQUEST_DELETE_PACKAGES":0.0029539141127985524,
    "HARDWARE_TEST":0.002457670669775599,
    "SET_ACTIVITY_WATCHER":0.002457670669775599,
    "DELETE_PACKAGES":0.002457670669775599,
    "CAPTURE_AUDIO_OUTPUT":0.002457670669775599,
    "BROADCAST_PACKAGE_REMOVED":0.002457670669775599,
    "INJECT_EVENTS":0.001244434921174998,
    "MANAGE_USERS":0.0004962434430229533
}