{
    "INTERNET":0.9884172902937562,
    "ACCESS_NETWORK_STATE":0.9669496258237462,
    "WRITE_EXTERNAL_STORAGE":0.9555707584050039,
    "ACCESS_WIFI_STATE":0.9341030939349939,
    "READ_EXTERNAL_STORAGE":0.9324053389925165,
    "READ_PHONE_STATE":0.8600078186082876,
    "VIBRATE":0.8284513570870099,
    "WAKE_LOCK":0.8049564391823969,
    "REQUEST_INSTALL_PACKAGES":0.7962442756617893,
    "CAMERA":0.796202390260248,
    "ACCESS_COARSE_LOCATION":0.7257232212666144,
    "GET_TASKS":0.65579973193343,
    "CHANGE_WIFI_STATE":0.6342566737406455,
    "ACCESS_FINE_LOCATION":0.630995197140623,
    "CHANGE_NETWORK_STATE":0.5827878923265943,
    "WRITE_SETTINGS":0.5427622026136492,
    "RECORD_AUDIO":0.5394672176923937,
    "RECEIVE_BOOT_COMPLETED":0.512180274768234,
    "MOUNT_UNMOUNT_FILESYSTEMS":0.4902379090807549,
    "SYSTEM_ALERT_WINDOW":0.48307550541717864,
    "FOREGROUND_SERVICE":0.4805288730034626,
    "BLUETOOTH":0.47518429576678206,
    "MODIFY_AUDIO_SETTINGS":0.40800569641460965,
    "READ_LOGS":0.40705908633977433,
    "ACCESS_LOCATION_EXTRA_COMMANDS":0.35534457723668045,
    "CALL_PHONE":0.3272338880822071,
    "BLUETOOTH_ADMIN":0.30795543393276004,
    "FLASHLIGHT":0.2957304814028817,
    "QUERY_ALL_PACKAGES":0.27879481737964934,
    "REORDER_TASKS":0.2591784876577684,
    "C2D_MESSAGE":0.2459790014520273,
    "READ_CONTACTS":0.2431698871886519,
    "CHANGE_CONFIGURATION":0.21981458728917685,
    "RESTART_PACKAGES":0.2029403551882051,
    "DISABLE_KEYGUARD":0.1831983692617,
    "KILL_BACKGROUND_PROCESSES":0.173101195130124,
    "ACCESS_BACKGROUND_LOCATION":0.16588852898469789,
    "GET_ACCOUNTS":0.16263542946498385,
    "MANAGE_ACCOUNTS":0.133904836367698,
    "WRITE_CALENDAR":0.1290265832681783,
    "REQUEST_IGNORE_BATTERY_OPTIMIZATIONS":0.12567575114486768,
    "READ_CALENDAR":0.11744387356193457,
    "READ_CALL_LOG":0.10805875125656207,
    "WRITE_CONTACTS":0.1074332625935441,
    "EXPAND_STATUS_BAR":0.10476655869540939,
    "USE_FINGERPRINT":0.10306601139282925,
    "READ_PRIVILEGED_PHONE_STATE":0.09890818719982132,
    "INSTALL_SHORTCUT":0.09155590304925725,
    "BROADCAST_STICKY":0.0886965263040322,
    "NFC":0.08664693398860719,
    "CHANGE_WIFI_MULTICAST_STATE":0.0789707360661231,
    "AUTHENTICATE_ACCOUNTS":0.07614207528202839,
    "WRITE_SYNC_SETTINGS":0.06912208198369264,
    "SEND_SMS":0.06539986596671508,
    "USE_FULL_SCREEN_INTENT":0.06536915000558473,
    "MANAGE_EXTERNAL_STORAGE":0.0632078632860494,
    "USE_CREDENTIALS":0.062236121970289306,
    "READ_SMS":0.057863286049368946,
    "INTERACT_ACROSS_USERS_FULL":0.055925388138054304,
    "ACCESS_NOTIFICATION_POLICY":0.051588852898469796,
    "SET_DEBUG_APP":0.05080978442980008,
    "INSTALL_PACKAGES":0.05005584720205519,
    "UNINSTALL_SHORTCUT":0.04899475036300682,
    "SET_WALLPAPER":0.04697587400871217,
    "SET_ALARM":0.04576678208421759,
    "BLUETOOTH_CONNECT":0.04475315536691613,
    "READ_SYNC_SETTINGS":0.04380096057187536,
    "SCHEDULE_EXACT_ALARM":0.04150284820730482,
    "CAPTURE_VIDEO_OUTPUT":0.03474812911873116,
    "INJECT_EVENTS":0.034301351502289745,
    "ANSWER_PHONE_CALLS":0.032357868870769586,
    "READ_MEDIA_AUDIO":0.032092594661007494,
    "READ_MEDIA_VIDEO":0.032092594661007494,
    "GET_TOP_ACTIVITY_INFO":0.031670948285490906,
    "READ_PHONE_NUMBERS":0.03133586507315984,
    "WRITE_APN_SETTINGS":0.029523623366469347,
    "PROCESS_OUTGOING_CALLS":0.029227633195576908,
    "ACCESS_MOCK_LOCATION":0.025949402434938016,
    "RECEIVE_SMS":0.025304367251200725,
    "WRITE_CALL_LOG":0.02316541941248744,
    "READ_HISTORY_BOOKMARKS":0.02316541941248744,
    "INTERACT_ACROSS_USERS":0.02316541941248744,
    "REQUEST_DELETE_PACKAGES":0.02316541941248744,
    "CAPTURE_AUDIO_OUTPUT":0.02316541941248744,
    "DEVICE_POWER":0.02316541941248744,
    "INSTALL_LOCATION_PROVIDER":0.022718641796046025,
    "HARDWARE_TEST":0.022718641796046025,
    "INTERNAL_SYSTEM_WINDOW":0.022718641796046025,
    "BATTERY_STATS":0.021864179604601817,
    "SET_PREFERRED_APPLICATIONS":0.020088238579247186,
    "BLUETOOTH_PRIVILEGED":0.018985256338657438,
    "PERSISTENT_ACTIVITY":0.018985256338657438,
    "BLUETOOTH_SCAN":0.0188316765330057,
    "BLUETOOTH_ADVERTISE":0.0188316765330057,
    "WRITE_MEDIA_STORAGE":0.01647771696637999,
    "USE_BIOMETRIC":0.016366022562269635,
    "WRITE_SMS":0.016092371272199268,
    "WRITE_HISTORY_BOOKMARKS":0.014905618228526755,
    "ACCESS_MEDIA_LOCATION":0.01158270970624372,
    "USE_SIP":0.01158270970624372,
    "READ_PROFILE":0.01158270970624372,
    "MODIFY_PHONE_STATE":0.01158270970624372,
    "MANAGE_DOCUMENTS":0.01158270970624372,
    "READ_SYNC_STATS":0.01158270970624372,
    "WRITE_GSERVICES":0.01158270970624372,
    "SET_ACTIVITY_WATCHER":0.01158270970624372,
    "CALL_PRIVILEGED":0.01158270970624372,
    "PACKAGE_USAGE_STATS":0.01158270970624372,
    "LOCAL_MAC_ADDRESS":0.01158270970624372,
    "WRITE_SECURE_SETTINGS":0.007248966826761981,
    "HIGH_SAMPLING_RATE_SENSORS":0.0030352954316988727,
    "SET_WALLPAPER_HINTS":0.0030352954316988727,
    "FORCE_STOP_PACKAGES":0.0030352954316988727,
    "UPDATE_DEVICE_STATS":0.0030352954316988727
}