{
    "INTERNET":0.9957597516372589,
    "ACCESS_NETWORK_STATE":0.9957597516372589,
    "WRITE_EXTERNAL_STORAGE":0.9880077557318073,
    "ACCESS_WIFI_STATE":0.9880077557318073,
    "READ_EXTERNAL_STORAGE":0.9802557598263554,
    "VIBRATE":0.9349448767712846,
    "ACCESS_COARSE_LOCATION":0.9037706455264446,
    "ACCESS_FINE_LOCATION":0.9017401829844626,
    "CHANGE_WIFI_STATE":0.8936874469968955,
    "CAMERA":0.8917877410123548,
    "REQUEST_INSTALL_PACKAGES":0.870057869116422,
    "WAKE_LOCK":0.8546398030432657,
    "READ_PHONE_STATE":0.8471904151707494,
    "CHANGE_NETWORK_STATE":0.7726498376750741,
    "RECORD_AUDIO":0.7304341491297219,
    "GET_TASKS":0.6956641125552449,
    "ACCESS_LOCATION_EXTRA_COMMANDS":0.6911436715694153,
    "WRITE_SETTINGS":0.6435501526115823,
    "SYSTEM_ALERT_WINDOW":0.6353442446567269,
    "MOUNT_UNMOUNT_FILESYSTEMS":0.6312123374415801,
    "FOREGROUND_SERVICE":0.5739054742166749,
    "FLASHLIGHT":0.5092669040209511,
    "BLUETOOTH":0.5079219794301256,
    "QUERY_ALL_PACKAGES":0.4768411457263155,
    "READ_LOGS":0.4459657866127702,
    "MODIFY_AUDIO_SETTINGS":0.44376347259529364,
    "REORDER_TASKS":0.4330171515244348,
    "RECEIVE_BOOT_COMPLETED":0.41744591348398985,
    "ACCESS_BACKGROUND_LOCATION":0.39279269855383264,
    "CALL_PHONE":0.3895518038801075,
    "BROADCAST_STICKY":0.312595965973408,
    "BLUETOOTH_ADMIN":0.30083721555778886,
    "READ_CONTACTS":0.29767664276934924,
    "C2D_MESSAGE":0.2265170562589429,
    "GET_ACCOUNTS":0.225726913061833,
    "MANAGE_ACCOUNTS":0.20358422403454973,
    "EXPAND_STATUS_BAR":0.20136883436132905,
    "USE_CREDENTIALS":0.1917937184549806,
    "RESTART_PACKAGES":0.18900299992901795,
    "KILL_BACKGROUND_PROCESSES":0.14279923638170458,
    "CHANGE_CONFIGURATION":0.14234719228312162,
    "DISABLE_KEYGUARD":0.12844216637464373,
    "INSTALL_SHORTCUT":0.12626226776701427,
    "READ_PRIVILEGED_PHONE_STATE":0.12417763465123495,
    "READ_CALENDAR":0.09560359094865754,
    "WRITE_CALENDAR":0.09560359094865754,
    "USE_FINGERPRINT":0.0933228229967162,
    "WRITE_CONTACTS":0.07563519667654194,
    "INSTALL_PACKAGES":0.07525226675832082,
    "REQUEST_IGNORE_BATTERY_OPTIMIZATIONS":0.07505613192215878,
    "WRITE_MEDIA_STORAGE":0.06842303855824086,
    "CHANGE_WIFI_MULTICAST_STATE":0.06838941544347023,
    "UNINSTALL_SHORTCUT":0.06681660085253278,
    "AUTHENTICATE_ACCOUNTS":0.0654529967535015,
    "NFC":0.05805404355314136,
    "READ_SMS":0.05800360888098541,
    "WRITE_SYNC_SETTINGS":0.05560329207652623,
    "READ_SYNC_SETTINGS":0.052145715107612664,
    "READ_SYNC_STATS":0.052145715107612664,
    "PACKAGE_USAGE_STATS":0.03755701919879855,
    "USE_FULL_SCREEN_INTENT":0.03721705214945102,
    "PROCESS_OUTGOING_CALLS":0.036326039608029215,
    "SET_WALLPAPER":0.03584597624713738,
    "ACTIVITY_RECOGNITION":0.03398176132818777,
    "BLUETOOTH_CONNECT":0.03398176132818777,
    "BATTERY_STATS":0.03361190706571079,
    "MANAGE_EXTERNAL_STORAGE":0.0335073018197577,
    "RECEIVE_SMS":0.03231181329457959,
    "ACCESS_NOTIFICATION_POLICY":0.029422093375125632,
    "WRITE_APN_SETTINGS":0.029169920014345874,
    "ACCESS_MOCK_LOCATION":0.028807537555151266,
    "INTERACT_ACROSS_USERS":0.028374172964774198,
    "INTERACT_ACROSS_USERS_FULL":0.026896623865686874,
    "GET_PACKAGE_SIZE":0.026752791652501384,
    "SET_DEBUG_APP":0.02564696476671163,
    "WRITE_SECURE_SETTINGS":0.021614058945056105,
    "READ_MEDIA_VIDEO":0.018447882304154704,
    "READ_HISTORY_BOOKMARKS":0.018027593369521776,
    "SCHEDULE_EXACT_ALARM":0.017345791320006132,
    "ACCESS_MEDIA_LOCATION":0.016223152876831067,
    "READ_MEDIA_AUDIO":0.016223152876831067,
    "READ_PHONE_NUMBERS":0.015543218778136015,
    "REQUEST_DELETE_PACKAGES":0.013806024514986576,
    "GET_TOP_ACTIVITY_INFO":0.012702065580017416,
    "DELETE_PACKAGES":0.012490987137290657,
    "SEND_SMS":0.011168477956312371,
    "MANAGE_MEDIA_PROJECTION":0.009074505086430089,
    "READ_CALL_LOG":0.007751995905451804,
    "USE_BIOMETRIC":0.007751995905451804,
    "READ_PROFILE":0.007751995905451804,
    "WRITE_SMS":0.007751995905451804,
    "SET_ALARM":0.007751995905451804,
    "HARDWARE_TEST":0.007751995905451804,
    "SIGNAL_PERSISTENT_PROCESSES":0.007751995905451804,
    "STATUS_BAR_SERVICE":0.007751995905451804,
    "CAPTURE_AUDIO_OUTPUT":0.007751995905451804,
    "CALL_PRIVILEGED":0.007751995905451804,
    "CAPTURE_VIDEO_OUTPUT":0.005829874511063875,
    "BLUETOOTH_PRIVILEGED":0.003973131395396624,
    "REAL_GET_TASKS":0.0022247294273236382,
    "READ_USER_DICTIONARY":0.0012720745088223321,
    "WRITE_USER_DICTIONARY":0.0012720745088223321,
    "MANAGE_USERS":0.0012720745088223321,
    "UPDATE_DEVICE_STATS":0.0012720745088223321,
    "DEVICE_POWER":0.0012720745088223321
}