{
    "INTERNET":0.9927785844983754,
    "ACCESS_NETWORK_STATE":0.9927785844983754,
    "WRITE_EXTERNAL_STORAGE":0.9721939689134017,
    "READ_EXTERNAL_STORAGE":0.9719439217039676,
    "ACCESS_WIFI_STATE":0.9716261533753119,
    "REQUEST_INSTALL_PACKAGES":0.9015973067831817,
    "READ_PHONE_STATE":0.861937475174349,
    "WAKE_LOCK":0.837333871629409,
    "VIBRATE":0.7757467230141107,
    "CAMERA":0.7684237258336536,
    "GET_TASKS":0.6592338397223434,
    "ACCESS_COARSE_LOCATION":0.6315072507179089,
    "CHANGE_WIFI_STATE":0.62707021507967,
    "CHANGE_NETWORK_STATE":0.6209753143497146,
    "ACCESS_FINE_LOCATION":0.5775869141960397,
    "SYSTEM_ALERT_WINDOW":0.5621100337954431,
    "MOUNT_UNMOUNT_FILESYSTEMS":0.5325940444484962,
    "RECORD_AUDIO":0.4967982236229498,
    "FOREGROUND_SERVICE":0.4685272610063098,
    "WRITE_SETTINGS":0.456415599299347,
    "QUERY_ALL_PACKAGES":0.4299431533297304,
    "RECEIVE_BOOT_COMPLETED":0.3830046037337779,
    "REORDER_TASKS":0.3563693666121859,
    "MODIFY_AUDIO_SETTINGS":0.31283640791555717,
    "BLUETOOTH":0.3056605739364855,
    "READ_LOGS":0.28112078452311967,
    "FLASHLIGHT":0.25638043641052033,
    "CALL_PHONE":0.25063195525196835,
    "READ_CONTACTS":0.23998541391278314,
    "ACCESS_LOCATION_EXTRA_COMMANDS":0.2155498108366815,
    "BLUETOOTH_ADMIN":0.15244023936810994,
    "C2D_MESSAGE":0.15154032987999044,
    "GET_ACCOUNTS":0.1443358446581712,
    "ACCESS_BACKGROUND_LOCATION":0.14229379244779294,
    "READ_PRIVILEGED_PHONE_STATE":0.12744723938764485,
    "INSTALL_SHORTCUT":0.1200578234171817,
    "REQUEST_IGNORE_BATTERY_OPTIMIZATIONS":0.11744144402263453,
    "BROADCAST_STICKY":0.11665613950550563,
    "EXPAND_STATUS_BAR":0.11411269054704341,
    "KILL_BACKGROUND_PROCESSES":0.10943863099152841,
    "UNINSTALL_SHORTCUT":0.10924328160915803,
    "RESTART_PACKAGES":0.10316661348822374,
    "CHANGE_CONFIGURATION":0.10072865319624155,
    "AUTHENTICATE_ACCOUNTS":0.09254872339178624,
    "MANAGE_ACCOUNTS":0.09201607074252305,
    "READ_USER_DICTIONARY":0.09184286095682132,
    "WRITE_USER_DICTIONARY":0.09184286095682132,
    "USE_CREDENTIALS":0.07743128585475126,
    "DISABLE_KEYGUARD":0.07606774716580608,
    "SET_WALLPAPER":0.07559890864811719,
    "INSTALL_PACKAGES":0.061455613364502434,
    "MANAGE_EXTERNAL_STORAGE":0.06123161273938442,
    "USE_FINGERPRINT":0.06030956365459628,
    "PACKAGE_USAGE_STATS":0.060079051383399244,
    "READ_CALENDAR":0.05824927883519677,
    "USE_FULL_SCREEN_INTENT":0.05768667261397012,
    "WRITE_CALENDAR":0.05621373827089752,
    "NFC":0.048085901635074355,
    "ACCESS_NOTIFICATION_POLICY":0.04058839233969957,
    "CHANGE_WIFI_MULTICAST_STATE":0.039659831608832415,
    "WRITE_CONTACTS":0.03844085146284131,
    "WRITE_SYNC_SETTINGS":0.03720103404939736,
    "WRITE_MEDIA_STORAGE":0.03475265512368873,
    "GET_PACKAGE_SIZE":0.03450781723111787,
    "READ_MEDIA_AUDIO":0.03284083583489072,
    "READ_MEDIA_VIDEO":0.03284083583489072,
    "READ_PHONE_NUMBERS":0.028907801603167277,
    "INTERACT_ACROSS_USERS_FULL":0.027277285424982593,
    "WRITE_APN_SETTINGS":0.025369373123831983,
    "READ_SYNC_SETTINGS":0.024525463791991987,
    "INTERACT_ACROSS_USERS":0.024511138170618157,
    "RECEIVE_SMS":0.02409439282156137,
    "SEND_SMS":0.02231801577120681,
    "DEVICE_POWER":0.02224248067669027,
    "READ_CALL_LOG":0.020045451289631516,
    "PROCESS_OUTGOING_CALLS":0.020045451289631516,
    "READ_SMS":0.01980712504313966,
    "CLEAR_APP_CACHE":0.018194841473976212,
    "ACCESS_MOCK_LOCATION":0.01622181271203548,
    "MODIFY_PHONE_STATE":0.015327112540779191,
    "ACTIVITY_RECOGNITION":0.014638180385619688,
    "BATTERY_STATS":0.014419389077364873,
    "SET_DEBUG_APP":0.01377213145711105,
    "BLUETOOTH_CONNECT":0.013226455515689817,
    "SCHEDULE_EXACT_ALARM":0.012787570569964386,
    "BIND_ACCESSIBILITY_SERVICE":0.012623477088773276,
    "REQUEST_DELETE_PACKAGES":0.01145138079455106,
    "ANSWER_PHONE_CALLS":0.010814541808023655,
    "OVERRIDE_WIFI_CONFIG":0.010814541808023655,
    "BLUETOOTH_PRIVILEGED":0.010814541808023655,
    "READ_SYNC_STATS":0.010814541808023655,
    "SET_ALARM":0.010156865554043411,
    "PERSISTENT_ACTIVITY":0.009392398304367364,
    "CHANGE_COMPONENT_ENABLED_STATE":0.007442811468311077,
    "ACCESS_MEDIA_LOCATION":0.005407270904011828,
    "WRITE_CALL_LOG":0.005407270904011828,
    "USE_BIOMETRIC":0.005407270904011828,
    "READ_PROFILE":0.005407270904011828,
    "READ_HISTORY_BOOKMARKS":0.005407270904011828,
    "TETHER_PRIVILEGED":0.005407270904011828,
    "NETWORK_STACK":0.005407270904011828,
    "REAL_GET_TASKS":0.005407270904011828,
    "REMOVE_TASKS":0.005407270904011828,
    "MOUNT_FORMAT_FILESYSTEMS":0.005407270904011828,
    "STOP_APP_SWITCHES":0.005407270904011828,
    "GET_TOP_ACTIVITY_INFO":0.005407270904011828,
    "CLEAR_APP_USER_DATA":0.005407270904011828,
    "DELETE_CACHE_FILES":0.005407270904011828,
    "CAPTURE_AUDIO_OUTPUT":0.005407270904011828,
    "CAPTURE_VIDEO_OUTPUT":0.005407270904011828,
    "ACCESS_CACHE_FILESYSTEM":0.005407270904011828,
    "MANAGE_DOCUMENTS":0.005274433323999976,
    "INTENT_FILTER_VERIFICATION_AGENT":0.0038236385775960325,
    "INJECT_EVENTS":0.0012333057673649327,
    "TRANSMIT_IR":0.0008634442700770331
}