{
    "INTERNET":1.0,
    "ACCESS_NETWORK_STATE":0.9916084517952175,
    "ACCESS_WIFI_STATE":0.976743935851276,
    "WRITE_EXTERNAL_STORAGE":0.9702422790584251,
    "READ_EXTERNAL_STORAGE":0.9513792262562217,
    "REQUEST_INSTALL_PACKAGES":0.9221755626640656,
    "WAKE_LOCK":0.8736498214106406,
    "VIBRATE":0.8621526831437463,
    "CAMERA":0.8537790655975211,
    "READ_PHONE_STATE":0.8358304763817366,
    "CHANGE_WIFI_STATE":0.830730997088061,
    "GET_TASKS":0.7705646722992839,
    "MOUNT_UNMOUNT_FILESYSTEMS":0.6968786309583572,
    "CHANGE_NETWORK_STATE":0.6965146385896457,
    "RECORD_AUDIO":0.6937174558547181,
    "WRITE_SETTINGS":0.692087558991866,
    "RECEIVE_BOOT_COMPLETED":0.6454875704674877,
    "SYSTEM_ALERT_WINDOW":0.6425164603445551,
    "ACCESS_COARSE_LOCATION":0.6294055628075103,
    "READ_LOGS":0.5775411329307296,
    "MODIFY_AUDIO_SETTINGS":0.5671933498773535,
    "FLASHLIGHT":0.5398329579848802,
    "DISABLE_KEYGUARD":0.4901220002008228,
    "ACCESS_FINE_LOCATION":0.44883665887280627,
    "GET_ACCOUNTS":0.4432118112834041,
    "RESTART_PACKAGES":0.4424945849411151,
    "ACCESS_BACKGROUND_LOCATION":0.4047702724025642,
    "MANAGE_DOCUMENTS":0.40008857745327214,
    "MANAGE_ACCOUNTS":0.38731119016539184,
    "USE_CREDENTIALS":0.38126317903403906,
    "READ_CALENDAR":0.37952569821984367,
    "WRITE_CALENDAR":0.37952569821984367,
    "FOREGROUND_SERVICE":0.3510536054968221,
    "REAL_GET_TASKS":0.34098912684865046,
    "SET_DEBUG_APP":0.34098912684865046,
    "BLUETOOTH":0.3189451752183948,
    "REORDER_TASKS":0.3184341514495139,
    "ACCESS_LOCATION_EXTRA_COMMANDS":0.2880972702365408,
    "BLUETOOTH_ADMIN":0.2167206977177854,
    "CALL_PHONE":0.18333739761593934,
    "C2D_MESSAGE":0.16609706941316515,
    "KILL_BACKGROUND_PROCESSES":0.15409787270666855,
    "BROADCAST_STICKY":0.13639851964482932,
    "QUERY_ALL_PACKAGES":0.12800517837419115,
    "USE_FULL_SCREEN_INTENT":0.1117008305481042,
    "USE_FINGERPRINT":0.10429188243225782,
    "READ_CONTACTS":0.1024450246008634,
    "REQUEST_IGNORE_BATTERY_OPTIMIZATIONS":0.09922109219227389,
    "INSTALL_SHORTCUT":0.09683631460416264,
    "CHANGE_WIFI_MULTICAST_STATE":0.07699604091059045,
    "UNINSTALL_SHORTCUT":0.062319796881499766,
    "CHANGE_CONFIGURATION":0.0522320083772036,
    "MANAGE_EXTERNAL_STORAGE":0.05114361740277989,
    "SUBSTITUTE_NOTIFICATION_APP_NAME":0.04643861259736341,
    "USE_BIOMETRIC":0.046271857472781196,
    "AUTHENTICATE_ACCOUNTS":0.043756186077202185,
    "ACCESS_NOTIFICATION_POLICY":0.03301392853556721,
    "WRITE_MEDIA_STORAGE":0.03251187009596484,
    "READ_PRIVILEGED_PHONE_STATE":0.03155616599486461,
    "INTERACT_ACROSS_USERS_FULL":0.031332032762899274,
    "BATTERY_STATS":0.030641702408446016,
    "GET_PACKAGE_SIZE":0.028769741655071467,
    "PACKAGE_USAGE_STATS":0.027103983475105037,
    "NFC":0.022318290706181024,
    "ACCESS_MEDIA_LOCATION":0.022303946179335243,
    "WRITE_CONTACTS":0.02047501900649804,
    "SET_WALLPAPER":0.020100268242651986,
    "READ_MEDIA_AUDIO":0.01767962933742628,
    "READ_MEDIA_VIDEO":0.01767962933742628,
    "BLUETOOTH_CONNECT":0.01621828066501224,
    "EXPAND_STATUS_BAR":0.015804082452340287,
    "SEND_SMS":0.014878860470787349,
    "RECEIVE_SMS":0.014878860470787349,
    "READ_SMS":0.014878860470787349,
    "PROCESS_OUTGOING_CALLS":0.014878860470787349,
    "READ_PROFILE":0.014878860470787349,
    "WRITE_SECURE_SETTINGS":0.014699553885215074,
    "INSTALL_PACKAGES":0.014699553885215074,
    "MANAGE_OWN_CALLS":0.013982327542925978,
    "DEVICE_POWER":0.013035588771104365,
    "CLEAR_APP_CACHE":0.012660838007258311,
    "BIND_VPN_SERVICE":0.010713568487943411,
    "READ_SYNC_SETTINGS":0.010695637829386182,
    "WRITE_SYNC_SETTINGS":0.010695637829386182,
    "BIND_JOB_SERVICE":0.010695637829386182,
    "BIND_NOTIFICATION_LISTENER_SERVICE":0.010695637829386182,
    "SCHEDULE_EXACT_ALARM":0.008778850429618566,
    "READ_HISTORY_BOOKMARKS":0.008527821209817382,
    "WRITE_HISTORY_BOOKMARKS":0.008527821209817382,
    "ACCOUNT_MANAGER":0.008527821209817382,
    "LOCAL_MAC_ADDRESS":0.008527821209817382,
    "READ_PHONE_NUMBERS":0.008475822300001422,
    "READ_CALL_LOG":0.0074394302353936745,
    "WRITE_SMS":0.0074394302353936745,
    "ACCESS_MOCK_LOCATION":0.0074394302353936745,
    "INTERACT_ACROSS_USERS":0.0074394302353936745,
    "GET_TOP_ACTIVITY_INFO":0.0074394302353936745,
    "MEDIA_CONTENT_CONTROL":0.0074394302353936745,
    "MANAGE_FINGERPRINT":0.0074394302353936745,
    "RESET_FINGERPRINT_LOCKOUT":0.0074394302353936745,
    "READ_USER_DICTIONARY":0.0072601236498214,
    "WRITE_USER_DICTIONARY":0.0072601236498214,
    "READ_NETWORK_USAGE_HISTORY":0.0055961585357106915,
    "REQUEST_DELETE_PACKAGES":0.005210649376730302,
    "INSTANT_APP_FOREGROUND_SERVICE":0.005210649376730302,
    "ACTIVITY_RECOGNITION":0.00465479896145625,
    "CAPTURE_AUDIO_OUTPUT":0.0043356332391376005,
    "CAPTURE_VIDEO_OUTPUT":0.0043356332391376005,
    "BLUETOOTH_SCAN":0.0013394201942248916
}