{
    "INTERNET":0.9860866567162858,
    "ACCESS_NETWORK_STATE":0.9860866567162858,
    "ACCESS_WIFI_STATE":0.9513261362514565,
    "WRITE_EXTERNAL_STORAGE":0.9264978245206652,
    "READ_PHONE_STATE":0.8612968008003523,
    "WAKE_LOCK":0.7841450064166693,
    "READ_EXTERNAL_STORAGE":0.7699060410990998,
    "VIBRATE":0.7502316926010131,
    "REQUEST_INSTALL_PACKAGES":0.7430488536188987,
    "RECORD_AUDIO":0.6257586183017261,
    "ACCESS_COARSE_LOCATION":0.597450128996421,
    "CHANGE_NETWORK_STATE":0.5795438639400852,
    "ACCESS_FINE_LOCATION":0.5378303553405693,
    "GET_TASKS":0.5330079077531928,
    "CAMERA":0.4785199962870242,
    "WRITE_SETTINGS":0.47308755991224344,
    "CHANGE_WIFI_STATE":0.4593466047641001,
    "QUERY_ALL_PACKAGES":0.42830053292981707,
    "MODIFY_AUDIO_SETTINGS":0.35893567270418003,
    "FOREGROUND_SERVICE":0.35713517439933,
    "SYSTEM_ALERT_WINDOW":0.3438495007374377,
    "MOUNT_UNMOUNT_FILESYSTEMS":0.3178704613666396,
    "BLUETOOTH":0.3093350385515857,
    "REORDER_TASKS":0.2944404089576998,
    "READ_LOGS":0.270488771933443,
    "RECEIVE_BOOT_COMPLETED":0.25040187063228103,
    "ACCESS_LOCATION_EXTRA_COMMANDS":0.2298758952764174,
    "BLUETOOTH_ADMIN":0.2216351530349886,
    "FLASHLIGHT":0.15023552344846974,
    "CALL_PHONE":0.1248134303618234,
    "ACCESS_BACKGROUND_LOCATION":0.12223939555120726,
    "C2D_MESSAGE":0.08508017521706898,
    "READ_CONTACTS":0.08384841041931562,
    "KILL_BACKGROUND_PROCESSES":0.07437000976866093,
    "GET_ACCOUNTS":0.06502274197326945,
    "CHANGE_WIFI_MULTICAST_STATE":0.06334748291221015,
    "DISABLE_KEYGUARD":0.05639154797178721,
    "INSTALL_SHORTCUT":0.054675033630420394,
    "READ_PRIVILEGED_PHONE_STATE":0.05452621994073966,
    "MANAGE_EXTERNAL_STORAGE":0.05423595957571884,
    "RESTART_PACKAGES":0.05423153936711446,
    "CHANGE_CONFIGURATION":0.05029460690348173,
    "EXPAND_STATUS_BAR":0.048807943409542594,
    "MANAGE_ACCOUNTS":0.044782606773822294,
    "READ_SMS":0.04130537600504487,
    "BLUETOOTH_CONNECT":0.03499921172946551,
    "BROADCAST_STICKY":0.03431555279865504,
    "NFC":0.03428019112982001,
    "SEND_SMS":0.032224794128784214,
    "BLUETOOTH_SCAN":0.027047256450189378,
    "WRITE_MEDIA_STORAGE":0.026706900387652267,
    "READ_CALENDAR":0.025581220596403987,
    "WRITE_CALENDAR":0.025581220596403987,
    "WRITE_CONTACTS":0.02445259399941945,
    "INSTALL_PACKAGES":0.02039484250060039,
    "SCHEDULE_EXACT_ALARM":0.020356534026029112,
    "PACKAGE_USAGE_STATS":0.020356534026029112,
    "USE_CREDENTIALS":0.019351673269967166,
    "READ_PHONE_NUMBERS":0.018566349541255994,
    "SET_WALLPAPER":0.018339445499564587,
    "WRITE_SMS":0.014065103779130998,
    "AUTHENTICATE_ACCOUNTS":0.014065103779130998,
    "WRITE_SYNC_SETTINGS":0.014065103779130998,
    "READ_MEDIA_AUDIO":0.014010587873010337,
    "READ_MEDIA_VIDEO":0.014010587873010337,
    "PROCESS_OUTGOING_CALLS":0.013782210428450804,
    "READ_CALL_LOG":0.013008673922684642,
    "UNINSTALL_SHORTCUT":0.012793557103938244,
    "OVERRIDE_WIFI_CONFIG":0.012226296999709726,
    "BLUETOOTH_PRIVILEGED":0.012226296999709726,
    "REQUEST_IGNORE_BATTERY_OPTIMIZATIONS":0.011426239242317298,
    "SET_DEBUG_APP":0.011399717990691028,
    "RECEIVE_SMS":0.009052587221766275,
    "ACTIVITY_RECOGNITION":0.008248109255769468,
    "MEDIA_CONTENT_CONTROL":0.007951955279276137,
    "CAPTURE_AUDIO_OUTPUT":0.007692636374485958,
    "USE_FULL_SCREEN_INTENT":0.007213780442345,
    "USE_FINGERPRINT":0.00691025945151104,
    "ACCESS_MEDIA_LOCATION":0.00689552542282978,
    "ACCESS_NOTIFICATION_POLICY":0.00689552542282978,
    "START_VIEW_PERMISSION_USAGE":0.006680408604083381,
    "INTERACT_ACROSS_USERS_FULL":0.0061779782260524075,
    "HARDWARE_TEST":0.006113148499854863,
    "READ_SYNC_STATS":0.006113148499854863,
    "GET_PACKAGE_SIZE":0.006113148499854863,
    "CLEAR_APP_CACHE":0.006113148499854863,
    "WRITE_SECURE_SETTINGS":0.006113148499854863,
    "BIND_NFC_SERVICE":0.006113148499854863,
    "DELETE_PACKAGES":0.006113148499854863,
    "MANAGE_FINGERPRINT":0.006113148499854863,
    "WRITE_APN_SETTINGS":0.005874457235218448,
    "SET_ALARM":0.0015677006516860866,
    "CAPTURE_VIDEO_OUTPUT":0.001100631942490138,
    "DEVICE_POWER":0.0007971109516561777
}