{
    "INTERNET":1.0,
    "ACCESS_NETWORK_STATE":0.9807800347578755,
    "ACCESS_WIFI_STATE":0.9685414991120546,
    "WRITE_EXTERNAL_STORAGE":0.9674251217475556,
    "READ_EXTERNAL_STORAGE":0.9647924976546122,
    "REQUEST_INSTALL_PACKAGES":0.8725683283560748,
    "READ_PHONE_STATE":0.8235300503636364,
    "WAKE_LOCK":0.7228208702858152,
    "VIBRATE":0.6987581432672212,
    "RECORD_AUDIO":0.6196482416151808,
    "CHANGE_NETWORK_STATE":0.5741635538073064,
    "ACCESS_COARSE_LOCATION":0.5193886884013441,
    "CAMERA":0.5187228425826479,
    "FOREGROUND_SERVICE":0.44887959680140577,
    "WRITE_SETTINGS":0.4423496034327234,
    "MOUNT_UNMOUNT_FILESYSTEMS":0.4331354191074215,
    "QUERY_ALL_PACKAGES":0.4308791426511328,
    "ACCESS_FINE_LOCATION":0.4090229345887892,
    "CHANGE_WIFI_STATE":0.3933058973493718,
    "GET_TASKS":0.3908831594384085,
    "SYSTEM_ALERT_WINDOW":0.37581206501767206,
    "BLUETOOTH":0.3321783562112279,
    "MODIFY_AUDIO_SETTINGS":0.33077700407378147,
    "REORDER_TASKS":0.31098527992212427,
    "RECEIVE_BOOT_COMPLETED":0.21584803516679113,
    "FLASHLIGHT":0.21267260198251914,
    "BLUETOOTH_ADMIN":0.18221648854989408,
    "READ_LOGS":0.17465877663496313,
    "DISABLE_KEYGUARD":0.15725812653060817,
    "ACCESS_LOCATION_EXTRA_COMMANDS":0.15015818361603106,
    "CALL_PHONE":0.13742931042437692,
    "MANAGE_EXTERNAL_STORAGE":0.1185386493643251,
    "READ_CONTACTS":0.11398176704262203,
    "CHANGE_WIFI_MULTICAST_STATE":0.10603866067284784,
    "KILL_BACKGROUND_PROCESSES":0.09638027757447545,
    "EXPAND_STATUS_BAR":0.09089428702478175,
    "CHANGE_CONFIGURATION":0.08967206188747368,
    "GET_ACCOUNTS":0.08469088379271551,
    "BROADCAST_STICKY":0.074471597966637,
    "ACCESS_BACKGROUND_LOCATION":0.07172860269179014,
    "C2D_MESSAGE":0.07107361305492037,
    "REQUEST_IGNORE_BATTERY_OPTIMIZATIONS":0.06601734636919511,
    "RESTART_PACKAGES":0.06518142036854914,
    "INSTALL_PACKAGES":0.06028709172840354,
    "MANAGE_ACCOUNTS":0.05717317690781552,
    "USE_CREDENTIALS":0.05021345967516484,
    "NFC":0.04972131276569365,
    "INSTALL_SHORTCUT":0.04575790171717647,
    "READ_PRIVILEGED_PHONE_STATE":0.03350941457134812,
    "BATTERY_STATS":0.032591162525184014,
    "AUTHENTICATE_ACCOUNTS":0.03094554629663968,
    "WRITE_CONTACTS":0.030686807296439744,
    "READ_MEDIA_AUDIO":0.028907298158701036,
    "READ_MEDIA_VIDEO":0.028907298158701036,
    "READ_SMS":0.027166690339174206,
    "PROCESS_OUTGOING_CALLS":0.0238202722911338,
    "BLUETOOTH_PRIVILEGED":0.023335362836213642,
    "ACCESS_NOTIFICATION_POLICY":0.023193327790649344,
    "USE_FINGERPRINT":0.022827836335821465,
    "UNINSTALL_SHORTCUT":0.02227417106266636,
    "BLUETOOTH_CONNECT":0.021534141334821795,
    "INTERACT_ACROSS_USERS":0.01729661169518371,
    "BLUETOOTH_SCAN":0.016361170694460872,
    "RECEIVE_SMS":0.015903401694107144,
    "PACKAGE_USAGE_STATS":0.015722465330330965,
    "OVERRIDE_WIFI_CONFIG":0.015032193102524847,
    "READ_SYNC_SETTINGS":0.014943534284274518,
    "SET_WALLPAPER":0.013494234010427337,
    "BIND_ACCESSIBILITY_SERVICE":0.013299727419367944,
    "WRITE_MEDIA_STORAGE":0.012447517145982148,
    "READ_PHONE_NUMBERS":0.012069360145689935,
    "WRITE_SYNC_SETTINGS":0.011714724872688627,
    "READ_HISTORY_BOOKMARKS":0.011700249963586533,
    "READ_CALL_LOG":0.011274144826893635,
    "LOCAL_MAC_ADDRESS":0.011274144826893635,
    "READ_CALENDAR":0.011272335463255873,
    "WRITE_CALENDAR":0.011272335463255873,
    "GET_PACKAGE_SIZE":0.011263288645067066,
    "INTERACT_ACROSS_USERS_FULL":0.010814566462902143,
    "USE_FULL_SCREEN_INTENT":0.010744905962848316,
    "USE_BIOMETRIC":0.010063680553231006,
    "SEND_SMS":0.009731662325701721,
    "SET_ALARM":0.00935531468904727,
    "CAPTURE_AUDIO_OUTPUT":0.007516096551262424,
    "CAPTURE_VIDEO_OUTPUT":0.007516096551262424,
    "BIND_NOTIFICATION_LISTENER_SERVICE":0.007516096551262424,
    "UPDATE_DEVICE_STATS":0.0064160034595032635,
    "WRITE_APN_SETTINGS":0.006367150641283695,
    "SET_DEBUG_APP":0.005497751413339161,
    "WRITE_SMS":0.004629256867213508,
    "REQUEST_DELETE_PACKAGES":0.0038666100938969184,
    "ACCESS_MEDIA_LOCATION":0.003758048275631212,
    "ANSWER_PHONE_CALLS":0.003758048275631212,
    "ACCESS_MOCK_LOCATION":0.003758048275631212,
    "BLUETOOTH_ADVERTISE":0.003758048275631212,
    "MODIFY_PHONE_STATE":0.003758048275631212,
    "MANAGE_DOCUMENTS":0.003758048275631212,
    "REAL_GET_TASKS":0.003758048275631212,
    "GET_INTENT_SENDER_INTENT":0.003758048275631212,
    "SET_WALLPAPER_HINTS":0.003758048275631212,
    "SET_PREFERRED_APPLICATIONS":0.003758048275631212,
    "CHANGE_COMPONENT_ENABLED_STATE":0.003758048275631212,
    "CALL_PRIVILEGED":0.003758048275631212,
    "ACCESS_CACHE_FILESYSTEM":0.003758048275631212,
    "READ_PROFILE":0.002609102365652483,
    "INSTANT_APP_FOREGROUND_SERVICE":0.0018410275014226084,
    "SCHEDULE_EXACT_ALARM":0.0009643908189270274
}