{
    "INTERNET":1.0,
    "ACCESS_NETWORK_STATE":1.0,
    "ACCESS_WIFI_STATE":0.9844043723456104,
    "WRITE_EXTERNAL_STORAGE":0.9336282202645394,
    "REQUEST_INSTALL_PACKAGES":0.8881345537662526,
    "READ_EXTERNAL_STORAGE":0.882813553145568,
    "VIBRATE":0.8630731148740634,
    "WAKE_LOCK":0.8122717798835959,
    "READ_PHONE_STATE":0.798736706756871,
    "CHANGE_NETWORK_STATE":0.7937312331774461,
    "CHANGE_WIFI_STATE":0.717899567594632,
    "CAMERA":0.6557718487662597,
    "FOREGROUND_SERVICE":0.6220593398226234,
    "GET_TASKS":0.4995711498664564,
    "ACCESS_COARSE_LOCATION":0.4757614497060265,
    "RECORD_AUDIO":0.4538937962643375,
    "WRITE_SETTINGS":0.4432636458038606,
    "ACCESS_FINE_LOCATION":0.4334112028394472,
    "MOUNT_UNMOUNT_FILESYSTEMS":0.41156725095954283,
    "SYSTEM_ALERT_WINDOW":0.40839568572321616,
    "BLUETOOTH":0.35985340584036113,
    "MODIFY_AUDIO_SETTINGS":0.34406816569169313,
    "RECEIVE_BOOT_COMPLETED":0.31502338307204836,
    "READ_LOGS":0.28579787604379464,
    "REORDER_TASKS":0.25430294447464763,
    "FLASHLIGHT":0.24775983207443492,
    "ACCESS_LOCATION_EXTRA_COMMANDS":0.24279731757574516,
    "C2D_MESSAGE":0.224991519284924,
    "QUERY_ALL_PACKAGES":0.2157108764985684,
    "BLUETOOTH_ADMIN":0.20275649163557088,
    "BROADCAST_STICKY":0.18737862208007877,
    "INSTALL_SHORTCUT":0.15412681224363436,
    "CHANGE_WIFI_MULTICAST_STATE":0.14582089618567812,
    "DISABLE_KEYGUARD":0.14358998668268502,
    "GET_ACCOUNTS":0.12712184528509282,
    "CALL_PHONE":0.12402879147217812,
    "RESTART_PACKAGES":0.11159584096844587,
    "READ_CONTACTS":0.10458166002776051,
    "UNINSTALL_SHORTCUT":0.10319511866335046,
    "KILL_BACKGROUND_PROCESSES":0.09808595075111735,
    "ACCESS_BACKGROUND_LOCATION":0.09107917654848974,
    "WRITE_CALENDAR":0.08735506865305509,
    "READ_CALENDAR":0.07914099614701489,
    "INSTALL_PACKAGES":0.07066472511373047,
    "MANAGE_ACCOUNTS":0.07019069387803475,
    "EXPAND_STATUS_BAR":0.06714652453630118,
    "BATTERY_STATS":0.06440010606448901,
    "READ_PRIVILEGED_PHONE_STATE":0.06229807380370073,
    "CHANGE_CONFIGURATION":0.06161220985955346,
    "NFC":0.058502861222911734,
    "SCHEDULE_EXACT_ALARM":0.05645563882375076,
    "USE_CREDENTIALS":0.05334036479666285,
    "READ_PHONE_NUMBERS":0.049296285817133585,
    "WRITE_CONTACTS":0.04382863178290556,
    "BLUETOOTH_CONNECT":0.040860011169361006,
    "USE_FINGERPRINT":0.04069261888925595,
    "REQUEST_IGNORE_BATTERY_OPTIMIZATIONS":0.037959532545947715,
    "WRITE_SYNC_SETTINGS":0.0373477359823779,
    "AUTHENTICATE_ACCOUNTS":0.03503979640358428,
    "REAL_GET_TASKS":0.03443096253523757,
    "MANAGE_EXTERNAL_STORAGE":0.03158381242584005,
    "READ_SYNC_SETTINGS":0.026046535053869214,
    "GET_PACKAGE_SIZE":0.025853959864367823,
    "SET_WALLPAPER":0.024636292127674396,
    "USE_FULL_SCREEN_INTENT":0.02442594076683442,
    "SEND_SMS":0.023737114127464046,
    "CLEAR_APP_CACHE":0.02133288695391973,
    "WRITE_MEDIA_STORAGE":0.02123808070678058,
    "INTERACT_ACROSS_USERS":0.019935976156228854,
    "MOUNT_FORMAT_FILESYSTEMS":0.019567120600953107,
    "INTERACT_ACROSS_USERS_FULL":0.019084201279588073,
    "READ_MEDIA_AUDIO":0.019039760851241597,
    "READ_MEDIA_VIDEO":0.019039760851241597,
    "PACKAGE_USAGE_STATS":0.0164192569264111,
    "HIGH_SAMPLING_RATE_SENSORS":0.014893468886515448,
    "SET_ALARM":0.014690524263733209,
    "WRITE_SECURE_SETTINGS":0.01441795630320816,
    "INJECT_EVENTS":0.01441795630320816,
    "READ_FRAME_BUFFER":0.01441795630320816,
    "USE_BIOMETRIC":0.012301110566304384,
    "ACCESS_MEDIA_LOCATION":0.012150013109926368,
    "RECEIVE_SMS":0.012107054029191442,
    "READ_SMS":0.012107054029191442,
    "CAPTURE_VIDEO_OUTPUT":0.011948549834755679,
    "WRITE_APN_SETTINGS":0.011630060098272605,
    "ACCESS_NOTIFICATION_POLICY":0.008999186740161261,
    "SET_DEBUG_APP":0.008028904054596551,
    "DEVICE_POWER":0.00788521333627628,
    "READ_PROFILE":0.0071149125782707075,
    "READ_HISTORY_BOOKMARKS":0.0071149125782707075,
    "READ_CALL_LOG":0.006150555283152192,
    "WRITE_CALL_LOG":0.006150555283152192,
    "READ_USER_DICTIONARY":0.006150555283152192,
    "WRITE_SMS":0.006150555283152192,
    "ACCESS_MOCK_LOCATION":0.006150555283152192,
    "TRANSMIT_IR":0.006150555283152192,
    "START_ACTIVITIES_FROM_BACKGROUND":0.006150555283152192,
    "READ_SYNC_STATS":0.006150555283152192,
    "REQUEST_DELETE_PACKAGES":0.006150555283152192,
    "ACCESS_CHECKIN_PROPERTIES":0.006150555283152192,
    "CAPTURE_AUDIO_OUTPUT":0.005797994551603487,
    "HARDWARE_TEST":0.004355161977954586,
    "BLUETOOTH_PRIVILEGED":0.003630782995907038,
    "DELETE_PACKAGES":0.003315255954647063,
    "ANSWER_PHONE_CALLS":0.003054538775014407,
    "CAPTURE_SECURE_VIDEO_OUTPUT":0.003054538775014407,
    "ACTIVITY_RECOGNITION":0.00200278197081449,
    "GET_TOP_ACTIVITY_INFO":0.00200278197081449
}