{
    "INTERNET":0.980085327967024,
    "ACCESS_NETWORK_STATE":0.9788914355890884,
    "ACCESS_WIFI_STATE":0.9682831964397539,
    "WRITE_EXTERNAL_STORAGE":0.9579683006754501,
    "READ_EXTERNAL_STORAGE":0.9383644510374937,
    "READ_PHONE_STATE":0.9238469933062994,
    "CAMERA":0.9104215937209319,
    "VIBRATE":0.9079942912033464,
    "REQUEST_INSTALL_PACKAGES":0.8846415739012543,
    "ACCESS_COARSE_LOCATION":0.8717055865955757,
    "WAKE_LOCK":0.8606748113786837,
    "ACCESS_FINE_LOCATION":0.8451458509390033,
    "GET_TASKS":0.8096216630290063,
    "CHANGE_WIFI_STATE":0.8007848835441965,
    "WRITE_SETTINGS":0.7171508605752573,
    "MOUNT_UNMOUNT_FILESYSTEMS":0.6946135770869942,
    "CHANGE_NETWORK_STATE":0.6814389632971195,
    "RECORD_AUDIO":0.6670233397980343,
    "SYSTEM_ALERT_WINDOW":0.645563675273433,
    "FLASHLIGHT":0.617574460582553,
    "BLUETOOTH":0.6114879653216447,
    "RECEIVE_BOOT_COMPLETED":0.5632086598615061,
    "ACCESS_LOCATION_EXTRA_COMMANDS":0.5404335098460031,
    "MODIFY_AUDIO_SETTINGS":0.5096476535569032,
    "BLUETOOTH_ADMIN":0.4906950870302714,
    "CALL_PHONE":0.48558817628569595,
    "FOREGROUND_SERVICE":0.47714885428889386,
    "READ_LOGS":0.41778101688320435,
    "READ_CONTACTS":0.33806989172133345,
    "REORDER_TASKS":0.2983636606822594,
    "ACCESS_BACKGROUND_LOCATION":0.2844344096350387,
    "USE_FINGERPRINT":0.2777057507462782,
    "C2D_MESSAGE":0.25577947265066947,
    "INSTALL_SHORTCUT":0.23954071241404928,
    "BROADCAST_STICKY":0.2379296036672487,
    "GET_ACCOUNTS":0.2159470887568932,
    "NFC":0.20737553424974042,
    "CHANGE_CONFIGURATION":0.19881005939823596,
    "DISABLE_KEYGUARD":0.18793583531428806,
    "QUERY_ALL_PACKAGES":0.1808005994540472,
    "RESTART_PACKAGES":0.17979669631512096,
    "KILL_BACKGROUND_PROCESSES":0.17036335061982114,
    "MANAGE_ACCOUNTS":0.15089705319090746,
    "USE_BIOMETRIC":0.13586358468656354,
    "EXPAND_STATUS_BAR":0.11977073618550257,
    "REQUEST_IGNORE_BATTERY_OPTIMIZATIONS":0.11632889113160647,
    "INTERACT_ACROSS_USERS_FULL":0.11394718603138332,
    "WRITE_CONTACTS":0.11350489108296921,
    "UNINSTALL_SHORTCUT":0.11223272313856154,
    "READ_SMS":0.10446520309089706,
    "USE_CREDENTIALS":0.10056662390642204,
    "READ_CALENDAR":0.09724713192244801,
    "WRITE_CALENDAR":0.09407507158794534,
    "CHANGE_WIFI_MULTICAST_STATE":0.0888876054060299,
    "RECEIVE_SMS":0.07402968695853075,
    "READ_PRIVILEGED_PHONE_STATE":0.07279399694801296,
    "AUTHENTICATE_ACCOUNTS":0.07079759002450108,
    "READ_CALL_LOG":0.06809290321796181,
    "BATTERY_STATS":0.0648281281348225,
    "SEND_SMS":0.06394353823799429,
    "ACCESS_NOTIFICATION_POLICY":0.0579983949709089,
    "READ_PROFILE":0.05759561778420876,
    "INSTALL_PACKAGES":0.05574208276843206,
    "BLUETOOTH_PRIVILEGED":0.0512765756947527,
    "PACKAGE_USAGE_STATS":0.050781843716371955,
    "WRITE_MEDIA_STORAGE":0.04397414930418345,
    "WRITE_SYNC_SETTINGS":0.03830715028300801,
    "READ_HISTORY_BOOKMARKS":0.03816959807396513,
    "GET_PACKAGE_SIZE":0.03746663788962998,
    "READ_PHONE_NUMBERS":0.03616711149480498,
    "MOUNT_FORMAT_FILESYSTEMS":0.034814388113057315,
    "USE_FULL_SCREEN_INTENT":0.03427405871731429,
    "DEVICE_POWER":0.03206334393219971,
    "SET_WALLPAPER":0.031585331006851805,
    "INTERACT_ACROSS_USERS":0.028926241617674802,
    "READ_MEDIA_AUDIO":0.02867773569305037,
    "READ_MEDIA_VIDEO":0.02867773569305037,
    "PROCESS_OUTGOING_CALLS":0.028447468735370865,
    "MANAGE_FINGERPRINT":0.027812144720123083,
    "ACCESS_MOCK_LOCATION":0.02677784330295535,
    "SCHEDULE_EXACT_ALARM":0.026228394423739868,
    "WRITE_CALL_LOG":0.02483007362462993,
    "ACTIVITY_RECOGNITION":0.024047317959910778,
    "MANAGE_EXTERNAL_STORAGE":0.022515244736538147,
    "READ_SYNC_SETTINGS":0.022510684994801914,
    "WRITE_USER_DICTIONARY":0.021116923937428207,
    "SET_ALARM":0.020341767842269435,
    "WRITE_APN_SETTINGS":0.019971668804678926,
    "CLEAR_APP_CACHE":0.017105111166503546,
    "WRITE_SMS":0.01698123818266935,
    "BODY_SENSORS":0.016896123003593097,
    "DELETE_PACKAGES":0.015756947526492118,
    "MANAGE_DOCUMENTS":0.014994710699585993,
    "ADD_VOICEMAIL":0.014626131575907555,
    "SET_DEBUG_APP":0.014268951806569691,
    "ACCESS_MEDIA_LOCATION":0.01412076020014228,
    "READ_USER_DICTIONARY":0.014088082051032645,
    "READ_SYNC_STATS":0.013018822613887164,
    "INTERNAL_SYSTEM_WINDOW":0.012676082026714022,
    "DUMP":0.012556008827660016,
    "UPDATE_APP_OPS_STATS":0.012027838743213597,
    "RECEIVE_MMS":0.011226844111549535,
    "REQUEST_DELETE_PACKAGES":0.010289817184754668,
    "BIND_ACCESSIBILITY_SERVICE":0.009692491017308789,
    "BIND_JOB_SERVICE":0.009491862380914757,
    "RECEIVE_WAP_PUSH":0.009128602955928586,
    "CAPTURE_VIDEO_OUTPUT":0.009098204677687067,
    "BLUETOOTH_CONNECT":0.007785759014609421,
    "READ_CELL_BROADCASTS":0.0073936212252938074,
    "USE_SIP":0.0073936212252938074,
    "WRITE_PROFILE":0.0073936212252938074,
    "READ_SOCIAL_STREAM":0.0073936212252938074,
    "WRITE_SOCIAL_STREAM":0.0073936212252938074,
    "WRITE_HISTORY_BOOKMARKS":0.0073936212252938074,
    "SUBSCRIBED_FEEDS_READ":0.0073936212252938074,
    "SUBSCRIBED_FEEDS_WRITE":0.0073936212252938074,
    "ACCOUNT_MANAGER":0.0073936212252938074,
    "TRANSMIT_IR":0.0073936212252938074,
    "MODIFY_PHONE_STATE":0.0073936212252938074,
    "SET_WALLPAPER_HINTS":0.0073936212252938074,
    "SET_TIME_ZONE":0.0073936212252938074,
    "PERSISTENT_ACTIVITY":0.0073936212252938074,
    "CLEAR_APP_USER_DATA":0.0073936212252938074,
    "BIND_APPWIDGET":0.0073936212252938074,
    "ACCESS_CACHE_FILESYSTEM":0.0073936212252938074,
    "READ_INSTALL_SESSIONS":0.0073936212252938074,
    "OVERRIDE_WIFI_CONFIG":0.007316865572733969,
    "SET_PREFERRED_APPLICATIONS":0.007161834353702214,
    "INSTANT_APP_FOREGROUND_SERVICE":0.006694460825738838,
    "BIND_NOTIFICATION_LISTENER_SERVICE":0.006319802046412098,
    "MEDIA_CONTENT_CONTROL":0.006022658876601235,
    "MANAGE_USERS":0.005514247673011807,
    "CAPTURE_AUDIO_OUTPUT":0.0052931001988047455,
    "WRITE_SECURE_SETTINGS":0.00422156089079115,
    "SIGNAL_PERSISTENT_PROCESSES":0.00422156089079115,
    "UPDATE_DEVICE_STATS":0.00422156089079115,
    "BACKUP":0.00422156089079115,
    "INJECT_EVENTS":0.004220800933835112,
    "BLUETOOTH_SCAN":0.004082488767836194,
    "LOCATION_HARDWARE":0.003654633001586794,
    "BIND_DIRECTORY_SEARCH":0.0031720603345026573,
    "GET_INTENT_SENDER_INTENT":0.0031720603345026573,
    "SET_TIME":0.0031720603345026573,
    "CHANGE_COMPONENT_ENABLED_STATE":0.0031720603345026573,
    "CONTROL_LOCATION_UPDATES":0.0031720603345026573,
    "REAL_GET_TASKS":0.0022433929342242083,
    "FORCE_STOP_PACKAGES":0.0022433929342242083,
    "STATUS_BAR":0.0022433929342242083,
    "STATUS_BAR_SERVICE":0.0022433929342242083,
    "CAPTURE_SECURE_VIDEO_OUTPUT":0.0022433929342242083,
    "MANAGE_MEDIA_PROJECTION":0.0020579634369509332,
    "GET_TOP_ACTIVITY_INFO":0.0014150398521427761,
    "BLUETOOTH_ADVERTISE":0.000910428433333537,
    "LOCAL_MAC_ADDRESS":0.000910428433333537,
    "ANSWER_PHONE_CALLS":0.0005312099122705696
}