{
    "INTERNET":1.0,
    "ACCESS_NETWORK_STATE":0.9930899492049926,
    "ACCESS_WIFI_STATE":0.9930899492049926,
    "WRITE_EXTERNAL_STORAGE":0.980941878657137,
    "READ_EXTERNAL_STORAGE":0.972077219438567,
    "REQUEST_INSTALL_PACKAGES":0.8874776867250659,
    "READ_PHONE_STATE":0.8748747355144632,
    "CAMERA":0.8571605797660812,
    "VIBRATE":0.8563238750318761,
    "CHANGE_WIFI_STATE":0.8267359555595378,
    "CHANGE_NETWORK_STATE":0.8246007732971267,
    "WAKE_LOCK":0.8091279386324635,
    "ACCESS_COARSE_LOCATION":0.7398096393347714,
    "ACCESS_FINE_LOCATION":0.718377867988118,
    "GET_TASKS":0.6942526517475,
    "RECORD_AUDIO":0.6935854934421369,
    "MOUNT_UNMOUNT_FILESYSTEMS":0.637817124189313,
    "WRITE_SETTINGS":0.625215551404961,
    "SYSTEM_ALERT_WINDOW":0.6096420916239929,
    "CALL_PHONE":0.5640120474454313,
    "MODIFY_AUDIO_SETTINGS":0.5449828730538344,
    "READ_CONTACTS":0.5153742771877345,
    "RECEIVE_BOOT_COMPLETED":0.5114554113568538,
    "FOREGROUND_SERVICE":0.509583508508336,
    "BLUETOOTH":0.506964498631912,
    "FLASHLIGHT":0.471093712308657,
    "ACCESS_LOCATION_EXTRA_COMMANDS":0.4390590862412384,
    "READ_LOGS":0.3649879732309622,
    "BLUETOOTH_ADMIN":0.3566981177589546,
    "C2D_MESSAGE":0.3362298663615749,
    "REORDER_TASKS":0.32459319195274744,
    "WRITE_CONTACTS":0.32172193007243627,
    "QUERY_ALL_PACKAGES":0.2538247882392672,
    "READ_CALL_LOG":0.23359224773076573,
    "GET_ACCOUNTS":0.20805138773062784,
    "BROADCAST_STICKY":0.19646985037183037,
    "RESTART_PACKAGES":0.18892710192772902,
    "DISABLE_KEYGUARD":0.18196467093519325,
    "INSTALL_SHORTCUT":0.17735659197893763,
    "WRITE_CALL_LOG":0.1763627466521472,
    "ACCESS_BACKGROUND_LOCATION":0.17364862536442138,
    "PROCESS_OUTGOING_CALLS":0.15897527792519278,
    "CHANGE_CONFIGURATION":0.15847628762242144,
    "KILL_BACKGROUND_PROCESSES":0.13131439835140218,
    "REQUEST_IGNORE_BATTERY_OPTIMIZATIONS":0.1256697428545829,
    "READ_CALENDAR":0.12071292205688762,
    "UNINSTALL_SHORTCUT":0.11829378398682218,
    "MANAGE_ACCOUNTS":0.11164425575320652,
    "SEND_SMS":0.11160014611318254,
    "WRITE_CALENDAR":0.10300428001350853,
    "READ_SMS":0.1016106910740008,
    "CHANGE_WIFI_MULTICAST_STATE":0.09494462172537611,
    "USE_FINGERPRINT":0.09383498859352275,
    "NFC":0.07411246579779864,
    "RECEIVE_SMS":0.07411246579779862,
    "EXPAND_STATUS_BAR":0.07399392114023418,
    "USE_FULL_SCREEN_INTENT":0.06648425492615079,
    "READ_PROFILE":0.06370672603089052,
    "INSTALL_PACKAGES":0.06304508143053075,
    "USE_CREDENTIALS":0.06268393375283436,
    "READ_PRIVILEGED_PHONE_STATE":0.050143011723515256,
    "DEVICE_POWER":0.048874859572825696,
    "ACCESS_MOCK_LOCATION":0.0461469540225924,
    "PACKAGE_USAGE_STATS":0.04566588326108082,
    "AUTHENTICATE_ACCOUNTS":0.04511589118703175,
    "WRITE_SMS":0.040178368356846975,
    "ACCESS_NOTIFICATION_POLICY":0.039456073001454234,
    "MANAGE_EXTERNAL_STORAGE":0.03903978827372788,
    "WRITE_SYNC_SETTINGS":0.03533457851171317,
    "WRITE_MEDIA_STORAGE":0.03518708690288297,
    "RECEIVE_MMS":0.03361016727202552,
    "ANSWER_PHONE_CALLS":0.032828599587850546,
    "INTERACT_ACROSS_USERS":0.03178788776853465,
    "INTERACT_ACROSS_USERS_FULL":0.030628631291654315,
    "READ_PHONE_NUMBERS":0.030388785124023893,
    "USE_BIOMETRIC":0.029621001702356407,
    "USE_SIP":0.02839971604419234,
    "BATTERY_STATS":0.023969454074283383,
    "READ_SYNC_SETTINGS":0.0236331180691005,
    "WRITE_APN_SETTINGS":0.021506206364193994,
    "ACCESS_MEDIA_LOCATION":0.021219493704038094,
    "BIND_ACCESSIBILITY_SERVICE":0.021070623668957143,
    "SET_DEBUG_APP":0.019613627121914903,
    "READ_HISTORY_BOOKMARKS":0.01825312041242513,
    "MODIFY_PHONE_STATE":0.017417794104470922,
    "READ_MEDIA_AUDIO":0.01735576492318719,
    "READ_MEDIA_VIDEO":0.01735576492318719,
    "BLUETOOTH_CONNECT":0.017231706560619734,
    "BODY_SENSORS":0.01716829895308526,
    "REQUEST_DELETE_PACKAGES":0.016430840908934267,
    "SCHEDULE_EXACT_ALARM":0.013835264278772921,
    "GET_TOP_ACTIVITY_INFO":0.013624365062408243,
    "READ_SYNC_STATS":0.013252189974705874,
    "BIND_DEVICE_ADMIN":0.012124637301592769,
    "WRITE_GSERVICES":0.011438181028719506,
    "SET_ALARM":0.011068762793518636,
    "MANAGE_DOCUMENTS":0.011068762793518636,
    "SET_ACTIVITY_WATCHER":0.010192083698041941,
    "MOUNT_FORMAT_FILESYSTEMS":0.009378812210099726,
    "GET_PACKAGE_SIZE":0.008945986367364378,
    "UPDATE_APP_OPS_STATS":0.008945986367364378,
    "BROADCAST_SMS":0.008945986367364378,
    "LOCAL_MAC_ADDRESS":0.008945986367364378,
    "READ_PRECISE_PHONE_STATE":0.008458023474599048,
    "BLUETOOTH_SCAN":0.008416670687076562,
    "BLUETOOTH_ADVERTISE":0.008416670687076562,
    "WRITE_SECURE_SETTINGS":0.008416670687076562,
    "LOCATION_HARDWARE":0.00810514635440717,
    "ACCESS_CHECKIN_PROPERTIES":0.007946627335570977,
    "REAL_GET_TASKS":0.00718849289765874,
    "WRITE_HISTORY_BOOKMARKS":0.00573011792436575,
    "HARDWARE_TEST":0.00573011792436575,
    "SET_WALLPAPER":0.00573011792436575,
    "SET_WALLPAPER_HINTS":0.00573011792436575,
    "MANAGE_FINGERPRINT":0.005338644869152886,
    "RECEIVE_WAP_PUSH":0.004306203607341497,
    "ADD_VOICEMAIL":0.004306203607341497,
    "STOP_APP_SWITCHES":0.0032847897555361035,
    "PEERS_MAC_ADDRESS":0.002686552762710812,
    "REQUEST_COMPANION_RUN_IN_BACKGROUND":0.00237778528254292,
    "REQUEST_COMPANION_USE_DATA_IN_BACKGROUND":0.00237778528254292
}