{
    "INTERNET":1.0,
    "ACCESS_NETWORK_STATE":1.0,
    "ACCESS_WIFI_STATE":0.9977209181083567,
    "WRITE_EXTERNAL_STORAGE":0.9881518473295011,
    "REQUEST_INSTALL_PACKAGES":0.9856071560866523,
    "CHANGE_NETWORK_STATE":0.9781717405918589,
    "READ_EXTERNAL_STORAGE":0.9746375996378056,
    "WAKE_LOCK":0.9689654131624801,
    "READ_PHONE_STATE":0.9663718805306702,
    "CHANGE_WIFI_STATE":0.9602634142326005,
    "FOREGROUND_SERVICE":0.9398992989339957,
    "VIBRATE":0.9267873067266669,
    "BROADCAST_STICKY":0.09021553320802865,
    "CAMERA":0.09005858222777102,
    "RECORD_AUDIO":0.0895987048800231,
    "ACCESS_COARSE_LOCATION":0.07793055193513426,
    "GET_TASKS":0.07489141022650882,
    "WRITE_SETTINGS":0.07214092661444114,
    "ACCESS_FINE_LOCATION":0.07082330667178863,
    "SYSTEM_ALERT_WINDOW":0.06493984003073167,
    "REORDER_TASKS":0.06266240447804197,
    "RECEIVE_BOOT_COMPLETED":0.061438625855753284,
    "MOUNT_UNMOUNT_FILESYSTEMS":0.06132118701038567,
    "BLUETOOTH":0.048557121101949555,
    "MODIFY_AUDIO_SETTINGS":0.04825638985306426,
    "ACCESS_LOCATION_EXTRA_COMMANDS":0.048132365651881635,
    "FLASHLIGHT":0.03940786675630068,
    "QUERY_ALL_PACKAGES":0.034315740372347005,
    "GET_ACCOUNTS":0.031613549369589385,
    "CALL_PHONE":0.031226659715457756,
    "READ_LOGS":0.029833308180932657,
    "BLUETOOTH_ADMIN":0.027225507278190127,
    "CHANGE_CONFIGURATION":0.024341670210868586,
    "C2D_MESSAGE":0.024049719436403303,
    "READ_CONTACTS":0.02381045150845807,
    "KILL_BACKGROUND_PROCESSES":0.023510269039224027,
    "MANAGE_ACCOUNTS":0.022251368519255302,
    "ACCESS_BACKGROUND_LOCATION":0.021602162191825928,
    "RESTART_PACKAGES":0.020268078859635885,
    "USE_CREDENTIALS":0.01850484984016793,
    "DISABLE_KEYGUARD":0.0174945465022157,
    "NFC":0.01610174374734185,
    "INSTALL_SHORTCUT":0.015544732401322562,
    "READ_PRIVILEGED_PHONE_STATE":0.015299976676864821,
    "CHANGE_WIFI_MULTICAST_STATE":0.014492173030224043,
    "READ_CALENDAR":0.013405589320747988,
    "WRITE_CALENDAR":0.013405589320747988,
    "AUTHENTICATE_ACCOUNTS":0.011395409458217291,
    "PACKAGE_USAGE_STATS":0.011395409458217291,
    "USE_FINGERPRINT":0.010543154659825214,
    "REQUEST_IGNORE_BATTERY_OPTIMIZATIONS":0.010422423136550098,
    "ACCESS_MEDIA_LOCATION":0.010099740701614785,
    "UNINSTALL_SHORTCUT":0.009970228703919658,
    "EXPAND_STATUS_BAR":0.009637668235261836,
    "ACCESS_MOCK_LOCATION":0.008740962285118468,
    "RECEIVE_SMS":0.007247732854065771,
    "WRITE_CONTACTS":0.006837245674930373,
    "PROCESS_OUTGOING_CALLS":0.006837245674930373,
    "WRITE_SMS":0.006837245674930373,
    "SET_WALLPAPER":0.006837245674930373,
    "READ_SYNC_SETTINGS":0.006837245674930373,
    "WRITE_SYNC_SETTINGS":0.006837245674930373,
    "CLEAR_APP_CACHE":0.006837245674930373,
    "INSTALL_PACKAGES":0.006837245674930373,
    "REQUEST_DELETE_PACKAGES":0.006051393214339612,
    "READ_SMS":0.0049686509624223135,
    "USE_BIOMETRIC":0.0049686509624223135,
    "ACCESS_NOTIFICATION_POLICY":0.004601517375735708,
    "SEND_SMS":0.004558163783286916,
    "READ_CALL_LOG":0.004558163783286916,
    "CAPTURE_VIDEO_OUTPUT":0.004558163783286916,
    "USE_FULL_SCREEN_INTENT":0.0038612136261987405,
    "ACTIVITY_RECOGNITION":0.003585177461619723,
    "GET_PACKAGE_SIZE":0.003472128853462114,
    "BATTERY_STATS":0.003298165704015695,
    "INTERACT_ACROSS_USERS_FULL":0.003295421805759443,
    "SET_DEBUG_APP":0.0032767632976169244,
    "READ_MEDIA_AUDIO":0.0030210319801341765,
    "READ_MEDIA_VIDEO":0.0030210319801341765,
    "READ_HISTORY_BOOKMARKS":0.002628105749838796,
    "MANAGE_DOCUMENTS":0.002440423109111114,
    "RECEIVE_WAP_PUSH":0.002279081891643458,
    "RECEIVE_MMS":0.002279081891643458,
    "WRITE_CALL_LOG":0.002279081891643458,
    "READ_PHONE_NUMBERS":0.002279081891643458,
    "ANSWER_PHONE_CALLS":0.002279081891643458,
    "SET_ALARM":0.002279081891643458,
    "BLUETOOTH_CONNECT":0.002279081891643458,
    "MODIFY_PHONE_STATE":0.002279081891643458,
    "WRITE_MEDIA_STORAGE":0.002279081891643458,
    "READ_SYNC_STATS":0.002279081891643458,
    "WRITE_SECURE_SETTINGS":0.002279081891643458,
    "UPDATE_APP_OPS_STATS":0.002279081891643458,
    "DELETE_CACHE_FILES":0.002279081891643458,
    "DELETE_PACKAGES":0.002279081891643458,
    "CAPTURE_SECURE_VIDEO_OUTPUT":0.002279081891643458,
    "ACCESS_CHECKIN_PROPERTIES":0.002279081891643458,
    "BIND_NOTIFICATION_LISTENER_SERVICE":0.002279081891643458,
    "LOCAL_MAC_ADDRESS":0.002279081891643458,
    "INSTANT_APP_FOREGROUND_SERVICE":0.002279081891643458,
    "READ_PROFILE":0.002048045658466984,
    "MANAGE_EXTERNAL_STORAGE":0.0013060955699762651,
    "BODY_SENSORS":0.0013060955699762651,
    "READ_PRECISE_PHONE_STATE":0.0013060955699762651,
    "INTERACT_ACROSS_USERS":0.0011930469618186559,
    "DEVICE_POWER":0.0010163399141159845,
    "BLUETOOTH_PRIVILEGED":0.0004104871791353977
}