{
    "INTERNET":0.9840353973444292,
    "ACCESS_NETWORK_STATE":0.9840353973444292,
    "WRITE_EXTERNAL_STORAGE":0.9780517988325343,
    "ACCESS_WIFI_STATE":0.9760405860808681,
    "READ_EXTERNAL_STORAGE":0.943195268549829,
    "CAMERA":0.9143358090175469,
    "VIBRATE":0.9044029200114708,
    "READ_PHONE_STATE":0.8978996780134992,
    "CHANGE_WIFI_STATE":0.8759784213230896,
    "WAKE_LOCK":0.8718001027739342,
    "GET_TASKS":0.828881400035028,
    "ACCESS_FINE_LOCATION":0.8232211352478028,
    "ACCESS_COARSE_LOCATION":0.8123490387557812,
    "REQUEST_INSTALL_PACKAGES":0.8034766073824019,
    "CHANGE_NETWORK_STATE":0.7947061801007341,
    "SYSTEM_ALERT_WINDOW":0.7140883047497344,
    "WRITE_SETTINGS":0.7104007606040954,
    "RECORD_AUDIO":0.6946517137649713,
    "BLUETOOTH":0.6507861051181038,
    "MODIFY_AUDIO_SETTINGS":0.6491193967516511,
    "RECEIVE_BOOT_COMPLETED":0.6311108630508463,
    "FOREGROUND_SERVICE":0.557309940394968,
    "ACCESS_LOCATION_EXTRA_COMMANDS":0.550862511956612,
    "FLASHLIGHT":0.5446402623622225,
    "MOUNT_UNMOUNT_FILESYSTEMS":0.5384969215934966,
    "READ_LOGS":0.3522740176332359,
    "BLUETOOTH_ADMIN":0.3477973852309627,
    "CALL_PHONE":0.29309817220215306,
    "BROADCAST_STICKY":0.25539899959005924,
    "C2D_MESSAGE":0.2547484829297117,
    "USE_CREDENTIALS":0.24847234438121069,
    "ACCESS_BACKGROUND_LOCATION":0.24482136774014768,
    "MANAGE_ACCOUNTS":0.24290061144716885,
    "REORDER_TASKS":0.23308512337683598,
    "QUERY_ALL_PACKAGES":0.2324307575054805,
    "DISABLE_KEYGUARD":0.2065640595318976,
    "NFC":0.2029419519733944,
    "AUTHENTICATE_ACCOUNTS":0.1773370003483537,
    "GET_ACCOUNTS":0.17003119785521975,
    "READ_CONTACTS":0.12014349858637735,
    "READ_CALENDAR":0.11032223669953259,
    "WRITE_CALENDAR":0.11032223669953259,
    "RESTART_PACKAGES":0.10842842488360956,
    "READ_PRIVILEGED_PHONE_STATE":0.10257569954598565,
    "SET_DEBUG_APP":0.09151306710906938,
    "CHANGE_CONFIGURATION":0.08841445224765061,
    "MANAGE_EXTERNAL_STORAGE":0.07698806937048085,
    "USE_FINGERPRINT":0.06449930425511036,
    "CHANGE_WIFI_MULTICAST_STATE":0.06371983902599569,
    "INSTALL_PACKAGES":0.061123546201117464,
    "INTERACT_ACROSS_USERS_FULL":0.05573465078995436,
    "KILL_BACKGROUND_PROCESSES":0.0535540727539373,
    "BLUETOOTH_CONNECT":0.050665239892453084,
    "INSTALL_SHORTCUT":0.05040734275491885,
    "EXPAND_STATUS_BAR":0.045097356169419206,
    "REQUEST_IGNORE_BATTERY_OPTIMIZATIONS":0.043596163876309484,
    "USE_FULL_SCREEN_INTENT":0.042668504023387836,
    "BLUETOOTH_SCAN":0.03538194758529373,
    "WRITE_CONTACTS":0.03470833565889834,
    "PROCESS_OUTGOING_CALLS":0.03429454547554118,
    "UNINSTALL_SHORTCUT":0.03065319186199811,
    "ACCESS_MEDIA_LOCATION":0.0294426149999904,
    "INTERACT_ACROSS_USERS":0.02843604632140529,
    "WRITE_MEDIA_STORAGE":0.025308562377426704,
    "READ_PHONE_NUMBERS":0.025058363661908417,
    "SEND_SMS":0.022848916543331547,
    "RECEIVE_SMS":0.021902010635370027,
    "READ_PROFILE":0.021823101809706567,
    "SET_ALARM":0.0193942496636752,
    "READ_MEDIA_AUDIO":0.01857821692998479,
    "READ_MEDIA_VIDEO":0.01857821692998479,
    "ANSWER_PHONE_CALLS":0.01797196619622894,
    "USE_BIOMETRIC":0.01721752083866611,
    "ACCESS_MOCK_LOCATION":0.016957699095627884,
    "CAPTURE_AUDIO_OUTPUT":0.01601656700417833,
    "CAPTURE_VIDEO_OUTPUT":0.01601656700417833,
    "SET_WALLPAPER":0.01419973940841477,
    "GET_TOP_ACTIVITY_INFO":0.01309694045463032,
    "BLUETOOTH_ADVERTISE":0.013091166638118362,
    "WRITE_SYNC_SETTINGS":0.011695827647727915,
    "READ_CALL_LOG":0.011305132730418591,
    "SCHEDULE_EXACT_ALARM":0.010860548858997635,
    "MANAGE_DOCUMENTS":0.00906489192377793,
    "UPDATE_DEVICE_STATS":0.008221914713031702,
    "INTERNAL_SYSTEM_WINDOW":0.008221914713031702,
    "CAPTURE_SECURE_VIDEO_OUTPUT":0.008221914713031702,
    "REAL_GET_TASKS":0.008015981924105112,
    "PACKAGE_USAGE_STATS":0.008000585080073218,
    "SET_WALLPAPER_HINTS":0.007994811263561257,
    "READ_SYNC_SETTINGS":0.007994811263561257,
    "CLEAR_APP_CACHE":0.007994811263561257,
    "BIND_JOB_SERVICE":0.007994811263561257,
    "DEVICE_POWER":0.007994811263561257,
    "ACTIVITY_RECOGNITION":0.007794652291146628,
    "WRITE_APN_SETTINGS":0.006749591502481784,
    "HARDWARE_TEST":0.006204928144853513,
    "GET_PACKAGE_SIZE":0.006204928144853513,
    "WRITE_SMS":0.005912388108247516,
    "ACCESS_NOTIFICATION_POLICY":0.0056525663652092955,
    "SET_PREFERRED_APPLICATIONS":0.005102129191069064,
    "READ_SMS":0.003564369393383594,
    "INJECT_EVENTS":0.0026039912468941695,
    "BIND_ACCESSIBILITY_SERVICE":0.0026039912468941695,
    "OVERRIDE_WIFI_CONFIG":0.002505836366190842,
    "BODY_SENSORS":0.0023480187148639223,
    "MOUNT_FORMAT_FILESYSTEMS":0.0010489099996728178
}