{
    "INTERNET":0.9988009740401897,
    "ACCESS_NETWORK_STATE":0.9988009740401897,
    "ACCESS_WIFI_STATE":0.9908198171597681,
    "WRITE_EXTERNAL_STORAGE":0.9882780617543276,
    "READ_EXTERNAL_STORAGE":0.968726528898434,
    "CAMERA":0.9401519888899241,
    "READ_PHONE_STATE":0.9363393557817637,
    "VIBRATE":0.9194440920465733,
    "WAKE_LOCK":0.9164207054269395,
    "CHANGE_WIFI_STATE":0.8701066437040469,
    "ACCESS_COARSE_LOCATION":0.8578491854369991,
    "REQUEST_INSTALL_PACKAGES":0.8549492940004917,
    "ACCESS_FINE_LOCATION":0.8548493751705076,
    "CHANGE_NETWORK_STATE":0.8132067994202462,
    "GET_TASKS":0.8100677764018671,
    "RECORD_AUDIO":0.7774448397537732,
    "SYSTEM_ALERT_WINDOW":0.7676314634291472,
    "WRITE_SETTINGS":0.7441202259288245,
    "MOUNT_UNMOUNT_FILESYSTEMS":0.686782535086666,
    "MODIFY_AUDIO_SETTINGS":0.603390728655261,
    "FOREGROUND_SERVICE":0.5989404113287748,
    "BLUETOOTH":0.5870365983588616,
    "RECEIVE_BOOT_COMPLETED":0.5777957906105495,
    "ACCESS_LOCATION_EXTRA_COMMANDS":0.5379955384558388,
    "FLASHLIGHT":0.5352909939453682,
    "READ_LOGS":0.5185731142004867,
    "CALL_PHONE":0.4715730928695004,
    "READ_CONTACTS":0.3239267426573693,
    "BLUETOOTH_ADMIN":0.3126269334012931,
    "BROADCAST_STICKY":0.30591104080617654,
    "REORDER_TASKS":0.2777395441680524,
    "GET_ACCOUNTS":0.271296463659297,
    "C2D_MESSAGE":0.2652418316356488,
    "MANAGE_ACCOUNTS":0.22818878596376213,
    "KILL_BACKGROUND_PROCESSES":0.22395963728342036,
    "QUERY_ALL_PACKAGES":0.20338197172409386,
    "RESTART_PACKAGES":0.19804697981302838,
    "CHANGE_CONFIGURATION":0.19670200500043236,
    "ACCESS_BACKGROUND_LOCATION":0.18306252336585002,
    "DISABLE_KEYGUARD":0.17673732462280647,
    "CHANGE_WIFI_MULTICAST_STATE":0.16987885122535293,
    "USE_CREDENTIALS":0.15160493217307744,
    "INSTALL_SHORTCUT":0.14501365744457037,
    "WRITE_CONTACTS":0.10614298721375784,
    "READ_CALENDAR":0.09654404343437863,
    "WRITE_CALENDAR":0.09654404343437863,
    "SET_DEBUG_APP":0.08625128126252497,
    "BATTERY_STATS":0.0827473861121808,
    "INTERACT_ACROSS_USERS_FULL":0.08026513293133783,
    "NFC":0.07991710105161764,
    "INSTALL_PACKAGES":0.07774807656252283,
    "UNINSTALL_SHORTCUT":0.07361996939564829,
    "AUTHENTICATE_ACCOUNTS":0.07075937188104497,
    "PROCESS_OUTGOING_CALLS":0.06946940855911436,
    "USE_FINGERPRINT":0.0685106368646594,
    "SEND_SMS":0.06602164758291862,
    "REQUEST_IGNORE_BATTERY_OPTIMIZATIONS":0.06463962421538462,
    "EXPAND_STATUS_BAR":0.05435808887836063,
    "READ_SMS":0.05126846393323178,
    "READ_PRIVILEGED_PHONE_STATE":0.04825069073101291,
    "MANAGE_EXTERNAL_STORAGE":0.04721445387623314,
    "RECEIVE_SMS":0.04718077337174409,
    "GET_PACKAGE_SIZE":0.04331200608943522,
    "WRITE_APN_SETTINGS":0.0431570757687856,
    "BLUETOOTH_CONNECT":0.03719562647422377,
    "READ_PROFILE":0.036359227279412355,
    "CAPTURE_VIDEO_OUTPUT":0.03570582549232478,
    "WRITE_MEDIA_STORAGE":0.03265212641865093,
    "WRITE_SYNC_SETTINGS":0.030977082662062175,
    "PACKAGE_USAGE_STATS":0.030450544108550037,
    "ACCESS_NOTIFICATION_POLICY":0.028982074112827452,
    "SET_WALLPAPER":0.028683440306357885,
    "DEVICE_POWER":0.02855320902233355,
    "READ_MEDIA_AUDIO":0.02846788507762796,
    "READ_MEDIA_VIDEO":0.02846788507762796,
    "READ_PHONE_NUMBERS":0.02797278166163892,
    "ACCESS_MEDIA_LOCATION":0.027625872465401713,
    "WRITE_SMS":0.026854588912602468,
    "SCHEDULE_EXACT_ALARM":0.02484723084505509,
    "READ_CALL_LOG":0.02429262520446874,
    "CAPTURE_AUDIO_OUTPUT":0.024017567751141496,
    "CLEAR_APP_CACHE":0.023358552546639086,
    "MANAGE_DOCUMENTS":0.022225764912324038,
    "USE_BIOMETRIC":0.02087405399883017,
    "READ_HISTORY_BOOKMARKS":0.01878586272050908,
    "ACTIVITY_RECOGNITION":0.018562448707398378,
    "USE_FULL_SCREEN_INTENT":0.01730279783950791,
    "MOUNT_FORMAT_FILESYSTEMS":0.014780128053278073,
    "REAL_GET_TASKS":0.014523033535678322,
    "INTERACT_ACROSS_USERS":0.013555280373359624,
    "ACCESS_MOCK_LOCATION":0.013294817805310973,
    "BIND_NOTIFICATION_LISTENER_SERVICE":0.013158973103871803,
    "RECEIVE_MMS":0.011772459002405915,
    "WRITE_CALL_LOG":0.011772459002405915,
    "WRITE_HISTORY_BOOKMARKS":0.011772459002405915,
    "SET_ALARM":0.011772459002405915,
    "READ_SYNC_SETTINGS":0.011772459002405915,
    "READ_SYNC_STATS":0.011772459002405915,
    "REQUEST_DELETE_PACKAGES":0.010805828523570182,
    "DELETE_PACKAGES":0.01075867581728551,
    "CHANGE_COMPONENT_ENABLED_STATE":0.010186107240971664,
    "STATUS_BAR":0.009880737333604277,
    "STATUS_BAR_SERVICE":0.009880737333604277,
    "WRITE_SECURE_SETTINGS":0.009349708046160258,
    "GET_TOP_ACTIVITY_INFO":0.009349708046160258,
    "SET_WALLPAPER_HINTS":0.009147625019225957,
    "HIGH_SAMPLING_RATE_SENSORS":0.008304489723516741,
    "RECEIVE_WAP_PUSH":0.007097604979325786,
    "READ_CELL_BROADCASTS":0.007097604979325786,
    "ADD_VOICEMAIL":0.007097604979325786,
    "USE_SIP":0.007097604979325786,
    "BODY_SENSORS":0.007097604979325786,
    "WRITE_PROFILE":0.007097604979325786,
    "READ_SOCIAL_STREAM":0.007097604979325786,
    "WRITE_SOCIAL_STREAM":0.007097604979325786,
    "READ_USER_DICTIONARY":0.007097604979325786,
    "WRITE_USER_DICTIONARY":0.007097604979325786,
    "SUBSCRIBED_FEEDS_READ":0.007097604979325786,
    "SUBSCRIBED_FEEDS_WRITE":0.007097604979325786,
    "BIND_DIRECTORY_SEARCH":0.007097604979325786,
    "ACCOUNT_MANAGER":0.007097604979325786,
    "TRANSMIT_IR":0.007097604979325786,
    "GET_INTENT_SENDER_INTENT":0.007097604979325786,
    "SET_TIME_ZONE":0.007097604979325786,
    "PERSISTENT_ACTIVITY":0.007097604979325786,
    "UPDATE_APP_OPS_STATS":0.007097604979325786,
    "CLEAR_APP_USER_DATA":0.007097604979325786,
    "BIND_APPWIDGET":0.007097604979325786,
    "ACCESS_CACHE_FILESYSTEM":0.007097604979325786,
    "READ_INSTALL_SESSIONS":0.007097604979325786,
    "UPDATE_DEVICE_STATS":0.006612605714683467,
    "LOCATION_HARDWARE":0.0065935200954730065,
    "SIGNAL_PERSISTENT_PROCESSES":0.004674854023080129,
    "BIND_NFC_SERVICE":0.004674854023080129,
    "BROADCAST_WAP_PUSH":0.004674854023080129,
    "SET_PREFERRED_APPLICATIONS":0.003352332880143435,
    "BIND_VOICE_INTERACTION":0.003352332880143435,
    "STOP_APP_SWITCHES":0.0030368588214293346,
    "BLUETOOTH_SCAN":0.002557472974201857,
    "BLUETOOTH_ADVERTISE":0.002557472974201857,
    "LOCAL_MAC_ADDRESS":0.002391315818722544,
    "BLUETOOTH_PRIVILEGED":0.00208482322787219
}