{
    "INTERNET":1.0,
    "WRITE_EXTERNAL_STORAGE":0.9952143337297689,
    "ACCESS_NETWORK_STATE":0.9924117069134908,
    "ACCESS_WIFI_STATE":0.9924117069134908,
    "READ_EXTERNAL_STORAGE":0.9661668131754486,
    "REQUEST_INSTALL_PACKAGES":0.925339986555665,
    "READ_PHONE_STATE":0.8768912560111694,
    "VIBRATE":0.8642147991106058,
    "CAMERA":0.8598479755933607,
    "WAKE_LOCK":0.8301721909095612,
    "CHANGE_WIFI_STATE":0.8237085681782926,
    "CHANGE_NETWORK_STATE":0.8189280728062467,
    "ACCESS_FINE_LOCATION":0.7862169708878433,
    "ACCESS_COARSE_LOCATION":0.785415481669166,
    "GET_TASKS":0.7135322405501838,
    "RECORD_AUDIO":0.7124799627695332,
    "WRITE_SETTINGS":0.6691012978954445,
    "MOUNT_UNMOUNT_FILESYSTEMS":0.6533921092093697,
    "MODIFY_AUDIO_SETTINGS":0.6436320388851543,
    "SYSTEM_ALERT_WINDOW":0.6268317906820415,
    "BLUETOOTH":0.6136123894720515,
    "FOREGROUND_SERVICE":0.5145612492890016,
    "RECEIVE_BOOT_COMPLETED":0.47470396607890797,
    "FLASHLIGHT":0.4608149335539584,
    "ACCESS_LOCATION_EXTRA_COMMANDS":0.4597342158332904,
    "READ_LOGS":0.41701484047779097,
    "BLUETOOTH_ADMIN":0.39619421893582935,
    "CALL_PHONE":0.37815036971922045,
    "QUERY_ALL_PACKAGES":0.33348673664615563,
    "REORDER_TASKS":0.32400072392574597,
    "READ_CONTACTS":0.3182842959822123,
    "ACCESS_BACKGROUND_LOCATION":0.251879621490253,
    "C2D_MESSAGE":0.2224675526138892,
    "DISABLE_KEYGUARD":0.22226588758467364,
    "BROADCAST_STICKY":0.1892807280624646,
    "GET_ACCOUNTS":0.18862919489115273,
    "KILL_BACKGROUND_PROCESSES":0.1853172346036508,
    "CHANGE_WIFI_MULTICAST_STATE":0.18337556233517777,
    "CHANGE_CONFIGURATION":0.16016857128083162,
    "WRITE_CONTACTS":0.15863281451988223,
    "NFC":0.1491442163503802,
    "RESTART_PACKAGES":0.14857024665184354,
    "INTERACT_ACROSS_USERS_FULL":0.1380681524380786,
    "READ_CALENDAR":0.13687367495734018,
    "INSTALL_SHORTCUT":0.1270929210403848,
    "READ_PRIVILEGED_PHONE_STATE":0.12241067273385398,
    "INSTALL_PACKAGES":0.1208775014219971,
    "UNINSTALL_SHORTCUT":0.1197580019649414,
    "AUTHENTICATE_ACCOUNTS":0.11676146646672536,
    "WRITE_CALENDAR":0.11541444748952902,
    "MANAGE_ACCOUNTS":0.11515073168209328,
    "USE_CREDENTIALS":0.09995346191633495,
    "PROCESS_OUTGOING_CALLS":0.09904596928486487,
    "EXPAND_STATUS_BAR":0.09143699260561566,
    "SEND_SMS":0.09112156781632977,
    "READ_CALL_LOG":0.08833962459279185,
    "WRITE_SYNC_SETTINGS":0.0850302497543824,
    "READ_SMS":0.077873726666322,
    "REQUEST_IGNORE_BATTERY_OPTIMIZATIONS":0.07516159056828177,
    "CAPTURE_VIDEO_OUTPUT":0.0721572987227882,
    "SET_WALLPAPER":0.06692434975955329,
    "DEVICE_POWER":0.05884223589637525,
    "RECEIVE_SMS":0.056414499198510826,
    "ACCESS_NOTIFICATION_POLICY":0.05412120585345678,
    "USE_FULL_SCREEN_INTENT":0.045343606184394265,
    "ANSWER_PHONE_CALLS":0.04415171415274837,
    "MODIFY_PHONE_STATE":0.038652463932985194,
    "READ_SYNC_SETTINGS":0.038652463932985194,
    "WRITE_SMS":0.036227312684213274,
    "GET_TOP_ACTIVITY_INFO":0.035648172087491624,
    "USE_FINGERPRINT":0.03192771084337352,
    "READ_HISTORY_BOOKMARKS":0.030994363720978354,
    "READ_PROFILE":0.030273023424168804,
    "READ_PHONE_NUMBERS":0.028760535705051993,
    "BATTERY_STATS":0.02744454211696574,
    "BLUETOOTH_CONNECT":0.027160142716789928,
    "WRITE_MEDIA_STORAGE":0.026767154454728805,
    "CAPTURE_AUDIO_OUTPUT":0.025303790268369635,
    "CAPTURE_SECURE_VIDEO_OUTPUT":0.025303790268369635,
    "INTERACT_ACROSS_USERS":0.025094368891876537,
    "ACCESS_MOCK_LOCATION":0.02472206422255548,
    "BIND_NOTIFICATION_LISTENER_SERVICE":0.02388437871658309,
    "MOUNT_FORMAT_FILESYSTEMS":0.022728682972232295,
    "READ_MEDIA_AUDIO":0.021459227467811176,
    "READ_MEDIA_VIDEO":0.021459227467811176,
    "SCHEDULE_EXACT_ALARM":0.021435958425978608,
    "WRITE_CALL_LOG":0.02026733543616528,
    "MANAGE_EXTERNAL_STORAGE":0.019553751486633242,
    "USE_BIOMETRIC":0.01611510419359844,
    "SET_ALARM":0.015698846889704753,
    "READ_SYNC_STATS":0.0147680852164021,
    "PACKAGE_USAGE_STATS":0.0147680852164021,
    "WRITE_APN_SETTINGS":0.010838202595790897,
    "ACCESS_MEDIA_LOCATION":0.010729613733905588,
    "ACTIVITY_RECOGNITION":0.010729613733905588,
    "BLUETOOTH_SCAN":0.010729613733905588,
    "BLUETOOTH_ADVERTISE":0.010729613733905588,
    "BLUETOOTH_PRIVILEGED":0.010729613733905588,
    "SET_WALLPAPER_HINTS":0.010729613733905588,
    "SET_TIME_ZONE":0.010729613733905588,
    "SET_DEBUG_APP":0.010729613733905588,
    "LOCAL_MAC_ADDRESS":0.010729613733905588,
    "RECEIVE_MMS":0.008076942964993027,
    "RECEIVE_WAP_PUSH":0.004038471482496513,
    "ADD_VOICEMAIL":0.004038471482496513,
    "USE_SIP":0.004038471482496513,
    "BODY_SENSORS":0.004038471482496513,
    "LOCATION_HARDWARE":0.004038471482496513,
    "GET_PACKAGE_SIZE":0.004038471482496513,
    "REQUEST_DELETE_PACKAGES":0.004038471482496513,
    "READ_CLIPBOARD_IN_BACKGROUND":0.003658410465897929
}