{
    "INTERNET":1.0,
    "ACCESS_NETWORK_STATE":0.9763681684829338,
    "ACCESS_WIFI_STATE":0.9704880700818581,
    "WRITE_EXTERNAL_STORAGE":0.8386794001189917,
    "REQUEST_INSTALL_PACKAGES":0.8364650961536675,
    "READ_PHONE_STATE":0.7852777928019505,
    "VIBRATE":0.7037737819696261,
    "WAKE_LOCK":0.6774096233864818,
    "CHANGE_NETWORK_STATE":0.6522489010076975,
    "READ_EXTERNAL_STORAGE":0.611048579469686,
    "GET_TASKS":0.4893886861143701,
    "ACCESS_COARSE_LOCATION":0.4674200304752385,
    "CHANGE_WIFI_STATE":0.447261424950529,
    "CAMERA":0.39956459948561385,
    "REORDER_TASKS":0.385176985786304,
    "RECORD_AUDIO":0.3352644575538119,
    "QUERY_ALL_PACKAGES":0.3301928668545413,
    "ACCESS_FINE_LOCATION":0.325843058117436,
    "FOREGROUND_SERVICE":0.30800459926180546,
    "RECEIVE_BOOT_COMPLETED":0.3046344183686982,
    "WRITE_SETTINGS":0.2951584656444842,
    "MOUNT_UNMOUNT_FILESYSTEMS":0.28304204053542426,
    "SYSTEM_ALERT_WINDOW":0.2451895190544843,
    "MODIFY_AUDIO_SETTINGS":0.23915741747532987,
    "BLUETOOTH":0.23004002439511137,
    "READ_LOGS":0.17571940399833635,
    "FLASHLIGHT":0.1560680974237793,
    "KILL_BACKGROUND_PROCESSES":0.13688026066213704,
    "BLUETOOTH_ADMIN":0.13420948089515888,
    "ACCESS_LOCATION_EXTRA_COMMANDS":0.1159331969345715,
    "CHANGE_WIFI_MULTICAST_STATE":0.11527389480634052,
    "C2D_MESSAGE":0.11392078676098946,
    "GET_ACCOUNTS":0.10781081852312599,
    "DISABLE_KEYGUARD":0.10516521719668841,
    "CALL_PHONE":0.0831079707482473,
    "BROADCAST_STICKY":0.08118182004688786,
    "REQUEST_IGNORE_BATTERY_OPTIMIZATIONS":0.0724789387007552,
    "RESTART_PACKAGES":0.07184528128048225,
    "MANAGE_ACCOUNTS":0.06824569681800466,
    "READ_CONTACTS":0.06469553670177351,
    "INSTALL_SHORTCUT":0.06269897962038376,
    "USE_CREDENTIALS":0.0610567857762327,
    "ACCESS_BACKGROUND_LOCATION":0.05589520546540017,
    "CHANGE_CONFIGURATION":0.04548485283667773,
    "EXPAND_STATUS_BAR":0.03671436271501923,
    "READ_PRIVILEGED_PHONE_STATE":0.03647610006471794,
    "INTERACT_ACROSS_USERS":0.033871064003595866,
    "AUTHENTICATE_ACCOUNTS":0.03299914393302163,
    "READ_CALENDAR":0.026352968165125817,
    "ACCESS_MOCK_LOCATION":0.025917474397256116,
    "WRITE_CALENDAR":0.024909870508212847,
    "INTERACT_ACROSS_USERS_FULL":0.023370255495894058,
    "READ_CALL_LOG":0.0204476913235094,
    "WRITE_CONTACTS":0.01942609941194354,
    "UNINSTALL_SHORTCUT":0.019392528157889347,
    "NFC":0.01889035814932868,
    "USE_FULL_SCREEN_INTENT":0.01769111835172604,
    "INSTALL_PACKAGES":0.016865358755476317,
    "READ_PHONE_NUMBERS":0.01577615806838465,
    "ACCESS_NOTIFICATION_POLICY":0.013133820613869036,
    "GET_PACKAGE_SIZE":0.012716511275278694,
    "SET_DEBUG_APP":0.01266801946386708,
    "PROCESS_OUTGOING_CALLS":0.012661025452605786,
    "MANAGE_EXTERNAL_STORAGE":0.011315843953350882,
    "WRITE_MEDIA_STORAGE":0.010878485115811505,
    "RECEIVE_SMS":0.010816471549294727,
    "READ_MEDIA_AUDIO":0.010446255219863743,
    "READ_MEDIA_VIDEO":0.010446255219863743,
    "USE_FINGERPRINT":0.00990678381790952,
    "CAPTURE_AUDIO_OUTPUT":0.009589721974064346,
    "SCHEDULE_EXACT_ALARM":0.009070766338476576,
    "SET_WALLPAPER":0.008764894912649465,
    "READ_SMS":0.008099065040574595,
    "SEND_SMS":0.007736775257239737,
    "BIND_JOB_SERVICE":0.007563323777959729,
    "WRITE_APN_SETTINGS":0.007488254723755209,
    "REQUEST_DELETE_PACKAGES":0.0074085229953764955,
    "SET_ORIENTATION":0.004947563566237019,
    "ACCESS_MEDIA_LOCATION":0.004390840269838281,
    "PACKAGE_USAGE_STATS":0.0041134111564737515,
    "WRITE_HISTORY_BOOKMARKS":0.0041082822148821386,
    "CAPTURE_VIDEO_OUTPUT":0.004088232715933105,
    "BATTERY_STATS":0.0038961305399563217,
    "DEVICE_POWER":0.0038238590902563182,
    "ACTIVITY_RECOGNITION":0.0036779173886040523,
    "WRITE_SYNC_SETTINGS":0.0033636531492633923,
    "BLUETOOTH_PRIVILEGED":0.002971055983796276,
    "HARDWARE_TEST":0.0022898392869465647,
    "OVERRIDE_WIFI_CONFIG":0.0021476277246336548,
    "BODY_SENSORS":0.0019480652699781608,
    "READ_PROFILE":0.0019480652699781608,
    "REAL_GET_TASKS":0.0019480652699781608,
    "SET_WALLPAPER_HINTS":0.0019480652699781608,
    "UPDATE_APP_OPS_STATS":0.0019480652699781608,
    "STOP_APP_SWITCHES":0.0019480652699781608,
    "GET_TOP_ACTIVITY_INFO":0.0019480652699781608,
    "CLEAR_APP_CACHE":0.001729852118625892,
    "SET_ALARM":0.0016720349588658892,
    "MODIFY_PHONE_STATE":0.001130232219824572,
    "WRITE_SMS":0.0011129803253800549,
    "READ_SYNC_SETTINGS":0.0010738138623168274,
    "WRITE_SECURE_SETTINGS":0.0006345899551077733,
    "UPDATE_DEVICE_STATS":0.0006345899551077733,
    "PERSISTENT_ACTIVITY":0.0004825867770290561,
    "READ_HISTORY_BOOKMARKS":0.00045181312747937717
}