{
    "INTERNET":0.9934392512620307,
    "ACCESS_NETWORK_STATE":0.9934392512620307,
    "WRITE_EXTERNAL_STORAGE":0.9859477770069851,
    "READ_EXTERNAL_STORAGE":0.9721853230412832,
    "ACCESS_WIFI_STATE":0.9711538082973156,
    "CAMERA":0.7892646874707179,
    "WAKE_LOCK":0.7879063951551878,
    "READ_PHONE_STATE":0.7694155090997713,
    "REQUEST_INSTALL_PACKAGES":0.7579775066792552,
    "VIBRATE":0.6808729606914146,
    "CHANGE_NETWORK_STATE":0.5625172739348822,
    "CHANGE_WIFI_STATE":0.5397877284391762,
    "GET_TASKS":0.5048209534503376,
    "ACCESS_COARSE_LOCATION":0.5010823030653306,
    "FOREGROUND_SERVICE":0.4877371794922267,
    "ACCESS_FINE_LOCATION":0.48052996235364853,
    "RECORD_AUDIO":0.4692447186051398,
    "MOUNT_UNMOUNT_FILESYSTEMS":0.4016781406277432,
    "SYSTEM_ALERT_WINDOW":0.3683476157442218,
    "WRITE_SETTINGS":0.33844549940668184,
    "QUERY_ALL_PACKAGES":0.33411156265034675,
    "BLUETOOTH":0.3173490543529524,
    "FLASHLIGHT":0.29937392566951965,
    "REORDER_TASKS":0.2675678378427321,
    "MODIFY_AUDIO_SETTINGS":0.26377406834926886,
    "RECEIVE_BOOT_COMPLETED":0.24706982882367123,
    "MANAGE_EXTERNAL_STORAGE":0.19263340989639946,
    "READ_LOGS":0.1865222756002665,
    "ACCESS_LOCATION_EXTRA_COMMANDS":0.17157003630774384,
    "INSTALL_SHORTCUT":0.1659108787009526,
    "GET_ACCOUNTS":0.16542425571486707,
    "C2D_MESSAGE":0.14454198776828225,
    "CALL_PHONE":0.14112696529149724,
    "BLUETOOTH_ADMIN":0.13875526879620637,
    "READ_CONTACTS":0.1350811865096768,
    "BROADCAST_STICKY":0.12239355515887283,
    "DISABLE_KEYGUARD":0.10870669311333973,
    "MANAGE_ACCOUNTS":0.10299320381392725,
    "READ_PRIVILEGED_PHONE_STATE":0.09487494655415009,
    "USE_CREDENTIALS":0.09292451753063234,
    "USE_FINGERPRINT":0.08505272142723838,
    "UNINSTALL_SHORTCUT":0.08362592393405542,
    "RESTART_PACKAGES":0.08223298532178133,
    "KILL_BACKGROUND_PROCESSES":0.07599113999702348,
    "CHANGE_CONFIGURATION":0.07296825060611327,
    "READ_CALENDAR":0.06601064428725867,
    "WRITE_CALENDAR":0.06601064428725867,
    "CHANGE_WIFI_MULTICAST_STATE":0.06583898763520907,
    "EXPAND_STATUS_BAR":0.05962391444884428,
    "ACCESS_BACKGROUND_LOCATION":0.051613533158474466,
    "NFC":0.05060800313706462,
    "GET_PACKAGE_SIZE":0.04732054202556418,
    "WRITE_CONTACTS":0.04639847808267388,
    "REQUEST_DELETE_PACKAGES":0.044955932272789136,
    "AUTHENTICATE_ACCOUNTS":0.04426143150623982,
    "REQUEST_IGNORE_BATTERY_OPTIMIZATIONS":0.042747230855361903,
    "SCHEDULE_EXACT_ALARM":0.033647066049227625,
    "USE_BIOMETRIC":0.030546222490643496,
    "PACKAGE_USAGE_STATS":0.027870583483007926,
    "ACCESS_MEDIA_LOCATION":0.026939070550096544,
    "SEND_SMS":0.025446130126766043,
    "INSTALL_PACKAGES":0.024957144893175198,
    "READ_CALL_LOG":0.02236654679572934,
    "WRITE_APN_SETTINGS":0.020680689492801812,
    "PROCESS_OUTGOING_CALLS":0.020631082295191148,
    "READ_PHONE_NUMBERS":0.019722404421497374,
    "READ_MEDIA_AUDIO":0.019623190026276046,
    "READ_MEDIA_VIDEO":0.019623190026276046,
    "READ_SMS":0.01942239898832811,
    "WRITE_MEDIA_STORAGE":0.019420824156657933,
    "MANAGE_DOCUMENTS":0.017059364067223245,
    "WRITE_SYNC_SETTINGS":0.015655401633257907,
    "WRITE_USER_DICTIONARY":0.015541226337169867,
    "SET_ALARM":0.015201062696411019,
    "USE_FULL_SCREEN_INTENT":0.015131770102923105,
    "ACCESS_NOTIFICATION_POLICY":0.015109722459540589,
    "READ_SYNC_SETTINGS":0.014155374467411599,
    "READ_PROFILE":0.012678182360782898,
    "SET_WALLPAPER":0.011260833857621031,
    "INSTANT_APP_FOREGROUND_SERVICE":0.010793108851577615,
    "BLUETOOTH_CONNECT":0.010707280525552813,
    "RECEIVE_SMS":0.010323809013864019,
    "ACTIVITY_RECOGNITION":0.00946316350611073,
    "READ_SYNC_STATS":0.009383634506766646,
    "CLEAR_APP_CACHE":0.00937339810091048,
    "WRITE_SMS":0.009118275370341343,
    "READ_USER_DICTIONARY":0.009000162995077853,
    "SET_TIME_ZONE":0.0076505322537337205,
    "BATTERY_STATS":0.007502498076736815,
    "WRITE_CALL_LOG":0.007382810869803145,
    "SET_DEBUG_APP":0.0071780827526797646,
    "INTERACT_ACROSS_USERS":0.006934771259636978,
    "BLUETOOTH_SCAN":0.006826107874394568,
    "LOCAL_MAC_ADDRESS":0.006651301559004604,
    "TRANSMIT_IR":0.006541063342092014,
    "REAL_GET_TASKS":0.006100110474441656,
    "MODIFY_PHONE_STATE":0.005859948644739228,
    "BIND_ACCESSIBILITY_SERVICE":0.005837901001356711,
    "USE_SIP":0.00573159986361957,
    "READ_HISTORY_BOOKMARKS":0.0045725237543672,
    "WRITE_SECURE_SETTINGS":0.0045725237543672,
    "DUMP":0.003840227027733569,
    "CHANGE_COMPONENT_ENABLED_STATE":0.003785107919277274,
    "CAPTURE_VIDEO_OUTPUT":0.003785107919277274,
    "CAPTURE_SECURE_VIDEO_OUTPUT":0.003785107919277274,
    "DEVICE_POWER":0.0037543987017087666,
    "READ_SOCIAL_STREAM":0.0037488867908631375,
    "INTERACT_ACROSS_USERS_FULL":0.003567781148792455,
    "ANSWER_PHONE_CALLS":0.0032803743689846314,
    "LOCATION_HARDWARE":0.0032803743689846314,
    "ACCESS_MOCK_LOCATION":0.0032803743689846314,
    "GRANT_RUNTIME_PERMISSIONS":0.0032803743689846314,
    "STATUS_BAR":0.0029102889264923664,
    "STATUS_BAR_SERVICE":0.0029102889264923664,
    "CAPTURE_AUDIO_OUTPUT":0.0025779994440844178,
    "UPDATE_APP_OPS_STATS":0.0025575266323720793,
    "BROADCAST_SMS":0.0025575266323720793,
    "REQUEST_COMPANION_RUN_IN_BACKGROUND":0.0019063337367527106,
    "REQUEST_COMPANION_USE_DATA_IN_BACKGROUND":0.0019063337367527106,
    "MOUNT_FORMAT_FILESYSTEMS":0.0017945206881699411,
    "OVERRIDE_WIFI_CONFIG":0.001626801115295787,
    "INSTALL_LOCATION_PROVIDER":0.0013740406322319207,
    "HARDWARE_TEST":0.0013740406322319207,
    "INTERNAL_SYSTEM_WINDOW":0.0013740406322319207,
    "INJECT_EVENTS":0.0013740406322319207,
    "GET_TOP_ACTIVITY_INFO":0.0013590797313652121,
    "WRITE_PROFILE":0.0012921493853825683,
    "WRITE_HISTORY_BOOKMARKS":0.0012921493853825683,
    "HIDE_OVERLAY_WINDOWS":0.0008574958444129292,
    "BIND_AUTOFILL_SERVICE":0.0008574958444129292,
    "BLUETOOTH_PRIVILEGED":0.0008417475277111308
}