{
    "INTERNET":0.9914124625886385,
    "ACCESS_NETWORK_STATE":0.9914124625886385,
    "WRITE_EXTERNAL_STORAGE":0.9881794586270702,
    "READ_EXTERNAL_STORAGE":0.9659499691602054,
    "ACCESS_WIFI_STATE":0.9334626258946644,
    "READ_PHONE_STATE":0.8911272462340257,
    "REQUEST_INSTALL_PACKAGES":0.8491292415066373,
    "WAKE_LOCK":0.8336658787685604,
    "VIBRATE":0.814050527588162,
    "CHANGE_WIFI_STATE":0.77381183999735,
    "CAMERA":0.7600208634314544,
    "GET_TASKS":0.7143489905659198,
    "ACCESS_COARSE_LOCATION":0.701741930943697,
    "CHANGE_NETWORK_STATE":0.6669985221736048,
    "ACCESS_FINE_LOCATION":0.6648562948367143,
    "SYSTEM_ALERT_WINDOW":0.5969570022891818,
    "MOUNT_UNMOUNT_FILESYSTEMS":0.5464501119753609,
    "RECORD_AUDIO":0.5267561089700333,
    "READ_LOGS":0.5059030264394315,
    "MODIFY_AUDIO_SETTINGS":0.48023562430920885,
    "FOREGROUND_SERVICE":0.46215398371493244,
    "WRITE_SETTINGS":0.4508053532915788,
    "RECEIVE_BOOT_COMPLETED":0.37627447003158465,
    "ACCESS_LOCATION_EXTRA_COMMANDS":0.3454263963803599,
    "FLASHLIGHT":0.3136324310451169,
    "C2D_MESSAGE":0.2799860082543019,
    "BLUETOOTH":0.2727603892851375,
    "QUERY_ALL_PACKAGES":0.26812407118404086,
    "ACCESS_BACKGROUND_LOCATION":0.2071751162184201,
    "CALL_PHONE":0.2025843333843879,
    "REORDER_TASKS":0.17544324442917392,
    "RESTART_PACKAGES":0.13481750706831527,
    "BLUETOOTH_ADMIN":0.12697302242404918,
    "NFC":0.12664599641513255,
    "DISABLE_KEYGUARD":0.1066042695522227,
    "KILL_BACKGROUND_PROCESSES":0.08416987138356835,
    "READ_CONTACTS":0.08412847568623712,
    "READ_PRIVILEGED_PHONE_STATE":0.07359120093057524,
    "OVERRIDE_WIFI_CONFIG":0.062180476961224605,
    "GET_ACCOUNTS":0.061284260114003716,
    "CHANGE_WIFI_MULTICAST_STATE":0.06014173886766206,
    "BROADCAST_STICKY":0.05733097101887226,
    "INSTALL_SHORTCUT":0.05683422265089763,
    "CHANGE_CONFIGURATION":0.05260151259878046,
    "INSTALL_PACKAGES":0.046799905617810056,
    "UNINSTALL_SHORTCUT":0.04665502067715079,
    "SEND_SMS":0.0459864801652516,
    "REQUEST_IGNORE_BATTERY_OPTIMIZATIONS":0.04483774956431026,
    "READ_PHONE_NUMBERS":0.04358139015030775,
    "WRITE_USER_DICTIONARY":0.03722922039483214,
    "MANAGE_ACCOUNTS":0.036175699897752614,
    "INTERACT_ACROSS_USERS_FULL":0.035848673888835975,
    "EXPAND_STATUS_BAR":0.035788650127705705,
    "READ_SMS":0.034397754697376735,
    "SET_WALLPAPER":0.03314553485310735,
    "PACKAGE_USAGE_STATS":0.029308153710503316,
    "USE_CREDENTIALS":0.02854440309474232,
    "SET_ALARM":0.02624487210799308,
    "RECEIVE_SMS":0.025810217286015274,
    "WRITE_SMS":0.025810217286015274,
    "AUTHENTICATE_ACCOUNTS":0.025762612234084374,
    "READ_SYNC_SETTINGS":0.025762612234084374,
    "WRITE_SYNC_SETTINGS":0.025762612234084374,
    "USE_FULL_SCREEN_INTENT":0.025762612234084374,
    "ACCESS_NOTIFICATION_POLICY":0.025298980423974715,
    "MANAGE_EXTERNAL_STORAGE":0.02060263856174788,
    "READ_CALENDAR":0.020511568027619196,
    "WRITE_CONTACTS":0.019971354177446787,
    "WRITE_HISTORY_BOOKMARKS":0.019118602812423665,
    "USE_FINGERPRINT":0.017175074822722916,
    "USE_BIOMETRIC":0.017175074822722916,
    "SET_WALLPAPER_HINTS":0.017175074822722916,
    "READ_SYNC_STATS":0.017175074822722916,
    "STATUS_BAR":0.017175074822722916,
    "STATUS_BAR_SERVICE":0.017175074822722916,
    "WRITE_MEDIA_STORAGE":0.017158516543790428,
    "DELETE_PACKAGES":0.017158516543790428,
    "BATTERY_STATS":0.017158516543790428,
    "READ_MEDIA_AUDIO":0.014074537092614586,
    "READ_MEDIA_VIDEO":0.014074537092614586,
    "WRITE_CALENDAR":0.01192403061625774,
    "WRITE_APN_SETTINGS":0.011383816766085327,
    "SET_DEBUG_APP":0.0113693282720194,
    "CAPTURE_VIDEO_OUTPUT":0.010882928828377573,
    "BLUETOOTH_CONNECT":0.010764951090983597,
    "READ_HISTORY_BOOKMARKS":0.008587537411361458,
    "BLUETOOTH_PRIVILEGED":0.008587537411361458,
    "MANAGE_USB":0.008587537411361458,
    "HARDWARE_TEST":0.008587537411361458,
    "MODIFY_PHONE_STATE":0.008587537411361458,
    "INTERACT_ACROSS_USERS":0.008587537411361458,
    "BIND_JOB_SERVICE":0.008587537411361458,
    "GET_TOP_ACTIVITY_INFO":0.008587537411361458,
    "REQUEST_DELETE_PACKAGES":0.008587537411361458,
    "MEDIA_CONTENT_CONTROL":0.008587537411361458,
    "BIND_NOTIFICATION_LISTENER_SERVICE":0.008587537411361458,
    "ACCESS_MEDIA_LOCATION":0.0076519946516758995,
    "SCHEDULE_EXACT_ALARM":0.005484929896386567,
    "ACTIVITY_RECOGNITION":0.004632178531363447,
    "REAL_GET_TASKS":0.004632178531363447,
    "ADD_VOICEMAIL":0.0038291020031377917,
    "READ_VOICEMAIL":0.0038291020031377917,
    "WRITE_SECURE_SETTINGS":0.0027962793547238684,
    "UPDATE_DEVICE_STATS":0.0027962793547238684,
    "SET_ORIENTATION":0.0027962793547238684,
    "STOP_APP_SWITCHES":0.00220225109802087
}