{
    "INTERNET":0.9955687950259395,
    "ACCESS_NETWORK_STATE":0.9955687950259395,
    "ACCESS_WIFI_STATE":0.9838879423572191,
    "WRITE_EXTERNAL_STORAGE":0.9723998548873164,
    "READ_EXTERNAL_STORAGE":0.9066729085873905,
    "REQUEST_INSTALL_PACKAGES":0.8455687351609712,
    "READ_PHONE_STATE":0.8435584695161594,
    "VIBRATE":0.7915693362052556,
    "WAKE_LOCK":0.7681717118866687,
    "CHANGE_WIFI_STATE":0.7621540852453207,
    "ACCESS_COARSE_LOCATION":0.7230598661658761,
    "ACCESS_FINE_LOCATION":0.7141914697208975,
    "CHANGE_NETWORK_STATE":0.707766761293227,
    "CAMERA":0.6838782442323097,
    "GET_TASKS":0.5817306483495825,
    "FOREGROUND_SERVICE":0.520725850771001,
    "MOUNT_UNMOUNT_FILESYSTEMS":0.45657455044401846,
    "SYSTEM_ALERT_WINDOW":0.43493336430347695,
    "RECEIVE_BOOT_COMPLETED":0.42726106993066437,
    "WRITE_SETTINGS":0.42461264372082314,
    "QUERY_ALL_PACKAGES":0.42284183795031927,
    "REORDER_TASKS":0.4217810307071371,
    "RECORD_AUDIO":0.40883582990207296,
    "BLUETOOTH":0.33031813441601127,
    "FLASHLIGHT":0.31390794922971754,
    "MODIFY_AUDIO_SETTINGS":0.29899798015596024,
    "READ_LOGS":0.245437990069599,
    "ACCESS_LOCATION_EXTRA_COMMANDS":0.23344105036679264,
    "BLUETOOTH_ADMIN":0.2199738270357382,
    "CHANGE_WIFI_MULTICAST_STATE":0.1740478177423004,
    "C2D_MESSAGE":0.16034352913568156,
    "DISABLE_KEYGUARD":0.15478207355488952,
    "READ_CONTACTS":0.1531046571353654,
    "BROADCAST_STICKY":0.14555328999907804,
    "KILL_BACKGROUND_PROCESSES":0.1448133589874678,
    "RESTART_PACKAGES":0.13015362548236195,
    "CALL_PHONE":0.1277087401656823,
    "EXPAND_STATUS_BAR":0.12717354734660494,
    "PACKAGE_USAGE_STATS":0.1271256553717435,
    "INSTALL_SHORTCUT":0.12428566126245638,
    "REQUEST_IGNORE_BATTERY_OPTIMIZATIONS":0.12171146761365063,
    "CHANGE_CONFIGURATION":0.11615839312845942,
    "GET_ACCOUNTS":0.11215462403003781,
    "ACCESS_BACKGROUND_LOCATION":0.09936626944264516,
    "UNINSTALL_SHORTCUT":0.08145706544318634,
    "MANAGE_EXTERNAL_STORAGE":0.07183796229225359,
    "AUTHENTICATE_ACCOUNTS":0.06633996357815312,
    "USE_CREDENTIALS":0.06401480819862716,
    "WRITE_CONTACTS":0.06393818103884877,
    "WRITE_SYNC_SETTINGS":0.05855392576504436,
    "OVERRIDE_WIFI_CONFIG":0.05534157155120909,
    "NFC":0.04296748254636842,
    "MANAGE_ACCOUNTS":0.040754873307766996,
    "BATTERY_STATS":0.04044956196802492,
    "INTERACT_ACROSS_USERS_FULL":0.04021848318931817,
    "REQUEST_DELETE_PACKAGES":0.03922592201031353,
    "INSTALL_PACKAGES":0.03821180944262122,
    "READ_CALENDAR":0.037101912925205906,
    "WRITE_CALENDAR":0.037101912925205906,
    "INTERACT_ACROSS_USERS":0.0369426721087914,
    "CLEAR_APP_CACHE":0.03663376887093472,
    "READ_MEDIA_AUDIO":0.03371116110501153,
    "READ_MEDIA_VIDEO":0.03371116110501153,
    "GET_PACKAGE_SIZE":0.033202308872108066,
    "READ_PRIVILEGED_PHONE_STATE":0.031087878181972742,
    "LOCAL_MAC_ADDRESS":0.03074904245982761,
    "USE_FINGERPRINT":0.029567307980120038,
    "READ_CALL_LOG":0.028184427205994157,
    "ACCESS_NOTIFICATION_POLICY":0.026614767729908416,
    "READ_SMS":0.026554902761331534,
    "READ_PROFILE":0.026068799216487287,
    "ACCESS_MOCK_LOCATION":0.025115748916743393,
    "SET_WALLPAPER":0.025045108253822675,
    "READ_SYNC_SETTINGS":0.02353531374631381,
    "READ_SYNC_STATS":0.02353531374631381,
    "PROCESS_OUTGOING_CALLS":0.023504183962653833,
    "BLUETOOTH_CONNECT":0.022600222937142977,
    "WRITE_CALL_LOG":0.022577474249083764,
    "BODY_SENSORS":0.019190314327004007,
    "DELETE_PACKAGES":0.018681462094100546,
    "ACTIVITY_RECOGNITION":0.01845277791413687,
    "USE_FULL_SCREEN_INTENT":0.017194416274650893,
    "LOCATION_HARDWARE":0.016045008877974838,
    "STATUS_BAR":0.016045008877974838,
    "READ_PHONE_NUMBERS":0.015919292443963395,
    "USE_BIOMETRIC":0.014965044844847956,
    "REAL_GET_TASKS":0.014562752256011339,
    "BLUETOOTH_PRIVILEGED":0.014137710979115507,
    "WRITE_SECURE_SETTINGS":0.01401199454510406,
    "SEND_SMS":0.013898251104807994,
    "BIND_NOTIFICATION_LISTENER_SERVICE":0.012661440854009692,
    "ACCESS_MEDIA_LOCATION":0.011844882682621079,
    "CLEAR_APP_USER_DATA":0.011654512082546607,
    "READ_NETWORK_USAGE_HISTORY":0.011654512082546607,
    "MANAGE_APP_TOKENS":0.01130968986354379,
    "WRITE_GSERVICES":0.010859505299845668,
    "BIND_ACCESSIBILITY_SERVICE":0.009959136172449421,
    "ACCESS_CHECKIN_PROPERTIES":0.009937584783761746,
    "DEVICE_POWER":0.008887553234923306,
    "SET_DEBUG_APP":0.008857620750634867,
    "WRITE_SMS":0.008455328161798246,
    "CAPTURE_AUDIO_OUTPUT":0.00816917361200077,
    "BLUETOOTH_SCAN":0.006761149551072599,
    "READ_HISTORY_BOOKMARKS":0.0062379297257106866,
    "ANSWER_PHONE_CALLS":0.005606952956910392,
    "RECEIVE_SMS":0.005142400800753819,
    "SET_WALLPAPER_HINTS":0.004979568086224711,
    "STATUS_BAR_SERVICE":0.004979568086224711,
    "FORCE_BACK":0.004979568086224711,
    "HIDE_NON_SYSTEM_OVERLAY_WINDOWS":0.004979568086224711,
    "SCHEDULE_EXACT_ALARM":0.004979568086224711,
    "SET_VOLUME_KEY_LONG_PRESS_LISTENER":0.004979568086224711,
    "MANAGE_DOCUMENTS":0.003878052664410156,
    "CALL_PRIVILEGED":0.0037403632366833366,
    "ADD_VOICEMAIL":0.0035212574516919628,
    "READ_SOCIAL_STREAM":0.0035212574516919628,
    "BIND_VPN_SERVICE":0.00325306239246755,
    "SET_ALARM":0.0032123542138352726,
    "MODIFY_PHONE_STATE":0.0027238560702479483,
    "SET_TIME_ZONE":0.0027238560702479483,
    "FORCE_STOP_PACKAGES":0.0027238560702479483,
    "STOP_APP_SWITCHES":0.0027238560702479483,
    "POWER_SAVER":0.0027238560702479483,
    "MASTER_CLEAR":0.0027238560702479483,
    "WRITE_PROFILE":0.0019635709693215982,
    "READ_USER_DICTIONARY":0.0019635709693215982,
    "WRITE_USER_DICTIONARY":0.0019635709693215982,
    "WRITE_HISTORY_BOOKMARKS":0.0019635709693215982,
    "GET_TOP_ACTIVITY_INFO":0.0014619025326473604
}