{
    "INTERNET":0.9911168014402886,
    "ACCESS_NETWORK_STATE":0.9911168014402886,
    "ACCESS_WIFI_STATE":0.9799010409855758,
    "WRITE_EXTERNAL_STORAGE":0.9707304537699613,
    "READ_EXTERNAL_STORAGE":0.9635229287489013,
    "REQUEST_INSTALL_PACKAGES":0.9164489710269659,
    "VIBRATE":0.9161722263953556,
    "READ_PHONE_STATE":0.9083914446373885,
    "WAKE_LOCK":0.8549523603884157,
    "CHANGE_WIFI_STATE":0.8271151957131954,
    "CAMERA":0.8055671288200644,
    "CHANGE_NETWORK_STATE":0.8021351912731163,
    "ACCESS_FINE_LOCATION":0.7810265705257843,
    "GET_TASKS":0.7688330804110416,
    "ACCESS_COARSE_LOCATION":0.756825100433972,
    "WRITE_SETTINGS":0.6759791742061838,
    "RECORD_AUDIO":0.6305687254237081,
    "MOUNT_UNMOUNT_FILESYSTEMS":0.6286269512777388,
    "SYSTEM_ALERT_WINDOW":0.5841714235318086,
    "MODIFY_AUDIO_SETTINGS":0.552493286661821,
    "ACCESS_LOCATION_EXTRA_COMMANDS":0.5328048828701153,
    "FOREGROUND_SERVICE":0.5328018417203174,
    "FLASHLIGHT":0.47728413158446936,
    "RECEIVE_BOOT_COMPLETED":0.43109514845372726,
    "CALL_PHONE":0.41490406692962467,
    "BLUETOOTH":0.41312803544764193,
    "READ_LOGS":0.36866794597701485,
    "C2D_MESSAGE":0.36784987668137564,
    "QUERY_ALL_PACKAGES":0.28711191127141344,
    "ACCESS_BACKGROUND_LOCATION":0.2742965060229972,
    "BLUETOOTH_ADMIN":0.2698914005407164,
    "REORDER_TASKS":0.24576900034364987,
    "READ_CONTACTS":0.23647068483652298,
    "BROADCAST_STICKY":0.21406805485017774,
    "GET_ACCOUNTS":0.20630095826630132,
    "DISABLE_KEYGUARD":0.1761692460685536,
    "INSTALL_SHORTCUT":0.1556414849326233,
    "KILL_BACKGROUND_PROCESSES":0.14342974791909327,
    "CHANGE_CONFIGURATION":0.1365704345498946,
    "MANAGE_ACCOUNTS":0.13451765843630162,
    "RESTART_PACKAGES":0.11185653071713354,
    "NFC":0.11087728048220472,
    "EXPAND_STATUS_BAR":0.10654060087037708,
    "USE_CREDENTIALS":0.10094336466731343,
    "READ_CALENDAR":0.09470900758158644,
    "UNINSTALL_SHORTCUT":0.0887544362772677,
    "READ_MEDIA_AUDIO":0.08202741292427841,
    "READ_MEDIA_VIDEO":0.08202741292427841,
    "READ_SMS":0.07340727382208666,
    "WRITE_CALENDAR":0.07335405370062312,
    "READ_PHONE_NUMBERS":0.06923177514954854,
    "WRITE_CONTACTS":0.06544098192644675,
    "INSTALL_PACKAGES":0.0628848955212987,
    "READ_PRIVILEGED_PHONE_STATE":0.058723082022851196,
    "ACCESS_NOTIFICATION_POLICY":0.05764499441949012,
    "USE_FINGERPRINT":0.0567524169538019,
    "SEND_SMS":0.05100768498553933,
    "PROCESS_OUTGOING_CALLS":0.048439433981199605,
    "BLUETOOTH_CONNECT":0.04837556983544338,
    "AUTHENTICATE_ACCOUNTS":0.04720320658834692,
    "SET_WALLPAPER":0.04588638872584948,
    "INTERACT_ACROSS_USERS_FULL":0.04246357462829547,
    "USE_FULL_SCREEN_INTENT":0.0403256463203608,
    "READ_CALL_LOG":0.038470544943632286,
    "WRITE_CALL_LOG":0.038470544943632286,
    "PACKAGE_USAGE_STATS":0.03814362134035636,
    "INTERACT_ACROSS_USERS":0.034512488481645134,
    "RECEIVE_SMS":0.03217080313725013,
    "CHANGE_WIFI_MULTICAST_STATE":0.031375542465095205,
    "SET_DEBUG_APP":0.03005416287790088,
    "READ_PROFILE":0.026494497039440672,
    "WRITE_MEDIA_STORAGE":0.0256718660191045,
    "MODIFY_PHONE_STATE":0.025303886893556712,
    "GET_TOP_ACTIVITY_INFO":0.025101650431995325,
    "ACCESS_MEDIA_LOCATION":0.023993151330655094,
    "CLEAR_APP_CACHE":0.023733133022933308,
    "STATUS_BAR":0.022977407298151283,
    "STATUS_BAR_SERVICE":0.022977407298151283,
    "WRITE_APN_SETTINGS":0.018990459913083936,
    "USE_BIOMETRIC":0.018966130714700616,
    "BATTERY_STATS":0.018835361273390246,
    "DEVICE_POWER":0.01819519924092901,
    "USE_SIP":0.01808419727330509,
    "MANAGE_DOCUMENTS":0.017939742657904104,
    "SET_ALARM":0.017498775937206338,
    "REQUEST_IGNORE_BATTERY_OPTIMIZATIONS":0.01647542903020774,
    "SCHEDULE_EXACT_ALARM":0.01579725262527256,
    "GET_PACKAGE_SIZE":0.01510234989644885,
    "WRITE_USER_DICTIONARY":0.01392694549955447,
    "WRITE_SMS":0.012660306608722626,
    "WRITE_PROFILE":0.011865045936567698,
    "RECEIVE_MMS":0.01080672580689307,
    "WRITE_SYNC_SETTINGS":0.009153860891725943,
    "DELETE_PACKAGES":0.009044379499000983,
    "ACTIVITY_RECOGNITION":0.008940980405871853,
    "SET_WALLPAPER_HINTS":0.006330153304361313,
    "SET_TIME_ZONE":0.006330153304361313,
    "UPDATE_DEVICE_STATS":0.006330153304361313,
    "MANAGE_EXTERNAL_STORAGE":0.00474419368474833,
    "RECEIVE_WAP_PUSH":0.004476572502531757,
    "ADD_VOICEMAIL":0.004476572502531757,
    "BODY_SENSORS":0.004476572502531757,
    "READ_HISTORY_BOOKMARKS":0.004476572502531757,
    "MOUNT_FORMAT_FILESYSTEMS":0.003850095644161144,
    "CALL_PRIVILEGED":0.0036235299842164326,
    "LOCATION_HARDWARE":0.0029271066804937612,
    "READ_SYNC_SETTINGS":0.002823707587364631,
    "WRITE_SECURE_SETTINGS":0.0023827408666668693,
    "BLUETOOTH_PRIVILEGED":0.002061899562986774,
    "CAPTURE_AUDIO_OUTPUT":0.002061899562986774,
    "CAPTURE_VIDEO_OUTPUT":0.002061899562986774,
    "UPDATE_APP_OPS_STATS":0.0016239739920869284
}