{
    "INTERNET":1.0,
    "ACCESS_NETWORK_STATE":1.0,
    "WRITE_EXTERNAL_STORAGE":0.9899920119507011,
    "ACCESS_WIFI_STATE":0.9570624250366221,
    "READ_EXTERNAL_STORAGE":0.9398965656214633,
    "REQUEST_INSTALL_PACKAGES":0.9392377325523872,
    "READ_PHONE_STATE":0.8399759634528641,
    "WAKE_LOCK":0.8268548081540845,
    "CHANGE_NETWORK_STATE":0.8005569914737828,
    "CAMERA":0.7342923819108087,
    "VIBRATE":0.6817039884740409,
    "RECORD_AUDIO":0.6385371492558563,
    "ACCESS_COARSE_LOCATION":0.6242165799082458,
    "GET_TASKS":0.5686380979272095,
    "CHANGE_WIFI_STATE":0.5527271586436241,
    "SYSTEM_ALERT_WINDOW":0.5304233666128495,
    "ACCESS_FINE_LOCATION":0.5279810989721718,
    "MODIFY_AUDIO_SETTINGS":0.49871974013500014,
    "WRITE_SETTINGS":0.4436818391337188,
    "QUERY_ALL_PACKAGES":0.4334638932931756,
    "FOREGROUND_SERVICE":0.4257485477919436,
    "MOUNT_UNMOUNT_FILESYSTEMS":0.40361127400939717,
    "BLUETOOTH":0.3418885099995412,
    "RECEIVE_BOOT_COMPLETED":0.3060122740842098,
    "ACCESS_LOCATION_EXTRA_COMMANDS":0.28139170642591493,
    "C2D_MESSAGE":0.23057709432896756,
    "REORDER_TASKS":0.22528953662074125,
    "READ_LOGS":0.20580931488600726,
    "ACCESS_BACKGROUND_LOCATION":0.1978791849776406,
    "BLUETOOTH_ADMIN":0.1698413732687531,
    "CALL_PHONE":0.1682751364122315,
    "FLASHLIGHT":0.16132239622172498,
    "GET_ACCOUNTS":0.1529409777275809,
    "READ_CONTACTS":0.14415653680656607,
    "BROADCAST_STICKY":0.11482277873103434,
    "DISABLE_KEYGUARD":0.11374644338741549,
    "KILL_BACKGROUND_PROCESSES":0.08821123201783912,
    "READ_PRIVILEGED_PHONE_STATE":0.08466125603025318,
    "NFC":0.0845043910138065,
    "INSTALL_SHORTCUT":0.08432097960996113,
    "CHANGE_CONFIGURATION":0.08412067505049842,
    "EXPAND_STATUS_BAR":0.07378447712063399,
    "MANAGE_ACCOUNTS":0.07352625317048327,
    "UNINSTALL_SHORTCUT":0.06316350885322017,
    "WRITE_CONTACTS":0.06209924004932798,
    "ACCESS_NOTIFICATION_POLICY":0.05849134467105403,
    "READ_CALENDAR":0.054622812034684026,
    "WRITE_CALENDAR":0.054622812034684026,
    "RESTART_PACKAGES":0.05432114854151732,
    "READ_PHONE_NUMBERS":0.050971477113394066,
    "INSTALL_PACKAGES":0.050025460398823246,
    "CHANGE_WIFI_MULTICAST_STATE":0.04870779426067102,
    "PROCESS_OUTGOING_CALLS":0.04630172623917327,
    "WRITE_APN_SETTINGS":0.04350228902258613,
    "REQUEST_IGNORE_BATTERY_OPTIMIZATIONS":0.04229322174197392,
    "USE_FINGERPRINT":0.038243691009703894,
    "AUTHENTICATE_ACCOUNTS":0.03229971354034687,
    "BLUETOOTH_CONNECT":0.031218551580837355,
    "READ_CALL_LOG":0.030023964147897146,
    "USE_CREDENTIALS":0.030023964147897146,
    "CAPTURE_VIDEO_OUTPUT":0.030023964147897146,
    "INTERACT_ACROSS_USERS":0.030009484300225146,
    "READ_PROFILE":0.02979952650898111,
    "RECEIVE_SMS":0.02790507977189412,
    "READ_SMS":0.02790507977189412,
    "BATTERY_STATS":0.026285750140575173,
    "READ_MEDIA_AUDIO":0.02497773723420428,
    "READ_MEDIA_VIDEO":0.02497773723420428,
    "BODY_SENSORS":0.023329447907541333,
    "READ_SYNC_SETTINGS":0.022291725491047822,
    "WRITE_SYNC_SETTINGS":0.022291725491047822,
    "MANAGE_EXTERNAL_STORAGE":0.021299855925515653,
    "INTERACT_ACROSS_USERS_FULL":0.0200159760985981,
    "WRITE_MEDIA_STORAGE":0.01979153845968206,
    "ACCESS_MEDIA_LOCATION":0.015382424843557303,
    "ACTIVITY_RECOGNITION":0.011291867876216602,
    "SCHEDULE_EXACT_ALARM":0.011291867876216602,
    "USE_BIOMETRIC":0.010338611237809773,
    "ACCESS_MOCK_LOCATION":0.010338611237809773,
    "SEND_SMS":0.01000798804929905,
    "SET_ALARM":0.01000798804929905,
    "BLUETOOTH_SCAN":0.01000798804929905,
    "BLUETOOTH_ADVERTISE":0.01000798804929905,
    "MANAGE_DOCUMENTS":0.01000798804929905,
    "INJECT_EVENTS":0.01000798804929905,
    "CAPTURE_AUDIO_OUTPUT":0.01000798804929905,
    "PACKAGE_USAGE_STATS":0.01000798804929905,
    "LOCAL_MAC_ADDRESS":0.01000798804929905,
    "USE_FULL_SCREEN_INTENT":0.01000798804929905,
    "GET_PACKAGE_SIZE":0.008415204805378777,
    "WRITE_HISTORY_BOOKMARKS":0.00788910367329602,
    "MOUNT_FORMAT_FILESYSTEMS":0.0037671737026659788
}