{
    "WRITE_EXTERNAL_STORAGE":0.9756965461198042,
    "INTERNET":0.9756965461198042,
    "ACCESS_NETWORK_STATE":0.9756965461198042,
    "ACCESS_WIFI_STATE":0.9542624245229473,
    "READ_EXTERNAL_STORAGE":0.9188104628002588,
    "READ_PHONE_STATE":0.8963835941214294,
    "REQUEST_INSTALL_PACKAGES":0.8550044715506753,
    "VIBRATE":0.8076165064099208,
    "WAKE_LOCK":0.8022862504529149,
    "ACCESS_COARSE_LOCATION":0.7137390750696917,
    "ACCESS_FINE_LOCATION":0.6691638933278602,
    "CAMERA":0.6438320875125403,
    "CHANGE_NETWORK_STATE":0.6403260566787375,
    "GET_TASKS":0.6249154384737667,
    "CHANGE_WIFI_STATE":0.6054584334283496,
    "MOUNT_UNMOUNT_FILESYSTEMS":0.5688377947610601,
    "RECORD_AUDIO":0.551818674954918,
    "WRITE_SETTINGS":0.5429719161484765,
    "SYSTEM_ALERT_WINDOW":0.5259150970860571,
    "RECEIVE_BOOT_COMPLETED":0.49282981089634187,
    "FOREGROUND_SERVICE":0.4519659114947129,
    "BLUETOOTH":0.43223035083346795,
    "READ_LOGS":0.41746061998521367,
    "ACCESS_LOCATION_EXTRA_COMMANDS":0.36364283724602753,
    "MODIFY_AUDIO_SETTINGS":0.35352268133865883,
    "FLASHLIGHT":0.3468247801400319,
    "QUERY_ALL_PACKAGES":0.3410232834795576,
    "CALL_PHONE":0.32396227561088514,
    "REORDER_TASKS":0.29216504734398274,
    "BLUETOOTH_ADMIN":0.29003922817055994,
    "C2D_MESSAGE":0.2751543051503469,
    "READ_CONTACTS":0.2609961400150379,
    "RESTART_PACKAGES":0.24859727350600996,
    "ACCESS_BACKGROUND_LOCATION":0.18947017884108305,
    "GET_ACCOUNTS":0.17532039131828023,
    "CHANGE_CONFIGURATION":0.1626513468059306,
    "BROADCAST_STICKY":0.15661527699528555,
    "DISABLE_KEYGUARD":0.13121016707053748,
    "KILL_BACKGROUND_PROCESSES":0.12718053545510338,
    "INSTALL_SHORTCUT":0.126141711504347,
    "READ_CALENDAR":0.11106200899336705,
    "WRITE_CALENDAR":0.11106200899336705,
    "MANAGE_ACCOUNTS":0.1011135941423734,
    "REQUEST_IGNORE_BATTERY_OPTIMIZATIONS":0.09760546890544401,
    "WRITE_CONTACTS":0.09355279885561817,
    "INSTALL_PACKAGES":0.0879314208640251,
    "UNINSTALL_SHORTCUT":0.08301376232294443,
    "EXPAND_STATUS_BAR":0.07099817158607058,
    "READ_PRIVILEGED_PHONE_STATE":0.0694064252099116,
    "INTERACT_ACROSS_USERS_FULL":0.06919489049413256,
    "READ_SMS":0.06194197246697652,
    "USE_FINGERPRINT":0.05779714867958358,
    "NFC":0.05742015611680908,
    "WRITE_SYNC_SETTINGS":0.05525873209023529,
    "MANAGE_EXTERNAL_STORAGE":0.05498017647440746,
    "PACKAGE_USAGE_STATS":0.05336748606698323,
    "SEND_SMS":0.05155163855628607,
    "ACCESS_NOTIFICATION_POLICY":0.051239572490433836,
    "USE_CREDENTIALS":0.048831008894930104,
    "READ_MEDIA_AUDIO":0.04609362400856194,
    "READ_MEDIA_VIDEO":0.04609362400856194,
    "WRITE_MEDIA_STORAGE":0.04147337071144782,
    "AUTHENTICATE_ACCOUNTS":0.04134980092698285,
    "RECEIVE_SMS":0.03842391975922744,
    "READ_SYNC_SETTINGS":0.03514617886621583,
    "GET_PACKAGE_SIZE":0.03355233808693031,
    "WRITE_SECURE_SETTINGS":0.03347065636499584,
    "CHANGE_WIFI_MULTICAST_STATE":0.030335334884587933,
    "BATTERY_STATS":0.0270973876509803,
    "USE_FULL_SCREEN_INTENT":0.0266868846381814,
    "READ_PROFILE":0.02604809168459128,
    "READ_PHONE_NUMBERS":0.0227975780322245,
    "INTERACT_ACROSS_USERS":0.02104875142157613,
    "BLUETOOTH_PRIVILEGED":0.020112553224019464,
    "UPDATE_APP_OPS_STATS":0.020112553224019464,
    "LOCAL_MAC_ADDRESS":0.020112553224019464,
    "SET_TIME_ZONE":0.019419305789139692,
    "ACCESS_MOCK_LOCATION":0.019346001679711317,
    "MOUNT_FORMAT_FILESYSTEMS":0.019346001679711317,
    "BIND_REMOTEVIEWS":0.019346001679711317,
    "SCHEDULE_EXACT_ALARM":0.01840980348215465,
    "DEVICE_POWER":0.01840980348215465,
    "ACTIVITY_RECOGNITION":0.017375168337651303,
    "BIND_NOTIFICATION_LISTENER_SERVICE":0.017375168337651303,
    "ACCESS_MEDIA_LOCATION":0.01736050751576563,
    "BLUETOOTH_CONNECT":0.01736050751576563,
    "SET_ALARM":0.015831593233402386,
    "SET_DEBUG_APP":0.014080672219627496,
    "PROCESS_OUTGOING_CALLS":0.013439784862910848,
    "CLEAR_APP_CACHE":0.013439784862910848,
    "READ_CALL_LOG":0.012277391127689483,
    "WRITE_SMS":0.008687584168825651,
    "LOCATION_HARDWARE":0.008687584168825651,
    "SET_WALLPAPER":0.008687584168825651,
    "SET_WALLPAPER_HINTS":0.008687584168825651,
    "READ_SYNC_STATS":0.008687584168825651,
    "WRITE_APN_SETTINGS":0.008687584168825651,
    "REQUEST_DELETE_PACKAGES":0.008687584168825651,
    "STATUS_BAR":0.007552417674249108,
    "STATUS_BAR_SERVICE":0.007552417674249108,
    "REAL_GET_TASKS":0.005437070516458869,
    "MEDIA_CONTENT_CONTROL":0.0036735830839248296,
    "ANSWER_PHONE_CALLS":0.0032379472336076316,
    "CAPTURE_AUDIO_OUTPUT":0.0032379472336076316,
    "CAPTURE_VIDEO_OUTPUT":0.0032379472336076316,
    "CAPTURE_SECURE_VIDEO_OUTPUT":0.0032379472336076316
}