{
    "INTERNET":0.990070392542506,
    "ACCESS_NETWORK_STATE":0.990070392542506,
    "ACCESS_WIFI_STATE":0.9702327117159798,
    "WRITE_EXTERNAL_STORAGE":0.9575467409353453,
    "READ_EXTERNAL_STORAGE":0.9293514411090535,
    "READ_PHONE_STATE":0.8188073943274428,
    "VIBRATE":0.8017906790894431,
    "WAKE_LOCK":0.7870876820228645,
    "CAMERA":0.7827401888300292,
    "REQUEST_INSTALL_PACKAGES":0.7222700757521379,
    "ACCESS_COARSE_LOCATION":0.6986543587387722,
    "CHANGE_WIFI_STATE":0.6740385029501701,
    "GET_TASKS":0.668121413976102,
    "ACCESS_FINE_LOCATION":0.6581224189002302,
    "RECORD_AUDIO":0.6290394360940034,
    "CHANGE_NETWORK_STATE":0.6184422718941862,
    "WRITE_SETTINGS":0.5508539462413444,
    "MOUNT_UNMOUNT_FILESYSTEMS":0.5392255384718453,
    "SYSTEM_ALERT_WINDOW":0.5063118805958722,
    "FOREGROUND_SERVICE":0.4270568643495986,
    "MODIFY_AUDIO_SETTINGS":0.4236161955486647,
    "BLUETOOTH":0.41059285738212475,
    "RECEIVE_BOOT_COMPLETED":0.3932172406697581,
    "ACCESS_LOCATION_EXTRA_COMMANDS":0.3515081039952914,
    "FLASHLIGHT":0.3105526604169958,
    "CALL_PHONE":0.2750955874260066,
    "READ_LOGS":0.27141325829899854,
    "BLUETOOTH_ADMIN":0.2549253245665668,
    "GET_ACCOUNTS":0.2534610065511484,
    "REORDER_TASKS":0.25081949169980533,
    "CHANGE_CONFIGURATION":0.23080236013609554,
    "C2D_MESSAGE":0.2292231936488797,
    "MANAGE_ACCOUNTS":0.18183384297342703,
    "READ_CONTACTS":0.17517023893267497,
    "QUERY_ALL_PACKAGES":0.14323997109646802,
    "RESTART_PACKAGES":0.13692809050059584,
    "DISABLE_KEYGUARD":0.12733345775251118,
    "BROADCAST_STICKY":0.1146020261184567,
    "ACCESS_BACKGROUND_LOCATION":0.11107761364017024,
    "INSTALL_SHORTCUT":0.09826243832876337,
    "CHANGE_WIFI_MULTICAST_STATE":0.0960109297462328,
    "KILL_BACKGROUND_PROCESSES":0.09434084155217715,
    "SET_DEBUG_APP":0.08911284340889411,
    "USE_CREDENTIALS":0.0838680965301406,
    "BLUETOOTH_CONNECT":0.07042364730034315,
    "WRITE_CONTACTS":0.06999057285460666,
    "SEND_SMS":0.0654971263955286,
    "REQUEST_IGNORE_BATTERY_OPTIMIZATIONS":0.062290939891181105,
    "EXPAND_STATUS_BAR":0.060733307492427224,
    "READ_SMS":0.059974829043264406,
    "UNINSTALL_SHORTCUT":0.05924267003555521,
    "NFC":0.0546654798991248,
    "READ_PRIVILEGED_PHONE_STATE":0.048047336711792565,
    "READ_CALENDAR":0.045618770068574135,
    "WRITE_CALENDAR":0.045618770068574135,
    "USE_FINGERPRINT":0.043546712223227174,
    "SET_ALARM":0.04328351780869119,
    "BATTERY_STATS":0.04223313282704301,
    "RECEIVE_SMS":0.03561020428671924,
    "INTERACT_ACROSS_USERS":0.03535658057816637,
    "DEVICE_POWER":0.03252365160716082,
    "SCHEDULE_EXACT_ALARM":0.02929832369084707,
    "AUTHENTICATE_ACCOUNTS":0.028023027118595414,
    "PROCESS_OUTGOING_CALLS":0.027908178646797895,
    "READ_CALL_LOG":0.02542458044417648,
    "CAPTURE_AUDIO_OUTPUT":0.024692421436467275,
    "CAPTURE_VIDEO_OUTPUT":0.024692421436467275,
    "INSTALL_PACKAGES":0.024288059108680163,
    "WRITE_GSERVICES":0.022388273971029486,
    "CONTROL_LOCATION_UPDATES":0.022388273971029486,
    "SET_WALLPAPER":0.020780395365864176,
    "ACCESS_MEDIA_LOCATION":0.019859214914988214,
    "USE_FULL_SCREEN_INTENT":0.01983768082652618,
    "ACTIVITY_RECOGNITION":0.018868646845734586,
    "READ_PROFILE":0.01815084389700007,
    "DELETE_PACKAGES":0.016952112972613433,
    "WRITE_SMS":0.014045011030238653,
    "WRITE_SYNC_SETTINGS":0.0139995501768188,
    "MANAGE_DOCUMENTS":0.013788994645190011,
    "WRITE_SECURE_SETTINGS":0.013721999703308122,
    "MANAGE_EXTERNAL_STORAGE":0.013264998492613816,
    "WRITE_MEDIA_STORAGE":0.012475415249005849,
    "PACKAGE_USAGE_STATS":0.011092448234444021,
    "REQUEST_DELETE_PACKAGES":0.010759866201530362,
    "READ_USER_DICTIONARY":0.009929607457494107,
    "WRITE_USER_DICTIONARY":0.009929607457494107,
    "BLUETOOTH_PRIVILEGED":0.009929607457494107,
    "INTERACT_ACROSS_USERS_FULL":0.009929607457494107,
    "READ_SYNC_STATS":0.009929607457494107,
    "GET_TOP_ACTIVITY_INFO":0.009929607457494107,
    "READ_PHONE_NUMBERS":0.008070497820271716,
    "WRITE_CALL_LOG":0.007022505515119327,
    "FORCE_STOP_PACKAGES":0.007022505515119327,
    "MEDIA_CONTENT_CONTROL":0.007022505515119327,
    "INSTALL_LOCATION_PROVIDER":0.00442884419369195,
    "MODIFY_PHONE_STATE":0.00442884419369195,
    "READ_MEDIA_AUDIO":0.0040699427193246936,
    "READ_MEDIA_VIDEO":0.0040699427193246936,
    "READ_HISTORY_BOOKMARKS":0.0037373606864110356,
    "MOUNT_FORMAT_FILESYSTEMS":0.002545807791511742,
    "BIND_JOB_SERVICE":0.002545807791511742,
    "WRITE_APN_SETTINGS":0.0023017547889420077
}