{
    "INTERNET":1.0,
    "ACCESS_NETWORK_STATE":0.98776529467688,
    "WRITE_EXTERNAL_STORAGE":0.9769993757010412,
    "ACCESS_WIFI_STATE":0.9769993757010412,
    "READ_EXTERNAL_STORAGE":0.9483243660516072,
    "READ_PHONE_STATE":0.9012014516893633,
    "WAKE_LOCK":0.8846057202363528,
    "VIBRATE":0.8823947693590962,
    "ACCESS_COARSE_LOCATION":0.8319586667461073,
    "REQUEST_INSTALL_PACKAGES":0.8227146383858379,
    "ACCESS_FINE_LOCATION":0.8013317514305773,
    "CHANGE_WIFI_STATE":0.8012708758059546,
    "CAMERA":0.7879546567262385,
    "CHANGE_NETWORK_STATE":0.7636018164250208,
    "GET_TASKS":0.7268912243253816,
    "SYSTEM_ALERT_WINDOW":0.6513380980382509,
    "WRITE_SETTINGS":0.6281133996316378,
    "RECORD_AUDIO":0.5839798670061888,
    "BLUETOOTH":0.5674411254996338,
    "MOUNT_UNMOUNT_FILESYSTEMS":0.5386029173671685,
    "ACCESS_LOCATION_EXTRA_COMMANDS":0.5321539868353226,
    "MODIFY_AUDIO_SETTINGS":0.5243049169371534,
    "READ_LOGS":0.4750422891307224,
    "FOREGROUND_SERVICE":0.4704688459276802,
    "RECEIVE_BOOT_COMPLETED":0.46063030880779654,
    "FLASHLIGHT":0.41366023112013794,
    "REORDER_TASKS":0.3928770338287146,
    "BLUETOOTH_ADMIN":0.37727733121261686,
    "CALL_PHONE":0.3675851546370392,
    "READ_CONTACTS":0.360208842249238,
    "C2D_MESSAGE":0.2953698258957139,
    "QUERY_ALL_PACKAGES":0.28353664064989287,
    "ACCESS_BACKGROUND_LOCATION":0.27724313724474353,
    "DISABLE_KEYGUARD":0.23183898785855114,
    "CHANGE_CONFIGURATION":0.21310872386557636,
    "GET_ACCOUNTS":0.2121813420096211,
    "BROADCAST_STICKY":0.1900873759497246,
    "KILL_BACKGROUND_PROCESSES":0.17376234674237706,
    "RESTART_PACKAGES":0.16648447153481707,
    "CHANGE_WIFI_MULTICAST_STATE":0.15899676970621698,
    "NFC":0.13442892187973576,
    "INSTALL_SHORTCUT":0.11063043833040187,
    "READ_PRIVILEGED_PHONE_STATE":0.10742086816412078,
    "TRANSMIT_IR":0.10260651291469908,
    "SEND_SMS":0.10192004310512322,
    "REQUEST_IGNORE_BATTERY_OPTIMIZATIONS":0.09616664896524399,
    "WRITE_CONTACTS":0.09335082751992713,
    "MANAGE_ACCOUNTS":0.08329987332689182,
    "OVERRIDE_WIFI_CONFIG":0.073001530957198,
    "INSTALL_PACKAGES":0.07007432007108205,
    "PROCESS_OUTGOING_CALLS":0.06988133138876733,
    "READ_SMS":0.06833483147813792,
    "UNINSTALL_SHORTCUT":0.06725331772154197,
    "USE_FINGERPRINT":0.06162556050907569,
    "AUTHENTICATE_ACCOUNTS":0.05836806697872982,
    "READ_CALENDAR":0.049197866503640914,
    "WRITE_CALENDAR":0.049197866503640914,
    "RECEIVE_SMS":0.04759955755077937,
    "WRITE_SYNC_SETTINGS":0.04596368704229952,
    "USE_FULL_SCREEN_INTENT":0.044121875590946914,
    "SET_WALLPAPER":0.041170055409770694,
    "BLUETOOTH_CONNECT":0.04060404162338455,
    "BATTERY_STATS":0.03794494253081993,
    "EXPAND_STATUS_BAR":0.03761854556475744,
    "SCHEDULE_EXACT_ALARM":0.037569326974636906,
    "READ_PROFILE":0.034884323360956204,
    "WRITE_APN_SETTINGS":0.03452943142166605,
    "READ_MEDIA_AUDIO":0.03311245411661699,
    "READ_MEDIA_VIDEO":0.03311245411661699,
    "USE_CREDENTIALS":0.0295829631145524,
    "READ_PHONE_NUMBERS":0.027759284827981047,
    "DEVICE_POWER":0.026758075086844926,
    "ACCESS_MOCK_LOCATION":0.024334707136436536,
    "CAPTURE_AUDIO_OUTPUT":0.024190937044242345,
    "ACCESS_NOTIFICATION_POLICY":0.02387231143451468,
    "BLUETOOTH_PRIVILEGED":0.023749264959213343,
    "MANAGE_EXTERNAL_STORAGE":0.023365878046695505,
    "GET_PACKAGE_SIZE":0.0195371898257403,
    "MOUNT_FORMAT_FILESYSTEMS":0.01931441094414209,
    "PACKAGE_USAGE_STATS":0.01847380923392561,
    "WRITE_MEDIA_STORAGE":0.017352143469599762,
    "USE_BIOMETRIC":0.017117707553499326,
    "WRITE_SMS":0.0160413747011266,
    "SET_DEBUG_APP":0.014572588353845405,
    "INTERACT_ACROSS_USERS_FULL":0.012720415094046372,
    "UPDATE_DEVICE_STATS":0.012234705323120052,
    "REQUEST_COMPANION_RUN_IN_BACKGROUND":0.011746405100082125,
    "REQUEST_COMPANION_USE_DATA_IN_BACKGROUND":0.011746405100082125,
    "LOCATION_HARDWARE":0.011392808386847765,
    "CONTROL_LOCATION_UPDATES":0.011392808386847765,
    "ACCESS_CHECKIN_PROPERTIES":0.01135136115306205,
    "ANSWER_PHONE_CALLS":0.010780166462452698,
    "INSTANT_APP_FOREGROUND_SERVICE":0.010780166462452698,
    "ACCESS_MEDIA_LOCATION":0.01076591897583886,
    "READ_HISTORY_BOOKMARKS":0.010131258208495135,
    "READ_USER_DICTIONARY":0.00962871049884337,
    "REAL_GET_TASKS":0.008722052259780904,
    "READ_SYNC_SETTINGS":0.0080213349635912,
    "SET_ALARM":0.007600386495455056,
    "INJECT_EVENTS":0.007600386495455056,
    "LOCAL_MAC_ADDRESS":0.007341341284294352,
    "GET_TOP_ACTIVITY_INFO":0.00688412648659571,
    "CAPTURE_VIDEO_OUTPUT":0.006631557405714024,
    "CAPTURE_SECURE_VIDEO_OUTPUT":0.006631557405714024,
    "READ_CALL_LOG":0.0061626855735131495,
    "WRITE_SECURE_SETTINGS":0.005494348928718532,
    "BLUETOOTH_SCAN":0.00538295948791943,
    "BLUETOOTH_ADVERTISE":0.00538295948791943,
    "HARDWARE_TEST":0.00538295948791943,
    "MANAGE_DOCUMENTS":0.00538295948791943,
    "INTERACT_ACROSS_USERS":0.00538295948791943,
    "BIND_ACCESSIBILITY_SERVICE":0.00538295948791943,
    "ACCESS_SURFACE_FLINGER":0.00538295948791943,
    "CALL_PRIVILEGED":0.00538295948791943,
    "BIND_NOTIFICATION_LISTENER_SERVICE":0.00538295948791943,
    "WRITE_PROFILE":0.004245751010923939,
    "WRITE_USER_DICTIONARY":0.004245751010923939,
    "WRITE_HISTORY_BOOKMARKS":0.004245751010923939,
    "MEDIA_CONTENT_CONTROL":0.004222436941919476,
    "MANAGE_FINGERPRINT":0.004222436941919476,
    "RESET_FINGERPRINT_LOCKOUT":0.004222436941919476,
    "ACTIVITY_RECOGNITION":0.00413177111801323,
    "GLOBAL_SEARCH":0.00413177111801323,
    "BODY_SENSORS":0.003083933238868182,
    "STATUS_BAR":0.0012485979177945935,
    "STATUS_BAR_SERVICE":0.0012485979177945935,
    "CHANGE_COMPONENT_ENABLED_STATE":0.0012485979177945935
}