{
    "INTERNET":0.9938784706261398,
    "ACCESS_NETWORK_STATE":0.9938784706261398,
    "WRITE_EXTERNAL_STORAGE":0.9870283406375958,
    "ACCESS_WIFI_STATE":0.9834850527338389,
    "READ_EXTERNAL_STORAGE":0.9823885635765416,
    "VIBRATE":0.9439608300683545,
    "REQUEST_INSTALL_PACKAGES":0.922216502029619,
    "CHANGE_WIFI_STATE":0.906578217296729,
    "WAKE_LOCK":0.8799523784523071,
    "CAMERA":0.8718901803598131,
    "READ_PHONE_STATE":0.8666634435500714,
    "ACCESS_COARSE_LOCATION":0.8473855551245473,
    "CHANGE_NETWORK_STATE":0.8403752765301835,
    "ACCESS_FINE_LOCATION":0.8353336171186766,
    "GET_TASKS":0.8026776544725841,
    "WRITE_SETTINGS":0.759254719756936,
    "CHANGE_CONFIGURATION":0.6758932156291425,
    "SYSTEM_ALERT_WINDOW":0.6303562437748828,
    "RECORD_AUDIO":0.6249009930346676,
    "MOUNT_UNMOUNT_FILESYSTEMS":0.6092804606236493,
    "BLUETOOTH":0.5425770554639175,
    "MODIFY_AUDIO_SETTINGS":0.5318059285956274,
    "FLASHLIGHT":0.527466430170485,
    "RECEIVE_BOOT_COMPLETED":0.48435095056129235,
    "FOREGROUND_SERVICE":0.48078953262668783,
    "ACCESS_LOCATION_EXTRA_COMMANDS":0.46502698164069745,
    "C2D_MESSAGE":0.4111743689710549,
    "REORDER_TASKS":0.39619820807307454,
    "QUERY_ALL_PACKAGES":0.3181140537578064,
    "NFC":0.2622403203576441,
    "READ_LOGS":0.25454903247957156,
    "ACCESS_BACKGROUND_LOCATION":0.248070568123401,
    "CALL_PHONE":0.23088178804407475,
    "READ_CALENDAR":0.18806092143615452,
    "WRITE_CALENDAR":0.1839287852388303,
    "BLUETOOTH_ADMIN":0.17530115680928005,
    "READ_CONTACTS":0.14798071115801367,
    "RESTART_PACKAGES":0.13416411681632084,
    "KILL_BACKGROUND_PROCESSES":0.13384835211239365,
    "GET_ACCOUNTS":0.12494499613037106,
    "BROADCAST_STICKY":0.10727199314382624,
    "INSTALL_SHORTCUT":0.10584387550561028,
    "INSTALL_PACKAGES":0.09363934307344024,
    "REQUEST_IGNORE_BATTERY_OPTIMIZATIONS":0.09153248240537129,
    "READ_PHONE_NUMBERS":0.0912896155338101,
    "DISABLE_KEYGUARD":0.08858295301186994,
    "SET_WALLPAPER":0.07719011716910115,
    "EXPAND_STATUS_BAR":0.07034791906905287,
    "MANAGE_ACCOUNTS":0.06742898410260666,
    "WRITE_MEDIA_STORAGE":0.06398654449543911,
    "READ_MEDIA_AUDIO":0.05889956000681366,
    "READ_MEDIA_VIDEO":0.05889956000681366,
    "PACKAGE_USAGE_STATS":0.05781855691753193,
    "UNINSTALL_SHORTCUT":0.05205736190676537,
    "WRITE_CONTACTS":0.050930656031388924,
    "USE_CREDENTIALS":0.046480488876281624,
    "READ_PRIVILEGED_PHONE_STATE":0.04159973348854638,
    "READ_SMS":0.038175801621202314,
    "CHANGE_WIFI_MULTICAST_STATE":0.037133324847471526,
    "USE_FINGERPRINT":0.036124841881579786,
    "INTERACT_ACROSS_USERS_FULL":0.03347521341501404,
    "AUTHENTICATE_ACCOUNTS":0.0327802288991935,
    "SEND_SMS":0.030375355849068888,
    "RECEIVE_SMS":0.0267523713513784,
    "BATTERY_STATS":0.02534880479660173,
    "WRITE_SYNC_SETTINGS":0.02339000604712062,
    "MANAGE_EXTERNAL_STORAGE":0.022794358991985307,
    "READ_SYNC_SETTINGS":0.020255776964360435,
    "READ_PROFILE":0.020156061794699233,
    "WRITE_APN_SETTINGS":0.01930961597950695,
    "SET_DEBUG_APP":0.01724317017186885,
    "ACCESS_NOTIFICATION_POLICY":0.01628945500749557,
    "PROCESS_OUTGOING_CALLS":0.01566170268940116,
    "SCHEDULE_EXACT_ALARM":0.014125937993028194,
    "ACCESS_MOCK_LOCATION":0.013775801772286003,
    "USE_FULL_SCREEN_INTENT":0.012894606731302693,
    "WRITE_SECURE_SETTINGS":0.012372235217509332,
    "REQUEST_DELETE_PACKAGES":0.012208309521929925,
    "GET_TOP_ACTIVITY_INFO":0.012169027788427026,
    "ANSWER_PHONE_CALLS":0.012157696519147342,
    "USE_BIOMETRIC":0.012071956581597746,
    "ACTIVITY_RECOGNITION":0.011544674851116519,
    "MODIFY_PHONE_STATE":0.010382842040973074,
    "READ_HISTORY_BOOKMARKS":0.009131492203520138,
    "INTERACT_ACROSS_USERS":0.008939616043717513,
    "DEVICE_POWER":0.00866237765534128,
    "CLEAR_APP_CACHE":0.00852035908036926,
    "LOCATION_HARDWARE":0.008359077347621782,
    "CAPTURE_VIDEO_OUTPUT":0.00811847672991652,
    "GET_PACKAGE_SIZE":0.008064842055326026,
    "SET_ALARM":0.007391009242160905,
    "READ_CALL_LOG":0.00718100305151079,
    "MANAGE_DOCUMENTS":0.007170049491207097,
    "READ_CLIPBOARD_IN_BACKGROUND":0.007142099026983879,
    "WRITE_SMS":0.006731907079059373,
    "SET_ALWAYS_FINISH":0.0061910278254425286,
    "STATUS_BAR":0.006169120704835142,
    "STATUS_BAR_SERVICE":0.006169120704835142,
    "USE_SIP":0.005861287889403768,
    "SIGNAL_PERSISTENT_PROCESSES":0.005444674888887441,
    "CAPTURE_AUDIO_OUTPUT":0.005391795632248923,
    "RECEIVE_MMS":0.004731560342219422,
    "INSTANT_APP_FOREGROUND_SERVICE":0.00456423526585611,
    "HARDWARE_TEST":0.004489071179634216,
    "BLUETOOTH_CONNECT":0.004479250746258492,
    "REAL_GET_TASKS":0.004302860654471435,
    "ADD_VOICEMAIL":0.003755938057238759,
    "BLUETOOTH_PRIVILEGED":0.003739318862295225,
    "READ_SYNC_STATS":0.0033098637565952584,
    "READ_USER_DICTIONARY":0.003309863756595258,
    "MEDIA_CONTENT_CONTROL":0.003174643943191047,
    "BODY_SENSORS":0.003026959733579185,
    "INSTALL_LOCATION_PROVIDER":0.0028026006018414713,
    "MOUNT_FORMAT_FILESYSTEMS":0.0026975975065164134,
    "FORCE_STOP_PACKAGES":0.0023659690255977057,
    "STOP_APP_SWITCHES":0.0023659690255977057,
    "ACCOUNT_MANAGER":0.00200714549840776,
    "WRITE_PROFILE":0.0017174427138238774,
    "READ_SOCIAL_STREAM":0.0017174427138238774,
    "WRITE_HISTORY_BOOKMARKS":0.0017174427138238774,
    "SUBSCRIBED_FEEDS_READ":0.0017174427138238774,
    "SUBSCRIBED_FEEDS_WRITE":0.0017174427138238774,
    "SET_WALLPAPER_HINTS":0.0017174427138238774,
    "SET_TIME_ZONE":0.0017174427138238774,
    "CLEAR_APP_USER_DATA":0.0017174427138238774,
    "BIND_JOB_SERVICE":0.0015924210427713805,
    "INTERNAL_SYSTEM_WINDOW":0.0015924210427713805,
    "BIND_NOTIFICATION_LISTENER_SERVICE":0.0015924210427713805,
    "LOCAL_MAC_ADDRESS":0.0015924210427713805,
    "UPDATE_APP_OPS_STATS":0.001454934975511233,
    "CAPTURE_SECURE_VIDEO_OUTPUT":0.001454934975511233,
    "SET_PREFERRED_APPLICATIONS":0.0014077213535125558,
    "READ_VOICEMAIL":0.0011180185689286734,
    "SET_ANIMATION_SCALE":0.0011180185689286734,
    "SET_PROCESS_LIMIT":0.0011180185689286734,
    "BIND_REMOTEVIEWS":0.0008660866819437325,
    "DELETE_PACKAGES":0.0008336037100086426,
    "ACCESS_MEDIA_LOCATION":0.0008094303355453198,
    "MANAGE_USERS":0.0007818575802980924,
    "RECEIVE_WAP_PUSH":0.0005994241448952042,
    "READ_CELL_BROADCASTS":0.0005994241448952042,
    "WRITE_CALL_LOG":0.0005994241448952042,
    "WRITE_SOCIAL_STREAM":0.0005994241448952042,
    "WRITE_USER_DICTIONARY":0.0005994241448952042,
    "BLUETOOTH_SCAN":0.0005994241448952042,
    "CONNECTIVITY_INTERNAL":0.0005994241448952042,
    "TRANSMIT_IR":0.0005994241448952042,
    "PERSISTENT_ACTIVITY":0.0005994241448952042,
    "UPDATE_DEVICE_STATS":0.0005994241448952042,
    "BACKUP":0.0005994241448952042,
    "BIND_APPWIDGET":0.0005994241448952042,
    "ACCESS_CACHE_FILESYSTEM":0.0005994241448952042,
    "READ_INSTALL_SESSIONS":0.0005994241448952042,
    "DUMP":0.0005680742998880827,
    "BIND_ACCESSIBILITY_SERVICE":0.0005680742998880827,
    "READ_PRECISE_PHONE_STATE":0.00033691640658255965,
    "READ_DREAM_STATE":0.00033691640658255965,
    "WRITE_DREAM_STATE":0.00033691640658255965,
    "INJECT_EVENTS":0.00032558513730287716
}