{
    "INTERNET":0.9927999611184014,
    "ACCESS_NETWORK_STATE":0.9927999611184014,
    "WRITE_EXTERNAL_STORAGE":0.9855999222368028,
    "ACCESS_WIFI_STATE":0.9855999222368028,
    "READ_EXTERNAL_STORAGE":0.9777298700938019,
    "REQUEST_INSTALL_PACKAGES":0.899343525866678,
    "READ_PHONE_STATE":0.8974567268637132,
    "WAKE_LOCK":0.8826088164024801,
    "CAMERA":0.8785661716205989,
    "VIBRATE":0.8468603109139259,
    "CHANGE_WIFI_STATE":0.7741187416248345,
    "ACCESS_COARSE_LOCATION":0.7723898991161379,
    "GET_TASKS":0.7484794517694602,
    "CHANGE_NETWORK_STATE":0.7474275656647712,
    "ACCESS_FINE_LOCATION":0.6994869017614751,
    "WRITE_SETTINGS":0.6964770494421184,
    "MOUNT_UNMOUNT_FILESYSTEMS":0.6434956640074432,
    "RECORD_AUDIO":0.6433880452970624,
    "FOREGROUND_SERVICE":0.612607358342533,
    "SYSTEM_ALERT_WINDOW":0.6013941830351254,
    "FLASHLIGHT":0.5936994452429059,
    "RECEIVE_BOOT_COMPLETED":0.5899796565921667,
    "MODIFY_AUDIO_SETTINGS":0.5034351198039255,
    "BLUETOOTH":0.4888892360460191,
    "READ_LOGS":0.4594208030438736,
    "ACCESS_LOCATION_EXTRA_COMMANDS":0.44319467877550733,
    "C2D_MESSAGE":0.3828032243954258,
    "BLUETOOTH_ADMIN":0.3614669471696279,
    "ACCESS_BACKGROUND_LOCATION":0.3494205947495955,
    "NFC":0.34532934796947795,
    "INSTALL_SHORTCUT":0.33974706131489235,
    "DISABLE_KEYGUARD":0.33568532289084685,
    "EXPAND_STATUS_BAR":0.294319815034681,
    "UNINSTALL_SHORTCUT":0.28468446888430643,
    "CALL_PHONE":0.2754882765037111,
    "QUERY_ALL_PACKAGES":0.24295965339832112,
    "READ_MEDIA_AUDIO":0.21418553465669635,
    "READ_MEDIA_VIDEO":0.21418553465669635,
    "REORDER_TASKS":0.2063797065827935,
    "BROADCAST_STICKY":0.18654835551667395,
    "READ_CONTACTS":0.18086365750866157,
    "GET_ACCOUNTS":0.11210745207495815,
    "CHANGE_CONFIGURATION":0.10841196442333727,
    "READ_CALENDAR":0.10267519284578586,
    "WRITE_CALENDAR":0.10267519284578586,
    "USE_CREDENTIALS":0.10229332000249954,
    "REQUEST_IGNORE_BATTERY_OPTIMIZATIONS":0.10020690564963512,
    "RESTART_PACKAGES":0.0929582647698001,
    "MANAGE_ACCOUNTS":0.09258507085477029,
    "CHANGE_WIFI_MULTICAST_STATE":0.08511251362591736,
    "RECEIVE_SMS":0.0820141362383442,
    "AUTHENTICATE_ACCOUNTS":0.07720253841293645,
    "KILL_BACKGROUND_PROCESSES":0.07652384622327758,
    "SEND_SMS":0.07197955938817027,
    "USE_FULL_SCREEN_INTENT":0.06790740625021698,
    "READ_PRIVILEGED_PHONE_STATE":0.06474654057919696,
    "WRITE_CONTACTS":0.04929804828261368,
    "INSTALL_PACKAGES":0.04393620640574336,
    "SET_DEBUG_APP":0.0402476618967277,
    "SET_WALLPAPER":0.040183437827629544,
    "READ_SMS":0.03819249168558673,
    "OVERRIDE_WIFI_CONFIG":0.03364646906482812,
    "USE_FINGERPRINT":0.0329157033056302,
    "STATUS_BAR":0.029487526644309748,
    "READ_CALL_LOG":0.028086747623709447,
    "ANSWER_PHONE_CALLS":0.028086747623709447,
    "GET_PACKAGE_SIZE":0.02774479785040305,
    "MANAGE_EXTERNAL_STORAGE":0.0243114138321287,
    "INTERACT_ACROSS_USERS":0.023236962513973076,
    "CAPTURE_AUDIO_OUTPUT":0.022730113103793043,
    "BLUETOOTH_CONNECT":0.020546494754455764,
    "WRITE_SYNC_SETTINGS":0.019511966506280076,
    "READ_HISTORY_BOOKMARKS":0.018630187395418912,
    "BIND_ACCESSIBILITY_SERVICE":0.015734896929048024,
    "READ_FRAME_BUFFER":0.015734896929048024,
    "USE_BIOMETRIC":0.01563074978996994,
    "INTERACT_ACROSS_USERS_FULL":0.015530074222194452,
    "CAPTURE_VIDEO_OUTPUT":0.015530074222194452,
    "ACCESS_MEDIA_LOCATION":0.015396418727044236,
    "READ_SYNC_SETTINGS":0.015094392023717774,
    "READ_SYNC_STATS":0.014453887118387526,
    "BLUETOOTH_PRIVILEGED":0.01440007776319718,
    "READ_PHONE_NUMBERS":0.013868927353898922,
    "WRITE_APN_SETTINGS":0.01031750991133607,
    "DELETE_PACKAGES":0.009623195650815472,
    "READ_CLIPBOARD_IN_BACKGROUND":0.008836884750775896,
    "ACCESS_NOTIFICATION_POLICY":0.008430710908371348,
    "SET_ALARM":0.00720003888159859,
    "ACCESS_MOCK_LOCATION":0.00720003888159859,
    "BLUETOOTH_SCAN":0.00720003888159859,
    "BLUETOOTH_ADVERTISE":0.00720003888159859,
    "SCHEDULE_EXACT_ALARM":0.00720003888159859,
    "CALL_PRIVILEGED":0.00720003888159859,
    "ACTIVITY_RECOGNITION":0.006191547418192423,
    "START_ACTIVITIES_FROM_BACKGROUND":0.006132530706048172,
    "GET_TOP_ACTIVITY_INFO":0.005417387017711957,
    "WRITE_SMS":0.005092795100918578,
    "BODY_SENSORS":0.003336180021801468,
    "READ_PROFILE":0.0028449526824831455,
    "WRITE_PROFILE":0.0028449526824831455,
    "READ_USER_DICTIONARY":0.0028449526824831455,
    "WRITE_USER_DICTIONARY":0.0028449526824831455,
    "WRITE_HISTORY_BOOKMARKS":0.0028449526824831455,
    "WRITE_SECURE_SETTINGS":0.0028449526824831455,
    "DEVICE_POWER":0.0028449526824831455,
    "PACKAGE_USAGE_STATS":0.002711297187332931,
    "WRITE_MEDIA_STORAGE":0.0018468759329847875,
    "REAL_GET_TASKS":0.0018468759329847875,
    "CLEAR_APP_CACHE":0.0018468759329847875,
    "BATTERY_STATS":0.0018468759329847875
}