{
    "INTERNET":0.9941452515922486,
    "ACCESS_NETWORK_STATE":0.9895958133789371,
    "ACCESS_WIFI_STATE":0.9856897300644776,
    "WRITE_EXTERNAL_STORAGE":0.9713838366928932,
    "READ_EXTERNAL_STORAGE":0.9500557464831574,
    "REQUEST_INSTALL_PACKAGES":0.8515381981029775,
    "VIBRATE":0.8456560961706149,
    "CAMERA":0.8240008578065309,
    "READ_PHONE_STATE":0.8210948193518521,
    "WAKE_LOCK":0.8141382709727669,
    "ACCESS_COARSE_LOCATION":0.6731177219109375,
    "CHANGE_WIFI_STATE":0.6388393790093416,
    "CHANGE_NETWORK_STATE":0.6377310141921014,
    "GET_TASKS":0.6316169543710372,
    "ACCESS_FINE_LOCATION":0.6003496874586264,
    "SYSTEM_ALERT_WINDOW":0.5437683747301565,
    "MOUNT_UNMOUNT_FILESYSTEMS":0.5270772540124876,
    "FOREGROUND_SERVICE":0.5181249924777801,
    "WRITE_SETTINGS":0.45397550655992175,
    "RECEIVE_BOOT_COMPLETED":0.42118738367913616,
    "RECORD_AUDIO":0.4113565269339212,
    "QUERY_ALL_PACKAGES":0.3940647228157933,
    "REORDER_TASKS":0.3898260206420635,
    "FLASHLIGHT":0.3652625555413315,
    "INSTALL_SHORTCUT":0.3437090722888005,
    "MODIFY_AUDIO_SETTINGS":0.336614662145676,
    "BLUETOOTH":0.2810147938802505,
    "UNINSTALL_SHORTCUT":0.2596440321721213,
    "READ_LOGS":0.25483200012254364,
    "ACCESS_LOCATION_EXTRA_COMMANDS":0.24976175080063756,
    "RESTART_PACKAGES":0.2211061984180908,
    "SET_WALLPAPER":0.20962537706833662,
    "C2D_MESSAGE":0.2093835719107749,
    "USE_FINGERPRINT":0.20852357709700306,
    "KILL_BACKGROUND_PROCESSES":0.170548131808976,
    "BLUETOOTH_ADMIN":0.16490455261122205,
    "CALL_PHONE":0.15515137987590244,
    "ACCESS_BACKGROUND_LOCATION":0.15335917694338574,
    "DISABLE_KEYGUARD":0.14808979396231114,
    "MANAGE_ACCOUNTS":0.1450196343599657,
    "READ_CONTACTS":0.14120764717016837,
    "GET_ACCOUNTS":0.1298832879811894,
    "PACKAGE_USAGE_STATS":0.12943469017756803,
    "USE_CREDENTIALS":0.12869505087208497,
    "WRITE_SYNC_SETTINGS":0.11974278933737718,
    "BROADCAST_STICKY":0.1174746350766281,
    "REQUEST_IGNORE_BATTERY_OPTIMIZATIONS":0.10647961232396633,
    "NFC":0.10042573025704649,
    "AUTHENTICATE_ACCOUNTS":0.09910729037079334,
    "CHANGE_WIFI_MULTICAST_STATE":0.09753829219910296,
    "MANAGE_EXTERNAL_STORAGE":0.09578547834202622,
    "EXPAND_STATUS_BAR":0.09439920171473766,
    "READ_SYNC_STATS":0.09121415730902582,
    "WRITE_CONTACTS":0.09062113289545802,
    "READ_HISTORY_BOOKMARKS":0.08983335138665949,
    "CHANGE_CONFIGURATION":0.08796237030326298,
    "READ_SYNC_SETTINGS":0.08526531277661245,
    "USE_BIOMETRIC":0.07797176897431934,
    "GET_PACKAGE_SIZE":0.07557012951346827,
    "BATTERY_STATS":0.07016944961426053,
    "RECEIVE_SMS":0.06766386675988742,
    "READ_SMS":0.06298860233336499,
    "DEVICE_POWER":0.05521691892087058,
    "WRITE_HISTORY_BOOKMARKS":0.05473877931066925,
    "READ_CALENDAR":0.052954235365043685,
    "INTERACT_ACROSS_USERS_FULL":0.052037345220080945,
    "WRITE_MEDIA_STORAGE":0.052028592092205395,
    "SET_DEBUG_APP":0.04693645995061043,
    "SET_ALARM":0.04571211618901939,
    "REQUEST_DELETE_PACKAGES":0.04514535115907821,
    "READ_PRIVILEGED_PHONE_STATE":0.044659552561985776,
    "WRITE_CALENDAR":0.043873959335156136,
    "SEND_SMS":0.04291986839672235,
    "ACTIVITY_RECOGNITION":0.04257630812760743,
    "OVERRIDE_WIFI_CONFIG":0.04210473336331275,
    "CLEAR_APP_CACHE":0.04070095048027315,
    "READ_CALL_LOG":0.04028408276520059,
    "INSTALL_PACKAGES":0.03775661709113863,
    "PROCESS_OUTGOING_CALLS":0.037083720385706544,
    "UPDATE_APP_OPS_STATS":0.03574668010271792,
    "WRITE_APN_SETTINGS":0.031547367004427965,
    "USE_FULL_SCREEN_INTENT":0.03062938271848078,
    "WRITE_CALL_LOG":0.02931313111419656,
    "WRITE_SMS":0.02860084533332455,
    "ACCOUNT_MANAGER":0.023254872483338948,
    "CLEAR_APP_USER_DATA":0.023254872483338948,
    "DELETE_PACKAGES":0.023254872483338948,
    "ACCESS_MEDIA_LOCATION":0.02268373088946001,
    "RECEIVE_MMS":0.022668412915677817,
    "ADD_VOICEMAIL":0.022123530705425498,
    "USE_SIP":0.022123530705425498,
    "READ_PROFILE":0.020733971655183637,
    "READ_PHONE_NUMBERS":0.018895814801320392,
    "READ_CELL_BROADCASTS":0.018705434270027414,
    "WRITE_PROFILE":0.018705434270027414,
    "READ_SOCIAL_STREAM":0.018705434270027414,
    "WRITE_SOCIAL_STREAM":0.018705434270027414,
    "READ_USER_DICTIONARY":0.018705434270027414,
    "WRITE_USER_DICTIONARY":0.018705434270027414,
    "SUBSCRIBED_FEEDS_READ":0.018705434270027414,
    "SUBSCRIBED_FEEDS_WRITE":0.018705434270027414,
    "BIND_DIRECTORY_SEARCH":0.018705434270027414,
    "TRANSMIT_IR":0.018705434270027414,
    "GET_INTENT_SENDER_INTENT":0.018705434270027414,
    "SET_TIME_ZONE":0.018705434270027414,
    "PERSISTENT_ACTIVITY":0.018705434270027414,
    "BIND_APPWIDGET":0.018705434270027414,
    "ACCESS_CACHE_FILESYSTEM":0.018705434270027414,
    "READ_INSTALL_SESSIONS":0.018705434270027414,
    "ACCESS_NOTIFICATION_POLICY":0.018197752853246135,
    "ACCESS_MOCK_LOCATION":0.01677208715051768,
    "REAL_GET_TASKS":0.01594054000234145,
    "INTERACT_ACROSS_USERS":0.014956907257327722,
    "SCHEDULE_EXACT_ALARM":0.014732608355517028,
    "SET_WALLPAPER_HINTS":0.0141745964534514,
    "RECEIVE_WAP_PUSH":0.01304325467553795,
    "GET_TOP_ACTIVITY_INFO":0.010970951651004028,
    "CAPTURE_VIDEO_OUTPUT":0.010970951651004028,
    "BODY_SENSORS":0.009625158240139866,
    "HIDE_OVERLAY_WINDOWS":0.009509179295788971,
    "BIND_AUTOFILL_SERVICE":0.009509179295788971,
    "CHANGE_COMPONENT_ENABLED_STATE":0.00945884881050462,
    "SET_TIME":0.009080276029887547,
    "MOUNT_FORMAT_FILESYSTEMS":0.009080276029887547,
    "GRANT_RUNTIME_PERMISSIONS":0.009080276029887547,
    "ANSWER_PHONE_CALLS":0.008734527478803746,
    "MODIFY_PHONE_STATE":0.008734527478803746,
    "CAPTURE_AUDIO_OUTPUT":0.007967534648709617,
    "DELETE_CACHE_FILES":0.0064215134376924944,
    "READ_NETWORK_USAGE_HISTORY":0.005123862230143798,
    "BLUETOOTH_SCAN":0.004549438213311534,
    "BLUETOOTH_CONNECT":0.004549438213311534,
    "WRITE_SECURE_SETTINGS":0.004549438213311534,
    "STATUS_BAR":0.004549438213311534,
    "STATUS_BAR_SERVICE":0.004549438213311534,
    "ACCESS_SURFACE_FLINGER":0.004549438213311534,
    "CAPTURE_SECURE_VIDEO_OUTPUT":0.004549438213311534,
    "READ_MEDIA_AUDIO":0.003017640835092162,
    "READ_MEDIA_VIDEO":0.003017640835092162,
    "MANAGE_DOCUMENTS":0.0029727810547300233,
    "LOCAL_MAC_ADDRESS":0.001765943548890047,
    "BIND_JOB_SERVICE":0.001305310194439793,
    "INTERACT_ACROSS_PROFILES":0.0011663542894156072,
    "INSTANT_APP_FOREGROUND_SERVICE":0.0009628440663093193,
    "PEERS_MAC_ADDRESS":0.0007122857808720079
}