{
    "INTERNET":0.9921741649166728,
    "ACCESS_NETWORK_STATE":0.9921741649166728,
    "WRITE_EXTERNAL_STORAGE":0.9850069482519026,
    "ACCESS_WIFI_STATE":0.9850069482519026,
    "READ_EXTERNAL_STORAGE":0.9810862721163033,
    "VIBRATE":0.9278364557363598,
    "READ_PHONE_STATE":0.9152692576922148,
    "REQUEST_INSTALL_PACKAGES":0.8820366136668496,
    "ACCESS_COARSE_LOCATION":0.8780745583635919,
    "WAKE_LOCK":0.8770986996596565,
    "CAMERA":0.8668745969841484,
    "CHANGE_WIFI_STATE":0.849340174689053,
    "ACCESS_FINE_LOCATION":0.8486056944631226,
    "CHANGE_NETWORK_STATE":0.7585008327557491,
    "WRITE_SETTINGS":0.7370784928327833,
    "GET_TASKS":0.7301526546460184,
    "RECORD_AUDIO":0.7234561260133585,
    "MOUNT_UNMOUNT_FILESYSTEMS":0.699752759473243,
    "SYSTEM_ALERT_WINDOW":0.648104661708063,
    "ACCESS_LOCATION_EXTRA_COMMANDS":0.6238616418564074,
    "FLASHLIGHT":0.5742480198344144,
    "BLUETOOTH":0.5692101061720477,
    "CALL_PHONE":0.5225878531453338,
    "RECEIVE_BOOT_COMPLETED":0.496741390546929,
    "FOREGROUND_SERVICE":0.488558660142551,
    "MODIFY_AUDIO_SETTINGS":0.4722225095775531,
    "BLUETOOTH_ADMIN":0.3971969062175645,
    "READ_LOGS":0.3269143899503792,
    "ACCESS_BACKGROUND_LOCATION":0.32558163592539324,
    "READ_CONTACTS":0.30164723569918694,
    "C2D_MESSAGE":0.2917127871972853,
    "REORDER_TASKS":0.2817869593553122,
    "QUERY_ALL_PACKAGES":0.2769818035110221,
    "GET_ACCOUNTS":0.24022848197075164,
    "RESTART_PACKAGES":0.23276471460443218,
    "KILL_BACKGROUND_PROCESSES":0.20971479408691676,
    "BROADCAST_STICKY":0.20120620273723175,
    "CHANGE_CONFIGURATION":0.16848217764766316,
    "DISABLE_KEYGUARD":0.14433398505522388,
    "MANAGE_ACCOUNTS":0.14306502391371057,
    "USE_CREDENTIALS":0.12810128240937094,
    "USE_FINGERPRINT":0.12807197216561314,
    "NFC":0.12772197337250557,
    "WRITE_CONTACTS":0.10341688476936281,
    "INSTALL_SHORTCUT":0.10261861165995974,
    "AUTHENTICATE_ACCOUNTS":0.09764621501305162,
    "INSTALL_PACKAGES":0.0845876393529677,
    "READ_SMS":0.08322040268826654,
    "READ_PRIVILEGED_PHONE_STATE":0.0828790245550877,
    "RECEIVE_SMS":0.08065317016148216,
    "SEND_SMS":0.07738938831245405,
    "REQUEST_IGNORE_BATTERY_OPTIMIZATIONS":0.07254802569646307,
    "READ_CALENDAR":0.06969975965600114,
    "PROCESS_OUTGOING_CALLS":0.061327374733190526,
    "WRITE_CALENDAR":0.05997737938834691,
    "EXPAND_STATUS_BAR":0.05903083092816919,
    "GET_PACKAGE_SIZE":0.05601187582111783,
    "USE_BIOMETRIC":0.053694642432267445,
    "CHANGE_WIFI_MULTICAST_STATE":0.051286030048172226,
    "READ_PHONE_NUMBERS":0.04891190030379203,
    "UNINSTALL_SHORTCUT":0.04721707856179805,
    "MANAGE_EXTERNAL_STORAGE":0.0450377757318078,
    "READ_CALL_LOG":0.038436074358364256,
    "WRITE_SYNC_SETTINGS":0.037970558722211285,
    "SET_WALLPAPER":0.036494701742407765,
    "ACCESS_NOTIFICATION_POLICY":0.0351705683773504,
    "INTERACT_ACROSS_USERS_FULL":0.03449988103489297,
    "SET_DEBUG_APP":0.03437057113596158,
    "SCHEDULE_EXACT_ALARM":0.03403608953072573,
    "BLUETOOTH_CONNECT":0.03345160878755589,
    "BLUETOOTH_SCAN":0.03209299278278349,
    "INTERACT_ACROSS_USERS":0.02871541822269577,
    "ACTIVITY_RECOGNITION":0.028091282443853623,
    "WRITE_MEDIA_STORAGE":0.02681542477439731,
    "BLUETOOTH_PRIVILEGED":0.02537922283026609,
    "ACCESS_MEDIA_LOCATION":0.023649918448557062,
    "MOUNT_FORMAT_FILESYSTEMS":0.02283095575532497,
    "READ_SYNC_SETTINGS":0.02259992206923423,
    "BATTERY_STATS":0.021501649994310354,
    "WRITE_SMS":0.021460270826652313,
    "USE_FULL_SCREEN_INTENT":0.021329236795735174,
    "RECEIVE_MMS":0.020715445808807544,
    "DELETE_PACKAGES":0.01880338343660883,
    "BODY_SENSORS":0.016498218971658707,
    "READ_PROFILE":0.0163913227885421,
    "RECEIVE_WAP_PUSH":0.015882703852745327,
    "BLUETOOTH_ADVERTISE":0.015636152978782823,
    "READ_HISTORY_BOOKMARKS":0.015506843079851439,
    "REQUEST_DELETE_PACKAGES":0.014832707473422498,
    "WRITE_CALL_LOG":0.013548229144037426,
    "ACCESS_MOCK_LOCATION":0.013474091468650102,
    "READ_MEDIA_AUDIO":0.013422367509077547,
    "READ_MEDIA_VIDEO":0.013422367509077547,
    "MODIFY_PHONE_STATE":0.012301681718338895,
    "DEVICE_POWER":0.011301685166602866,
    "UPDATE_APP_OPS_STATS":0.010301688614866838,
    "SET_ALARM":0.010130999548277413,
    "PACKAGE_USAGE_STATS":0.009865483222471641,
    "WRITE_SECURE_SETTINGS":0.009408588246247422,
    "STATUS_BAR":0.00799652414991672,
    "STATUS_BAR_SERVICE":0.00799652414991672,
    "CAPTURE_VIDEO_OUTPUT":0.00740342274681811,
    "WRITE_USER_DICTIONARY":0.007167216664770117,
    "SET_WALLPAPER_HINTS":0.007167216664770117,
    "READ_SYNC_STATS":0.007167216664770117,
    "MEDIA_CONTENT_CONTROL":0.007167216664770117,
    "ADD_VOICEMAIL":0.006381012479267309,
    "USE_SIP":0.006381012479267309,
    "ANSWER_PHONE_CALLS":0.006381012479267309,
    "ACCEPT_HANDOVER":0.006381012479267309,
    "BIND_CALL_REDIRECTION_SERVICE":0.006381012479267309,
    "LOCAL_MAC_ADDRESS":0.006381012479267309,
    "BIND_NOTIFICATION_LISTENER_SERVICE":0.006291357616008217,
    "CAPTURE_AUDIO_OUTPUT":0.00506894803811021,
    "CAPTURE_SECURE_VIDEO_OUTPUT":0.00506894803811021,
    "CLEAR_APP_CACHE":0.0030792997265526654,
    "DELETE_CACHE_FILES":0.0030792997265526654,
    "WRITE_APN_SETTINGS":0.0026982665577015234,
    "READ_CELL_BROADCASTS":0.0023344747087078997,
    "MANAGE_DOCUMENTS":0.0023344747087078997
}