{
    "INTERNET":1.0,
    "WRITE_EXTERNAL_STORAGE":0.9918969015843284,
    "ACCESS_NETWORK_STATE":0.9918969015843284,
    "ACCESS_WIFI_STATE":0.9918969015843284,
    "READ_EXTERNAL_STORAGE":0.9749414656988994,
    "VIBRATE":0.9135623975649727,
    "READ_PHONE_STATE":0.8696967923202993,
    "CAMERA":0.8551919925076091,
    "WAKE_LOCK":0.8282642628580345,
    "CHANGE_WIFI_STATE":0.8175154140326227,
    "REQUEST_INSTALL_PACKAGES":0.8151174588308746,
    "ACCESS_COARSE_LOCATION":0.7682568485132284,
    "CHANGE_NETWORK_STATE":0.7649964879419336,
    "ACCESS_FINE_LOCATION":0.7553793022711306,
    "GET_TASKS":0.7357605556856314,
    "WRITE_SETTINGS":0.6923573714196515,
    "MOUNT_UNMOUNT_FILESYSTEMS":0.6555997814719422,
    "RECORD_AUDIO":0.6360707874814638,
    "SYSTEM_ALERT_WINDOW":0.6227054553968624,
    "BLUETOOTH":0.6014536018106608,
    "ACCESS_LOCATION_EXTRA_COMMANDS":0.5303949114180908,
    "RECEIVE_BOOT_COMPLETED":0.5118922188402403,
    "MODIFY_AUDIO_SETTINGS":0.5050983376258485,
    "READ_LOGS":0.4968332943104658,
    "FOREGROUND_SERVICE":0.4800144384609379,
    "FLASHLIGHT":0.44691134004526645,
    "CALL_PHONE":0.3750409740107703,
    "REORDER_TASKS":0.3409544993366113,
    "BLUETOOTH_ADMIN":0.33520643096854763,
    "C2D_MESSAGE":0.27695699680012476,
    "CHANGE_CONFIGURATION":0.26467650042925145,
    "QUERY_ALL_PACKAGES":0.2645867478342308,
    "READ_CONTACTS":0.2587001482868961,
    "RESTART_PACKAGES":0.2530457348005931,
    "ACCESS_BACKGROUND_LOCATION":0.21132443611956603,
    "DISABLE_KEYGUARD":0.19668110512760476,
    "GET_ACCOUNTS":0.1877273082026067,
    "KILL_BACKGROUND_PROCESSES":0.17657847498634197,
    "BROADCAST_STICKY":0.1665944743619761,
    "MANAGE_ACCOUNTS":0.143555373448841,
    "INSTALL_SHORTCUT":0.11866853976430183,
    "NFC":0.11349215640365254,
    "USE_FINGERPRINT":0.09825762897057673,
    "USE_CREDENTIALS":0.09468313431670956,
    "WRITE_CONTACTS":0.09419729961757588,
    "REQUEST_IGNORE_BATTERY_OPTIMIZATIONS":0.08528252555997813,
    "INSTALL_PACKAGES":0.08348552251619448,
    "AUTHENTICATE_ACCOUNTS":0.0733434792788574,
    "SEND_SMS":0.07176110200577537,
    "UNINSTALL_SHORTCUT":0.06474869273394207,
    "PROCESS_OUTGOING_CALLS":0.0618044173885897,
    "READ_CALENDAR":0.06099859517677359,
    "WRITE_CALENDAR":0.06099859517677359,
    "EXPAND_STATUS_BAR":0.05178724732693358,
    "BLUETOOTH_CONNECT":0.05151994068524154,
    "INTERACT_ACROSS_USERS_FULL":0.05127409662061968,
    "READ_SMS":0.047996175758994765,
    "USE_BIOMETRIC":0.047816670568953404,
    "BATTERY_STATS":0.043032467025677035,
    "ACCESS_MEDIA_LOCATION":0.04272808865995473,
    "WRITE_SMS":0.04208421134784983,
    "SCHEDULE_EXACT_ALARM":0.041961289315538906,
    "READ_PROFILE":0.04160227893545617,
    "GET_PACKAGE_SIZE":0.039136033715757426,
    "ACCESS_NOTIFICATION_POLICY":0.03117341762272691,
    "PACKAGE_USAGE_STATS":0.030402715991571055,
    "WRITE_MEDIA_STORAGE":0.029411535159603524,
    "RECEIVE_SMS":0.028225239990634508,
    "READ_PRIVILEGED_PHONE_STATE":0.026016545695777722,
    "CAPTURE_AUDIO_OUTPUT":0.025396082104113007,
    "ACCESS_MOCK_LOCATION":0.02190158432841645,
    "BLUETOOTH_SCAN":0.02137477561851244,
    "READ_HISTORY_BOOKMARKS":0.02118746585499102,
    "READ_PHONE_NUMBERS":0.019002185280574412,
    "MOUNT_FORMAT_FILESYSTEMS":0.018258799656598764,
    "DELETE_PACKAGES":0.017292983688441423,
    "CAPTURE_VIDEO_OUTPUT":0.017292983688441423,
    "SET_WALLPAPER":0.016955435885428857,
    "DEVICE_POWER":0.014512604386170294,
    "MANAGE_DOCUMENTS":0.014424802934519625,
    "MEDIA_CONTENT_CONTROL":0.014424802934519625,
    "CHANGE_WIFI_MULTICAST_STATE":0.014360415203309137,
    "READ_CALL_LOG":0.013833606493405134,
    "REAL_GET_TASKS":0.013271677202840863,
    "GLOBAL_SEARCH":0.012440490127214545,
    "ACTIVITY_RECOGNITION":0.010163505814407241,
    "INTERACT_ACROSS_USERS":0.009728400842893935,
    "SET_WALLPAPER_HINTS":0.008852337469757277,
    "USE_FULL_SCREEN_INTENT":0.008417232498243969,
    "MANAGE_OWN_CALLS":0.008103098415671582,
    "SET_ALARM":0.008103098415671582,
    "WRITE_SYNC_SETTINGS":0.008103098415671582,
    "GET_TOP_ACTIVITY_INFO":0.008103098415671582,
    "WRITE_APN_SETTINGS":0.008056270974791228,
    "READ_MEDIA_AUDIO":0.002639896979630063,
    "READ_MEDIA_VIDEO":0.002639896979630063,
    "SET_DEBUG_APP":0.0023257628970576754
}