{
    "WRITE_EXTERNAL_STORAGE":0.9965071063752438,
    "INTERNET":0.9965071063752438,
    "ACCESS_NETWORK_STATE":0.9965071063752438,
    "ACCESS_WIFI_STATE":0.9915683448792872,
    "READ_PHONE_STATE":0.9731249160933293,
    "READ_EXTERNAL_STORAGE":0.9668852299310096,
    "CAMERA":0.9297868978471185,
    "REQUEST_INSTALL_PACKAGES":0.9256417598005964,
    "ACCESS_COARSE_LOCATION":0.8979659240901547,
    "ACCESS_FINE_LOCATION":0.8915812947229983,
    "WAKE_LOCK":0.8782286989921699,
    "VIBRATE":0.8571560955151963,
    "CHANGE_WIFI_STATE":0.8158175806603,
    "CHANGE_NETWORK_STATE":0.7719734492562157,
    "GET_TASKS":0.7712808108265448,
    "SYSTEM_ALERT_WINDOW":0.7711810138658374,
    "RECORD_AUDIO":0.6972017645053104,
    "WRITE_SETTINGS":0.6684412308767047,
    "MOUNT_UNMOUNT_FILESYSTEMS":0.664432719621627,
    "BLUETOOTH":0.6053921248317413,
    "ACCESS_LOCATION_EXTRA_COMMANDS":0.5787083184330927,
    "FOREGROUND_SERVICE":0.5191378493042134,
    "MODIFY_AUDIO_SETTINGS":0.5145792667061895,
    "FLASHLIGHT":0.5039247530916268,
    "RECEIVE_BOOT_COMPLETED":0.4998235732301782,
    "READ_LOGS":0.46141124783030724,
    "CALL_PHONE":0.3808465871221526,
    "BLUETOOTH_ADMIN":0.34622179399293596,
    "ACCESS_BACKGROUND_LOCATION":0.28549771952064196,
    "REORDER_TASKS":0.27884340074776437,
    "QUERY_ALL_PACKAGES":0.2730539889676836,
    "C2D_MESSAGE":0.23675403256945102,
    "RESTART_PACKAGES":0.22653078439223054,
    "READ_CONTACTS":0.20350144764995978,
    "CHANGE_CONFIGURATION":0.18553680666358568,
    "KILL_BACKGROUND_PROCESSES":0.1659777904240064,
    "GET_ACCOUNTS":0.15690814759020047,
    "BROADCAST_STICKY":0.15097141648717077,
    "INSTALL_SHORTCUT":0.1409501383494771,
    "DISABLE_KEYGUARD":0.12100975515290917,
    "NFC":0.1127907626032275,
    "UNINSTALL_SHORTCUT":0.10229069666594988,
    "READ_PRIVILEGED_PHONE_STATE":0.09181439190979306,
    "INTERACT_ACROSS_USERS_FULL":0.08044941897971865,
    "MANAGE_ACCOUNTS":0.0795857000459779,
    "INSTALL_PACKAGES":0.07892038697459573,
    "SEND_SMS":0.06777876914705679,
    "READ_MEDIA_VIDEO":0.06664654886665107,
    "MANAGE_EXTERNAL_STORAGE":0.0665479399649998,
    "READ_CALENDAR":0.06565689567297012,
    "READ_PHONE_NUMBERS":0.0655808598933836,
    "USE_FINGERPRINT":0.06470763648719452,
    "READ_MEDIA_AUDIO":0.0638177802542209,
    "EXPAND_STATUS_BAR":0.059609675077728776,
    "USE_CREDENTIALS":0.058713878549474956,
    "WRITE_CALENDAR":0.05816855944275279,
    "REQUEST_IGNORE_BATTERY_OPTIMIZATIONS":0.05575798761804854,
    "BATTERY_STATS":0.054708931471565594,
    "ACCESS_NOTIFICATION_POLICY":0.05255735652107796,
    "READ_HISTORY_BOOKMARKS":0.04874843918741514,
    "WRITE_MEDIA_STORAGE":0.047341777265064305,
    "READ_SMS":0.04660993288654393,
    "PROCESS_OUTGOING_CALLS":0.04630222559102968,
    "SCHEDULE_EXACT_ALARM":0.037068630607490244,
    "WRITE_APN_SETTINGS":0.03693675605226985,
    "INTERACT_ACROSS_USERS":0.03489091835776973,
    "GET_PACKAGE_SIZE":0.032998340281498714,
    "AUTHENTICATE_ACCOUNTS":0.03269063298598447,
    "PACKAGE_USAGE_STATS":0.03224748695808171,
    "RECEIVE_SMS":0.032098979576076776,
    "WRITE_SECURE_SETTINGS":0.03042500436611703,
    "CHANGE_WIFI_MULTICAST_STATE":0.030419064070836832,
    "WRITE_CONTACTS":0.029630192857626567,
    "CAPTURE_AUDIO_OUTPUT":0.028818748522351553,
    "CAPTURE_VIDEO_OUTPUT":0.02772573419079516,
    "BLUETOOTH_CONNECT":0.02635946627634967,
    "SET_DEBUG_APP":0.024532231448160826,
    "WRITE_SYNC_SETTINGS":0.021856722453959747,
    "WRITE_SMS":0.02136011376853521,
    "READ_PROFILE":0.020753015590898993,
    "SET_WALLPAPER":0.019572084889195675,
    "BODY_SENSORS":0.018953106120999066,
    "USE_FULL_SCREEN_INTENT":0.01633700007959996,
    "BIND_ACCESSIBILITY_SERVICE":0.016327495607151642,
    "ANSWER_PHONE_CALLS":0.015388928952880394,
    "USE_BIOMETRIC":0.014844797905214275,
    "BLUETOOTH_PRIVILEGED":0.014274529558315287,
    "READ_SYNC_SETTINGS":0.014116517703862025,
    "ACTIVITY_RECOGNITION":0.01077450757922275,
    "READ_PRECISE_PHONE_STATE":0.01077450757922275,
    "BIND_NOTIFICATION_LISTENER_SERVICE":0.01077450757922275,
    "USE_SIP":0.010117510921232873,
    "UPDATE_APP_OPS_STATS":0.009291809877285381,
    "GET_TOP_ACTIVITY_INFO":0.008688275876817286,
    "DEVICE_POWER":0.007640407789390396,
    "MOUNT_FORMAT_FILESYSTEMS":0.007415864627798919,
    "MANAGE_DOCUMENTS":0.007289930367858727,
    "ACCESS_MOCK_LOCATION":0.006306217469457974,
    "READ_CALL_LOG":0.0058274296698740315,
    "NFC_TRANSACTION_EVENT":0.0049387614959564416,
    "START_ACTIVITIES_FROM_BACKGROUND":0.0049387614959564416,
    "SET_TIME":0.0049387614959564416,
    "INJECT_EVENTS":0.0049387614959564416,
    "CALL_PRIVILEGED":0.0049387614959564416,
    "LOCAL_MAC_ADDRESS":0.0049387614959564416,
    "REAL_GET_TASKS":0.002828768612430187,
    "ACCESS_MEDIA_LOCATION":0.0027016462934339545,
    "ADD_VOICEMAIL":0.0027016462934339545,
    "WRITE_PROFILE":0.0027016462934339545,
    "READ_SOCIAL_STREAM":0.0027016462934339545,
    "WRITE_SOCIAL_STREAM":0.0027016462934339545,
    "READ_USER_DICTIONARY":0.0027016462934339545,
    "WRITE_USER_DICTIONARY":0.0027016462934339545,
    "WRITE_HISTORY_BOOKMARKS":0.0027016462934339545,
    "SUBSCRIBED_FEEDS_READ":0.0027016462934339545,
    "SUBSCRIBED_FEEDS_WRITE":0.0027016462934339545,
    "BIND_DIRECTORY_SEARCH":0.0027016462934339545,
    "SET_ALARM":0.0027016462934339545,
    "ACCOUNT_MANAGER":0.0027016462934339545,
    "GET_INTENT_SENDER_INTENT":0.0027016462934339545,
    "READ_SYNC_STATS":0.0027016462934339545,
    "PERSISTENT_ACTIVITY":0.0027016462934339545,
    "CLEAR_APP_CACHE":0.0027016462934339545,
    "BIND_VPN_SERVICE":0.0027016462934339545,
    "CLEAR_APP_USER_DATA":0.0027016462934339545,
    "DELETE_PACKAGES":0.0027016462934339545,
    "BIND_APPWIDGET":0.0027016462934339545,
    "ACCESS_CACHE_FILESYSTEM":0.0027016462934339545,
    "MANAGE_USERS":0.0009647039535041208,
    "RECEIVE_MMS":0.0008886681739175893
}