{
    "INTERNET":1.0,
    "ACCESS_NETWORK_STATE":0.9990889288980053,
    "ACCESS_WIFI_STATE":0.9921363697912225,
    "WRITE_EXTERNAL_STORAGE":0.9851838106844402,
    "READ_EXTERNAL_STORAGE":0.9658958503636761,
    "READ_PHONE_STATE":0.9484567792884283,
    "VIBRATE":0.916642845082807,
    "REQUEST_INSTALL_PACKAGES":0.9165492304374646,
    "WAKE_LOCK":0.9033077731917747,
    "CAMERA":0.8793541258147399,
    "ACCESS_COARSE_LOCATION":0.8549808842237587,
    "CHANGE_WIFI_STATE":0.8246631126535237,
    "ACCESS_FINE_LOCATION":0.7878641985834097,
    "GET_TASKS":0.7855121306191774,
    "CHANGE_NETWORK_STATE":0.7738788392452652,
    "WRITE_SETTINGS":0.7292647739791405,
    "RECORD_AUDIO":0.6915581321872224,
    "MOUNT_UNMOUNT_FILESYSTEMS":0.6885156562135883,
    "SYSTEM_ALERT_WINDOW":0.6492760746041853,
    "RECEIVE_BOOT_COMPLETED":0.5440615716895937,
    "BLUETOOTH":0.5420388266741557,
    "FLASHLIGHT":0.5279331056491423,
    "MODIFY_AUDIO_SETTINGS":0.5225251881905123,
    "ACCESS_LOCATION_EXTRA_COMMANDS":0.5174733407222034,
    "FOREGROUND_SERVICE":0.5041115217896444,
    "CALL_PHONE":0.45988696031574877,
    "BLUETOOTH_ADMIN":0.3780861488773764,
    "READ_LOGS":0.3772486321395793,
    "READ_CONTACTS":0.32345865993978556,
    "REORDER_TASKS":0.30941980651858825,
    "C2D_MESSAGE":0.3001402547990042,
    "QUERY_ALL_PACKAGES":0.28478578127272436,
    "ACCESS_BACKGROUND_LOCATION":0.27084221418696497,
    "GET_ACCOUNTS":0.22025520020996417,
    "DISABLE_KEYGUARD":0.19993079203005013,
    "MANAGE_ACCOUNTS":0.18765891503969417,
    "CHANGE_CONFIGURATION":0.17091359535403874,
    "NFC":0.1541314984862845,
    "BROADCAST_STICKY":0.15210875347084649,
    "RESTART_PACKAGES":0.15108066406217335,
    "USE_CREDENTIALS":0.13765197752579825,
    "USE_FINGERPRINT":0.13490873407924137,
    "READ_PRIVILEGED_PHONE_STATE":0.12649511782907627,
    "WRITE_CONTACTS":0.11034826319757528,
    "RECEIVE_SMS":0.1099002502520072,
    "KILL_BACKGROUND_PROCESSES":0.0990743851941751,
    "MANAGE_EXTERNAL_STORAGE":0.09849430873107012,
    "INSTALL_SHORTCUT":0.09660362723316895,
    "CHANGE_WIFI_MULTICAST_STATE":0.0939924473041489,
    "READ_SMS":0.09034983458626498,
    "READ_MEDIA_AUDIO":0.08214852297821615,
    "READ_MEDIA_VIDEO":0.08214852297821615,
    "USE_BIOMETRIC":0.07726885958973377,
    "WRITE_CALENDAR":0.07501709303122546,
    "READ_CALL_LOG":0.07208662029398337,
    "REQUEST_IGNORE_BATTERY_OPTIMIZATIONS":0.06996691725301193,
    "READ_CALENDAR":0.06806453392444292,
    "ACCESS_NOTIFICATION_POLICY":0.06389868220669775,
    "PROCESS_OUTGOING_CALLS":0.06380172418116437,
    "UNINSTALL_SHORTCUT":0.06057703398713129,
    "SEND_SMS":0.05955395964874443,
    "INTERACT_ACROSS_USERS_FULL":0.05815809841908264,
    "AUTHENTICATE_ACCOUNTS":0.05577259665294206,
    "INTERACT_ACROSS_USERS":0.053798330650270704,
    "SET_DEBUG_APP":0.053303510382031294,
    "WRITE_MEDIA_STORAGE":0.0530059495450495,
    "READ_PHONE_NUMBERS":0.05248605392537906,
    "INSTALL_PACKAGES":0.04809452404475446,
    "EXPAND_STATUS_BAR":0.04035794228322774,
    "SET_WALLPAPER":0.03672368801582084,
    "READ_PROFILE":0.035612014102377625,
    "WRITE_CALL_LOG":0.034734376802290856,
    "ACCESS_MEDIA_LOCATION":0.032698258266089575,
    "BATTERY_STATS":0.032395682358821565,
    "SCHEDULE_EXACT_ALARM":0.031193737180226562,
    "CALL_PRIVILEGED":0.029154275263834465,
    "READ_SYNC_SETTINGS":0.028694560487598546,
    "LOCATION_HARDWARE":0.027781817695508314,
    "BLUETOOTH_CONNECT":0.023691192032056312,
    "WRITE_SECURE_SETTINGS":0.02368952034196091,
    "USE_FULL_SCREEN_INTENT":0.022726626847008578,
    "GET_TOP_ACTIVITY_INFO":0.02200780010598514,
    "MEDIA_CONTENT_CONTROL":0.020894454502446504,
    "WRITE_USER_DICTIONARY":0.020829258588725773,
    "PACKAGE_USAGE_STATS":0.019704211154519317,
    "CAPTURE_VIDEO_OUTPUT":0.019313035672194934,
    "BODY_SENSORS":0.018821558784146347,
    "ACCESS_MOCK_LOCATION":0.01778009585471006,
    "WRITE_SYNC_SETTINGS":0.017006103340538304,
    "GET_PACKAGE_SIZE":0.015162229165308409,
    "ACTIVITY_RECOGNITION":0.014969984804337023,
    "USE_SIP":0.013905118213565087,
    "READ_USER_DICTIONARY":0.01387669948194323,
    "DEVICE_POWER":0.01387669948194323,
    "CAPTURE_AUDIO_OUTPUT":0.013234770485308344,
    "BLUETOOTH_PRIVILEGED":0.01298903204128405,
    "MANAGE_DOCUMENTS":0.012437374309800943,
    "MANAGE_APP_TOKENS":0.012437374309800943,
    "BROADCAST_SMS":0.00981282086001768,
    "READ_HISTORY_BOOKMARKS":0.009652338610858959,
    "REAL_GET_TASKS":0.009431675518265716,
    "ADD_VOICEMAIL":0.006952559106782543,
    "ANSWER_PHONE_CALLS":0.006952559106782543,
    "WRITE_SMS":0.006952559106782543,
    "MODIFY_PHONE_STATE":0.006952559106782543,
    "WRITE_GSERVICES":0.006952559106782543,
    "WRITE_APN_SETTINGS":0.006952559106782543,
    "INJECT_EVENTS":0.006952559106782543,
    "REQUEST_DELETE_PACKAGES":0.006952559106782543,
    "MANAGE_FINGERPRINT":0.006773688266574385,
    "BLUETOOTH_SCAN":0.0038030949670426273,
    "BLUETOOTH_ADVERTISE":0.0038030949670426273,
    "BIND_REMOTEVIEWS":0.0034838021588205867,
    "PERSISTENT_ACTIVITY":0.003100985126973219,
    "DELETE_PACKAGES":0.003059192874588135,
    "UPDATE_DEVICE_STATS":0.0029354878075282874,
    "SET_ALARM":0.00261786668940165,
    "MOUNT_FORMAT_FILESYSTEMS":0.0013724575683261525,
    "FORCE_BACK":0.0013724575683261525,
    "CHANGE_COMPONENT_ENABLED_STATE":0.0013724575683261525,
    "FACTORY_TEST":0.0013724575683261525,
    "HARDWARE_TEST":0.0013523972871813123
}