{
    "INTERNET":1.0,
    "WRITE_EXTERNAL_STORAGE":0.9943785648653803,
    "ACCESS_NETWORK_STATE":0.9943785648653803,
    "ACCESS_WIFI_STATE":0.9756462266604256,
    "READ_EXTERNAL_STORAGE":0.9428668018931711,
    "READ_PHONE_STATE":0.8518359598481299,
    "WAKE_LOCK":0.8317036805880618,
    "VIBRATE":0.8270422669509888,
    "CAMERA":0.8123147136838816,
    "REQUEST_INSTALL_PACKAGES":0.8028250203706592,
    "CHANGE_WIFI_STATE":0.8017934848563649,
    "ACCESS_COARSE_LOCATION":0.7706068722803,
    "ACCESS_FINE_LOCATION":0.7617846431233852,
    "GET_TASKS":0.7210606612229327,
    "CHANGE_NETWORK_STATE":0.66692455054524,
    "RECORD_AUDIO":0.6372050588582026,
    "RECEIVE_BOOT_COMPLETED":0.574721312043827,
    "WRITE_SETTINGS":0.5711326086579632,
    "SYSTEM_ALERT_WINDOW":0.5662934935247306,
    "BLUETOOTH":0.556959830793502,
    "MOUNT_UNMOUNT_FILESYSTEMS":0.5321119606109461,
    "FOREGROUND_SERVICE":0.4818896170316046,
    "MODIFY_AUDIO_SETTINGS":0.43481389018914357,
    "CALL_PHONE":0.41652580572458847,
    "READ_LOGS":0.3878941939286765,
    "ACCESS_LOCATION_EXTRA_COMMANDS":0.38491444323087315,
    "BLUETOOTH_ADMIN":0.35758091919349516,
    "FLASHLIGHT":0.33965907317834293,
    "READ_CONTACTS":0.263804372323642,
    "REORDER_TASKS":0.25972807336904696,
    "RESTART_PACKAGES":0.2528908999497233,
    "GET_ACCOUNTS":0.251480123437527,
    "QUERY_ALL_PACKAGES":0.2497941263154244,
    "BROADCAST_STICKY":0.23016027808117048,
    "ACCESS_BACKGROUND_LOCATION":0.22661491652363855,
    "C2D_MESSAGE":0.21606551550770614,
    "KILL_BACKGROUND_PROCESSES":0.21561692758447315,
    "CHANGE_CONFIGURATION":0.20936486884762742,
    "DISABLE_KEYGUARD":0.18703949307397577,
    "MANAGE_ACCOUNTS":0.1705891021306842,
    "USE_CREDENTIALS":0.13871768866697864,
    "RECEIVE_SMS":0.11426639621365783,
    "READ_CALENDAR":0.10753107609091377,
    "CHANGE_WIFI_MULTICAST_STATE":0.10722985038400856,
    "NFC":0.10374083320330782,
    "REQUEST_IGNORE_BATTERY_OPTIMIZATIONS":0.10272446732892977,
    "WRITE_CALENDAR":0.09853331252925568,
    "SET_DEBUG_APP":0.09074912016088482,
    "PROCESS_OUTGOING_CALLS":0.08695887727327886,
    "READ_SMS":0.08302560635217833,
    "ACCESS_MOCK_LOCATION":0.07995050363204519,
    "EXPAND_STATUS_BAR":0.07965577919938974,
    "BATTERY_STATS":0.07486867426015496,
    "READ_PRIVILEGED_PHONE_STATE":0.0738133007402784,
    "SEND_SMS":0.07280126904873353,
    "DEVICE_POWER":0.07108059846396557,
    "INTERACT_ACROSS_USERS_FULL":0.06915188710320554,
    "AUTHENTICATE_ACCOUNTS":0.06910421109204068,
    "INSTALL_SHORTCUT":0.06801849829233193,
    "OVERRIDE_WIFI_CONFIG":0.06538114803834884,
    "WRITE_CONTACTS":0.06140453528891661,
    "BLUETOOTH_CONNECT":0.05124304363655274,
    "ACCESS_MEDIA_LOCATION":0.04076298954595099,
    "UNINSTALL_SHORTCUT":0.03945623342175065,
    "WRITE_SMS":0.0394215599590853,
    "USE_FINGERPRINT":0.03705076194934206,
    "PACKAGE_USAGE_STATS":0.03672786532827099,
    "INSTALL_PACKAGES":0.03599105424663233,
    "READ_CALL_LOG":0.03415336072536883,
    "READ_PROFILE":0.03368310188797003,
    "ACCESS_NOTIFICATION_POLICY":0.03297229590333037,
    "WRITE_SECURE_SETTINGS":0.03075319429274803,
    "SET_ALARM":0.029550458556543736,
    "WRITE_MEDIA_STORAGE":0.02826754043792582,
    "WRITE_APN_SETTINGS":0.02826754043792582,
    "GET_PACKAGE_SIZE":0.025987760267679124,
    "READ_HISTORY_BOOKMARKS":0.021014285466618116,
    "BLUETOOTH_SCAN":0.020812745964875774,
    "WRITE_SYNC_SETTINGS":0.020812745964875774,
    "READ_SYNC_STATS":0.020812745964875774,
    "SET_WALLPAPER":0.020238466739480928,
    "USE_BIOMETRIC":0.019055234826025894,
    "READ_SYNC_SETTINGS":0.01873233820495483,
    "GET_TOP_ACTIVITY_INFO":0.01873233820495483,
    "BIND_ACCESSIBILITY_SERVICE":0.01873233820495483,
    "WRITE_VOICEMAIL":0.018034534768814683,
    "MANAGE_EXTERNAL_STORAGE":0.017995527123316164,
    "USE_FULL_SCREEN_INTENT":0.017995527123316164,
    "MANAGE_DOCUMENTS":0.016987829614604457,
    "REAL_GET_TASKS":0.016987829614604457,
    "SCHEDULE_EXACT_ALARM":0.013165080355749722,
    "FORCE_STOP_PACKAGES":0.012016521904960034,
    "INTERACT_ACROSS_PROFILES":0.011515923787729056,
    "RECEIVE_WAP_PUSH":0.008997763561658082,
    "INTERACT_ACROSS_USERS":0.008997763561658082,
    "DELETE_CACHE_FILES":0.008997763561658082,
    "MEDIA_CONTENT_CONTROL":0.008997763561658082,
    "BLUETOOTH_PRIVILEGED":0.0064666007870876,
    "ACTIVITY_RECOGNITION":0.0033871638841212865,
    "TRANSMIT_IR":0.0033871638841212865,
    "READ_PRECISE_PHONE_STATE":0.003235467484960384
}