{
    "INTERNET":1.0,
    "ACCESS_NETWORK_STATE":0.9949137888546925,
    "WRITE_EXTERNAL_STORAGE":0.9921092619456636,
    "ACCESS_WIFI_STATE":0.9812198237239341,
    "READ_EXTERNAL_STORAGE":0.9625233735317502,
    "READ_PHONE_STATE":0.8255074186654537,
    "REQUEST_INSTALL_PACKAGES":0.8182211710607027,
    "WAKE_LOCK":0.7464593070449261,
    "CAMERA":0.7279311997235254,
    "VIBRATE":0.7121090481769382,
    "CHANGE_NETWORK_STATE":0.6347500063833715,
    "ACCESS_COARSE_LOCATION":0.5508879418406554,
    "CHANGE_WIFI_STATE":0.5478651926917223,
    "GET_TASKS":0.5274327623135237,
    "RECORD_AUDIO":0.47431539081376406,
    "MOUNT_UNMOUNT_FILESYSTEMS":0.4731625242048545,
    "ACCESS_FINE_LOCATION":0.46072712244138136,
    "FOREGROUND_SERVICE":0.4211294351814632,
    "QUERY_ALL_PACKAGES":0.4159404962878469,
    "WRITE_SETTINGS":0.40262448613858287,
    "SYSTEM_ALERT_WINDOW":0.38156440703227873,
    "REORDER_TASKS":0.37008710481733775,
    "RECEIVE_BOOT_COMPLETED":0.31973922590781945,
    "BLUETOOTH":0.25886353420269903,
    "MODIFY_AUDIO_SETTINGS":0.23962375516830423,
    "READ_LOGS":0.23745370571053456,
    "ACCESS_LOCATION_EXTRA_COMMANDS":0.2033783771747256,
    "FLASHLIGHT":0.20316757745998795,
    "C2D_MESSAGE":0.132787490729266,
    "BLUETOOTH_ADMIN":0.1226806835611256,
    "EXPAND_STATUS_BAR":0.11418011083908375,
    "GET_ACCOUNTS":0.1046973895869691,
    "KILL_BACKGROUND_PROCESSES":0.09575443436498515,
    "RESTART_PACKAGES":0.09554868196736106,
    "ACCESS_BACKGROUND_LOCATION":0.09500149341206354,
    "CALL_PHONE":0.09443708459837899,
    "READ_CONTACTS":0.09247100613219336,
    "BROADCAST_STICKY":0.0865415961279358,
    "SET_WALLPAPER":0.08236063615197291,
    "DISABLE_KEYGUARD":0.0735530677890316,
    "READ_PRIVILEGED_PHONE_STATE":0.07110897870210317,
    "INSTALL_SHORTCUT":0.07092668148400623,
    "MANAGE_EXTERNAL_STORAGE":0.06467097727341552,
    "MANAGE_ACCOUNTS":0.06393525657888094,
    "CHANGE_CONFIGURATION":0.057384432767657735,
    "UNINSTALL_SHORTCUT":0.05293804329172959,
    "USE_CREDENTIALS":0.05163197576337702,
    "AUTHENTICATE_ACCOUNTS":0.05149807340936769,
    "READ_CALENDAR":0.048306090686631054,
    "REQUEST_IGNORE_BATTERY_OPTIMIZATIONS":0.04599263804263853,
    "INSTALL_PACKAGES":0.044769999697160966,
    "WRITE_CALENDAR":0.043351406687279485,
    "WRITE_SYNC_SETTINGS":0.04100974844765307,
    "PACKAGE_USAGE_STATS":0.04069147056850009,
    "CHANGE_WIFI_MULTICAST_STATE":0.03854398558723752,
    "NFC":0.03713222130050953,
    "USE_FINGERPRINT":0.035922646599325536,
    "ACCESS_MEDIA_LOCATION":0.03474008988974877,
    "READ_SYNC_SETTINGS":0.034325912985440556,
    "ACCESS_NOTIFICATION_POLICY":0.032443263702129896,
    "WRITE_CONTACTS":0.030858109227505138,
    "WRITE_APN_SETTINGS":0.030220959667185836,
    "WRITE_MEDIA_STORAGE":0.0282753673704606,
    "GET_PACKAGE_SIZE":0.027969856234594543,
    "SET_WALLPAPER_HINTS":0.025855624166079293,
    "READ_SMS":0.024745808203137286,
    "DEVICE_POWER":0.024524023151152888,
    "READ_PROFILE":0.023510106213366123,
    "READ_SYNC_STATS":0.02291689800203436,
    "RECEIVE_SMS":0.021500383299199607,
    "USE_FULL_SCREEN_INTENT":0.020385816920150845,
    "READ_MEDIA_AUDIO":0.02000073631449654,
    "READ_MEDIA_VIDEO":0.02000073631449654,
    "SET_ALARM":0.0199244327557817,
    "INTERACT_ACROSS_USERS_FULL":0.01832740224089003,
    "SEND_SMS":0.018263271623448766,
    "PROCESS_OUTGOING_CALLS":0.01711545233165267,
    "READ_PHONE_NUMBERS":0.015335233895644042,
    "READ_HISTORY_BOOKMARKS":0.015242303880555533,
    "READ_USER_DICTIONARY":0.014891663791675247,
    "BATTERY_STATS":0.014884241266508435,
    "REQUEST_DELETE_PACKAGES":0.014696302929284706,
    "DELETE_PACKAGES":0.013192499330488229,
    "ACCESS_CACHE_FILESYSTEM":0.013116789573786727,
    "INTERACT_ACROSS_USERS":0.013052362055338782,
    "MODIFY_PHONE_STATE":0.013009014508364591,
    "ADD_VOICEMAIL":0.012827014191274315,
    "WRITE_USER_DICTIONARY":0.012827014191274315,
    "BODY_SENSORS":0.012736756285245858,
    "CLEAR_APP_CACHE":0.012448762308773481,
    "WRITE_PROFILE":0.012414321791999465,
    "READ_SOCIAL_STREAM":0.012414321791999465,
    "WRITE_HISTORY_BOOKMARKS":0.012414321791999465,
    "SUBSCRIBED_FEEDS_READ":0.012414321791999465,
    "SUBSCRIBED_FEEDS_WRITE":0.012414321791999465,
    "CLEAR_APP_USER_DATA":0.012414321791999465,
    "USE_SIP":0.011944624399443486,
    "WRITE_SOCIAL_STREAM":0.011944624399443486,
    "ACCOUNT_MANAGER":0.011944624399443486,
    "PERSISTENT_ACTIVITY":0.011944624399443486,
    "BIND_APPWIDGET":0.011944624399443486,
    "READ_CALL_LOG":0.011822004283687723,
    "ACTIVITY_RECOGNITION":0.011681867008538278,
    "INJECT_EVENTS":0.011269174609263428,
    "GET_TOP_ACTIVITY_INFO":0.010572347946602945,
    "TRANSMIT_IR":0.010442899107693714,
    "UPDATE_APP_OPS_STATS":0.009828314023881528,
    "SET_DEBUG_APP":0.009768636921540343,
    "READ_CELL_BROADCASTS":0.009195024176648973,
    "READ_INSTALL_SESSIONS":0.009195024176648973,
    "BLUETOOTH_CONNECT":0.007553458510756426,
    "ACCESS_MOCK_LOCATION":0.007493781408415243,
    "USE_BIOMETRIC":0.007442714435267563,
    "WRITE_CALL_LOG":0.007293373228911268,
    "BIND_DIRECTORY_SEARCH":0.007005973054452237,
    "GET_INTENT_SENDER_INTENT":0.007005973054452237,
    "BIND_NOTIFICATION_LISTENER_SERVICE":0.006903245306143533,
    "WRITE_SMS":0.006680866452145792,
    "SCHEDULE_EXACT_ALARM":0.006576654198803725,
    "REAL_GET_TASKS":0.006222154396836696,
    "WRITE_SECURE_SETTINGS":0.00619929301932291,
    "ANSWER_PHONE_CALLS":0.006189198385096043,
    "BIND_ACCESSIBILITY_SERVICE":0.006050248713973288,
    "SET_TIME_ZONE":0.005973945155258443,
    "RECEIVE_WAP_PUSH":0.0051631085060357,
    "RECEIVE_MMS":0.0051631085060357,
    "BLUETOOTH_PRIVILEGED":0.0045330845698765415,
    "SET_TIME":0.004256372831657722,
    "MANAGE_DOCUMENTS":0.003765892368634664,
    "HARDWARE_TEST":0.003359731791506612,
    "CAPTURE_VIDEO_OUTPUT":0.0031899044156899112,
    "CAPTURE_AUDIO_OUTPUT":0.0028244192764759982,
    "MEDIA_CONTENT_CONTROL":0.0027908694627219997,
    "BIND_VPN_SERVICE":0.0027496002227945147,
    "STATUS_BAR_SERVICE":0.002729410954340781,
    "BIND_INPUT_METHOD":0.0027000177546801984,
    "BIND_WALLPAPER":0.0027000177546801984,
    "DELETE_CACHE_FILES":0.0027000177546801984,
    "STATUS_BAR":0.002504953793296331,
    "BIND_JOB_SERVICE":0.002321172070166021,
    "READ_FRAME_BUFFER":0.0021023560282483486,
    "START_ACTIVITIES_FROM_BACKGROUND":0.0020275369745668655,
    "CAPTURE_SECURE_VIDEO_OUTPUT":0.00171757232360072,
    "READ_VOICEMAIL":0.0013520871843868071,
    "SET_PREFERRED_APPLICATIONS":0.0012478749310447408,
    "DIAGNOSTIC":0.0012478749310447408,
    "READ_CLIPBOARD_IN_BACKGROUND":0.0012478749310447408,
    "UPDATE_DEVICE_STATS":0.0011068469528752781,
    "WRITE_VOICEMAIL":0.000882389791830828,
    "CONTROL_INCALL_EXPERIENCE":0.000882389791830828,
    "ALLOW_ANY_CODEC_FOR_PLAYBACK":0.000882389791830828,
    "GET_ACCOUNTS_PRIVILEGED":0.000882389791830828,
    "INTERNAL_SYSTEM_WINDOW":0.000882389791830828,
    "LOCATION_HARDWARE":0.0006941545536004293,
    "START_VIEW_PERMISSION_USAGE":0.0006825754143401997,
    "BLUETOOTH_SCAN":0.0004696973925559791,
    "SET_ANIMATION_SCALE":0.0004696973925559791,
    "SET_PROCESS_LIMIT":0.0004696973925559791,
    "SET_ALWAYS_FINISH":0.0004696973925559791,
    "SYSTEM_CAMERA":0.0002244571610444502,
    "CAMERA_OPEN_CLOSE_LISTENER":0.0002244571610444502,
    "ACCESS_CONTEXT_HUB":0.0002244571610444502,
    "MANAGE_USERS":0.0002244571610444502,
    "CREATE_USERS":0.0002244571610444502,
    "SYSTEM_APPLICATION_OVERLAY":0.0002244571610444502,
    "SIGNAL_PERSISTENT_PROCESSES":0.0002244571610444502,
    "GRANT_RUNTIME_PERMISSIONS":0.0002244571610444502,
    "BACKUP":0.0002244571610444502,
    "LOCAL_MAC_ADDRESS":0.0002244571610444502
}