{
    "INTERNET":0.9972040254699528,
    "ACCESS_NETWORK_STATE":0.9972040254699528,
    "ACCESS_WIFI_STATE":0.993807603950666,
    "WRITE_EXTERNAL_STORAGE":0.9811587985193252,
    "READ_EXTERNAL_STORAGE":0.9443243550465965,
    "READ_PHONE_STATE":0.8914685191602174,
    "REQUEST_INSTALL_PACKAGES":0.8549356742515493,
    "VIBRATE":0.8432457505770706,
    "WAKE_LOCK":0.8278055541804857,
    "CAMERA":0.7974715223118768,
    "CHANGE_NETWORK_STATE":0.7863444603952499,
    "CHANGE_WIFI_STATE":0.7132751037260713,
    "ACCESS_COARSE_LOCATION":0.6911612369758005,
    "ACCESS_FINE_LOCATION":0.6715389960526336,
    "GET_TASKS":0.6572071056255006,
    "WRITE_SETTINGS":0.6358981128546987,
    "SYSTEM_ALERT_WINDOW":0.6160705282283417,
    "MOUNT_UNMOUNT_FILESYSTEMS":0.6110606918982737,
    "RECORD_AUDIO":0.5865138689503816,
    "FOREGROUND_SERVICE":0.5832586212270381,
    "MODIFY_AUDIO_SETTINGS":0.5553318775931514,
    "BLUETOOTH":0.5001549244903529,
    "RECEIVE_BOOT_COMPLETED":0.47341074057573207,
    "QUERY_ALL_PACKAGES":0.35104056088165714,
    "REORDER_TASKS":0.3472545363540852,
    "FLASHLIGHT":0.336848010824546,
    "ACCESS_LOCATION_EXTRA_COMMANDS":0.32097237577164256,
    "READ_LOGS":0.3136570063454866,
    "C2D_MESSAGE":0.31054751598288993,
    "BROADCAST_STICKY":0.2750505567197804,
    "BLUETOOTH_ADMIN":0.2709500996466982,
    "CALL_PHONE":0.23416057510904262,
    "GET_ACCOUNTS":0.19159025864139437,
    "INSTALL_SHORTCUT":0.1888722047130043,
    "DISABLE_KEYGUARD":0.18242679588652533,
    "ACCESS_BACKGROUND_LOCATION":0.17448806164711297,
    "KILL_BACKGROUND_PROCESSES":0.15588428882325198,
    "RESTART_PACKAGES":0.15358700614380996,
    "CHANGE_CONFIGURATION":0.13967588696562486,
    "READ_CALENDAR":0.13220925990095814,
    "READ_CONTACTS":0.12875233532626715,
    "EXPAND_STATUS_BAR":0.12677773560898137,
    "WRITE_CALENDAR":0.12266169441556782,
    "MANAGE_ACCOUNTS":0.12153688761282425,
    "USE_CREDENTIALS":0.10491688163585576,
    "CHANGE_WIFI_MULTICAST_STATE":0.09720182535884714,
    "UNINSTALL_SHORTCUT":0.09352580638655571,
    "REQUEST_IGNORE_BATTERY_OPTIMIZATIONS":0.06949967640032477,
    "READ_PRIVILEGED_PHONE_STATE":0.06911282353092153,
    "USE_FINGERPRINT":0.06751224270158965,
    "USE_FULL_SCREEN_INTENT":0.06577598835407844,
    "NFC":0.05756040680054334,
    "INTERACT_ACROSS_USERS":0.05653368828459162,
    "INTERACT_ACROSS_USERS_FULL":0.052492817553953054,
    "READ_MEDIA_AUDIO":0.05079231501190802,
    "READ_MEDIA_VIDEO":0.05079231501190802,
    "AUTHENTICATE_ACCOUNTS":0.04934482524700822,
    "DEVICE_POWER":0.04616749812532192,
    "SET_DEBUG_APP":0.04569997451537962,
    "USE_BIOMETRIC":0.045060108868831134,
    "WRITE_CONTACTS":0.04266565461555801,
    "BLUETOOTH_CONNECT":0.04209912600586323,
    "ACTIVITY_RECOGNITION":0.04144000938714065,
    "INSTALL_PACKAGES":0.03944615869768083,
    "READ_PHONE_NUMBERS":0.03704345402776168,
    "BATTERY_STATS":0.035971816576737065,
    "SET_ALARM":0.0325002245946753,
    "RECEIVE_SMS":0.03194469654050858,
    "PACKAGE_USAGE_STATS":0.030949146265219676,
    "WRITE_APN_SETTINGS":0.03079605520078759,
    "MANAGE_EXTERNAL_STORAGE":0.030187357794901924,
    "PROCESS_OUTGOING_CALLS":0.028920460483254355,
    "CAPTURE_VIDEO_OUTPUT":0.028270510994138492,
    "SET_WALLPAPER":0.028149504883329894,
    "ACCESS_MEDIA_LOCATION":0.027963412152313644,
    "ACCESS_NOTIFICATION_POLICY":0.026516839100374525,
    "SCHEDULE_EXACT_ALARM":0.024752166651082506,
    "SEND_SMS":0.022637309850814098,
    "READ_SMS":0.02200386119499031,
    "READ_CALL_LOG":0.02197177624136682,
    "CLEAR_APP_CACHE":0.02059854022628139,
    "READ_SYNC_SETTINGS":0.01867344300887192,
    "READ_HISTORY_BOOKMARKS":0.018186668426755523,
    "READ_PROFILE":0.01604797708950966,
    "STATUS_BAR":0.014611487880137924,
    "DELETE_CACHE_FILES":0.014572985935789734,
    "MANAGE_DOCUMENTS":0.01404037570563978,
    "WRITE_SYNC_SETTINGS":0.013967955381746756,
    "ADD_VOICEMAIL":0.012611220199953413,
    "BODY_SENSORS":0.01253146617237502,
    "WRITE_MEDIA_STORAGE":0.012398542793077698,
    "MOUNT_FORMAT_FILESYSTEMS":0.011626670480192563,
    "SIGNAL_PERSISTENT_PROCESSES":0.011330572193895773,
    "GET_PACKAGE_SIZE":0.010323104650118148,
    "STATUS_BAR_SERVICE":0.010315770946432778,
    "READ_FRAME_BUFFER":0.009358722615492069,
    "SET_WALLPAPER_HINTS":0.008815111829814058,
    "INTENT_FILTER_VERIFICATION_AGENT":0.00858318345076425,
    "STOP_APP_SWITCHES":0.008461260626994984,
    "BLUETOOTH_PRIVILEGED":0.008114743127861278,
    "UPDATE_APP_OPS_STATS":0.008114743127861278,
    "READ_SYNC_STATS":0.007862647063676703,
    "PERSISTENT_ACTIVITY":0.007862647063676703,
    "REQUEST_DELETE_PACKAGES":0.007710472712205288,
    "HARDWARE_TEST":0.0076380523883122645,
    "INJECT_EVENTS":0.0069963533158424384,
    "RECEIVE_MMS":0.006699338316584977,
    "ACCESS_MOCK_LOCATION":0.006595749752029134,
    "WRITE_HISTORY_BOOKMARKS":0.006566414937287656,
    "WRITE_CALL_LOG":0.006480243918984565,
    "WRITE_SMS":0.006433491557990335,
    "RECEIVE_WAP_PUSH":0.004996085635657926,
    "READ_CELL_BROADCASTS":0.004996085635657926,
    "USE_SIP":0.004996085635657926,
    "WRITE_PROFILE":0.004996085635657926,
    "READ_SOCIAL_STREAM":0.004996085635657926,
    "WRITE_SOCIAL_STREAM":0.004996085635657926,
    "READ_USER_DICTIONARY":0.004996085635657926,
    "WRITE_USER_DICTIONARY":0.004996085635657926,
    "SUBSCRIBED_FEEDS_READ":0.004996085635657926,
    "SUBSCRIBED_FEEDS_WRITE":0.004996085635657926,
    "TRANSMIT_IR":0.004996085635657926,
    "READ_INSTALL_SESSIONS":0.004996085635657926,
    "MEDIA_CONTENT_CONTROL":0.004626650312507441,
    "INSTALL_LOCATION_PROVIDER":0.004295716933705145,
    "REAL_GET_TASKS":0.004295716933705145,
    "FORCE_STOP_PACKAGES":0.004295716933705145,
    "WRITE_SECURE_SETTINGS":0.004295716933705145,
    "SET_ACTIVITY_WATCHER":0.004295716933705145,
    "GRANT_RUNTIME_PERMISSIONS":0.004295716933705145,
    "READ_DREAM_STATE":0.004295716933705145,
    "CAPTURE_AUDIO_OUTPUT":0.0040436208695205705,
    "ANSWER_PHONE_CALLS":0.0038190261941561322,
    "BLUETOOTH_SCAN":0.0038190261941561322,
    "MODIFY_PHONE_STATE":0.0038190261941561322,
    "SET_TIME_ZONE":0.0038190261941561322,
    "BIND_APPWIDGET":0.0038190261941561322,
    "MANAGE_FINGERPRINT":0.0027006363821372933,
    "CHANGE_COMPONENT_ENABLED_STATE":0.002129524207639149,
    "BIND_JOB_SERVICE":0.002089188837369617,
    "LOCATION_HARDWARE":0.0016106646718992616,
    "UPDATE_DEVICE_STATS":0.0011770594415017937,
    "INTERNAL_SYSTEM_WINDOW":0.0011770594415017937,
    "CAPTURE_SECURE_VIDEO_OUTPUT":0.0011770594415017937,
    "ACCOUNT_MANAGER":0.0010954719880020588,
    "LOCAL_MAC_ADDRESS":0.0010954719880020588,
    "PEERS_MAC_ADDRESS":0.0005986135633182799,
    "DELETE_PACKAGES":0.0005005252765264638
}