{
    "INTERNET":0.9810522621204283,
    "ACCESS_NETWORK_STATE":0.9734658547687426,
    "WRITE_EXTERNAL_STORAGE":0.9687202370615194,
    "ACCESS_WIFI_STATE":0.9611338297098337,
    "READ_EXTERNAL_STORAGE":0.9130049302507537,
    "REQUEST_INSTALL_PACKAGES":0.8632947675725875,
    "READ_PHONE_STATE":0.861552635956646,
    "VIBRATE":0.8374443130279638,
    "WAKE_LOCK":0.8210174560491089,
    "CAMERA":0.7778316036933922,
    "GET_TASKS":0.7602768398865879,
    "CHANGE_NETWORK_STATE":0.7312236418045779,
    "ACCESS_COARSE_LOCATION":0.7013149163392934,
    "CHANGE_WIFI_STATE":0.6831404435946045,
    "WRITE_SETTINGS":0.6573027853997305,
    "ACCESS_FINE_LOCATION":0.6493745327047279,
    "RECORD_AUDIO":0.6170180483372972,
    "MOUNT_UNMOUNT_FILESYSTEMS":0.6070643162818926,
    "BLUETOOTH":0.5776126033076737,
    "SYSTEM_ALERT_WINDOW":0.5382949046763347,
    "RECEIVE_BOOT_COMPLETED":0.5362785655657542,
    "FOREGROUND_SERVICE":0.5284563397686786,
    "READ_LOGS":0.43504847074480246,
    "MODIFY_AUDIO_SETTINGS":0.4021289469883792,
    "FLASHLIGHT":0.39491546182940296,
    "REORDER_TASKS":0.3823074012258904,
    "CALL_PHONE":0.38148660679193697,
    "BLUETOOTH_ADMIN":0.3699479554175176,
    "QUERY_ALL_PACKAGES":0.33112931442642196,
    "ACCESS_LOCATION_EXTRA_COMMANDS":0.3258590463794556,
    "ACCESS_BACKGROUND_LOCATION":0.24080353764229087,
    "READ_CONTACTS":0.23270893240054044,
    "BROADCAST_STICKY":0.22700358846207994,
    "GET_ACCOUNTS":0.22485928585400097,
    "INSTALL_SHORTCUT":0.17346183305882124,
    "DISABLE_KEYGUARD":0.16412232579140865,
    "KILL_BACKGROUND_PROCESSES":0.1621096427807566,
    "READ_CALENDAR":0.14310889145222128,
    "WRITE_CALENDAR":0.14310889145222128,
    "RESTART_PACKAGES":0.1419773285243433,
    "C2D_MESSAGE":0.1363908078335598,
    "AUTHENTICATE_ACCOUNTS":0.13529397785500283,
    "UNINSTALL_SHORTCUT":0.13131248503284101,
    "WRITE_SYNC_SETTINGS":0.11937166266628407,
    "CHANGE_CONFIGURATION":0.11510316599973318,
    "MANAGE_ACCOUNTS":0.1042939065610542,
    "USE_FINGERPRINT":0.1007694262299578,
    "PACKAGE_USAGE_STATS":0.09758496319221405,
    "WRITE_CONTACTS":0.09520849823867393,
    "USE_FULL_SCREEN_INTENT":0.09241706594324643,
    "READ_SYNC_SETTINGS":0.08584888242165441,
    "READ_SYNC_STATS":0.08584888242165441,
    "NFC":0.08310315137533344,
    "READ_PRIVILEGED_PHONE_STATE":0.07693348274595047,
    "EXPAND_STATUS_BAR":0.07664465085159713,
    "READ_PROFILE":0.06828680641499298,
    "BIND_JOB_SERVICE":0.06652639429940904,
    "PROCESS_OUTGOING_CALLS":0.06351011185837736,
    "READ_CALL_LOG":0.05960356908475027,
    "USE_CREDENTIALS":0.05946646533743064,
    "SEND_SMS":0.058654811153298486,
    "BATTERY_STATS":0.057291085879959305,
    "INTERACT_ACROSS_USERS_FULL":0.05504989662377456,
    "READ_HISTORY_BOOKMARKS":0.05475009642963565,
    "CHANGE_WIFI_MULTICAST_STATE":0.05235900707638144,
    "READ_PHONE_NUMBERS":0.05153455654249946,
    "READ_SMS":0.05111958920061207,
    "INSTALL_PACKAGES":0.04832084470532752,
    "ACTIVITY_RECOGNITION":0.047688339417693,
    "SET_WALLPAPER":0.045518444110114444,
    "WRITE_MEDIA_STORAGE":0.0446300118274833,
    "RECEIVE_SMS":0.04353318184892633,
    "REQUEST_IGNORE_BATTERY_OPTIMIZATIONS":0.039008758187378804,
    "INTERACT_ACROSS_USERS":0.036904672678513675,
    "DEVICE_POWER":0.036210013692094256,
    "WRITE_SMS":0.03594677449724058,
    "GET_PACKAGE_SIZE":0.034725637121113824,
    "READ_MEDIA_AUDIO":0.03377505113969777,
    "READ_MEDIA_VIDEO":0.03377505113969777,
    "WRITE_APN_SETTINGS":0.0335355765943795,
    "USE_BIOMETRIC":0.0317440876294031,
    "ACCESS_NOTIFICATION_POLICY":0.026908895473931112,
    "MANAGE_EXTERNAL_STORAGE":0.025079017459705224,
    "RECEIVE_MMS":0.024473932921534627,
    "WRITE_CALL_LOG":0.024473932921534627,
    "ACCESS_MOCK_LOCATION":0.024473932921534627,
    "MANAGE_FINGERPRINT":0.024157680277717364,
    "SET_WALLPAPER_HINTS":0.022759222055057222,
    "UPDATE_APP_OPS_STATS":0.02144851023068164,
    "SET_ALARM":0.02078492809365467,
    "SCHEDULE_EXACT_ALARM":0.02077578784383336,
    "WRITE_PROFILE":0.01932248812224537,
    "READ_USER_DICTIONARY":0.01932248812224537,
    "BLUETOOTH_CONNECT":0.016571272926031624,
    "WRITE_SECURE_SETTINGS":0.015172814703371482,
    "LOCAL_MAC_ADDRESS":0.015172814703371482,
    "CAPTURE_VIDEO_OUTPUT":0.012854847348687744,
    "ADD_VOICEMAIL":0.01173608077055963,
    "USE_SIP":0.01173608077055963,
    "BODY_SENSORS":0.01173608077055963,
    "READ_SOCIAL_STREAM":0.01173608077055963,
    "WRITE_SOCIAL_STREAM":0.01173608077055963,
    "WRITE_USER_DICTIONARY":0.01173608077055963,
    "WRITE_HISTORY_BOOKMARKS":0.01173608077055963,
    "SUBSCRIBED_FEEDS_READ":0.01173608077055963,
    "SUBSCRIBED_FEEDS_WRITE":0.01173608077055963,
    "BIND_DIRECTORY_SEARCH":0.01173608077055963,
    "ACCOUNT_MANAGER":0.01173608077055963,
    "GET_INTENT_SENDER_INTENT":0.01173608077055963,
    "PERSISTENT_ACTIVITY":0.01173608077055963,
    "CLEAR_APP_CACHE":0.01173608077055963,
    "CLEAR_APP_USER_DATA":0.01173608077055963,
    "DELETE_PACKAGES":0.01173608077055963,
    "BIND_APPWIDGET":0.01173608077055963,
    "ACCESS_CACHE_FILESYSTEM":0.01173608077055963,
    "REAL_GET_TASKS":0.011472841575705954,
    "INSTALL_GRANT_RUNTIME_PERMISSIONS":0.010717856940465904,
    "READ_CELL_BROADCASTS":0.007586407351685741,
    "LOCATION_HARDWARE":0.007586407351685741,
    "TRANSMIT_IR":0.007586407351685741,
    "MANAGE_USERS":0.007586407351685741,
    "SET_TIME":0.007586407351685741,
    "SET_TIME_ZONE":0.007586407351685741,
    "DIAGNOSTIC":0.007586407351685741,
    "BIND_ACCESSIBILITY_SERVICE":0.007586407351685741,
    "REQUEST_DELETE_PACKAGES":0.007586407351685741,
    "READ_FRAME_BUFFER":0.007586407351685741,
    "SET_VOLUME_KEY_LONG_PRESS_LISTENER":0.007586407351685741,
    "BROADCAST_WAP_PUSH":0.007586407351685741,
    "READ_INSTALL_SESSIONS":0.007586407351685741,
    "ACCESS_MEDIA_LOCATION":0.004149673418873887,
    "BIND_VPN_SERVICE":0.004149673418873887,
    "SERIAL_PORT":0.0038864342240202136
}