{
    "INTERNET":0.9865176540312393,
    "ACCESS_NETWORK_STATE":0.9865176540312393,
    "ACCESS_WIFI_STATE":0.9856050098531769,
    "WRITE_EXTERNAL_STORAGE":0.9804874421287819,
    "READ_EXTERNAL_STORAGE":0.9711063613552652,
    "CAMERA":0.9274481680076523,
    "VIBRATE":0.9127883983770705,
    "REQUEST_INSTALL_PACKAGES":0.8933975263962605,
    "READ_PHONE_STATE":0.8781011592834499,
    "WAKE_LOCK":0.836700915235636,
    "CHANGE_WIFI_STATE":0.833970869749901,
    "RECORD_AUDIO":0.7657940962062163,
    "ACCESS_COARSE_LOCATION":0.7499805640591697,
    "CHANGE_NETWORK_STATE":0.7462905521046577,
    "ACCESS_FINE_LOCATION":0.7351213647748631,
    "GET_TASKS":0.7141226616309729,
    "SYSTEM_ALERT_WINDOW":0.7016104226218567,
    "WRITE_SETTINGS":0.6580310997587681,
    "MODIFY_AUDIO_SETTINGS":0.6476325897348928,
    "BLUETOOTH":0.6234249845920865,
    "MOUNT_UNMOUNT_FILESYSTEMS":0.6210532364503315,
    "FOREGROUND_SERVICE":0.5812304020929966,
    "CALL_PHONE":0.5294699565423622,
    "FLASHLIGHT":0.46203907243803255,
    "RECEIVE_BOOT_COMPLETED":0.4564088465642321,
    "ACCESS_LOCATION_EXTRA_COMMANDS":0.4452869815251518,
    "BLUETOOTH_ADMIN":0.37246473644300826,
    "READ_CONTACTS":0.34356208402861377,
    "READ_LOGS":0.3288707662042223,
    "REORDER_TASKS":0.3288324576831678,
    "QUERY_ALL_PACKAGES":0.27223274454638735,
    "C2D_MESSAGE":0.262501253477343,
    "ACCESS_BACKGROUND_LOCATION":0.2500228161044512,
    "READ_CALENDAR":0.24049300813154664,
    "DISABLE_KEYGUARD":0.23405266970956484,
    "WRITE_CALENDAR":0.21951458596939122,
    "BROADCAST_STICKY":0.20530663154301068,
    "WRITE_CONTACTS":0.1880452626443469,
    "RESTART_PACKAGES":0.18410511858177325,
    "GET_ACCOUNTS":0.1778123806379719,
    "INSTALL_SHORTCUT":0.16134309674816974,
    "KILL_BACKGROUND_PROCESSES":0.15849136537202632,
    "CHANGE_CONFIGURATION":0.14384398967472672,
    "CHANGE_WIFI_MULTICAST_STATE":0.1223089672360739,
    "MANAGE_ACCOUNTS":0.11345857215128248,
    "UNINSTALL_SHORTCUT":0.10760638219960757,
    "USE_FULL_SCREEN_INTENT":0.1068210575179908,
    "INTERACT_ACROSS_USERS_FULL":0.10404706990516376,
    "REQUEST_IGNORE_BATTERY_OPTIMIZATIONS":0.09995031159474982,
    "ACCESS_NOTIFICATION_POLICY":0.0989813313563131,
    "USE_FINGERPRINT":0.09139173730269692,
    "AUTHENTICATE_ACCOUNTS":0.08612769582132897,
    "READ_PRIVILEGED_PHONE_STATE":0.0790586469655707,
    "PROCESS_OUTGOING_CALLS":0.07608860986264133,
    "SEND_SMS":0.07600185232966503,
    "READ_SMS":0.07459232409910181,
    "NFC":0.07297998605119138,
    "USE_CREDENTIALS":0.07164144125669969,
    "READ_SYNC_SETTINGS":0.05805543693685059,
    "RECEIVE_SMS":0.056438592004110215,
    "BATTERY_STATS":0.054741749865638435,
    "READ_CALL_LOG":0.05307983608459869,
    "INSTALL_PACKAGES":0.047348205302124614,
    "MANAGE_EXTERNAL_STORAGE":0.047220885805678854,
    "WRITE_SYNC_SETTINGS":0.04291005046584285,
    "BLUETOOTH_CONNECT":0.04147122748388503,
    "PACKAGE_USAGE_STATS":0.038898922967197734,
    "EXPAND_STATUS_BAR":0.037191940337858595,
    "READ_PHONE_NUMBERS":0.03378924229125515,
    "ACCESS_MOCK_LOCATION":0.033361088232411,
    "INTERACT_ACROSS_USERS":0.03225126784303869,
    "SCHEDULE_EXACT_ALARM":0.028771952754326296,
    "ACTIVITY_RECOGNITION":0.028464357864683012,
    "DEVICE_POWER":0.027553967129035472,
    "READ_MEDIA_VIDEO":0.026932017022503973,
    "WRITE_SMS":0.025597979112842232,
    "REAL_GET_TASKS":0.024434076105510658,
    "READ_HISTORY_BOOKMARKS":0.023036941808229773,
    "READ_MEDIA_AUDIO":0.022241476635745657,
    "GET_TOP_ACTIVITY_INFO":0.02082744152035251,
    "USE_BIOMETRIC":0.020587449903158292,
    "WRITE_MEDIA_STORAGE":0.02013676142016446,
    "MANAGE_FINGERPRINT":0.01978973128825921,
    "BLUETOOTH_SCAN":0.019709734082527804,
    "SET_ALARM":0.019644384252493697,
    "LOCAL_MAC_ADDRESS":0.018936803334193376,
    "WRITE_APN_SETTINGS":0.01890300169796884,
    "BIND_ACCESSIBILITY_SERVICE":0.017521641497592742,
    "SET_DEBUG_APP":0.016028735897675672,
    "WRITE_CALL_LOG":0.01589127591036255,
    "GET_PACKAGE_SIZE":0.01579212444410391,
    "INJECT_EVENTS":0.015469882178763321,
    "CAPTURE_VIDEO_OUTPUT":0.01520510269500444,
    "READ_PROFILE":0.014833284696534528,
    "CLEAR_APP_CACHE":0.014762301260463,
    "SET_WALLPAPER":0.014046833293710292,
    "CAPTURE_AUDIO_OUTPUT":0.01188803546016983,
    "CAPTURE_SECURE_VIDEO_OUTPUT":0.010895394076375912,
    "STOP_APP_SWITCHES":0.010415410841987481,
    "RECEIVE_MMS":0.010083028085779528,
    "READ_SYNC_STATS":0.009381080773516634,
    "REQUEST_DELETE_PACKAGES":0.009381080773516634,
    "INSTALL_LOCATION_PROVIDER":0.008383932504892779,
    "UPDATE_APP_OPS_STATS":0.008007607621592928,
    "MANAGE_DOCUMENTS":0.007696632568327183,
    "MANAGE_OWN_CALLS":0.006253302701539434,
    "RECOVERY":0.006130490089923613,
    "REBOOT":0.006130490089923613,
    "ACCESS_MEDIA_LOCATION":0.005117567724394974,
    "LOCATION_HARDWARE":0.004690540386758317,
    "BLUETOOTH_ADVERTISE":0.004690540386758317,
    "BLUETOOTH_PRIVILEGED":0.004690540386758317,
    "MANAGE_CA_CERTIFICATES":0.004690540386758317,
    "USE_SIP":0.004417873854547048,
    "WRITE_HISTORY_BOOKMARKS":0.004023521431927444,
    "ACCOUNT_MANAGER":0.004023521431927444,
    "DELETE_CACHE_FILES":0.003317067234834611,
    "MEDIA_CONTENT_CONTROL":0.0027277920433201744,
    "WRITE_SECURE_SETTINGS":0.0025655441894423944,
    "SIGNAL_PERSISTENT_PROCESSES":0.00209232128229887,
    "MANAGE_APP_TOKENS":0.0012033382495935342,
    "STATUS_BAR":0.0010872859652226222,
    "STATUS_BAR_SERVICE":0.0010872859652226222
}