{
    "INTERNET":1.0,
    "ACCESS_NETWORK_STATE":1.0,
    "ACCESS_WIFI_STATE":0.9798892796886083,
    "WRITE_EXTERNAL_STORAGE":0.9668468433576287,
    "READ_EXTERNAL_STORAGE":0.9230234826790734,
    "READ_PHONE_STATE":0.8925838693045246,
    "WAKE_LOCK":0.8665691953533295,
    "REQUEST_INSTALL_PACKAGES":0.8648553785525992,
    "VIBRATE":0.8292549496142702,
    "CHANGE_NETWORK_STATE":0.7007937295606774,
    "ACCESS_COARSE_LOCATION":0.698721657270529,
    "CHANGE_WIFI_STATE":0.6909562274728709,
    "ACCESS_FINE_LOCATION":0.6460314732288744,
    "CAMERA":0.6376100485823493,
    "GET_TASKS":0.6111644997857731,
    "RECORD_AUDIO":0.49577960509594243,
    "FOREGROUND_SERVICE":0.493697850224999,
    "WRITE_SETTINGS":0.47252204602614806,
    "MOUNT_UNMOUNT_FILESYSTEMS":0.46476145751888726,
    "SYSTEM_ALERT_WINDOW":0.4429466029875606,
    "RECEIVE_BOOT_COMPLETED":0.4409786184409594,
    "BLUETOOTH":0.4094884450501438,
    "MODIFY_AUDIO_SETTINGS":0.36684393858339015,
    "REORDER_TASKS":0.36620730889611336,
    "FLASHLIGHT":0.33980775235831373,
    "CALL_PHONE":0.332068949657842,
    "BLUETOOTH_ADMIN":0.2735788997199314,
    "QUERY_ALL_PACKAGES":0.26227690728686837,
    "READ_LOGS":0.26194285824943797,
    "C2D_MESSAGE":0.2218424498865928,
    "ACCESS_LOCATION_EXTRA_COMMANDS":0.21649524464250705,
    "READ_CONTACTS":0.1941817372002334,
    "ACCESS_BACKGROUND_LOCATION":0.15765178050557604,
    "KILL_BACKGROUND_PROCESSES":0.12679097486644098,
    "GET_ACCOUNTS":0.12629232195549406,
    "RESTART_PACKAGES":0.11718101342731899,
    "CHANGE_CONFIGURATION":0.10501243001309575,
    "WRITE_CONTACTS":0.09646997310663188,
    "USE_FINGERPRINT":0.0863540968209667,
    "DISABLE_KEYGUARD":0.08574893552127387,
    "SEND_SMS":0.07889124767315484,
    "INSTALL_SHORTCUT":0.06895934042259626,
    "BROADCAST_STICKY":0.06326356226988744,
    "INSTALL_PACKAGES":0.063183680978328,
    "USE_CREDENTIALS":0.06255673387184622,
    "NFC":0.061845064183407475,
    "USE_BIOMETRIC":0.05291288339994145,
    "REQUEST_IGNORE_BATTERY_OPTIMIZATIONS":0.051692878219760714,
    "SET_DEBUG_APP":0.05057696078312716,
    "READ_SMS":0.049717631737563356,
    "READ_CALENDAR":0.04448177617262107,
    "MANAGE_ACCOUNTS":0.043465105189137127,
    "EXPAND_STATUS_BAR":0.04307538131213495,
    "CHANGE_WIFI_MULTICAST_STATE":0.04158426386969184,
    "WRITE_MEDIA_STORAGE":0.04066199804895999,
    "MANAGE_EXTERNAL_STORAGE":0.03952187416033871,
    "READ_PRIVILEGED_PHONE_STATE":0.036508170887868466,
    "USE_FULL_SCREEN_INTENT":0.033951969557966,
    "WRITE_CALENDAR":0.03247053469631798,
    "UNINSTALL_SHORTCUT":0.03228656566121135,
    "SET_WALLPAPER":0.03016608046708771,
    "CAPTURE_AUDIO_OUTPUT":0.029146988838405,
    "CAPTURE_VIDEO_OUTPUT":0.029146988838405,
    "INTERACT_ACROSS_USERS":0.028125476564523518,
    "ACCESS_MEDIA_LOCATION":0.028096428822138267,
    "RECEIVE_SMS":0.02717174235620764,
    "INTERACT_ACROSS_USERS_FULL":0.025290901036762348,
    "PROCESS_OUTGOING_CALLS":0.02389660940227009,
    "READ_PHONE_NUMBERS":0.023388273910528123,
    "AUTHENTICATE_ACCOUNTS":0.023354384877745323,
    "READ_HISTORY_BOOKMARKS":0.02128715387799465,
    "SET_ALARM":0.020110720311391807,
    "ACCESS_MOCK_LOCATION":0.02007925192380778,
    "GET_PACKAGE_SIZE":0.02007925192380778,
    "ACCESS_NOTIFICATION_POLICY":0.02007925192380778,
    "WRITE_APN_SETTINGS":0.01777721833977629,
    "MODIFY_PHONE_STATE":0.015816495728771553,
    "BLUETOOTH_CONNECT":0.012689022131959058,
    "READ_MEDIA_AUDIO":0.011449651790188161,
    "READ_MEDIA_VIDEO":0.011449651790188161,
    "HARDWARE_TEST":0.010055360155695903,
    "MANAGE_DOCUMENTS":0.010055360155695903,
    "SET_WALLPAPER_HINTS":0.010055360155695903,
    "SET_TIME_ZONE":0.010055360155695903,
    "PERSISTENT_ACTIVITY":0.010055360155695903,
    "STOP_APP_SWITCHES":0.010055360155695903,
    "REQUEST_DELETE_PACKAGES":0.010055360155695903,
    "MEDIA_CONTENT_CONTROL":0.010055360155695903,
    "DEVICE_POWER":0.010055360155695903,
    "PACKAGE_USAGE_STATS":0.010055360155695903,
    "BATTERY_STATS":0.010055360155695903,
    "READ_CLIPBOARD_IN_BACKGROUND":0.010055360155695903,
    "ACTIVITY_RECOGNITION":0.009036268527013194,
    "SCHEDULE_EXACT_ALARM":0.00895396659025497,
    "MANAGE_OWN_CALLS":0.0037858890908782847,
    "BODY_SENSORS":0.0037858890908782847,
    "GET_TOP_ACTIVITY_INFO":0.0037858890908782847,
    "BLUETOOTH_SCAN":0.0026336619762631543,
    "READ_CALL_LOG":0.002577987136691415,
    "WRITE_CALL_LOG":0.002577987136691415,
    "SET_PREFERRED_APPLICATIONS":0.0018106426086809187,
    "BIND_VOICE_INTERACTION":0.0018106426086809187
}