{
    "INTERNET":1.0,
    "ACCESS_NETWORK_STATE":0.989380419483205,
    "ACCESS_WIFI_STATE":0.959192051714251,
    "REQUEST_INSTALL_PACKAGES":0.9430552418023528,
    "WRITE_EXTERNAL_STORAGE":0.9373598971275653,
    "READ_EXTERNAL_STORAGE":0.7821693572210541,
    "READ_PHONE_STATE":0.7720689175804124,
    "VIBRATE":0.7712174396580184,
    "WAKE_LOCK":0.765850087754357,
    "ACCESS_COARSE_LOCATION":0.6385041791926597,
    "CHANGE_NETWORK_STATE":0.5908909239404313,
    "GET_TASKS":0.539031139764019,
    "CAMERA":0.5285158218499659,
    "CHANGE_WIFI_STATE":0.5084409265469964,
    "ACCESS_FINE_LOCATION":0.4709215945227378,
    "REORDER_TASKS":0.3789684953168716,
    "RECEIVE_BOOT_COMPLETED":0.3769896780023286,
    "MOUNT_UNMOUNT_FILESYSTEMS":0.358213720958521,
    "FOREGROUND_SERVICE":0.35633699410916303,
    "RECORD_AUDIO":0.34695553199993057,
    "WRITE_SETTINGS":0.3376131683667264,
    "QUERY_ALL_PACKAGES":0.33298651537004553,
    "SYSTEM_ALERT_WINDOW":0.298319199958295,
    "BLUETOOTH":0.2724794515787096,
    "MODIFY_AUDIO_SETTINGS":0.22441439171459854,
    "BLUETOOTH_ADMIN":0.20112473282708046,
    "READ_LOGS":0.20091186334648203,
    "ACCESS_LOCATION_EXTRA_COMMANDS":0.1921320833405738,
    "FLASHLIGHT":0.1717726380176204,
    "CALL_PHONE":0.15815550767198988,
    "ACCESS_BACKGROUND_LOCATION":0.11663727040506024,
    "C2D_MESSAGE":0.11144151736841192,
    "REQUEST_IGNORE_BATTERY_OPTIMIZATIONS":0.10830712287347735,
    "BROADCAST_STICKY":0.1037847324795385,
    "INSTALL_SHORTCUT":0.10041357499087704,
    "GET_ACCOUNTS":0.09480294368081743,
    "READ_CONTACTS":0.09222244426295029,
    "UNINSTALL_SHORTCUT":0.09139051557857057,
    "CHANGE_CONFIGURATION":0.08161155229638384,
    "MANAGE_ACCOUNTS":0.07726944931968653,
    "KILL_BACKGROUND_PROCESSES":0.07290996924253221,
    "READ_CALENDAR":0.06830720975897962,
    "WRITE_CALENDAR":0.06830720975897962,
    "INSTALL_PACKAGES":0.06356543347177092,
    "CHANGE_WIFI_MULTICAST_STATE":0.06313535023545973,
    "PACKAGE_USAGE_STATS":0.0595817331919996,
    "READ_PRIVILEGED_PHONE_STATE":0.057965662849496946,
    "REQUEST_DELETE_PACKAGES":0.05619319860288114,
    "USE_CREDENTIALS":0.05411229082315326,
    "RESTART_PACKAGES":0.05362355987279964,
    "READ_PHONE_NUMBERS":0.04891653778650496,
    "NFC":0.048512520200879296,
    "GET_PACKAGE_SIZE":0.045519314647157985,
    "DISABLE_KEYGUARD":0.04511529706153232,
    "EXPAND_STATUS_BAR":0.04136184336281649,
    "MANAGE_EXTERNAL_STORAGE":0.0381383912280397,
    "SET_WALLPAPER":0.03753670912471546,
    "MODIFY_PHONE_STATE":0.036496255234851525,
    "INJECT_EVENTS":0.036496255234851525,
    "STOP_APP_SWITCHES":0.036496255234851525,
    "WRITE_CONTACTS":0.03609223764922586,
    "USE_FINGERPRINT":0.03609223764922586,
    "AUTHENTICATE_ACCOUNTS":0.036066171998540335,
    "INTERACT_ACROSS_USERS":0.03262985038316507,
    "USE_BIOMETRIC":0.027069178236919393,
    "SET_DEBUG_APP":0.027069178236919393,
    "INTERACT_ACROSS_USERS_FULL":0.021443341963959896,
    "REAL_GET_TASKS":0.018087389438198345,
    "READ_SMS":0.01804611882461293,
    "PROCESS_OUTGOING_CALLS":0.01804611882461293,
    "ACTIVITY_RECOGNITION":0.01804611882461293,
    "CAPTURE_VIDEO_OUTPUT":0.01804611882461293,
    "MEDIA_CONTENT_CONTROL":0.01804611882461293,
    "USE_FULL_SCREEN_INTENT":0.01804611882461293,
    "READ_SYNC_SETTINGS":0.0180200531739274,
    "WRITE_SYNC_SETTINGS":0.0180200531739274,
    "READ_SYNC_STATS":0.0180200531739274,
    "GET_TOP_ACTIVITY_INFO":0.015359184666446559,
    "READ_PROFILE":0.013958155942099506,
    "WRITE_USER_DICTIONARY":0.012420282551653433,
    "DEVICE_POWER":0.012420282551653433,
    "SEND_SMS":0.01133855804820408,
    "RECEIVE_SMS":0.009023059412306465,
    "READ_CALL_LOG":0.009023059412306465,
    "WRITE_CALL_LOG":0.009023059412306465,
    "MANAGE_OWN_CALLS":0.009023059412306465,
    "BLUETOOTH_PRIVILEGED":0.009023059412306465,
    "TRANSMIT_IR":0.009023059412306465,
    "MOUNT_FORMAT_FILESYSTEMS":0.009023059412306465,
    "SCHEDULE_EXACT_ALARM":0.009023059412306465,
    "CAPTURE_AUDIO_OUTPUT":0.009023059412306465,
    "BROADCAST_WAP_PUSH":0.009023059412306465,
    "ACCESS_NOTIFICATION_POLICY":0.009023059412306465,
    "BLUETOOTH_CONNECT":0.007752358941387041,
    "ACCESS_MEDIA_LOCATION":0.0038121014127582677,
    "WRITE_PROFILE":0.0033972231393469697,
    "SET_ALARM":0.0032430013727909367,
    "WRITE_MEDIA_STORAGE":0.0023154986358976145
}