{
    "INTERNET":1.0,
    "ACCESS_NETWORK_STATE":1.0,
    "ACCESS_WIFI_STATE":1.0,
    "WRITE_EXTERNAL_STORAGE":0.9950880780806666,
    "READ_EXTERNAL_STORAGE":0.9535941453669123,
    "READ_PHONE_STATE":0.9299696901356564,
    "CAMERA":0.9018442141456264,
    "ACCESS_COARSE_LOCATION":0.8911182769544667,
    "CHANGE_WIFI_STATE":0.8900225405263077,
    "VIBRATE":0.8842687435280117,
    "REQUEST_INSTALL_PACKAGES":0.8796945162406323,
    "ACCESS_FINE_LOCATION":0.8647651074069658,
    "WAKE_LOCK":0.8596064086412041,
    "CHANGE_NETWORK_STATE":0.7999737873397573,
    "RECORD_AUDIO":0.7875652807411331,
    "WRITE_SETTINGS":0.7731967283766213,
    "GET_TASKS":0.7680085108493252,
    "MOUNT_UNMOUNT_FILESYSTEMS":0.7126974362365227,
    "SYSTEM_ALERT_WINDOW":0.7120031549652324,
    "ACCESS_LOCATION_EXTRA_COMMANDS":0.5710782258988164,
    "RECEIVE_BOOT_COMPLETED":0.5622048861815592,
    "CALL_PHONE":0.5475305194475504,
    "MODIFY_AUDIO_SETTINGS":0.5467323321356587,
    "FLASHLIGHT":0.5296917414770479,
    "BLUETOOTH":0.4983758777403739,
    "FOREGROUND_SERVICE":0.4427542657562293,
    "READ_LOGS":0.36834455243063396,
    "BLUETOOTH_ADMIN":0.3318699899281986,
    "C2D_MESSAGE":0.28288773778838344,
    "BROADCAST_STICKY":0.2714474465680897,
    "ACCESS_BACKGROUND_LOCATION":0.26979203442123745,
    "READ_CONTACTS":0.2573268518004673,
    "QUERY_ALL_PACKAGES":0.23836518014119418,
    "GET_ACCOUNTS":0.2341404549903828,
    "RESTART_PACKAGES":0.23175770055932143,
    "REORDER_TASKS":0.21638078730079263,
    "MANAGE_ACCOUNTS":0.2153098466323226,
    "USE_CREDENTIALS":0.19676379913545453,
    "DISABLE_KEYGUARD":0.18073983462409038,
    "PROCESS_OUTGOING_CALLS":0.1397429978545764,
    "KILL_BACKGROUND_PROCESSES":0.1351569630625833,
    "INSTALL_SHORTCUT":0.13234323471311896,
    "SEND_SMS":0.12537680699098733,
    "WRITE_CALENDAR":0.11809039589382221,
    "INTERACT_ACROSS_USERS_FULL":0.11546676836863976,
    "CHANGE_CONFIGURATION":0.11412543584451405,
    "READ_CALENDAR":0.10674810696182278,
    "AUTHENTICATE_ACCOUNTS":0.0953349730021407,
    "WRITE_CONTACTS":0.09296756832707731,
    "SET_DEBUG_APP":0.09250589489667843,
    "USE_FULL_SCREEN_INTENT":0.08154734986462696,
    "USE_FINGERPRINT":0.08082709208318624,
    "NFC":0.08033471914079152,
    "UNINSTALL_SHORTCUT":0.07499182330305494,
    "CHANGE_WIFI_MULTICAST_STATE":0.07442978608343892,
    "BLUETOOTH_CONNECT":0.07159244272474699,
    "GET_PACKAGE_SIZE":0.0688460171515812,
    "ACCESS_NOTIFICATION_POLICY":0.06434027339096182,
    "REQUEST_IGNORE_BATTERY_OPTIMIZATIONS":0.061889035433140595,
    "READ_CALL_LOG":0.061546617799340904,
    "INTERACT_ACROSS_USERS":0.05626394023513464,
    "RECEIVE_SMS":0.0526413978196262,
    "EXPAND_STATUS_BAR":0.04813447330854544,
    "READ_PRIVILEGED_PHONE_STATE":0.0473445512498834,
    "READ_SMS":0.047291417479121384,
    "READ_HISTORY_BOOKMARKS":0.04551084578336298,
    "CAPTURE_VIDEO_OUTPUT":0.04375506984729354,
    "ACCESS_MOCK_LOCATION":0.0423464345468693,
    "READ_PHONE_NUMBERS":0.04128021688024474,
    "INSTALL_PACKAGES":0.03668709758548337,
    "WRITE_APN_SETTINGS":0.036541865278733855,
    "WRITE_CALL_LOG":0.03270560702971595,
    "BATTERY_STATS":0.029042919098520633,
    "ADD_VOICEMAIL":0.027408760459973147,
    "ACCESS_MEDIA_LOCATION":0.027404037458127636,
    "BLUETOOTH_PRIVILEGED":0.0253707851636343,
    "DEVICE_POWER":0.023666962247865495,
    "MANAGE_DOCUMENTS":0.023333990617756834,
    "RECEIVE_WAP_PUSH":0.02249683854063966,
    "INJECT_EVENTS":0.02239529400096113,
    "MANAGE_EXTERNAL_STORAGE":0.021248785302962852,
    "REAL_GET_TASKS":0.020646602567659954,
    "WRITE_MEDIA_STORAGE":0.02055804628305658,
    "READ_MEDIA_VIDEO":0.020180206135415546,
    "SET_WALLPAPER":0.01473576575800047,
    "SCHEDULE_EXACT_ALARM":0.01471451224969566,
    "PACKAGE_USAGE_STATS":0.014098160508856218,
    "READ_MEDIA_AUDIO":0.013158283141599138,
    "ACTIVITY_RECOGNITION":0.011672899061185307,
    "READ_PROFILE":0.009823843838666978,
    "WRITE_SYNC_SETTINGS":0.009823843838666978,
    "READ_SYNC_STATS":0.009823843838666978,
    "WRITE_SECURE_SETTINGS":0.009823843838666978,
    "CAPTURE_AUDIO_OUTPUT":0.009823843838666978,
    "MEDIA_CONTENT_CONTROL":0.009823843838666978,
    "LOCATION_HARDWARE":0.009802590330362172,
    "ACCESS_CHECKIN_PROPERTIES":0.008732830412353483,
    "START_FOREGROUND_SERVICES_FROM_BACKGROUND":0.00803618764014032,
    "BIND_JOB_SERVICE":0.00803618764014032,
    "BROADCAST_CLOSE_SYSTEM_DIALOGS":0.00803618764014032,
    "USE_BIOMETRIC":0.004911921919333489,
    "WRITE_SMS":0.004911921919333489,
    "SET_ALARM":0.004911921919333489,
    "BLUETOOTH_SCAN":0.004911921919333489,
    "ACCOUNT_MANAGER":0.004911921919333489,
    "READ_SYNC_SETTINGS":0.004911921919333489,
    "PERSISTENT_ACTIVITY":0.004911921919333489,
    "STATUS_BAR_SERVICE":0.004911921919333489,
    "UPDATE_APP_OPS_STATS":0.004911921919333489,
    "CLEAR_APP_CACHE":0.001849055222518328
}