{
    "WRITE_EXTERNAL_STORAGE":1.0,
    "INTERNET":1.0,
    "ACCESS_NETWORK_STATE":1.0,
    "READ_EXTERNAL_STORAGE":0.9889009950555084,
    "ACCESS_WIFI_STATE":0.9778019901110168,
    "WAKE_LOCK":0.9209363212661327,
    "READ_PHONE_STATE":0.9096472465312264,
    "REQUEST_INSTALL_PACKAGES":0.9067051803387526,
    "CAMERA":0.892048390162416,
    "GET_TASKS":0.813771760983223,
    "CHANGE_WIFI_STATE":0.793139819085684,
    "FOREGROUND_SERVICE":0.7177811627452504,
    "ACCESS_COARSE_LOCATION":0.7075093629449575,
    "CHANGE_NETWORK_STATE":0.6425510042912941,
    "VIBRATE":0.6404977151469561,
    "RECEIVE_BOOT_COMPLETED":0.6019751195967309,
    "RECORD_AUDIO":0.5338364382527501,
    "WRITE_SETTINGS":0.528399371431172,
    "ACCESS_FINE_LOCATION":0.5206975293604286,
    "MODIFY_AUDIO_SETTINGS":0.4933569269730449,
    "SYSTEM_ALERT_WINDOW":0.4869534489635843,
    "BLUETOOTH":0.46676857262941474,
    "MOUNT_UNMOUNT_FILESYSTEMS":0.4573052386982093,
    "READ_LOGS":0.4497292174746418,
    "CALL_PHONE":0.4185229703357275,
    "FLASHLIGHT":0.3043686604363039,
    "ACCESS_LOCATION_EXTRA_COMMANDS":0.2971192380075332,
    "C2D_MESSAGE":0.267299697226855,
    "REORDER_TASKS":0.2659477923795399,
    "QUERY_ALL_PACKAGES":0.24075149847274907,
    "BLUETOOTH_ADMIN":0.17027843885776087,
    "ACCESS_BACKGROUND_LOCATION":0.16590951071752685,
    "RESTART_PACKAGES":0.16348411311026456,
    "READ_MEDIA_AUDIO":0.1630290164289902,
    "READ_MEDIA_VIDEO":0.1630290164289902,
    "CHANGE_CONFIGURATION":0.13314522670507326,
    "GET_ACCOUNTS":0.13313451854786681,
    "BROADCAST_STICKY":0.12413431241584058,
    "CHANGE_WIFI_MULTICAST_STATE":0.12402187676517278,
    "NFC":0.10173284753993474,
    "KILL_BACKGROUND_PROCESSES":0.09108893927671753,
    "DISABLE_KEYGUARD":0.08903029605377637,
    "MANAGE_ACCOUNTS":0.08317561110114657,
    "INSTALL_SHORTCUT":0.07871298658535605,
    "READ_CONTACTS":0.07769303461144113,
    "PACKAGE_USAGE_STATS":0.0712734943661708,
    "REQUEST_IGNORE_BATTERY_OPTIMIZATIONS":0.06723116502073367,
    "USE_FINGERPRINT":0.06249815953548014,
    "READ_CALENDAR":0.05444562531622526,
    "WRITE_CALENDAR":0.05444562531622526,
    "USE_CREDENTIALS":0.04726848294859817,
    "MANAGE_EXTERNAL_STORAGE":0.04439601977796636,
    "CAPTURE_AUDIO_OUTPUT":0.044385311620759905,
    "EXPAND_STATUS_BAR":0.04386596599624679,
    "USE_FULL_SCREEN_INTENT":0.04319135209224007,
    "READ_PRIVILEGED_PHONE_STATE":0.04169488712263785,
    "SCHEDULE_EXACT_ALARM":0.04025463997836952,
    "ACCESS_NOTIFICATION_POLICY":0.036616543567476116,
    "REAL_GET_TASKS":0.036554971663538986,
    "WRITE_MEDIA_STORAGE":0.03648804568099864,
    "ACCESS_MEDIA_LOCATION":0.035138817872985194,
    "ACCESS_MOCK_LOCATION":0.03329701483347477,
    "UNINSTALL_SHORTCUT":0.03312033023956825,
    "BLUETOOTH_CONNECT":0.0327669610517552,
    "USE_BIOMETRIC":0.03209234714774848,
    "WRITE_APN_SETTINGS":0.0320013278114936,
    "PROCESS_OUTGOING_CALLS":0.030191649243602542,
    "UPDATE_DEVICE_STATS":0.02915563503387793,
    "INSTALL_PACKAGES":0.02915563503387793,
    "INTERACT_ACROSS_USERS_FULL":0.02688550570610927,
    "SET_DEBUG_APP":0.02507047305961499,
    "AUTHENTICATE_ACCOUNTS":0.024039812928493602,
    "READ_CALL_LOG":0.02219800988898318,
    "BLUETOOTH_PRIVILEGED":0.02219800988898318,
    "GET_PACKAGE_SIZE":0.02219800988898318,
    "MEDIA_CONTENT_CONTROL":0.02004299325118392,
    "BODY_SENSORS":0.019092644299110954,
    "READ_PHONE_NUMBERS":0.01889454339079152,
    "WRITE_SECURE_SETTINGS":0.018056630089386343,
    "SET_ORIENTATION":0.018056630089386343,
    "BATTERY_STATS":0.013944697722107258,
    "READ_PRECISE_PHONE_STATE":0.012940807984002012,
    "UPDATE_APP_OPS_STATS":0.012940807984002012,
    "CAPTURE_VIDEO_OUTPUT":0.012940807984002012,
    "READ_DREAM_STATE":0.012940807984002012,
    "WRITE_DREAM_STATE":0.012940807984002012,
    "WRITE_CONTACTS":0.01109900494449159,
    "RECEIVE_SMS":0.01109900494449159,
    "READ_SMS":0.01109900494449159,
    "ANSWER_PHONE_CALLS":0.01109900494449159,
    "ACTIVITY_RECOGNITION":0.01109900494449159,
    "READ_PROFILE":0.01109900494449159,
    "SET_ALARM":0.01109900494449159,
    "TETHER_PRIVILEGED":0.01109900494449159,
    "READ_SYNC_SETTINGS":0.01109900494449159,
    "CLEAR_APP_CACHE":0.01109900494449159,
    "INJECT_EVENTS":0.01109900494449159,
    "CALL_PRIVILEGED":0.01109900494449159,
    "BIND_NOTIFICATION_LISTENER_SERVICE":0.01109900494449159,
    "LOCAL_MAC_ADDRESS":0.01109900494449159,
    "MANAGE_OWN_CALLS":0.009894337258765295,
    "READ_HISTORY_BOOKMARKS":0.00722532907505615,
    "HARDWARE_TEST":0.00722532907505615,
    "SET_WALLPAPER":0.004949845668684262,
    "SEND_SMS":0.003935247773372561
}